Location_Description;Road_Configuration;Light_Condition;Weather;Fatality;Injury;Contributing_Factor;Traffic_Control;Vehicle1;Vehicle2;Vehicle3;Vehicle4;Vehicle5;Crash_Date;year;Fatalities;Injuries;Month;Hour
490 FEET FROM P.V.A (CEDAR FORK PARK);TWO-WAY,NOT DIVIDED;DAYLIGHT;CLEAR;0;1;;NO CONTROL PRESENT;PASSENGER CAR;NONE;NONE;NONE;;2018-05-05T15:34:51-04:00;2018;No;Yes;5;15
CARY;TWO-WAY,DIVIDED,UNPROTECTED MEDIAN;DAYLIGHT;CLEAR;0;0;;STOP AND GO SIGNAL;SPORT UTILITY;PICKUP;NONE;NONE;;2018-05-05T20:47:29-04:00;2018;No;No;5;20
100 FEET FROM NC 55 HWY;ONE-WAY,NOT DIVIDED;DAYLIGHT;CLOUDY;0;2;;NO CONTROL PRESENT;PASSENGER CAR;NONE;NONE;NONE;;2018-05-06T10:12:00-04:00;2018;No;Yes;5;10
50 FEET FROM SR1613 (DAVIS DR);TWO-WAY,DIVIDED,POSITIVE MEDIAN BARRIER;DAYLIGHT;CLEAR;0;0;;STOP AND GO SIGNAL;PASSENGER CAR;SPORT UTILITY;NONE;NONE;;2018-05-06T14:51:04-04:00;2018;No;No;5;14
44 FEET FROM SR 1613 (DAVIS DR);TWO-WAY,DIVIDED,UNPROTECTED MEDIAN;DAYLIGHT;CLEAR;0;0;;STOP AND GO SIGNAL;PASSENGER CAR;SPORT UTILITY;NONE;NONE;;2018-05-06T16:35:39-04:00;2018;No;No;5;16
CARY;TWO-WAY,DIVIDED,UNPROTECTED MEDIAN;DAYLIGHT;CLEAR;0;1;;NO CONTROL PRESENT;VAN;SPORT UTILITY;NONE;NONE;;2018-05-03T17:04:06-04:00;2018;No;Yes;5;17
CARY;TWO-WAY,NOT DIVIDED;DAYLIGHT;CLEAR;0;1;;NO CONTROL PRESENT;SPORT UTILITY;VAN;NONE;NONE;;2018-05-04T18:07:03-04:00;2018;No;Yes;5;18
20 FEET FROM ARVO LN;TWO-WAY,NOT DIVIDED;DARK - LIGHTED ROADWAY;CLEAR;0;0;;NO CONTROL PRESENT;PICKUP;NONE;NONE;NONE;;2018-05-04T08:53:21-04:00;2018;No;No;5;08
.1 MILES FROM NC 54 (CHAPEL HILL RD);TWO-WAY,NOT DIVIDED;DAYLIGHT;CLEAR;0;0;;NO CONTROL PRESENT;PICKUP;NONE;NONE;NONE;;2018-05-07T10:10:00-04:00;2018;No;No;5;10
.1 MILES FROM SR 1300 KILDAIRE FARM RD;TWO-WAY,DIVIDED,POSITIVE MEDIAN BARRIER;DAYLIGHT;CLEAR;0;0;;STOP AND GO SIGNAL;PICKUP;PASSENGER CAR;NONE;NONE;;2018-05-07T15:16:53-04:00;2018;No;No;5;15
CARY;TWO-WAY,NOT DIVIDED;DAYLIGHT;CLEAR;0;1;;STOP AND GO SIGNAL;PASSENGER CAR;PASSENGER CAR;NONE;NONE;;2018-05-07T17:33:52-04:00;2018;No;Yes;5;17
60 FEET FROM SR 1011 (E CHATHAM ST);TWO-WAY,DIVIDED,UNPROTECTED MEDIAN;DAYLIGHT;CLEAR;0;2;;NO CONTROL PRESENT;PASSENGER CAR;PICKUP;PASSENGER CAR;NONE;;2018-05-07T18:58:39-04:00;2018;No;Yes;5;18
250 FEET FROM CARY GLEN BLVD;TWO-WAY,DIVIDED,UNPROTECTED MEDIAN;DAYLIGHT;CLEAR;0;0;;NO CONTROL PRESENT;PASSENGER CAR;PASSENGER CAR;NONE;NONE;;2018-05-07T16:07:58-04:00;2018;No;No;5;16
204 FEET FROM P.V.A. (8745 HOLLY SPRINGS RD);TWO-WAY,NOT DIVIDED;DAYLIGHT;CLEAR;0;0;;NO CONTROL PRESENT;PASSENGER CAR;PASSENGER CAR;NONE;NONE;;2018-05-07T15:09:45-04:00;2018;No;No;5;15
135 FEET FROM 2151 DAVIS DR;TWO-WAY,NOT DIVIDED;DAWN;CLEAR;0;0;;NO CONTROL PRESENT;PASSENGER CAR;VAN;NONE;NONE;;2018-04-30T09:53:22-04:00;2018;No;No;4;09
.01 MILES FROM (PVA) 123 MIDDLE CREEK PARK AV;TWO-WAY,NOT DIVIDED;DAYLIGHT;CLEAR;0;0;;NO CONTROL PRESENT;PASSENGER CAR;PASSENGER CAR;NONE;NONE;;2018-05-07T12:34:00-04:00;2018;No;No;5;12
CARY;TWO-WAY,NOT DIVIDED;DAYLIGHT;CLEAR;0;0;;NO CONTROL PRESENT;SPORT UTILITY;PASSENGER CAR;NONE;NONE;;2018-05-09T09:04:02-04:00;2018;No;No;5;09
CARY;TWO-WAY,NOT DIVIDED;DAYLIGHT;CLEAR;0;0;;STOP AND GO SIGNAL;PASSENGER CAR;PASSENGER CAR;NONE;NONE;;2018-05-08T17:10:03-04:00;2018;No;No;5;17
25 FEET FROM SR1617 (CARPENTER UPCHURCH RD);TWO-WAY,NOT DIVIDED;DAYLIGHT;CLEAR;0;0;;STOP AND GO SIGNAL;SPORT UTILITY;PASSENGER CAR;NONE;NONE;;2018-05-09T07:02:07-04:00;2018;No;No;5;07
CARY;TWO-WAY,NOT DIVIDED;DARK - LIGHTED ROADWAY;CLEAR;0;0;;NO CONTROL PRESENT;SPORT UTILITY;SPORT UTILITY;NONE;NONE;;2018-05-08T22:36:00-04:00;2018;No;No;5;22
300 FEET FROM P.V.A. (945 N HARRISON AVE);TWO-WAY,NOT DIVIDED;DAYLIGHT;CLEAR;0;0;;NO CONTROL PRESENT;PASSENGER CAR;PASSENGER CAR;NONE;NONE;;2018-05-10T16:22:03-04:00;2018;No;No;5;16
.01 MILES FROM NC 55 HWY;TWO-WAY,DIVIDED,UNPROTECTED MEDIAN;DAYLIGHT;CLEAR;0;0;;NO CONTROL PRESENT;SPORT UTILITY;NONE;NONE;NONE;;2018-05-11T13:15:25-04:00;2018;No;No;5;13
CARY;TWO-WAY,NOT DIVIDED;DUSK;CLEAR;0;0;;NO CONTROL PRESENT;PASSENGER CAR;SPORT UTILITY;NONE;NONE;;2018-05-11T18:24:41-04:00;2018;No;No;5;18
CARY;TWO-WAY,NOT DIVIDED;DAYLIGHT;CLEAR;0;1;;STOP AND GO SIGNAL;PASSENGER CAR;PASSENGER CAR;NONE;NONE;;2018-05-12T14:50:18-04:00;2018;No;Yes;5;14
40 FEET FROM NC 54;TWO-WAY,DIVIDED,UNPROTECTED MEDIAN;DAYLIGHT;CLEAR;0;0;;NO CONTROL PRESENT;PASSENGER CAR;SPORT UTILITY;SPORT UTILITY;NONE;;2018-05-12T18:15:57-04:00;2018;No;No;5;18
282 FEET FROM WRENN DR;TWO-WAY,NOT DIVIDED;DARK - LIGHTED ROADWAY;CLEAR;0;0;;NO CONTROL PRESENT;PASSENGER CAR;NONE;NONE;NONE;;2018-05-12T00:23:00-04:00;2018;No;No;5;00
.1 MILES FROM PVA (6770 MCCRIMMON PKWY);TWO-WAY,NOT DIVIDED;DAYLIGHT;CLEAR;0;0;;NO CONTROL PRESENT;SPORT UTILITY;SPORT UTILITY;NONE;NONE;;2018-05-10T00:00:00-04:00;2018;No;No;5;00
25 FEET FROM SR1011 (W CHATHAM ST);TWO-WAY,NOT DIVIDED;DAYLIGHT;CLOUDY;0;0;;FLASHING STOP AND GO SIGNAL;PICKUP;PASSENGER CAR;NONE;NONE;;2018-05-15T12:46:00-04:00;2018;No;No;5;12
.1 MILES FROM COLLIER PL;TWO-WAY,NOT DIVIDED;DARK - LIGHTED ROADWAY;CLEAR;0;0;;NO CONTROL PRESENT;VAN;PASSENGER CAR;NONE;NONE;;2018-05-15T18:34:44-04:00;2018;No;No;5;18
0 FEET FROM SR 3977 (SW CARY PKWY);TWO-WAY,DIVIDED,POSITIVE MEDIAN BARRIER;DAYLIGHT;CLOUDY;0;0;;STOP AND GO SIGNAL;PASSENGER CAR;PASSENGER CAR;NONE;NONE;;2018-05-15T07:31:04-04:00;2018;No;No;5;07
400 FEET FROM SR 1300 (KILDAIRE FARM RD);TWO-WAY,NOT DIVIDED;DAYLIGHT;CLEAR;0;0;;NO CONTROL PRESENT;SPORT UTILITY;VAN;NONE;NONE;;2018-05-15T15:31:47-04:00;2018;No;No;5;15
0 FEET FROM SR 1009 (TRYON RD);TWO-WAY,DIVIDED,UNPROTECTED MEDIAN;DAYLIGHT;CLEAR;0;0;;STOP AND GO SIGNAL;PASSENGER CAR;PASSENGER CAR;NONE;NONE;;2018-05-15T16:47:35-04:00;2018;No;No;5;16
0.1 MILES FROM 181 HIGH HOUSE RD (PVA);TWO-WAY,NOT DIVIDED;DAYLIGHT;CLEAR;0;0;;NO CONTROL PRESENT;PASSENGER CAR;PASSENGER CAR;NONE;NONE;;2018-05-15T19:19:49-04:00;2018;No;No;5;19
400 FEET FROM US 64 HWY;TWO-WAY,DIVIDED,UNPROTECTED MEDIAN;DAYLIGHT;CLOUDY;0;0;;NO CONTROL PRESENT;PICKUP;PASSENGER CAR;NONE;NONE;;2018-05-16T17:25:17-04:00;2018;No;No;5;17
214 FEET FROM SR 1652 (N HARRISON AVE);TWO-WAY,NOT DIVIDED;DAYLIGHT;CLEAR;0;0;;NO CONTROL PRESENT;PASSENGER CAR;PICKUP;NONE;NONE;;2018-05-16T17:04:04-04:00;2018;No;No;5;17
50 FEET FROM NC 54 (CHAPEL HILL RD);TWO-WAY,NOT DIVIDED;DARK - LIGHTED ROADWAY;CLEAR;0;1;;NO CONTROL PRESENT;PASSENGER CAR;SPORT UTILITY;NONE;NONE;;2018-05-15T21:40:18-04:00;2018;No;Yes;5;21
100 FEET FROM SR 3081 (CHAPEL HILL RD);TWO-WAY,DIVIDED,UNPROTECTED MEDIAN;DAYLIGHT;CLOUDY;0;0;;STOP AND GO SIGNAL;PASSENGER CAR;PICKUP;SPORT UTILITY;SPORT UTILITY;;2018-05-16T07:25:56-04:00;2018;No;No;5;07
25 FEET FROM SR-3977 SW CARY PKWY;TWO-WAY,DIVIDED,UNPROTECTED MEDIAN;DAYLIGHT;RAIN;0;0;;NO CONTROL PRESENT;PASSENGER CAR;NONE;NONE;NONE;;2018-05-17T21:32:12-04:00;2018;No;No;5;21
70 FEET FROM SR 1300 (KILDAIRE FARM RD);TWO-WAY,NOT DIVIDED;DAYLIGHT;CLOUDY;0;0;;NO CONTROL PRESENT;PASSENGER CAR;PASSENGER CAR;NONE;NONE;;2018-05-17T17:12:22-04:00;2018;No;No;5;17
250 FEET FROM PVA (520 E. CHATHAM ST);TWO-WAY,NOT DIVIDED;DAYLIGHT;CLOUDY;0;0;;NO CONTROL PRESENT;PASSENGER CAR;PICKUP;NONE;NONE;;2018-05-18T12:48:00-04:00;2018;No;No;5;12
.1 MILES FROM HOLLY BROOK DR;TWO-WAY,NOT DIVIDED;DAYLIGHT;CLOUDY;0;0;FAILURE TO YIELD RIGHT OF WAY;NO CONTROL PRESENT;NONE;NONE;NONE;NONE;;2018-05-17T17:37:33-04:00;2018;No;No;5;17
CARY;TWO-WAY,NOT DIVIDED;DAYLIGHT;CLOUDY;0;2;;STOP SIGN;PASSENGER CAR;PICKUP;NONE;NONE;;2018-05-18T18:13:50-04:00;2018;No;Yes;5;18
150 FEET FROM PVA 1815 WALNUT ST;ONE-WAY,NOT DIVIDED;DAYLIGHT;RAIN;0;0;;NO CONTROL PRESENT;SPORT UTILITY;SPORT UTILITY;NONE;NONE;;2018-05-19T10:01:00-04:00;2018;No;No;5;10
261 FEET FROM P.V.A. (ABC STORE 15);TWO-WAY,NOT DIVIDED;DAYLIGHT;CLOUDY;0;0;;NO CONTROL PRESENT;PASSENGER CAR;SPORT UTILITY;NONE;NONE;;2018-05-19T19:26:37-04:00;2018;No;No;5;19
10 FEET FROM SW CARY PKWY;TWO-WAY,DIVIDED,UNPROTECTED MEDIAN;DAYLIGHT;CLEAR;0;0;;FLASHING STOP AND GO SIGNAL;SPORT UTILITY;SPORT UTILITY;NONE;NONE;;2018-05-16T15:40:03-04:00;2018;No;No;5;15
100 FEET FROM PVA 1253 BUCK JONES RD;ONE-WAY,NOT DIVIDED;DAYLIGHT;CLEAR;0;0;;NO CONTROL PRESENT;PASSENGER CAR;PASSENGER CAR;NONE;NONE;;2018-05-18T15:45:07-04:00;2018;No;No;5;15
.1 MILES FROM 1410 BUCK JONES RD (PVA);TWO-WAY,NOT DIVIDED;DAYLIGHT;CLOUDY;0;0;;NO CONTROL PRESENT;NONE;NONE;NONE;NONE;;2018-05-19T13:52:04-04:00;2018;No;No;5;13
460 FEET FROM P.V.A OF 301 LOCHMERE DR;TWO-WAY,NOT DIVIDED;DAYLIGHT;CLOUDY;0;0;;NO CONTROL PRESENT;SPORT UTILITY;PASSENGER CAR;NONE;NONE;;2018-05-20T17:21:50-04:00;2018;No;No;5;17
10 FEET FROM P.V.A OF 4402 TEN TEN RD;TWO-WAY,DIVIDED,UNPROTECTED MEDIAN;DAYLIGHT;CLEAR;0;0;;NO CONTROL PRESENT;PASSENGER CAR;LIGHT TRUCK (MINI-VAN- PANEL);NONE;NONE;;2018-05-21T15:01:27-04:00;2018;No;No;5;15
.10 MILES FROM US 1 SOUTH;TWO-WAY,DIVIDED,POSITIVE MEDIAN BARRIER;DAYLIGHT;CLEAR;0;0;;NO CONTROL PRESENT;PASSENGER CAR;PASSENGER CAR;NONE;NONE;;2018-05-22T17:32:40-04:00;2018;No;No;5;17
0 FEET FROM MEETING ST;TWO-WAY,NOT DIVIDED;DARK - LIGHTED ROADWAY;RAIN;0;0;;STOP AND GO SIGNAL;PASSENGER CAR;PASSENGER CAR;NONE;NONE;;2018-05-18T21:25:33-04:00;2018;No;No;5;21
50 FEET FROM WESTON PKWY;TWO-WAY,DIVIDED,POSITIVE MEDIAN BARRIER;DAYLIGHT;CLOUDY;0;0;;STOP AND GO SIGNAL;PASSENGER CAR;PICKUP;NONE;NONE;;2018-05-23T10:33:00-04:00;2018;No;No;5;10
100 FEET FROM 40 WEST OFF RAMP;ONE-WAY,NOT DIVIDED;DAYLIGHT;CLEAR;0;0;;STOP AND GO SIGNAL;SPORT UTILITY;PASSENGER CAR;NONE;NONE;;2018-05-16T16:18:10-04:00;2018;No;No;5;16
100 FEET FROM PVA (1380 NW MAYNARD RD);TWO-WAY,NOT DIVIDED;DAYLIGHT;CLOUDY;0;0;;NO CONTROL PRESENT;PASSENGER CAR;PASSENGER CAR;NONE;NONE;;2018-05-26T10:34:00-04:00;2018;No;No;5;10
.25 MILES FROM NC 55 HWY;TWO-WAY,DIVIDED,UNPROTECTED MEDIAN;DAYLIGHT;CLEAR;0;0;;FLASHING SIGNAL WITH STOP SIGN;PASSENGER CAR;PASSENGER CAR;NONE;NONE;;2018-05-23T22:30:00-04:00;2018;No;No;5;22
450 FEET FROM PVA 405 CROSSROADS BLVD;TWO-WAY,NOT DIVIDED;DAYLIGHT;CLEAR;0;0;;NO CONTROL PRESENT;SPORT UTILITY;PASSENGER CAR;NONE;NONE;;2018-05-27T16:40:52-04:00;2018;No;No;5;16
CARY;TWO-WAY,NOT DIVIDED;DAYLIGHT;CLEAR;0;0;;STOP AND GO SIGNAL;SPORT UTILITY;SPORT UTILITY;NONE;NONE;;2018-05-27T05:50:29-04:00;2018;No;No;5;05
CARY;TWO-WAY,DIVIDED,UNPROTECTED MEDIAN;DAYLIGHT;CLEAR;0;0;;STOP SIGN;SPORT UTILITY;PASSENGER CAR;NONE;NONE;;2018-05-27T19:36:25-04:00;2018;No;No;5;19
20 FEET FROM SR 1300;TWO-WAY,DIVIDED,POSITIVE MEDIAN BARRIER;DAYLIGHT;RAIN;0;0;;STOP AND GO SIGNAL;PASSENGER CAR;SPORT UTILITY;NONE;NONE;;2018-05-28T17:33:38-04:00;2018;No;No;5;17
.2 MILES FROM US1;TWO-WAY,DIVIDED,POSITIVE MEDIAN BARRIER;DAYLIGHT;CLEAR;0;0;;NO CONTROL PRESENT;PASSENGER CAR;PICKUP;NONE;NONE;;2018-05-23T00:00:00-04:00;2018;No;No;5;00
0 FEET FROM (SR 1652)N HARRISON AVE;TWO-WAY,DIVIDED,UNPROTECTED MEDIAN;DAYLIGHT;CLOUDY;0;0;;STOP AND GO SIGNAL;PASSENGER CAR;PASSENGER CAR;NONE;NONE;;2018-05-26T14:41:22-04:00;2018;No;No;5;14
150 FEET FROM PVA EMBASSY SUITES 201 HARRISO;TWO-WAY,NOT DIVIDED;DAYLIGHT;CLOUDY;0;0;;NO CONTROL PRESENT;SPORT UTILITY;PASSENGER CAR;NONE;NONE;;2018-05-30T11:12:00-04:00;2018;No;No;5;11
CARY;TWO-WAY,DIVIDED,POSITIVE MEDIAN BARRIER;DARK - LIGHTED ROADWAY;RAIN;0;0;;STOP AND GO SIGNAL;SPORT UTILITY;PICKUP;PASSENGER CAR;NONE;;2018-05-30T20:32:42-04:00;2018;No;No;5;20
20 FEET FROM S.R. 1415 (N.E. MAYNARD RD);TWO-WAY,DIVIDED,UNPROTECTED MEDIAN;DAYLIGHT;CLOUDY;0;0;;STOP AND GO SIGNAL;SPORT UTILITY;NONE;NONE;NONE;;2018-05-31T07:41:08-04:00;2018;No;No;5;07
CARY;TWO-WAY,NOT DIVIDED;DAYLIGHT;CLEAR;0;0;;STOP AND GO SIGNAL;PASSENGER CAR;PASSENGER CAR;NONE;NONE;;2018-05-31T13:58:14-04:00;2018;No;No;5;13
100 FEET FROM SR 1300 (KILDAIRE FARM RD);TWO-WAY,NOT DIVIDED;DAYLIGHT;CLOUDY;0;0;;NO CONTROL PRESENT;PASSENGER CAR;SPORT UTILITY;NONE;NONE;;2018-05-29T15:32:13-04:00;2018;No;No;5;15
110 FEET FROM SR 1313 (WALNUT ST);TWO-WAY,DIVIDED,UNPROTECTED MEDIAN;DAYLIGHT;CLOUDY;0;0;;NO CONTROL PRESENT;PASSENGER CAR;PASSENGER CAR;NONE;NONE;;2018-06-02T15:44:23-04:00;2018;No;No;6;15
CARY;TWO-WAY,DIVIDED,UNPROTECTED MEDIAN;DAYLIGHT;CLOUDY;0;0;;STOP SIGN;PASSENGER CAR;VAN;NONE;NONE;;2018-05-31T21:38:51-04:00;2018;No;No;5;21
.35 MILES FROM GOOD HOPE CHURCH RD 1633;TWO-WAY,NOT DIVIDED;DUSK;CLEAR;0;0;;STOP SIGN;PASSENGER CAR;PASSENGER CAR;NONE;NONE;;2018-06-01T19:45:23-04:00;2018;No;No;6;19
100 FEET FROM (P.V.A.) 1979 HIGH HOUSE RD;TWO-WAY,NOT DIVIDED;DAYLIGHT;CLEAR;0;0;;NO CONTROL PRESENT;PASSENGER CAR;PASSENGER CAR;NONE;NONE;;2018-06-01T20:41:20-04:00;2018;No;No;6;20
CARY;TWO-WAY,NOT DIVIDED;DAYLIGHT;CLEAR;0;0;;STOP AND GO SIGNAL;PASSENGER CAR;PASSENGER CAR;NONE;NONE;;2018-06-01T19:27:24-04:00;2018;No;No;6;19
.095 MILES FROM P.V.A OF 1700 REGENCY PKWY;TWO-WAY,NOT DIVIDED;DAYLIGHT;CLOUDY;0;0;;NO CONTROL PRESENT;PASSENGER CAR;SPORT UTILITY;NONE;NONE;;2018-06-02T11:41:00-04:00;2018;No;No;6;11
400 FEET FROM SR 1652 (N HARRISON AVE);TWO-WAY,DIVIDED,UNPROTECTED MEDIAN;DAYLIGHT;CLEAR;0;0;;NO CONTROL PRESENT;PASSENGER CAR;SPORT UTILITY;NONE;NONE;;2018-06-02T08:09:44-04:00;2018;No;No;6;08
20 FEET FROM HWY 64;TWO-WAY,DIVIDED,POSITIVE MEDIAN BARRIER;DAYLIGHT;CLEAR;0;0;;NO CONTROL PRESENT;PASSENGER CAR;VAN;SPORT UTILITY;NONE;;2018-06-04T12:08:00-04:00;2018;No;No;6;12
400 FEET FROM US 1;TWO-WAY,DIVIDED,POSITIVE MEDIAN BARRIER;DAYLIGHT;CLEAR;0;0;;NO CONTROL PRESENT;PASSENGER CAR;PASSENGER CAR;PASSENGER CAR;NONE;;2018-06-04T18:41:29-04:00;2018;No;No;6;18
300 FEET FROM P.V.A (681 CARY TOWNE BLVD);TWO-WAY,NOT DIVIDED;DAYLIGHT;CLEAR;0;0;;;PICKUP;SPORT UTILITY;NONE;NONE;;2018-06-04T18:47:16-04:00;2018;No;No;6;18
CARY;TWO-WAY,NOT DIVIDED;DAYLIGHT;CLEAR;0;0;;STOP SIGN;PASSENGER CAR;PASSENGER CAR;NONE;NONE;;2018-06-04T08:47:49-04:00;2018;No;No;6;08
.15 MILES FROM SR 3011 (JENKS CARPENTER RD);NONE;NONE;NONE;0;0;;;NONE;NONE;NONE;NONE;;2018-04-26T00:00:00-04:00;2018;No;No;4;00
0 FEET FROM US 64 WEST;TWO-WAY,NOT DIVIDED;DAYLIGHT;CLEAR;0;0;;STOP AND GO SIGNAL;PASSENGER CAR;PASSENGER CAR;NONE;NONE;;2018-06-05T18:55:36-04:00;2018;No;No;6;18
46 FEET FROM P.V.A. (823 BASS PRO LN);TWO-WAY,NOT DIVIDED;DAYLIGHT;CLEAR;0;0;;NO CONTROL PRESENT;PASSENGER CAR;PASSENGER CAR;NONE;NONE;;2018-06-05T19:14:27-04:00;2018;No;No;6;19
200 FEET FROM PVA 1801 KILDAIRE FARM RD;ONE-WAY,NOT DIVIDED;DAYLIGHT;CLEAR;0;0;;NO CONTROL PRESENT;SINGLE UNIT TRUCK (2-AXLE- 6-TIRE);NONE;NONE;NONE;;2018-06-05T15:35:53-04:00;2018;No;No;6;15
CARY;NONE;NONE;NONE;0;0;;;PASSENGER CAR;NONE;NONE;NONE;;2018-06-06T11:11:00-04:00;2018;No;No;6;11
150 FEET FROM HIGH MEADOW DR;TWO-WAY,NOT DIVIDED;DAYLIGHT;CLEAR;0;2;;NO CONTROL PRESENT;PASSENGER CAR;SPORT UTILITY;NONE;NONE;;2018-06-05T15:14:19-04:00;2018;No;Yes;6;15
0 FEET FROM 54 HWY;TWO-WAY,DIVIDED,UNPROTECTED MEDIAN;DAYLIGHT;CLEAR;0;0;;STOP SIGN;PASSENGER CAR;SPORT UTILITY;NONE;NONE;;2018-05-31T15:54:29-04:00;2018;No;No;5;15
.2 MILES FROM SR 1624 (CARPENTER FIRE STAT);TWO-WAY,NOT DIVIDED;DAYLIGHT;CLEAR;0;0;;NO CONTROL PRESENT;SPORT UTILITY;NONE;NONE;NONE;;2018-06-06T18:57:36-04:00;2018;No;No;6;18
.1 MILES FROM PVA OF 270 GRANDE HEIGHTS DR;TWO-WAY,NOT DIVIDED;DAYLIGHT;CLEAR;0;0;;NO CONTROL PRESENT;PASSENGER CAR;SPORT UTILITY;NONE;NONE;;2018-06-07T16:34:37-04:00;2018;No;No;6;16
.1 MILES FROM SR 1152 (HOLLY SPRINGS RD);TWO-WAY,NOT DIVIDED;DAYLIGHT;CLEAR;0;0;;NO CONTROL PRESENT;SPORT UTILITY;SPORT UTILITY;NONE;NONE;;2018-06-07T17:55:09-04:00;2018;No;No;6;17
480 FEET FROM SR 3081 CHAPEL HILL RD;TWO-WAY,NOT DIVIDED;DAYLIGHT;CLEAR;0;2;;NO CONTROL PRESENT;SPORT UTILITY;SPORT UTILITY;NONE;NONE;;2018-06-08T12:12:00-04:00;2018;No;Yes;6;12
100 FEET FROM NC 55 HWY;TWO-WAY,DIVIDED,UNPROTECTED MEDIAN;DARK - LIGHTED ROADWAY;CLEAR;0;0;;NO CONTROL PRESENT;PASSENGER CAR;NONE;NONE;NONE;;2018-06-09T21:43:41-04:00;2018;No;No;6;21
170 FEET FROM 1413 PRESTON GROVE AV;TWO-WAY,NOT DIVIDED;DAYLIGHT;CLEAR;0;0;;NO CONTROL PRESENT;PASSENGER CAR;PASSENGER CAR;NONE;NONE;;2018-06-06T19:14:02-04:00;2018;No;No;6;19
100 FEET FROM CROSSROADS BLVD;TWO-WAY,NOT DIVIDED;DAYLIGHT;CLEAR;0;0;;STOP AND GO SIGNAL;PASSENGER CAR;SPORT UTILITY;NONE;NONE;;2018-06-08T15:04:50-04:00;2018;No;No;6;15
50 FEET FROM N HARRISON AVE (SR1652);TWO-WAY,NOT DIVIDED;DARK - LIGHTED ROADWAY;CLEAR;0;0;;NO CONTROL PRESENT;PASSENGER CAR;NONE;NONE;NONE;;2018-06-10T20:15:36-04:00;2018;No;No;6;20
1 MILES FROM US1;TWO-WAY,DIVIDED,POSITIVE MEDIAN BARRIER;DAYLIGHT;CLEAR;0;0;;NO CONTROL PRESENT;PASSENGER CAR;PASSENGER CAR;NONE;NONE;;2018-06-07T00:00:00-04:00;2018;No;No;6;00
.1 MILES FROM P.V.A. 251 CROSSROADS BLVD;TWO-WAY,NOT DIVIDED;DAYLIGHT;CLEAR;0;0;;NO CONTROL PRESENT;NONE;PASSENGER CAR;NONE;NONE;;2018-06-09T16:49:31-04:00;2018;No;No;6;16
CARY;TWO-WAY,NOT DIVIDED;DAYLIGHT;CLEAR;0;0;;NO CONTROL PRESENT;PASSENGER CAR;NONE;NONE;NONE;;2018-06-10T13:42:07-04:00;2018;No;No;6;13
0 FEET FROM BUCK JONES RD;TWO-WAY,DIVIDED,UNPROTECTED MEDIAN;DAYLIGHT;CLEAR;0;0;;NO CONTROL PRESENT;SPORT UTILITY;PASSENGER CAR;NONE;NONE;;2018-06-10T15:07:17-04:00;2018;No;No;6;15
CARY;TWO-WAY,DIVIDED,UNPROTECTED MEDIAN;DAYLIGHT;CLEAR;0;3;;STOP AND GO SIGNAL;PASSENGER CAR;PASSENGER CAR;NONE;NONE;;2018-06-11T17:06:23-04:00;2018;No;Yes;6;17
50 FEET FROM P.V.A. (3000 CENTERGREEN WAY);TWO-WAY,NOT DIVIDED;DAYLIGHT;CLOUDY;0;0;;NO CONTROL PRESENT;PASSENGER CAR;PASSENGER CAR;NONE;NONE;;2018-06-12T17:22:43-04:00;2018;No;No;6;17
200 FEET FROM US 64 W;TWO-WAY,DIVIDED,UNPROTECTED MEDIAN;DAYLIGHT;CLEAR;0;0;;NO CONTROL PRESENT;PICKUP;VAN;NONE;NONE;;2018-06-12T19:21:27-04:00;2018;No;No;6;19
1 MILES FROM US 1 HWY;TWO-WAY,DIVIDED,POSITIVE MEDIAN BARRIER;DAYLIGHT;CLOUDY;0;0;;NO CONTROL PRESENT;VAN;SPORT UTILITY;PASSENGER CAR;NONE;;2018-06-12T08:37:45-04:00;2018;No;No;6;08
300 FEET FROM SR 1635 (MORRISVILLE PKWY);TWO-WAY,DIVIDED,UNPROTECTED MEDIAN;DAYLIGHT;CLEAR;0;0;;STOP AND GO SIGNAL;SPORT UTILITY;PICKUP;NONE;NONE;;2018-06-13T18:40:12-04:00;2018;No;No;6;18
.10 MILES FROM 340 CROSSROADS BLVD;TWO-WAY,NOT DIVIDED;DAYLIGHT;CLEAR;0;0;;NO CONTROL PRESENT;PASSENGER CAR;PASSENGER CAR;NONE;NONE;;2018-06-14T13:40:02-04:00;2018;No;No;6;13
.10 MILES FROM PVA 2420 WALNUT ST.;TWO-WAY,NOT DIVIDED;DAYLIGHT;CLEAR;0;0;;NO CONTROL PRESENT;VAN;PASSENGER CAR;NONE;NONE;;2018-06-13T12:07:00-04:00;2018;No;No;6;12
.1 MILES FROM PVA OF 2010 SR 1300 (KILDAIRE;NONE;DAYLIGHT;CLEAR;0;0;;NO CONTROL PRESENT;PASSENGER CAR;PASSENGER CAR;NONE;NONE;;2018-06-14T16:48:58-04:00;2018;No;No;6;16
116 FEET FROM COZY OAK AV;TWO-WAY,DIVIDED,UNPROTECTED MEDIAN;DAYLIGHT;CLEAR;0;0;;NO CONTROL PRESENT;PASSENGER CAR;PASSENGER CAR;NONE;NONE;;2018-06-16T12:17:00-04:00;2018;No;No;6;12
75 FEET FROM P.V.A. ( 220 W CHATHAM ST);TWO-WAY,NOT DIVIDED;DAYLIGHT;CLEAR;0;0;;NO CONTROL PRESENT;PASSENGER CAR;SPORT UTILITY;NONE;NONE;;2018-06-16T08:40:56-04:00;2018;No;No;6;08