Location_Description;Road_Configuration;Light_Condition;Weather;Fatality;Injury;Contributing_Factor;Traffic_Control;Vehicle1;Vehicle2;Vehicle3;Vehicle4;Vehicle5;Crash_Date;year;Fatalities;Injuries;Month;Hour
.75 MILES FROM US1 NB;TWO-WAY,DIVIDED,POSITIVE MEDIAN BARRIER;DAYLIGHT;CLEAR;0;0;;NO CONTROL PRESENT;PASSENGER CAR;PASSENGER CAR;NONE;NONE;;2018-06-14T17:17:42-04:00;2018;No;No;6;17
CARY;TWO-WAY,NOT DIVIDED;DAYLIGHT;CLEAR;0;0;;STOP SIGN;PICKUP;PASSENGER CAR;NONE;NONE;;2018-06-15T14:13:25-04:00;2018;No;No;6;14
75 FEET FROM PVA 1830 WALNUT ST;TWO-WAY,NOT DIVIDED;DAYLIGHT;CLEAR;0;0;;NO CONTROL PRESENT;PASSENGER CAR;PASSENGER CAR;NONE;NONE;;2018-06-15T15:17:20-04:00;2018;No;No;6;15
50 FEET FROM NEW MILFORD RD;TWO-WAY,NOT DIVIDED;DAYLIGHT;CLEAR;0;0;;STOP SIGN;VAN;SPORT UTILITY;NONE;NONE;;2018-06-17T17:43:52-04:00;2018;No;No;6;17
.1 MILES FROM SR 1313 (WALNUT ST);TWO-WAY,NOT DIVIDED;DAYLIGHT;CLEAR;0;0;;STOP AND GO SIGNAL;PASSENGER CAR;PASSENGER CAR;NONE;NONE;;2018-06-19T15:55:30-04:00;2018;No;No;6;15
.1 MILES FROM 2500 CARPENTER UPCHURCH RD;TWO-WAY,NOT DIVIDED;DAYLIGHT;CLEAR;0;0;;NO CONTROL PRESENT;SPORT UTILITY;NONE;NONE;NONE;;2018-06-01T10:45:00-04:00;2018;No;No;6;10
.11 MILES FROM P.V.A. (107 QUADE DR);ONE-WAY,NOT DIVIDED;DAYLIGHT;CLEAR;0;0;;NO CONTROL PRESENT;PASSENGER CAR;PASSENGER CAR;NONE;NONE;;2018-06-20T16:00:14-04:00;2018;No;No;6;16
CARY;TWO-WAY,DIVIDED,UNPROTECTED MEDIAN;DAYLIGHT;CLEAR;0;0;;STOP AND GO SIGNAL;PASSENGER CAR;PICKUP;NONE;NONE;;2018-06-20T17:04:42-04:00;2018;No;No;6;17
.04 MILES FROM US 64 HWY;TWO-WAY,DIVIDED,UNPROTECTED MEDIAN;DAYLIGHT;CLEAR;0;0;;NO CONTROL PRESENT;PASSENGER CAR;PASSENGER CAR;NONE;NONE;;2018-06-21T08:50:02-04:00;2018;No;No;6;08
CARY;TWO-WAY,NOT DIVIDED;DAYLIGHT;CLEAR;0;0;;NO CONTROL PRESENT;PASSENGER CAR;PASSENGER CAR;NONE;NONE;;2018-06-21T08:52:33-04:00;2018;No;No;6;08
10 FEET FROM SR 1313 (KILDAIRE FARM RD);TWO-WAY,NOT DIVIDED;DAYLIGHT;CLEAR;0;0;;STOP AND GO SIGNAL;PASSENGER CAR;PASSENGER CAR;NONE;NONE;;2018-06-21T10:46:00-04:00;2018;No;No;6;10
.10 MILES FROM P.V.A. (229 CROSSROADS BLVD);TWO-WAY,NOT DIVIDED;DAYLIGHT;CLEAR;0;0;;NO CONTROL PRESENT;PICKUP;PASSENGER CAR;NONE;NONE;;2018-06-21T14:42:49-04:00;2018;No;No;6;14
300 FEET FROM PARKSIDE MAIN ST;TWO-WAY,NOT DIVIDED;DAYLIGHT;CLEAR;0;0;;STOP SIGN;PASSENGER CAR;PICKUP;NONE;NONE;;2018-06-22T12:46:00-04:00;2018;No;No;6;12
CARY;TWO-WAY,DIVIDED,UNPROTECTED MEDIAN;DAYLIGHT;CLEAR;0;1;;STOP AND GO SIGNAL;PASSENGER CAR;PICKUP;NONE;NONE;;2018-06-22T11:47:00-04:00;2018;No;Yes;6;11
400 FEET FROM PVA (500 SAS CAMPUS DR);TWO-WAY,NOT DIVIDED;DAYLIGHT;CLEAR;0;0;;NO CONTROL PRESENT;LIGHT TRUCK (MINI-VAN- PANEL);PASSENGER CAR;NONE;NONE;;2018-06-20T16:14:59-04:00;2018;No;No;6;16
.1 MILES FROM P.V.A. 1128 LEDSOME LN;TWO-WAY,NOT DIVIDED;DAYLIGHT;CLEAR;0;0;;NO CONTROL PRESENT;SPORT UTILITY;NONE;NONE;NONE;;2018-06-23T11:02:00-04:00;2018;No;No;6;11
30 FEET FROM P.V.A. (1419 SE MAYNARD RD);TWO-WAY,NOT DIVIDED;DAYLIGHT;CLEAR;0;0;;NO CONTROL PRESENT;PASSENGER CAR;PASSENGER CAR;NONE;NONE;;2018-06-22T16:40:41-04:00;2018;No;No;6;16
CARY;TWO-WAY,DIVIDED,UNPROTECTED MEDIAN;DAYLIGHT;CLEAR;0;0;;STOP AND GO SIGNAL;PASSENGER CAR;SPORT UTILITY;NONE;NONE;;2018-06-23T11:35:00-04:00;2018;No;No;6;11
238 FEET FROM SW CARY PARKWAY;TWO-WAY,DIVIDED,UNPROTECTED MEDIAN;DAYLIGHT;CLEAR;0;0;;NO CONTROL PRESENT;PASSENGER CAR;NONE;NONE;NONE;;2018-06-23T09:37:31-04:00;2018;No;No;6;09
110 FEET FROM SR 1652 (N HARRISON AVE);TWO-WAY,NOT DIVIDED;DAYLIGHT;CLEAR;0;0;;STOP AND GO SIGNAL;PASSENGER CAR;PASSENGER CAR;PASSENGER CAR;NONE;;2018-06-24T16:50:34-04:00;2018;No;No;6;16
100 FEET FROM PVA (1380 NW MAYNARD RD);TWO-WAY,NOT DIVIDED;DAYLIGHT;CLEAR;0;0;;NO CONTROL PRESENT;PASSENGER CAR;PICKUP;NONE;NONE;;2018-06-25T20:18:32-04:00;2018;No;No;6;20
.3 MILES FROM PVA (1105 WALNUT ST);ONE-WAY,NOT DIVIDED;DAYLIGHT;CLEAR;0;0;;NO CONTROL PRESENT;PASSENGER CAR;PASSENGER CAR;NONE;NONE;;2018-06-25T23:58:00-04:00;2018;No;No;6;23
100 FEET FROM NC 54;TWO-WAY,NOT DIVIDED;DAYLIGHT;CLEAR;0;0;;STOP AND GO SIGNAL;PASSENGER CAR;PICKUP;PASSENGER CAR;NONE;;2018-06-25T23:13:00-04:00;2018;No;No;6;23
10 FEET FROM I-40;ONE-WAY,NOT DIVIDED;DARK - LIGHTED ROADWAY;CLEAR;0;0;;STOP AND GO SIGNAL;PASSENGER CAR;PASSENGER CAR;NONE;NONE;;2018-06-25T22:57:00-04:00;2018;No;No;6;22
4 FEET FROM SR4067 (REGENCY PKWY);ONE-WAY,NOT DIVIDED;DAYLIGHT;CLOUDY;0;0;;YIELD SIGN;PASSENGER CAR;SPORT UTILITY;NONE;NONE;;2018-06-25T06:49:03-04:00;2018;No;No;6;06
0.14 MILES FROM NC 55 HWY;TWO-WAY,DIVIDED,UNPROTECTED MEDIAN;DAYLIGHT;RAIN;0;0;;NO CONTROL PRESENT;PASSENGER CAR;PASSENGER CAR;NONE;NONE;;2018-06-26T11:41:00-04:00;2018;No;No;6;11
.5 MILES FROM SR 1613 (DAVIS DR);TWO-WAY,NOT DIVIDED;DAYLIGHT;CLEAR;0;1;;NO CONTROL PRESENT;PASSENGER CAR;NONE;NONE;NONE;;2018-06-25T13:52:57-04:00;2018;No;Yes;6;13
CARY;TWO-WAY,NOT DIVIDED;DAYLIGHT;CLOUDY;0;0;;STOP AND GO SIGNAL;PASSENGER CAR;PASSENGER CAR;NONE;NONE;;2018-06-26T17:26:36-04:00;2018;No;No;6;17
400 FEET FROM SR 3081 (CHAPEL HILL RD);TWO-WAY,NOT DIVIDED;DAYLIGHT;RAIN;0;0;;NO CONTROL PRESENT;SPORT UTILITY;SPORT UTILITY;NONE;NONE;;2018-06-26T14:29:51-04:00;2018;No;No;6;14
50 FEET FROM SR 1300 (WALNUT ST);TWO-WAY,DIVIDED,UNPROTECTED MEDIAN;DAYLIGHT;CLEAR;0;0;;YIELD SIGN;PASSENGER CAR;NONE;NONE;NONE;;2018-06-21T10:47:00-04:00;2018;No;No;6;10
.10 MILES FROM US 1 SOUTH;TWO-WAY,DIVIDED,POSITIVE MEDIAN BARRIER;DAYLIGHT;CLEAR;0;0;;NO CONTROL PRESENT;PASSENGER CAR;PICKUP;NONE;NONE;;2018-06-27T11:38:00-04:00;2018;No;No;6;11
.1 MILES FROM PVA 2370 WALNUT ST;TWO-WAY,NOT DIVIDED;DAYLIGHT;CLEAR;0;0;;NO CONTROL PRESENT;PASSENGER CAR;PASSENGER CAR;NONE;NONE;;2018-06-27T16:46:43-04:00;2018;No;No;6;16
0 FEET FROM BOND LAKE DR;TWO-WAY,DIVIDED,POSITIVE MEDIAN BARRIER;DAYLIGHT;CLEAR;0;0;;STOP SIGN;SPORT UTILITY;PASSENGER CAR;NONE;NONE;;2018-06-15T19:43:20-04:00;2018;No;No;6;19
.2 MILES FROM US 1 HWY;TWO-WAY,DIVIDED,POSITIVE MEDIAN BARRIER;DAYLIGHT;CLEAR;0;1;;NO CONTROL PRESENT;PASSENGER CAR;PICKUP;NONE;NONE;;2018-06-28T17:19:03-04:00;2018;No;Yes;6;17
100 FEET FROM PARK VALLEY LN;TWO-WAY,NOT DIVIDED;DAYLIGHT;CLEAR;0;0;;NO CONTROL PRESENT;PASSENGER CAR;NONE;NONE;NONE;;2018-06-29T17:51:32-04:00;2018;No;No;6;17
200 FEET FROM P.V.A. 1305 KILDAIRE FARM RD;ONE-WAY,NOT DIVIDED;DAYLIGHT;CLEAR;0;0;;NO CONTROL PRESENT;PASSENGER CAR;SPORT UTILITY;NONE;NONE;;2018-06-29T13:21:57-04:00;2018;No;No;6;13
75 FEET FROM SR 1313 (WALNUT ST);TWO-WAY,DIVIDED,UNPROTECTED MEDIAN;DAYLIGHT;CLEAR;0;0;;STOP AND GO SIGNAL;PASSENGER CAR;PICKUP;NONE;NONE;;2018-06-29T19:12:06-04:00;2018;No;No;6;19
60 FEET FROM PVA (2700 MACEDONIA RD);TWO-WAY,NOT DIVIDED;DAYLIGHT;CLEAR;0;0;;NO CONTROL PRESENT;PASSENGER CAR;PASSENGER CAR;NONE;NONE;;2018-06-29T17:19:24-04:00;2018;No;No;6;17
CARY;TWO-WAY,NOT DIVIDED;DAYLIGHT;CLEAR;0;0;;NO CONTROL PRESENT;SPORT UTILITY;PASSENGER CAR;NONE;NONE;;2018-06-29T13:58:54-04:00;2018;No;No;6;13
50 FEET FROM SR 1652 (N.HARRISON AV);TWO-WAY,NOT DIVIDED;DAYLIGHT;CLEAR;0;0;;STOP AND GO SIGNAL;SPORT UTILITY;PASSENGER CAR;NONE;NONE;;2018-06-29T17:13:57-04:00;2018;No;No;6;17
CARY;TWO-WAY,DIVIDED,UNPROTECTED MEDIAN;DAYLIGHT;CLEAR;0;1;;NO CONTROL PRESENT;PASSENGER CAR;PICKUP;NONE;NONE;;2018-07-03T08:50:10-04:00;2018;No;Yes;7;08
50 FEET FROM VILLAGE CROSS WAY;TWO-WAY,NOT DIVIDED;DAYLIGHT;CLEAR;0;0;;NO CONTROL PRESENT;SINGLE UNIT TRUCK (2-AXLE- 6-TIRE);SINGLE UNIT TRUCK (2-AXLE- 6-TIRE);NONE;NONE;;2018-06-29T13:05:41-04:00;2018;No;No;6;13
50 FEET FROM SR 1653 (EVANS RD);TWO-WAY,DIVIDED,UNPROTECTED MEDIAN;DAYLIGHT;CLEAR;0;0;;NO CONTROL PRESENT;PICKUP;PASSENGER CAR;NONE;NONE;;2018-06-28T16:16:01-04:00;2018;No;No;6;16
CARY;TWO-WAY,DIVIDED,UNPROTECTED MEDIAN;DAYLIGHT;CLEAR;0;1;;STOP AND GO SIGNAL;PASSENGER CAR;PASSENGER CAR;NONE;NONE;;2018-07-04T14:31:18-04:00;2018;No;Yes;7;14
70 FEET FROM SR 1423 (PINEY PLAINS RD);TWO-WAY,NOT DIVIDED;DAYLIGHT;CLEAR;0;0;;NO CONTROL PRESENT;PASSENGER CAR;PASSENGER CAR;PASSENGER CAR;NONE;;2018-07-04T16:25:55-04:00;2018;No;No;7;16
.15 MILES FROM SR #1300 (KILDAIRE FARM RD);TWO-WAY,NOT DIVIDED;DAYLIGHT;CLEAR;0;0;;STOP AND GO SIGNAL;PASSENGER CAR;PASSENGER CAR;NONE;NONE;;2018-07-03T14:46:03-04:00;2018;No;No;7;14
100 FEET FROM PVA (875 S.E. MAYNARD RD);TWO-WAY,NOT DIVIDED;DARK - LIGHTED ROADWAY;CLEAR;0;0;;STOP SIGN;SPORT UTILITY;SPORT UTILITY;NONE;NONE;;2018-07-04T03:22:03-04:00;2018;No;No;7;03
CARY;TWO-WAY,DIVIDED,UNPROTECTED MEDIAN;DAYLIGHT;CLEAR;0;1;;STOP AND GO SIGNAL;PASSENGER CAR;PASSENGER CAR;NONE;NONE;;2018-07-04T00:00:00-04:00;2018;No;Yes;7;00
300 FEET FROM P.V.A. OF 575 NEW WAVERLY PL;TWO-WAY,NOT DIVIDED;DAYLIGHT;CLEAR;0;0;;NO CONTROL PRESENT;PASSENGER CAR;PASSENGER CAR;NONE;NONE;;2018-07-05T12:41:00-04:00;2018;No;No;7;12
100 FEET FROM I-40 ONRAMP;ONE-WAY,NOT DIVIDED;DAYLIGHT;CLEAR;0;0;;NO CONTROL PRESENT;PASSENGER CAR;PASSENGER CAR;NONE;NONE;;2018-07-05T12:00:00-04:00;2018;No;No;7;12
.16 MILES FROM SR3112 (NW CARY PARKWAY);TWO-WAY,DIVIDED,UNPROTECTED MEDIAN;DAYLIGHT;CLEAR;0;1;;STOP AND GO SIGNAL;PASSENGER CAR;PASSENGER CAR;NONE;NONE;;2018-07-06T10:40:00-04:00;2018;No;Yes;7;10
30 FEET FROM SR 1652 (N. HARRISON AVE);TWO-WAY,NOT DIVIDED;DAYLIGHT;RAIN;0;0;;STOP AND GO SIGNAL;SPORT UTILITY;PASSENGER CAR;NONE;NONE;;2018-07-06T16:48:00-04:00;2018;No;No;7;16
20 FEET FROM SR 1415 (SE MAYNARD RD);TWO-WAY,DIVIDED,UNPROTECTED MEDIAN;DAYLIGHT;CLEAR;0;0;;STOP AND GO SIGNAL;PASSENGER CAR;PICKUP;NONE;NONE;;2018-07-08T16:40:21-04:00;2018;No;No;7;16
250 FEET FROM BERRY CHASE WAY;TWO-WAY,NOT DIVIDED;DAYLIGHT;CLEAR;0;0;;NO CONTROL PRESENT;VAN;PICKUP;NONE;NONE;;2018-07-08T14:36:40-04:00;2018;No;No;7;14
0 FEET FROM SR 1313;TWO-WAY,DIVIDED,UNPROTECTED MEDIAN;DAYLIGHT;CLEAR;0;1;;STOP AND GO SIGNAL;PASSENGER CAR;SPORT UTILITY;SPORT UTILITY;NONE;;2018-07-08T12:09:00-04:00;2018;No;Yes;7;12
300 FEET FROM SR 3799 (SE CARY PKWY);TWO-WAY,DIVIDED,UNPROTECTED MEDIAN;DAYLIGHT;CLEAR;0;0;;STOP SIGN;PASSENGER CAR;PASSENGER CAR;NONE;NONE;;2018-07-09T18:37:33-04:00;2018;No;No;7;18
0 FEET FROM HAVENSITE CT;TWO-WAY,NOT DIVIDED;DAYLIGHT;CLEAR;0;1;;STOP SIGN;PASSENGER CAR;NONE;NONE;NONE;;2018-07-07T20:03:25-04:00;2018;No;Yes;7;20
0 FEET FROM CORNERSTONE DR;TWO-WAY,NOT DIVIDED;DAYLIGHT;CLEAR;0;0;;STOP AND GO SIGNAL;PASSENGER CAR;PICKUP;NONE;NONE;;2018-07-09T15:11:20-04:00;2018;No;No;7;15
200 FEET FROM NC 55 HWY;TWO-WAY,DIVIDED,UNPROTECTED MEDIAN;DAYLIGHT;CLEAR;0;0;;NO CONTROL PRESENT;SPORT UTILITY;NONE;NONE;NONE;;2018-07-10T10:03:00-04:00;2018;No;No;7;10
5 FEET FROM HARRISON POINT DR;TWO-WAY,DIVIDED,POSITIVE MEDIAN BARRIER;DAYLIGHT;CLEAR;0;0;;STOP AND GO SIGNAL;PASSENGER CAR;PASSENGER CAR;NONE;NONE;;2018-07-09T17:28:39-04:00;2018;No;No;7;17
25 FEET FROM P.V.A. (122 SW MAYNARD RD);TWO-WAY,NOT DIVIDED;DAYLIGHT;CLEAR;0;0;;NO CONTROL PRESENT;VAN;PASSENGER CAR;NONE;NONE;;2018-07-11T09:48:14-04:00;2018;No;No;7;09
200 FEET FROM SR 3977 (SW CARY PKWY);TWO-WAY,DIVIDED,UNPROTECTED MEDIAN;DAYLIGHT;CLEAR;0;0;;NO CONTROL PRESENT;PASSENGER CAR;PASSENGER CAR;NONE;NONE;;2018-07-11T13:48:34-04:00;2018;No;No;7;13
400 FEET FROM P.V.A. (1105 WALNUT ST);TWO-WAY,NOT DIVIDED;DAYLIGHT;CLEAR;0;0;;NO CONTROL PRESENT;PASSENGER CAR;NONE;NONE;NONE;;2018-07-11T16:12:10-04:00;2018;No;No;7;16
CARY;TWO-WAY,NOT DIVIDED;DAYLIGHT;CLEAR;0;0;;STOP AND GO SIGNAL;PASSENGER CAR;PASSENGER CAR;NONE;NONE;;2018-07-11T16:54:17-04:00;2018;No;No;7;16
CARY;TWO-WAY,NOT DIVIDED;DAYLIGHT;CLEAR;0;0;;NO CONTROL PRESENT;PASSENGER CAR;PASSENGER CAR;NONE;NONE;;2018-07-11T09:04:01-04:00;2018;No;No;7;09
1 MILES FROM US1;TWO-WAY,DIVIDED,POSITIVE MEDIAN BARRIER;DAYLIGHT;RAIN;0;1;;NO CONTROL PRESENT;SPORT UTILITY;PASSENGER CAR;NONE;NONE;;2018-07-06T18:20:12-04:00;2018;No;Yes;7;18
50 FEET FROM SR 1152 HOLLY SPRINGS RD;TWO-WAY,NOT DIVIDED;DAYLIGHT;CLEAR;0;0;;NO CONTROL PRESENT;PICKUP;PICKUP;PASSENGER CAR;NONE;;2018-07-12T18:37:43-04:00;2018;No;No;7;18
CARY;TWO-WAY,NOT DIVIDED;DARK - LIGHTED ROADWAY;CLEAR;0;0;;NO CONTROL PRESENT;SPORT UTILITY;PASSENGER CAR;NONE;NONE;;2018-07-12T20:58:34-04:00;2018;No;No;7;20
.25 MILES FROM NC 55 HWY;TWO-WAY,DIVIDED,UNPROTECTED MEDIAN;DAYLIGHT;CLEAR;0;0;;STOP AND GO SIGNAL;PASSENGER CAR;SPORT UTILITY;NONE;NONE;;2018-07-11T19:39:45-04:00;2018;No;No;7;19
CARY;TWO-WAY,NOT DIVIDED;DAYLIGHT;CLEAR;0;0;;NO CONTROL PRESENT;SPORT UTILITY;NONE;NONE;NONE;;2018-07-13T11:57:00-04:00;2018;No;No;7;11
.19 MILES FROM P.V.A. (2370 WALNUT ST);TWO-WAY,NOT DIVIDED;DAYLIGHT;CLEAR;0;0;;NO CONTROL PRESENT;NONE;PASSENGER CAR;NONE;NONE;;2018-07-14T19:53:43-04:00;2018;No;No;7;19
.25 MILES FROM SR 1300 (KILDAIRE FARM RD);TWO-WAY,DIVIDED,UNPROTECTED MEDIAN;DAYLIGHT;CLEAR;0;1;;NO CONTROL PRESENT;PASSENGER CAR;NONE;NONE;NONE;;2018-07-10T15:25:07-04:00;2018;No;Yes;7;15
0 FEET FROM SR 1613 (DAVIS DR);TWO-WAY,DIVIDED,UNPROTECTED MEDIAN;DAYLIGHT;CLEAR;0;2;;STOP AND GO SIGNAL;PASSENGER CAR;PASSENGER CAR;SPORT UTILITY;NONE;;2018-07-13T11:48:00-04:00;2018;No;Yes;7;11
.1 MILES FROM P.V.A. 525 CROSSROADS BLVD;TWO-WAY,NOT DIVIDED;DAYLIGHT;CLEAR;0;0;;NO CONTROL PRESENT;PASSENGER CAR;PASSENGER CAR;NONE;NONE;;2018-07-16T21:51:28-04:00;2018;No;No;7;21
.1 MILES FROM US 64 HWY;TWO-WAY,DIVIDED,POSITIVE MEDIAN BARRIER;DAYLIGHT;CLOUDY;0;0;;STOP AND GO SIGNAL;PASSENGER CAR;PASSENGER CAR;NONE;NONE;;2018-07-17T08:07:05-04:00;2018;No;No;7;08
25 FEET FROM SR #1652 (N HARRISON AV);TWO-WAY,DIVIDED,POSITIVE MEDIAN BARRIER;DAYLIGHT;CLEAR;0;0;;STOP AND GO SIGNAL;PASSENGER CAR;PASSENGER CAR;NONE;NONE;;2018-07-18T08:15:13-04:00;2018;No;No;7;08
100 FEET FROM SR 1313 (WALNUT ST);TWO-WAY,DIVIDED,UNPROTECTED MEDIAN;DAYLIGHT;CLEAR;0;0;;NO CONTROL PRESENT;SPORT UTILITY;NONE;NONE;NONE;;2018-07-18T07:16:45-04:00;2018;No;No;7;07
100 FEET FROM US1 S;TWO-WAY,DIVIDED,POSITIVE MEDIAN BARRIER;DAYLIGHT;CLEAR;0;0;;NO CONTROL PRESENT;SPORT UTILITY;PICKUP;NONE;NONE;;2018-07-19T14:50:30-04:00;2018;No;No;7;14
150 FEET FROM PVA 575 NEW WAVERLY PL;TWO-WAY,NOT DIVIDED;DAYLIGHT;CLEAR;0;0;;NO CONTROL PRESENT;PASSENGER CAR;PICKUP;NONE;NONE;;2018-07-18T18:32:49-04:00;2018;No;No;7;18
1 MILES FROM US 1 HWY;TWO-WAY,DIVIDED,POSITIVE MEDIAN BARRIER;DAYLIGHT;CLEAR;0;0;;NO CONTROL PRESENT;PASSENGER CAR;PICKUP;NONE;NONE;;2018-07-19T19:32:10-04:00;2018;No;No;7;19
CARY;TWO-WAY,NOT DIVIDED;DARK - LIGHTED ROADWAY;CLEAR;0;0;;NO CONTROL PRESENT;PASSENGER CAR;PASSENGER CAR;NONE;NONE;;2018-07-17T21:24:33-04:00;2018;No;No;7;21
200 FEET FROM TODD ST;TWO-WAY,NOT DIVIDED;DARK - LIGHTED ROADWAY;CLEAR;0;0;;NO CONTROL PRESENT;NONE;PASSENGER CAR;NONE;NONE;;2018-07-20T11:22:00-04:00;2018;No;No;7;11
100 FEET FROM SR 1625 (OKELLY CHAPEL RD);TWO-WAY,NOT DIVIDED;DAYLIGHT;CLEAR;0;0;;STOP AND GO SIGNAL;PASSENGER CAR;PASSENGER CAR;NONE;NONE;;2018-07-19T19:43:02-04:00;2018;No;No;7;19
.5 MILES FROM US 1 HWY;TWO-WAY,DIVIDED,POSITIVE MEDIAN BARRIER;DAYLIGHT;CLEAR;0;0;;NO CONTROL PRESENT;SPORT UTILITY;NONE;NONE;NONE;;2018-07-19T18:23:09-04:00;2018;No;No;7;18
245 FEET FROM PVA 81 MACKENAN DR;TWO-WAY,NOT DIVIDED;DAYLIGHT;CLEAR;0;0;;NO CONTROL PRESENT;PASSENGER CAR;PICKUP;NONE;NONE;;2018-07-20T16:39:30-04:00;2018;No;No;7;16
250 FEET FROM S ACADEMY ST;TWO-WAY,NOT DIVIDED;DARK - LIGHTED ROADWAY;CLEAR;0;0;;NO CONTROL PRESENT;NONE;PASSENGER CAR;NONE;NONE;;2018-07-23T23:07:00-04:00;2018;No;No;7;23
50 FEET FROM PVA 104 ARBOR WAY;TWO-WAY,NOT DIVIDED;DARK - LIGHTED ROADWAY;CLEAR;0;0;;NO CONTROL PRESENT;PASSENGER CAR;PASSENGER CAR;NONE;NONE;;2018-07-22T16:41:15-04:00;2018;No;No;7;16
200 FEET FROM NORTHLANDS DR;TWO-WAY,NOT DIVIDED;DAYLIGHT;CLEAR;0;0;;NO CONTROL PRESENT;PASSENGER CAR;PASSENGER CAR;NONE;NONE;;2018-07-24T11:39:00-04:00;2018;No;No;7;11
100 FEET FROM PVA 575 NEW WAVERLY PL;ONE-WAY,NOT DIVIDED;DAYLIGHT;CLEAR;0;0;;NO CONTROL PRESENT;PASSENGER CAR;SPORT UTILITY;NONE;NONE;;2018-07-24T19:45:50-04:00;2018;No;No;7;19
0.1 MILES FROM US 64 HIGHWAY;ONE-WAY,NOT DIVIDED;DAYLIGHT;CLOUDY;0;0;;STOP AND GO SIGNAL;PASSENGER CAR;NONE;NONE;NONE;;2018-07-25T09:12:50-04:00;2018;No;No;7;09
180 FEET FROM PVA 3420 TEN TEN RD;TWO-WAY,NOT DIVIDED;DARK - LIGHTED ROADWAY;CLOUDY;0;0;;NO CONTROL PRESENT;PASSENGER CAR;SPORT UTILITY;NONE;NONE;;2018-07-25T20:37:38-04:00;2018;No;No;7;20
100 FEET FROM PVA 125 QUARRRYSTONE CIR;TWO-WAY,NOT DIVIDED;DAYLIGHT;CLEAR;0;0;;NO CONTROL PRESENT;PASSENGER CAR;SPORT UTILITY;NONE;NONE;;2018-07-25T19:16:22-04:00;2018;No;No;7;19
.1 MILES FROM SR-1521 LAKE PINE DR;TWO-WAY,NOT DIVIDED;DAYLIGHT;CLEAR;0;0;;NO CONTROL PRESENT;PASSENGER CAR;NONE;NONE;NONE;;2018-07-25T00:33:00-04:00;2018;No;No;7;00
75 FEET FROM PVA (4248 NW CARY PKWY);TWO-WAY,NOT DIVIDED;DAYLIGHT;CLEAR;0;3;;NO CONTROL PRESENT;PASSENGER CAR;SPORT UTILITY;NONE;NONE;;2018-07-26T12:53:00-04:00;2018;No;Yes;7;12
CARY;TWO-WAY,NOT DIVIDED;DAYLIGHT;CLEAR;0;1;;STOP AND GO SIGNAL;PASSENGER CAR;PASSENGER CAR;NONE;NONE;;2018-07-26T19:25:53-04:00;2018;No;Yes;7;19
CARY;TWO-WAY,DIVIDED,POSITIVE MEDIAN BARRIER;DAYLIGHT;CLOUDY;0;0;;STOP AND GO SIGNAL;PASSENGER CAR;PASSENGER CAR;NONE;NONE;;2018-07-25T21:11:42-04:00;2018;No;No;7;21
CARY;TWO-WAY,NOT DIVIDED;DAYLIGHT;CLEAR;0;1;;STOP SIGN;VAN;VAN;NONE;NONE;;2018-07-26T09:55:07-04:00;2018;No;Yes;7;09
100 FEET FROM 8204 TRYON WOODS DR;TWO-WAY,NOT DIVIDED;DAYLIGHT;CLEAR;0;0;;NO CONTROL PRESENT;PASSENGER CAR;PASSENGER CAR;NONE;NONE;;2018-07-27T09:24:33-04:00;2018;No;No;7;09
CARY;TWO-WAY,DIVIDED,UNPROTECTED MEDIAN;DARK - LIGHTED ROADWAY;CLOUDY;0;4;;STOP AND GO SIGNAL;PASSENGER CAR;PASSENGER CAR;NONE;NONE;;2018-07-27T00:52:00-04:00;2018;No;Yes;7;00
CARY;TWO-WAY,DIVIDED,UNPROTECTED MEDIAN;DAYLIGHT;CLEAR;0;0;;STOP SIGN;PASSENGER CAR;SPORT UTILITY;NONE;NONE;;2018-07-28T10:52:00-04:00;2018;No;No;7;10
CARY;TWO-WAY,DIVIDED,UNPROTECTED MEDIAN;DARK - LIGHTED ROADWAY;CLOUDY;0;0;;STOP AND GO SIGNAL;NONE;PASSENGER CAR;NONE;NONE;;2018-07-28T23:18:00-04:00;2018;No;No;7;23
1.14 MILES FROM US 1 HWY;TWO-WAY,DIVIDED,POSITIVE MEDIAN BARRIER;DAYLIGHT;CLEAR;0;5;;NO CONTROL PRESENT;PASSENGER CAR;PASSENGER CAR;SPORT UTILITY;PASSENGER CAR;PASSENGER CAR;2018-07-27T14:37:58-04:00;2018;No;Yes;7;14
40 FEET FROM SR3977 (SW CARY PKWY);TWO-WAY,DIVIDED,UNPROTECTED MEDIAN;DAYLIGHT;CLOUDY;0;0;;NO CONTROL PRESENT;SPORT UTILITY;PICKUP;NONE;NONE;;2018-07-29T20:26:32-04:00;2018;No;No;7;20
50 FEET FROM 1122 SKYE LN;TWO-WAY,NOT DIVIDED;DAYLIGHT;CLEAR;0;0;;NO CONTROL PRESENT;PASSENGER CAR;NONE;NONE;NONE;;2018-07-30T10:32:00-04:00;2018;No;No;7;10
.07 MILES FROM HOLLOWAY ST;TWO-WAY,NOT DIVIDED;DAYLIGHT;CLOUDY;0;0;;NO CONTROL PRESENT;PASSENGER CAR;PASSENGER CAR;NONE;NONE;;2018-07-30T12:43:00-04:00;2018;No;No;7;12
20 FEET FROM SR 1011 (E CHATHAM ST);TWO-WAY,DIVIDED,UNPROTECTED MEDIAN;DAYLIGHT;CLOUDY;0;0;;STOP SIGN;PASSENGER CAR;PASSENGER CAR;PASSENGER CAR;NONE;;2018-07-30T10:12:00-04:00;2018;No;No;7;10