Location_Description;Road_Configuration;Light_Condition;Weather;Fatality;Injury;Contributing_Factor;Traffic_Control;Vehicle1;Vehicle2;Vehicle3;Vehicle4;Vehicle5;Crash_Date;year;Fatalities;Injuries;Month;Hour
200 FEET FROM SR 1010 (TEN TEN RD);TWO-WAY,NOT DIVIDED;DAYLIGHT;CLEAR;0;4;;NO CONTROL PRESENT;PASSENGER CAR;PASSENGER CAR;PICKUP;SPORT UTILITY;;2018-09-04T17:37:09-04:00;2018;No;Yes;9;17
.25 MILES FROM US 1 HWY;TWO-WAY,DIVIDED,POSITIVE MEDIAN BARRIER;DAYLIGHT;CLEAR;0;2;;NO CONTROL PRESENT;SPORT UTILITY;VAN;NONE;NONE;;2018-09-05T16:42:19-04:00;2018;No;Yes;9;16
CARY;NONE;NONE;NONE;0;0;;;NONE;NONE;NONE;NONE;;2018-08-28T11:37:00-04:00;2018;No;No;8;11
CARY;TWO-WAY,NOT DIVIDED;DAYLIGHT;CLEAR;0;0;;NO CONTROL PRESENT;PASSENGER CAR;PASSENGER CAR;NONE;NONE;;2018-09-05T15:45:16-04:00;2018;No;No;9;15
370 FEET FROM PVA-831 BASS PRO LANE;TWO-WAY,NOT DIVIDED;DAYLIGHT;CLEAR;0;0;;NO CONTROL PRESENT;SPORT UTILITY;SPORT UTILITY;NONE;NONE;;2018-09-06T12:35:00-04:00;2018;No;No;9;12
309 FEET FROM P.V.A. 575 NEW WAVERLY PL;ONE-WAY,NOT DIVIDED;DAYLIGHT;CLEAR;0;0;;NO CONTROL PRESENT;PASSENGER CAR;VAN;NONE;NONE;;2018-09-06T13:16:24-04:00;2018;No;No;9;13
CARY;NONE;NONE;NONE;0;0;;;PASSENGER CAR;NONE;NONE;NONE;;2018-08-29T00:00:00-04:00;2018;No;No;8;00
.2 MILES FROM US 64 HWY;TWO-WAY,DIVIDED,POSITIVE MEDIAN BARRIER;DAYLIGHT;CLEAR;0;0;;NO CONTROL PRESENT;PASSENGER CAR;PASSENGER CAR;NONE;NONE;;2018-09-07T07:27:53-04:00;2018;No;No;9;07
10 FEET FROM US 1 HWY;TWO-WAY,DIVIDED,POSITIVE MEDIAN BARRIER;DAYLIGHT;CLEAR;0;0;;NO CONTROL PRESENT;PASSENGER CAR;PASSENGER CAR;NONE;NONE;;2018-09-08T16:11:55-04:00;2018;No;No;9;16
CARY;TWO-WAY,NOT DIVIDED;DAYLIGHT;CLEAR;0;0;;STOP SIGN;LIGHT TRUCK (MINI-VAN- PANEL);PASSENGER CAR;NONE;NONE;;2018-09-07T15:01:46-04:00;2018;No;No;9;15
200 FEET FROM MONT DE SION DR;TWO-WAY,NOT DIVIDED;DARK - LIGHTED ROADWAY;CLEAR;0;0;;NO CONTROL PRESENT;PICKUP;PASSENGER CAR;NONE;NONE;;2018-09-07T20:37:56-04:00;2018;No;No;9;20
CARY;TWO-WAY,NOT DIVIDED;DARK - LIGHTED ROADWAY;CLOUDY;0;0;;STOP SIGN;NONE;NONE;NONE;NONE;;2018-09-07T01:57:54-04:00;2018;No;No;9;01
10 FEET FROM SR 1349(DILLARD DR);TWO-WAY,DIVIDED,UNPROTECTED MEDIAN;DAYLIGHT;CLEAR;0;0;;STOP AND GO SIGNAL;VAN;VAN;NONE;NONE;;2018-09-08T14:24:53-04:00;2018;No;No;9;14
400 FEET FROM PVA (1105 WALNUT ST);NONE;DAYLIGHT;CLEAR;0;0;;NO CONTROL PRESENT;PASSENGER CAR;PASSENGER CAR;NONE;NONE;;2018-09-08T13:42:08-04:00;2018;No;No;9;13
CARY;TWO-WAY,NOT DIVIDED;DAYLIGHT;CLEAR;0;0;;NO CONTROL PRESENT;PASSENGER CAR;SPORT UTILITY;NONE;NONE;;2018-09-09T07:31:08-04:00;2018;No;No;9;07
180 FEET FROM SR 1613 (DAVIS DR);TWO-WAY,DIVIDED,UNPROTECTED MEDIAN;DAYLIGHT;CLEAR;0;0;;NO CONTROL PRESENT;VAN;SPORT UTILITY;NONE;NONE;;2018-09-10T07:15:47-04:00;2018;No;No;9;07
0 FEET FROM SR 1011 (E CHATHAM ST);TWO-WAY,NOT DIVIDED;DAYLIGHT;CLOUDY;0;0;;STOP AND GO SIGNAL;PASSENGER CAR;PASSENGER CAR;NONE;NONE;;2018-09-10T09:06:33-04:00;2018;No;No;9;09
250 FEET FROM NC 55 HWY;TWO-WAY,DIVIDED,UNPROTECTED MEDIAN;DAYLIGHT;CLOUDY;0;0;;NO CONTROL PRESENT;SPORT UTILITY;TRUCK/TRAILER;NONE;NONE;;2018-09-11T07:14:07-04:00;2018;No;No;9;07
CARY;NONE;NONE;NONE;0;0;;;NONE;NONE;NONE;NONE;;2018-09-11T14:29:26-04:00;2018;No;No;9;14
100 FEET FROM DILLARD DR;TWO-WAY,DIVIDED,UNPROTECTED MEDIAN;DAYLIGHT;CLOUDY;0;0;;STOP SIGN;SPORT UTILITY;PASSENGER CAR;NONE;NONE;;2018-09-11T17:01:16-04:00;2018;No;No;9;17
CARY;TWO-WAY,DIVIDED,UNPROTECTED MEDIAN;DAYLIGHT;CLOUDY;0;0;;STOP SIGN;SPORT UTILITY;PICKUP;NONE;NONE;;2018-09-11T15:18:53-04:00;2018;No;No;9;15
CARY;TWO-WAY,DIVIDED,POSITIVE MEDIAN BARRIER;DAYLIGHT;CLOUDY;0;0;;STOP SIGN;VAN;SPORT UTILITY;NONE;NONE;;2018-09-11T18:14:45-04:00;2018;No;No;9;18
0 FEET FROM SR 3977 (CARY PKWY);NONE;NONE;NONE;0;0;;;NONE;NONE;NONE;NONE;;2018-08-21T15:24:23-04:00;2018;No;No;8;15
0 FEET FROM OLD RALEIGH RD;TWO-WAY,DIVIDED,UNPROTECTED MEDIAN;DAYLIGHT;CLEAR;0;0;;NO CONTROL PRESENT;PICKUP;PASSENGER CAR;NONE;NONE;;2018-09-11T10:22:00-04:00;2018;No;No;9;10
100 FEET FROM 4402 SR 1010;TWO-WAY,NOT DIVIDED;DAYLIGHT;CLEAR;0;0;;STOP SIGN;SPORT UTILITY;SPORT UTILITY;NONE;NONE;;2018-09-12T17:28:21-04:00;2018;No;No;9;17
.1 MILES FROM NC 55 HWY;TWO-WAY,DIVIDED,UNPROTECTED MEDIAN;DAYLIGHT;CLOUDY;0;0;;STOP AND GO SIGNAL;PASSENGER CAR;PASSENGER CAR;NONE;NONE;;2018-09-12T17:11:08-04:00;2018;No;No;9;17
75 FEET FROM PVA OF CIRCLE K;TWO-WAY,NOT DIVIDED;DAYLIGHT;CLEAR;0;0;;NO CONTROL PRESENT;PASSENGER CAR;NONE;NONE;NONE;;2018-09-12T16:33:08-04:00;2018;No;No;9;16
CARY;TWO-WAY,NOT DIVIDED;DARK - LIGHTED ROADWAY;CLOUDY;0;0;;NO CONTROL PRESENT;PASSENGER CAR;PASSENGER CAR;NONE;NONE;;2018-09-11T23:06:00-04:00;2018;No;No;9;23
40 FEET FROM S.R. 1300 (KILDAIRE FARM RD);TWO-WAY,NOT DIVIDED;DAYLIGHT;CLEAR;0;0;;STOP AND GO SIGNAL;SPORT UTILITY;SPORT UTILITY;NONE;NONE;;2018-09-12T08:56:17-04:00;2018;No;No;9;08
.1 MILES FROM US1;TWO-WAY,DIVIDED,POSITIVE MEDIAN BARRIER;DAYLIGHT;CLEAR;0;0;;NO CONTROL PRESENT;SINGLE UNIT TRUCK (2-AXLE- 6-TIRE);PASSENGER CAR;NONE;NONE;;2018-09-12T09:58:08-04:00;2018;No;No;9;09
132 FEET FROM P.V.A. (2323 NW MAYNARD RD);TWO-WAY,NOT DIVIDED;DAYLIGHT;CLOUDY;0;0;;NO CONTROL PRESENT;SPORT UTILITY;PASSENGER CAR;NONE;NONE;;2018-09-13T06:14:48-04:00;2018;No;No;9;06
.545 MILES FROM US 1 HWY;TWO-WAY,DIVIDED,POSITIVE MEDIAN BARRIER;DARK - ROADWAY NOT LIGHTED;RAIN;0;0;;NO CONTROL PRESENT;PASSENGER CAR;NONE;NONE;NONE;;2018-09-16T21:41:43-04:00;2018;No;No;9;21
100 FEET FROM P.V.A. (HARRIS TEETER);TWO-WAY,NOT DIVIDED;DARK - LIGHTED ROADWAY;RAIN;0;0;;NO CONTROL PRESENT;SPORT UTILITY;SPORT UTILITY;NONE;NONE;;2018-09-15T19:20:17-04:00;2018;No;No;9;19
220 FEET FROM SR 1497 (CARY TOWNE BLVD);TWO-WAY,DIVIDED,UNPROTECTED MEDIAN;DAYLIGHT;CLEAR;0;0;;NO CONTROL PRESENT;EMS VEHICLE- AMBULANCE- RESCUE SQUAD;PASSENGER CAR;NONE;NONE;;2018-09-12T11:49:00-04:00;2018;No;No;9;11
220 FEET FROM PVA (600 WESTON PKWY);TWO-WAY,NOT DIVIDED;DARK - LIGHTED ROADWAY;RAIN;0;0;;NO CONTROL PRESENT;NONE;PASSENGER CAR;NONE;NONE;;2018-09-17T11:02:00-04:00;2018;No;No;9;11
430 FEET FROM NC 54 HWY NE MAYNARD RD;TWO-WAY,DIVIDED,UNPROTECTED MEDIAN;DAYLIGHT;CLEAR;0;0;;NO CONTROL PRESENT;PICKUP;PASSENGER CAR;NONE;NONE;;2018-09-10T15:58:24-04:00;2018;No;No;9;15
60 FEET FROM SR 1313 WALNUT ST;TWO-WAY,NOT DIVIDED;DAYLIGHT;CLEAR;0;0;;NO CONTROL PRESENT;SPORT UTILITY;SPORT UTILITY;NONE;NONE;;2018-09-12T15:11:40-04:00;2018;No;No;9;15
30 FEET FROM SR 1628 (OKELLY CHAPEL RD);TWO-WAY,NOT DIVIDED;DAYLIGHT;RAIN;0;0;;STOP AND GO SIGNAL;PASSENGER CAR;SPORT UTILITY;NONE;NONE;;2018-09-17T13:14:11-04:00;2018;No;No;9;13
100 FEET FROM BLOSSOM GROVE DR;TWO-WAY,NOT DIVIDED;NONE;CLEAR;0;0;;NO CONTROL PRESENT;SPORT UTILITY;NONE;NONE;NONE;;2018-09-17T14:19:49-04:00;2018;No;No;9;14
5 FEET FROM US 1;TWO-WAY,DIVIDED,POSITIVE MEDIAN BARRIER;DAYLIGHT;CLEAR;0;0;;NO CONTROL PRESENT;VAN;PICKUP;NONE;NONE;;2018-09-18T08:22:41-04:00;2018;No;No;9;08
60 FEET FROM NC54 (NW MAYNARD RD);TWO-WAY,DIVIDED,UNPROTECTED MEDIAN;DAYLIGHT;CLEAR;0;1;;STOP AND GO SIGNAL;PASSENGER CAR;PASSENGER CAR;NONE;NONE;;2018-09-12T14:40:02-04:00;2018;No;Yes;9;14
CARY;TWO-WAY,DIVIDED,UNPROTECTED MEDIAN;DAYLIGHT;CLEAR;0;2;;STOP AND GO SIGNAL;SPORT UTILITY;PASSENGER CAR;PASSENGER CAR;NONE;;2018-09-17T09:40:37-04:00;2018;No;Yes;9;09
CARY;NONE;NONE;NONE;0;0;;;SPORT UTILITY;NONE;NONE;NONE;;2018-09-12T14:18:07-04:00;2018;No;No;9;14
CARY;TWO-WAY,NOT DIVIDED;DAYLIGHT;CLEAR;0;0;;NO CONTROL PRESENT;SPORT UTILITY;PASSENGER CAR;NONE;NONE;;2018-09-19T11:01:00-04:00;2018;No;No;9;11
130 FEET FROM PVA 0F 1405 SR 1300 (KILDAIRE;TWO-WAY,NOT DIVIDED;DAYLIGHT;CLEAR;0;0;;NO CONTROL PRESENT;NONE;SPORT UTILITY;NONE;NONE;;2018-09-18T13:29:54-04:00;2018;No;No;9;13
63 FEET FROM NC54 (NW MAYNARD RD);TWO-WAY,DIVIDED,POSITIVE MEDIAN BARRIER;DAYLIGHT;CLEAR;0;0;;STOP AND GO SIGNAL;SPORT UTILITY;PICKUP;PASSENGER CAR;NONE;;2018-09-19T17:45:03-04:00;2018;No;No;9;17
25 FEET FROM SR1653 (EVANS RD);TWO-WAY,DIVIDED,UNPROTECTED MEDIAN;DAYLIGHT;CLEAR;0;0;;NO CONTROL PRESENT;SPORT UTILITY;PASSENGER CAR;NONE;NONE;;2018-09-18T16:12:26-04:00;2018;No;No;9;16
CARY;TWO-WAY,DIVIDED,UNPROTECTED MEDIAN;DARK - LIGHTED ROADWAY;CLEAR;0;1;;STOP SIGN;PASSENGER CAR;SPORT UTILITY;NONE;NONE;;2018-09-19T05:20:38-04:00;2018;No;Yes;9;05
145 FEET FROM P.V.A. 226 ASHEVILLE AV;ONE-WAY,NOT DIVIDED;DAYLIGHT;CLEAR;0;0;;NO CONTROL PRESENT;PASSENGER CAR;PASSENGER CAR;NONE;NONE;;2018-09-21T11:58:00-04:00;2018;No;No;9;11
.12 MILES FROM SR 1415 (SE MAYNARD RD);TWO-WAY,NOT DIVIDED;DAYLIGHT;CLEAR;0;0;;NO CONTROL PRESENT;PASSENGER CAR;PASSENGER CAR;PASSENGER CAR;NONE;;2018-09-19T14:28:29-04:00;2018;No;No;9;14
200 FEET FROM US 1;TWO-WAY,DIVIDED,POSITIVE MEDIAN BARRIER;DAYLIGHT;CLEAR;0;0;;NO CONTROL PRESENT;PASSENGER CAR;PASSENGER CAR;NONE;NONE;;2018-09-18T09:04:22-04:00;2018;No;No;9;09
80 FEET FROM US HWY 1;TWO-WAY,DIVIDED,POSITIVE MEDIAN BARRIER;DAYLIGHT;CLEAR;0;0;;NO CONTROL PRESENT;LIGHT TRUCK (MINI-VAN- PANEL);PASSENGER CAR;NONE;NONE;;2018-09-18T12:30:00-04:00;2018;No;No;9;12
100 FEET FROM US HWY 64 RAMP;TWO-WAY,DIVIDED,UNPROTECTED MEDIAN;DAYLIGHT;CLEAR;0;0;;STOP AND GO SIGNAL;SPORT UTILITY;SPORT UTILITY;NONE;NONE;;2018-09-22T15:45:26-04:00;2018;No;No;9;15
0 FEET FROM 64 HWY;TWO-WAY,DIVIDED,UNPROTECTED MEDIAN;DAYLIGHT;CLEAR;0;0;;NO CONTROL PRESENT;LIGHT TRUCK (MINI-VAN- PANEL);PASSENGER CAR;NONE;NONE;;2018-09-21T12:25:00-04:00;2018;No;No;9;12
300 FEET FROM PVA OF BELK;TWO-WAY,NOT DIVIDED;DAYLIGHT;CLEAR;0;0;;NO CONTROL PRESENT;PASSENGER CAR;PASSENGER CAR;NONE;NONE;;2018-09-21T16:56:53-04:00;2018;No;No;9;16
1.34 MILES FROM US 1 HWY;TWO-WAY,DIVIDED,POSITIVE MEDIAN BARRIER;DAYLIGHT;CLEAR;0;0;;NO CONTROL PRESENT;PICKUP;SPORT UTILITY;NONE;NONE;;2018-09-22T21:20:46-04:00;2018;No;No;9;21
20 FEET FROM SR 1009 (TRYON RD);TWO-WAY,DIVIDED,UNPROTECTED MEDIAN;DAYLIGHT;CLEAR;0;1;;YIELD SIGN;SPORT UTILITY;PASSENGER CAR;NONE;NONE;;2018-09-22T11:26:00-04:00;2018;No;Yes;9;11
50 FEET FROM P.V.A (1405 KILDAIRE FARM RD);TWO-WAY,NOT DIVIDED;DAYLIGHT;CLEAR;0;0;;NO CONTROL PRESENT;PICKUP;PICKUP;NONE;NONE;;2018-09-23T17:02:04-04:00;2018;No;No;9;17
453 FEET FROM US 1 HWY;TWO-WAY,DIVIDED,POSITIVE MEDIAN BARRIER;DAYLIGHT;CLEAR;0;0;;NO CONTROL PRESENT;PASSENGER CAR;SPORT UTILITY;NONE;NONE;;2018-09-24T20:26:52-04:00;2018;No;No;9;20
420 FEET FROM P.V.A (WOODFIELD WESTON CORNER;TWO-WAY,NOT DIVIDED;NONE;CLEAR;0;0;;NO CONTROL PRESENT;PASSENGER CAR;PASSENGER CAR;NONE;NONE;;2018-09-24T00:35:00-04:00;2018;No;No;9;00
6 FEET FROM NC 55 HWY;TWO-WAY,NOT DIVIDED;DAYLIGHT;CLEAR;0;0;;NO CONTROL PRESENT;SPORT UTILITY;SPORT UTILITY;NONE;NONE;;2018-09-23T22:23:00-04:00;2018;No;No;9;22
10 FEET FROM NC 55 HWY;TWO-WAY,DIVIDED,UNPROTECTED MEDIAN;DAYLIGHT;CLEAR;0;0;;STOP AND GO SIGNAL;PASSENGER CAR;PASSENGER CAR;VAN;NONE;;2018-09-23T12:12:00-04:00;2018;No;No;9;12
200 FEET FROM PVA OF 10140 GREEN LEVEL CHURC;TWO-WAY,NOT DIVIDED;DAYLIGHT;CLEAR;0;0;;NO CONTROL PRESENT;VAN;PASSENGER CAR;NONE;NONE;;2018-09-23T15:59:34-04:00;2018;No;No;9;15
CARY;TWO-WAY,DIVIDED,UNPROTECTED MEDIAN;DAYLIGHT;CLEAR;0;0;;STOP AND GO SIGNAL;SPORT UTILITY;SPORT UTILITY;NONE;NONE;;2018-09-25T13:47:40-04:00;2018;No;No;9;13
75 FEET FROM NC 55 HWY;TWO-WAY,DIVIDED,UNPROTECTED MEDIAN;DAYLIGHT;CLEAR;0;0;;STOP AND GO SIGNAL;PICKUP;PASSENGER CAR;NONE;NONE;;2018-09-25T15:16:08-04:00;2018;No;No;9;15
.10 MILES FROM P.V.A. (973 N HARRISON AV);TWO-WAY,NOT DIVIDED;DAYLIGHT;CLEAR;0;1;;NO CONTROL PRESENT;PASSENGER CAR;NONE;NONE;NONE;;2018-09-25T16:27:51-04:00;2018;No;Yes;9;16
CARY;TWO-WAY,NOT DIVIDED;DAYLIGHT;CLEAR;0;1;;NO CONTROL PRESENT;LIGHT TRUCK (MINI-VAN- PANEL);PASSENGER CAR;NONE;NONE;;2018-09-25T17:05:33-04:00;2018;No;Yes;9;17
100 FEET FROM EVANS RD (SR1653);TWO-WAY,NOT DIVIDED;DAYLIGHT;CLOUDY;0;0;;NO CONTROL PRESENT;PASSENGER CAR;PASSENGER CAR;NONE;NONE;;2018-09-26T12:50:00-04:00;2018;No;No;9;12
171 FEET FROM SR 1415 (MAYNARD RD);TWO-WAY,NOT DIVIDED;DAYLIGHT;CLEAR;0;0;;STOP AND GO SIGNAL;SPORT UTILITY;PASSENGER CAR;NONE;NONE;;2018-09-26T14:03:37-04:00;2018;No;No;9;14
CARY;TWO-WAY,DIVIDED,UNPROTECTED MEDIAN;DAYLIGHT;CLEAR;0;0;;STOP AND GO SIGNAL;SPORT UTILITY;SPORT UTILITY;NONE;NONE;;2018-09-26T11:19:00-04:00;2018;No;No;9;11
CARY;TWO-WAY,NOT DIVIDED;DAYLIGHT;CLOUDY;0;0;;STOP SIGN;NONE;NONE;NONE;NONE;;2018-09-27T11:12:00-04:00;2018;No;No;9;11
.14 MILES FROM SR 3081 CHAPEL HILL RD;TWO-WAY,NOT DIVIDED;DAYLIGHT;CLOUDY;0;0;;NO CONTROL PRESENT;PASSENGER CAR;NONE;NONE;NONE;;2018-09-21T03:14:07-04:00;2018;No;No;9;03
.1 MILES FROM 64 HWY;TWO-WAY,DIVIDED,POSITIVE MEDIAN BARRIER;DAYLIGHT;CLOUDY;0;0;;STOP AND GO SIGNAL;PASSENGER CAR;PASSENGER CAR;NONE;NONE;;2018-09-27T14:21:30-04:00;2018;No;No;9;14
300 FEET FROM PVA (1400 BOULDERSTONE WAY);TWO-WAY,NOT DIVIDED;DAYLIGHT;CLEAR;0;0;;STOP SIGN;SPORT UTILITY;SPORT UTILITY;NONE;NONE;;2018-09-27T17:26:53-04:00;2018;No;No;9;17
22 FEET FROM US 1 HWY;TWO-WAY,DIVIDED,UNPROTECTED MEDIAN;DARK - ROADWAY NOT LIGHTED;CLEAR;0;0;;STOP AND GO SIGNAL;SPORT UTILITY;SPORT UTILITY;NONE;NONE;;2018-09-29T20:59:03-04:00;2018;No;No;9;20
40 FEET FROM SR 1349 (DILLARD DR);TWO-WAY,NOT DIVIDED;DARK - LIGHTED ROADWAY;CLEAR;0;0;;STOP AND GO SIGNAL;PASSENGER CAR;PASSENGER CAR;NONE;NONE;;2018-09-29T22:02:00-04:00;2018;No;No;9;22
30 FEET FROM SR1319 (JONES FRANKLIN RD);TWO-WAY,NOT DIVIDED;DAYLIGHT;CLEAR;0;0;;STOP AND GO SIGNAL;PICKUP;VAN;NONE;NONE;;2018-09-29T15:23:43-04:00;2018;No;No;9;15
300 FEET FROM P.V.A. 10140 GREEN LEVEL CHURC;TWO-WAY,NOT DIVIDED;DAYLIGHT;CLEAR;0;0;;NO CONTROL PRESENT;PASSENGER CAR;PASSENGER CAR;NONE;NONE;;2018-09-30T08:18:21-04:00;2018;No;No;9;08
150 FEET FROM P.V.A (2000 WALNUT LOWES HOME);TWO-WAY,NOT DIVIDED;DAYLIGHT;CLEAR;0;0;;NO CONTROL PRESENT;PICKUP;SPORT UTILITY;NONE;NONE;;2018-09-17T19:09:43-04:00;2018;No;No;9;19
80 FEET FROM N HARRISON AV;TWO-WAY,NOT DIVIDED;DARK - LIGHTED ROADWAY;CLEAR;0;0;;NO CONTROL PRESENT;PASSENGER CAR;NONE;NONE;NONE;;2018-10-01T20:48:41-04:00;2018;No;No;10;20
.33 MILES FROM US 1;TWO-WAY,DIVIDED,POSITIVE MEDIAN BARRIER;DAYLIGHT;CLEAR;0;2;;NO CONTROL PRESENT;PASSENGER CAR;PASSENGER CAR;NONE;NONE;;2018-10-01T18:18:07-04:00;2018;No;Yes;10;18
200 FEET FROM P.V.A (BASS PRO);TWO-WAY,NOT DIVIDED;DAYLIGHT;CLEAR;0;0;;NO CONTROL PRESENT;SINGLE UNIT TRUCK (2-AXLE- 6-TIRE);PASSENGER CAR;NONE;NONE;;2018-10-01T15:46:04-04:00;2018;No;No;10;15
.1 MILES FROM PVA (945 W CHATHAM ST);TWO-WAY,NOT DIVIDED;DAYLIGHT;CLEAR;0;0;;NO CONTROL PRESENT;PASSENGER CAR;NONE;NONE;NONE;;2018-10-01T10:04:00-04:00;2018;No;No;10;10
200 FEET FROM US HWY 1;ONE-WAY,NOT DIVIDED;DAYLIGHT;CLEAR;0;0;;YIELD SIGN;VAN;PASSENGER CAR;NONE;NONE;;2018-10-02T09:20:14-04:00;2018;No;No;10;09
0 FEET FROM SR 3073 (SW MAYNARD RD);TWO-WAY,DIVIDED,UNPROTECTED MEDIAN;DAYLIGHT;CLEAR;0;1;;STOP AND GO SIGNAL;LIGHT TRUCK (MINI-VAN- PANEL);PASSENGER CAR;NONE;NONE;;2018-10-01T08:22:19-04:00;2018;No;Yes;10;08
.06 MILES FROM US 1 HWY;TWO-WAY,DIVIDED,POSITIVE MEDIAN BARRIER;DAYLIGHT;CLEAR;0;0;;NO CONTROL PRESENT;PASSENGER CAR;SPORT UTILITY;NONE;NONE;;2018-10-02T17:15:04-04:00;2018;No;No;10;17
200 FEET FROM SR 1300 (KILDAIRE FARM RD);TWO-WAY,DIVIDED,UNPROTECTED MEDIAN;DAYLIGHT;CLEAR;0;0;;NO CONTROL PRESENT;PASSENGER CAR;SPORT UTILITY;SPORT UTILITY;NONE;;2018-10-03T09:13:54-04:00;2018;No;No;10;09
CARY;TWO-WAY,NOT DIVIDED;DAYLIGHT;CLEAR;0;0;;STOP SIGN;PASSENGER CAR;SPORT UTILITY;NONE;NONE;;2018-10-03T09:41:20-04:00;2018;No;No;10;09
300 FEET FROM SR 3060(MORRISVILLE PKWY);TWO-WAY,DIVIDED,UNPROTECTED MEDIAN;DAYLIGHT;CLEAR;0;0;;STOP AND GO SIGNAL;PASSENGER CAR;PASSENGER CAR;NONE;NONE;;2018-10-03T09:10:08-04:00;2018;No;No;10;09
61 FEET FROM P.V.A. (124 SW MAYNARD RD);TWO-WAY,NOT DIVIDED;DAYLIGHT;CLEAR;0;0;;NO CONTROL PRESENT;PASSENGER CAR;PASSENGER CAR;NONE;NONE;;2018-10-03T18:23:17-04:00;2018;No;No;10;18
.02 MILES FROM US 1 HIGHWAY;TWO-WAY,DIVIDED,UNPROTECTED MEDIAN;DAYLIGHT;CLEAR;0;0;;STOP AND GO SIGNAL;PASSENGER CAR;SPORT UTILITY;NONE;NONE;;2018-10-03T17:42:29-04:00;2018;No;No;10;17
150 FEET FROM SR 1300 (KILDAIRE FARM RD);TWO-WAY,DIVIDED,UNPROTECTED MEDIAN;DAYLIGHT;CLEAR;0;0;;NO CONTROL PRESENT;SPORT UTILITY;PICKUP;NONE;NONE;;2018-10-03T14:45:48-04:00;2018;No;No;10;14
100 FEET FROM SR 1010 TEN TEN RD;TWO-WAY,NOT DIVIDED;DAYLIGHT;CLEAR;0;0;;NO CONTROL PRESENT;VAN;PASSENGER CAR;NONE;NONE;;2018-10-03T19:25:07-04:00;2018;No;No;10;19
31 FEET FROM 1305 KILDAIRE FARM RD;TWO-WAY,NOT DIVIDED;DAYLIGHT;CLEAR;0;0;;NO CONTROL PRESENT;PASSENGER CAR;PICKUP;NONE;NONE;;2018-10-03T18:13:33-04:00;2018;No;No;10;18
150 FEET FROM PAMLICO DR;TWO-WAY,NOT DIVIDED;NONE;CLEAR;0;0;;NO CONTROL PRESENT;NONE;PICKUP;NONE;NONE;;2018-10-02T11:05:00-04:00;2018;No;No;10;11
CARY;TWO-WAY,DIVIDED,UNPROTECTED MEDIAN;DAYLIGHT;CLEAR;0;0;;NO CONTROL PRESENT;SPORT UTILITY;VAN;NONE;NONE;;2018-10-04T12:20:00-04:00;2018;No;No;10;12
300 FEET FROM SR 3977 (CARY PKWY);TWO-WAY,DIVIDED,UNPROTECTED MEDIAN;DAYLIGHT;CLEAR;0;0;;NO CONTROL PRESENT;PASSENGER CAR;PASSENGER CAR;NONE;NONE;;2018-10-04T18:17:07-04:00;2018;No;No;10;18
CARY;TWO-WAY,DIVIDED,UNPROTECTED MEDIAN;DAYLIGHT;CLEAR;0;0;;STOP AND GO SIGNAL;PASSENGER CAR;SINGLE UNIT TRUCK (2-AXLE- 6-TIRE);NONE;NONE;;2018-10-03T08:11:23-04:00;2018;No;No;10;08
40 FEET FROM NC 55 HWY;TWO-WAY,NOT DIVIDED;DAYLIGHT;CLEAR;0;0;;NO CONTROL PRESENT;SPORT UTILITY;PICKUP;NONE;NONE;;2018-10-03T09:02:28-04:00;2018;No;No;10;09
NEAR CARY;TWO-WAY,NOT DIVIDED;DARK - LIGHTED ROADWAY;CLEAR;0;1;;STOP SIGN;PASSENGER CAR;NONE;NONE;NONE;;2018-10-05T21:53:56-04:00;2018;No;Yes;10;21
CARY;TWO-WAY,DIVIDED,POSITIVE MEDIAN BARRIER;DAYLIGHT;CLEAR;0;0;;YIELD SIGN;PASSENGER CAR;PASSENGER CAR;NONE;NONE;;2018-10-05T08:30:40-04:00;2018;No;No;10;08
147 FEET FROM MAYNARD CROSSING CT;TWO-WAY,DIVIDED,UNPROTECTED MEDIAN;DAYLIGHT;CLEAR;0;0;;;PASSENGER CAR;PASSENGER CAR;NONE;NONE;;2018-10-04T19:55:22-04:00;2018;No;No;10;19
200 FEET FROM PVA 1253 BUCK JONES RD;ONE-WAY,NOT DIVIDED;DAYLIGHT;CLEAR;0;0;;NO CONTROL PRESENT;PASSENGER CAR;PASSENGER CAR;NONE;NONE;;2018-10-05T19:13:01-04:00;2018;No;No;10;19
.2 MILES FROM PLEASANT GROVE CHURCH RD;TWO-WAY,NOT DIVIDED;DAYLIGHT;RAIN;0;0;;NO CONTROL PRESENT;PASSENGER CAR;NONE;NONE;NONE;;2018-10-05T16:39:36-04:00;2018;No;No;10;16
0 FEET FROM SR 1630 (GREEN LEVEL CHURCH);TWO-WAY,DIVIDED,UNPROTECTED MEDIAN;DAYLIGHT;CLEAR;0;1;;STOP SIGN;PICKUP;PASSENGER CAR;PASSENGER CAR;NONE;;2018-10-03T14:49:15-04:00;2018;No;Yes;10;14
290 FEET FROM PLANK BRIDGE WAY;TWO-WAY,NOT DIVIDED;DAWN;CLOUDY;0;0;;NO CONTROL PRESENT;PASSENGER CAR;PASSENGER CAR;NONE;NONE;;2018-10-08T08:00:12-04:00;2018;No;No;10;08
450 FEET FROM P.V.A (BASS PRO SHOP);TWO-WAY,NOT DIVIDED;DAYLIGHT;CLOUDY;0;0;;NO CONTROL PRESENT;PASSENGER CAR;PASSENGER CAR;NONE;NONE;;2018-10-08T08:35:15-04:00;2018;No;No;10;08