Location_Description;Road_Configuration;Light_Condition;Weather;Fatality;Injury;Contributing_Factor;Traffic_Control;Vehicle1;Vehicle2;Vehicle3;Vehicle4;Vehicle5;Crash_Date;year;Fatalities;Injuries;Month;Hour
404 FEET FROM SR 1415 (SE MAYNARD RD);TWO-WAY,NOT DIVIDED;DAYLIGHT;CLOUDY;0;1;;NO CONTROL PRESENT;PASSENGER CAR;SPORT UTILITY;NONE;NONE;;2018-11-02T11:09:00-04:00;2018;No;Yes;11;11
.08 MILES FROM NC 54 (NE MAYNARD RD);TWO-WAY,DIVIDED,UNPROTECTED MEDIAN;DAYLIGHT;CLEAR;0;0;;NO CONTROL PRESENT;SPORT UTILITY;PASSENGER CAR;NONE;NONE;;2018-11-01T07:48:53-04:00;2018;No;No;11;07
60 FEET FROM (PVA) 1105 WALNUT ST;TWO-WAY,NOT DIVIDED;DARK - LIGHTED ROADWAY;CLOUDY;0;0;;NO CONTROL PRESENT;PASSENGER CAR;SPORT UTILITY;NONE;NONE;;2018-11-06T19:08:26-05:00;2018;No;No;11;19
.1 MILES FROM P.V.A. 2021 WALNUT ST;TWO-WAY,NOT DIVIDED;DAYLIGHT;RAIN;0;0;;NO CONTROL PRESENT;VAN;PASSENGER CAR;NONE;NONE;;2018-11-06T15:05:07-05:00;2018;No;No;11;15
CARY;TWO-WAY,DIVIDED,UNPROTECTED MEDIAN;DARK - ROADWAY NOT LIGHTED;CLEAR;0;0;;NO CONTROL PRESENT;PASSENGER CAR;PASSENGER CAR;NONE;NONE;;2018-11-06T21:32:05-05:00;2018;No;No;11;21
0 FEET FROM SR 1300 (KILDAIRE FARM RD);TWO-WAY,DIVIDED,UNPROTECTED MEDIAN;DUSK;CLEAR;0;1;;STOP SIGN;SPORT UTILITY;PASSENGER CAR;NONE;NONE;;2018-11-07T17:01:33-05:00;2018;No;Yes;11;17
CARY;TWO-WAY,DIVIDED,UNPROTECTED MEDIAN;DAYLIGHT;CLEAR;0;1;;STOP AND GO SIGNAL;PASSENGER CAR;PASSENGER CAR;PASSENGER CAR;NONE;;2018-11-07T15:27:29-05:00;2018;No;Yes;11;15
20 FEET FROM SR 1307(W. CHATHAM ST);TWO-WAY,NOT DIVIDED;DAYLIGHT;CLEAR;0;0;;STOP AND GO SIGNAL;PICKUP;SINGLE UNIT TRUCK (2-AXLE- 6-TIRE);NONE;NONE;;2018-11-07T12:25:00-05:00;2018;No;No;11;12
1 MILES FROM US 1;TWO-WAY,DIVIDED,POSITIVE MEDIAN BARRIER;DAYLIGHT;CLEAR;0;0;;NO CONTROL PRESENT;PASSENGER CAR;PASSENGER CAR;NONE;NONE;;2018-11-07T10:01:00-05:00;2018;No;No;11;10
100 FEET FROM SR 1152 WALNUT ST;TWO-WAY,DIVIDED,POSITIVE MEDIAN BARRIER;DAYLIGHT;CLEAR;0;1;;NO CONTROL PRESENT;PASSENGER CAR;PASSENGER CAR;NONE;NONE;;2018-11-07T14:07:10-05:00;2018;No;Yes;11;14
CARY;TWO-WAY,DIVIDED,POSITIVE MEDIAN BARRIER;DAYLIGHT;RAIN;0;0;;STOP SIGN;PICKUP;PASSENGER CAR;NONE;NONE;;2018-11-06T15:24:44-05:00;2018;No;No;11;15
50 FEET FROM SW CARY PKWY SR 3977;TWO-WAY,DIVIDED,UNPROTECTED MEDIAN;DAYLIGHT;CLEAR;0;1;;STOP AND GO SIGNAL;PASSENGER CAR;PASSENGER CAR;NONE;NONE;;2018-11-07T12:45:00-05:00;2018;No;Yes;11;12
350 FEET FROM FIELD ST;TWO-WAY,NOT DIVIDED;DAYLIGHT;CLEAR;0;0;;NO CONTROL PRESENT;SPORT UTILITY;PASSENGER CAR;NONE;NONE;;2018-11-07T13:05:20-05:00;2018;No;No;11;13
.1 MILES FROM P.V.A. 1255 CRESCENT GREEN;TWO-WAY,NOT DIVIDED;DAYLIGHT;CLEAR;0;0;;NO CONTROL PRESENT;SPORT UTILITY;PASSENGER CAR;NONE;NONE;;2018-11-08T17:19:50-05:00;2018;No;No;11;17
0 FEET FROM SR 3977(SE CARY PKWY);NONE;DAYLIGHT;RAIN;0;0;;STOP SIGN;PASSENGER CAR;PASSENGER CAR;NONE;NONE;;2018-11-12T12:21:00-05:00;2018;No;No;11;12
250 FEET FROM SR 1615 (HIGH HOUSE RD);TWO-WAY,DIVIDED,UNPROTECTED MEDIAN;DAYLIGHT;CLEAR;0;0;;NO CONTROL PRESENT;PASSENGER CAR;PASSENGER CAR;NONE;NONE;;2018-11-10T14:10:42-05:00;2018;No;No;11;14
CARY;TWO-WAY,NOT DIVIDED;NONE;CLEAR;0;0;;NO CONTROL PRESENT;SPORT UTILITY;SPORT UTILITY;NONE;NONE;;2018-11-10T04:47:20-05:00;2018;No;No;11;04
201 FEET FROM SR 1397 (PENNY RD);TWO-WAY,DIVIDED,UNPROTECTED MEDIAN;DAYLIGHT;CLOUDY;0;0;;STOP AND GO SIGNAL;PASSENGER CAR;SPORT UTILITY;NONE;NONE;;2018-11-12T08:29:07-05:00;2018;No;No;11;08
250 FEET FROM PVA (980 KILDAIRE FARM RD);TWO-WAY,NOT DIVIDED;DAYLIGHT;CLEAR;0;1;;NO CONTROL PRESENT;PASSENGER CAR;PASSENGER CAR;NONE;NONE;;2018-11-11T13:03:07-05:00;2018;No;Yes;11;13
175 FEET FROM COMMONS HILL DR;ONE-WAY,NOT DIVIDED;DARK - LIGHTED ROADWAY;CLEAR;0;0;;NO CONTROL PRESENT;PASSENGER CAR;PASSENGER CAR;NONE;NONE;;2018-11-10T02:54:56-05:00;2018;No;No;11;02
50 FEET FROM SR-1625 GREEN LEVEL CHURCH RD;TWO-WAY,DIVIDED,UNPROTECTED MEDIAN;DARK - LIGHTED ROADWAY;CLOUDY;0;0;;STOP AND GO SIGNAL;PASSENGER CAR;PASSENGER CAR;NONE;NONE;;2018-11-08T20:35:58-05:00;2018;No;No;11;20
308 FEET FROM S.R.1624 CARPENTER FIRE STATIO;TWO-WAY,DIVIDED,UNPROTECTED MEDIAN;DAYLIGHT;CLEAR;0;0;;NO CONTROL PRESENT;PASSENGER CAR;PASSENGER CAR;NONE;NONE;;2018-11-08T15:40:10-05:00;2018;No;No;11;15
.2 MILES FROM US 1N HWY;TWO-WAY,DIVIDED,POSITIVE MEDIAN BARRIER;DARK - LIGHTED ROADWAY;CLEAR;0;0;;NO CONTROL PRESENT;PASSENGER CAR;SPORT UTILITY;NONE;NONE;;2018-11-09T19:55:41-05:00;2018;No;No;11;19
25 FEET FROM PVA 107-129 EDINBURGH SOUTH DR;TWO-WAY,NOT DIVIDED;DARK - ROADWAY NOT LIGHTED;CLEAR;0;0;;NO CONTROL PRESENT;PICKUP;PASSENGER CAR;NONE;NONE;;2018-11-09T21:06:02-05:00;2018;No;No;11;21
100 FEET FROM BOULDERSTONE WAY;TWO-WAY,NOT DIVIDED;DAYLIGHT;CLEAR;0;0;;NO CONTROL PRESENT;SPORT UTILITY;PASSENGER CAR;NONE;NONE;;2018-11-10T12:05:00-05:00;2018;No;No;11;12
20 FEET FROM US 1 HWY;ONE-WAY,NOT DIVIDED;DAYLIGHT;CLEAR;0;0;;STOP AND GO SIGNAL;PICKUP;SPORT UTILITY;NONE;NONE;;2018-11-10T19:28:14-05:00;2018;No;No;11;19
.1 MILES FROM BUCK JONES RD;TWO-WAY,NOT DIVIDED;DARK - LIGHTED ROADWAY;CLEAR;0;0;;NO CONTROL PRESENT;PASSENGER CAR;SPORT UTILITY;NONE;NONE;;2018-11-10T18:09:37-05:00;2018;No;No;11;18
100 FEET FROM U.S. 64 HWY;TWO-WAY,DIVIDED,UNPROTECTED MEDIAN;DUSK;RAIN;0;0;;NO CONTROL PRESENT;SPORT UTILITY;VAN;NONE;NONE;;2018-11-13T09:30:03-05:00;2018;No;No;11;09
10 FEET FROM SR 1616 (OLD APEX RD);TWO-WAY,NOT DIVIDED;DAYLIGHT;RAIN;0;0;;STOP AND GO SIGNAL;PASSENGER CAR;SPORT UTILITY;NONE;NONE;;2018-11-12T15:40:25-05:00;2018;No;No;11;15
15 FEET FROM LOCHMERE DR;TWO-WAY,NOT DIVIDED;DAYLIGHT;RAIN;0;0;;STOP SIGN;PICKUP;SPORT UTILITY;NONE;NONE;;2018-11-13T13:54:04-05:00;2018;No;No;11;13
CARY;TWO-WAY,NOT DIVIDED;DAYLIGHT;RAIN;0;0;;STOP SIGN;PASSENGER CAR;PASSENGER CAR;NONE;NONE;;2018-11-13T15:43:29-05:00;2018;No;No;11;15
CARY;TWO-WAY,NOT DIVIDED;DARK - LIGHTED ROADWAY;RAIN;0;0;;STOP SIGN;SPORT UTILITY;SPORT UTILITY;NONE;NONE;;2018-11-13T19:40:41-05:00;2018;No;No;11;19
CARY;TWO-WAY,NOT DIVIDED;DAYLIGHT;CLOUDY;0;0;;NO CONTROL PRESENT;PASSENGER CAR;VAN;NONE;NONE;;2018-11-14T15:29:12-05:00;2018;No;No;11;15
0.1 MILES FROM NE MAYNARD RD (NC54);TWO-WAY,DIVIDED,UNPROTECTED MEDIAN;DARK - LIGHTED ROADWAY;CLOUDY;0;0;;NO CONTROL PRESENT;SPORT UTILITY;PASSENGER CAR;NONE;NONE;;2018-11-14T17:50:50-05:00;2018;No;No;11;17
180 FEET FROM PVA 4108 TEN TEN RD;TWO-WAY,NOT DIVIDED;DAYLIGHT;RAIN;0;0;;NO CONTROL PRESENT;SPORT UTILITY;SPORT UTILITY;NONE;NONE;;2018-11-15T09:09:03-05:00;2018;No;No;11;09
10 FEET FROM SR 3011 (JENKS CARPENTER RD);NONE;NONE;NONE;0;0;;;NONE;NONE;NONE;NONE;;2018-11-02T12:35:00-04:00;2018;No;No;11;12
.10 MILES FROM CROSSROADS BLVD;TWO-WAY,DIVIDED,UNPROTECTED MEDIAN;DAYLIGHT;RAIN;0;0;;NO CONTROL PRESENT;PASSENGER CAR;PASSENGER CAR;NONE;NONE;;2018-11-13T13:36:46-05:00;2018;No;No;11;13
CARY;TWO-WAY,DIVIDED,POSITIVE MEDIAN BARRIER;DARK - LIGHTED ROADWAY;RAIN;0;1;;STOP AND GO SIGNAL;PASSENGER CAR;PASSENGER CAR;NONE;NONE;;2018-11-14T21:37:40-05:00;2018;No;Yes;11;21
30 FEET FROM SR 1313 (WALNUT ST);TWO-WAY,DIVIDED,POSITIVE MEDIAN BARRIER;DAYLIGHT;CLEAR;0;0;;STOP AND GO SIGNAL;PASSENGER CAR;SPORT UTILITY;NONE;NONE;;2018-11-16T08:49:03-05:00;2018;No;No;11;08
10 FEET FROM LOCHVIEW DR;TWO-WAY,NOT DIVIDED;DAYLIGHT;CLEAR;0;0;;STOP SIGN;PASSENGER CAR;PASSENGER CAR;NONE;NONE;;2018-11-16T14:58:21-05:00;2018;No;No;11;14
.1 MILES FROM MEETING ST;TWO-WAY,NOT DIVIDED;DAYLIGHT;CLEAR;0;0;;NO CONTROL PRESENT;PASSENGER CAR;SPORT UTILITY;NONE;NONE;;2018-11-16T15:31:33-05:00;2018;No;No;11;15
.10 MILES FROM SR 1613 (DAVIS DR.);TWO-WAY,DIVIDED,UNPROTECTED MEDIAN;DARK - LIGHTED ROADWAY;CLEAR;0;0;;NO CONTROL PRESENT;PICKUP;NONE;NONE;NONE;;2018-11-16T22:51:00-05:00;2018;No;No;11;22
50 FEET FROM SR 1415 (NE MAYNARD RD);TWO-WAY,DIVIDED,POSITIVE MEDIAN BARRIER;DAYLIGHT;CLEAR;0;0;;STOP AND GO SIGNAL;PASSENGER CAR;PASSENGER CAR;NONE;NONE;;2018-11-16T15:14:54-05:00;2018;No;No;11;15
80 FEET FROM US 64 HWY;TWO-WAY,DIVIDED,UNPROTECTED MEDIAN;DAYLIGHT;CLEAR;0;0;;NO CONTROL PRESENT;PICKUP;SPORT UTILITY;NONE;NONE;;2018-11-16T08:02:44-05:00;2018;No;No;11;08
CARY;TWO-WAY,NOT DIVIDED;DAYLIGHT;CLEAR;0;0;;STOP SIGN;SPORT UTILITY;PASSENGER CAR;NONE;NONE;;2018-11-17T09:03:56-05:00;2018;No;No;11;09
0 FEET FROM 114 SILVERCLIFF TR;TWO-WAY,NOT DIVIDED;DARK - LIGHTED ROADWAY;CLEAR;0;0;;NO CONTROL PRESENT;PASSENGER CAR;PASSENGER CAR;NONE;NONE;;2018-11-18T14:02:52-05:00;2018;No;No;11;14
0 FEET FROM (SR 1415) NW MAYNARD RD;TWO-WAY,DIVIDED,UNPROTECTED MEDIAN;DAYLIGHT;CLEAR;0;1;;STOP AND GO SIGNAL;PASSENGER CAR;PASSENGER CAR;NONE;NONE;;2018-11-17T14:59:16-05:00;2018;No;Yes;11;14
20 FEET FROM PVA (1805 N HARRISON AVE);ONE-WAY,NOT DIVIDED;DAYLIGHT;CLEAR;0;0;;NO CONTROL PRESENT;PASSENGER CAR;PICKUP;NONE;NONE;;2018-11-19T07:49:13-05:00;2018;No;No;11;07
CARY;TWO-WAY,DIVIDED,UNPROTECTED MEDIAN;DAYLIGHT;CLEAR;0;0;;STOP AND GO SIGNAL;SPORT UTILITY;PASSENGER CAR;NONE;NONE;;2018-11-19T12:08:00-05:00;2018;No;No;11;12
25 FEET FROM SR 1300 (KILDAIRE FARM RD);TWO-WAY,DIVIDED,UNPROTECTED MEDIAN;DAYLIGHT;CLEAR;0;1;;NO CONTROL PRESENT;SPORT UTILITY;VAN;NONE;NONE;;2018-11-19T12:50:00-05:00;2018;No;Yes;11;12
5 FEET FROM SR 1628 (OKELLY CHAPEL RD);TWO-WAY,DIVIDED,UNPROTECTED MEDIAN;DAYLIGHT;CLEAR;0;1;;STOP AND GO SIGNAL;PICKUP;PASSENGER CAR;NONE;NONE;;2018-11-19T13:43:43-05:00;2018;No;Yes;11;13
CARY;TWO-WAY,DIVIDED,UNPROTECTED MEDIAN;DARK - LIGHTED ROADWAY;CLEAR;0;0;;STOP AND GO SIGNAL;PASSENGER CAR;PASSENGER CAR;NONE;NONE;;2018-11-19T17:34:21-05:00;2018;No;No;11;17
472 FEET FROM SR 1009 (TRYON RD);TWO-WAY,DIVIDED,UNPROTECTED MEDIAN;DARK - LIGHTED ROADWAY;CLEAR;0;1;;STOP AND GO SIGNAL;SPORT UTILITY;PASSENGER CAR;NONE;NONE;;2018-11-19T21:39:40-05:00;2018;No;Yes;11;21
100 FEET FROM SR 1300 KILDAIRE FARM RD;TWO-WAY,DIVIDED,POSITIVE MEDIAN BARRIER;DAYLIGHT;CLEAR;0;0;;NO CONTROL PRESENT;SPORT UTILITY;PASSENGER CAR;NONE;NONE;;2018-11-20T14:44:45-05:00;2018;No;No;11;14
400 FEET FROM SR 1370 (TRYON RD);TWO-WAY,DIVIDED,POSITIVE MEDIAN BARRIER;DAYLIGHT;CLEAR;0;0;;NO CONTROL PRESENT;PASSENGER CAR;PASSENGER CAR;NONE;NONE;;2018-11-20T13:17:20-05:00;2018;No;No;11;13
.25 MILES FROM P.V.A. 1517 OLD APEX RD;NONE;DAYLIGHT;CLEAR;0;0;;NO CONTROL PRESENT;VAN;SPORT UTILITY;NONE;NONE;;2018-11-20T16:33:30-05:00;2018;No;No;11;16
CARY;NONE;NONE;NONE;0;0;;;NONE;NONE;NONE;NONE;;2018-11-19T05:28:28-05:00;2018;No;No;11;05
300 FEET FROM HERALDS WAY;TWO-WAY,NOT DIVIDED;DAYLIGHT;CLEAR;0;0;;NO CONTROL PRESENT;PASSENGER CAR;PASSENGER CAR;NONE;NONE;;2018-11-21T08:27:08-05:00;2018;No;No;11;08
CARY;TWO-WAY,NOT DIVIDED;DARK - LIGHTED ROADWAY;CLEAR;0;0;;STOP AND GO SIGNAL;PASSENGER CAR;PASSENGER CAR;NONE;NONE;;2018-11-21T18:59:32-05:00;2018;No;No;11;18
100 FEET FROM SR 1618 (WALDO ROOD BLVD);TWO-WAY,NOT DIVIDED;DAYLIGHT;RAIN;0;0;;STOP AND GO SIGNAL;PASSENGER CAR;PASSENGER CAR;NONE;NONE;;2018-11-24T10:20:00-05:00;2018;No;No;11;10
200 FEET FROM US1;TWO-WAY,DIVIDED,POSITIVE MEDIAN BARRIER;DAYLIGHT;RAIN;0;0;;NO CONTROL PRESENT;PASSENGER CAR;NONE;NONE;NONE;;2018-11-24T11:35:00-05:00;2018;No;No;11;11
130 FEET FROM LOFTY RIDGE PL;TWO-WAY,NOT DIVIDED;DAYLIGHT;CLEAR;0;0;;NO CONTROL PRESENT;SPORT UTILITY;VAN;NONE;NONE;;2018-11-25T09:14:45-05:00;2018;No;No;11;09
446 FEET FROM P.V.A. (1920 NW MAYNARD RD);TWO-WAY,NOT DIVIDED;DARK - LIGHTED ROADWAY;CLEAR;0;0;;NO CONTROL PRESENT;PICKUP;PASSENGER CAR;NONE;NONE;;2018-11-23T19:16:45-05:00;2018;No;No;11;19
5 FEET FROM US 1;TWO-WAY,DIVIDED,POSITIVE MEDIAN BARRIER;DAYLIGHT;CLEAR;0;0;;STOP AND GO SIGNAL;PASSENGER CAR;PASSENGER CAR;NONE;NONE;;2018-11-21T08:47:59-05:00;2018;No;No;11;08
.1 MILES FROM NC54;TWO-WAY,NOT DIVIDED;DAYLIGHT;RAIN;0;0;;NO CONTROL PRESENT;PICKUP;PASSENGER CAR;NONE;NONE;;2018-11-26T13:28:11-05:00;2018;No;No;11;13
CARY;NONE;NONE;NONE;0;0;;;NONE;NONE;NONE;NONE;;2018-11-26T17:39:36-05:00;2018;No;No;11;17
CARY;TWO-WAY,NOT DIVIDED;DAYLIGHT;CLEAR;0;0;;STOP AND GO SIGNAL;SPORT UTILITY;PASSENGER CAR;NONE;NONE;;2018-11-25T16:43:49-05:00;2018;No;No;11;16
CARY;TWO-WAY,DIVIDED,UNPROTECTED MEDIAN;DAYLIGHT;CLOUDY;0;0;;STOP SIGN;SPORT UTILITY;SPORT UTILITY;NONE;NONE;;2018-11-27T13:13:01-05:00;2018;No;No;11;13
0 FEET FROM WALNUT ST (SR1313);TWO-WAY,NOT DIVIDED;DAYLIGHT;CLEAR;0;0;;NO CONTROL PRESENT;PASSENGER CAR;PASSENGER CAR;NONE;NONE;;2018-11-28T07:26:41-05:00;2018;No;No;11;07
.1 MILES FROM SR 1615 (HIGH HOUSE RD);TWO-WAY,DIVIDED,UNPROTECTED MEDIAN;DAYLIGHT;CLEAR;0;0;;NO CONTROL PRESENT;PASSENGER CAR;NONE;NONE;NONE;;2018-11-28T13:48:46-05:00;2018;No;No;11;13
15 FEET FROM SR 1415 (SE MAYNARD RD);TWO-WAY,NOT DIVIDED;DAYLIGHT;CLEAR;0;0;;NO CONTROL PRESENT;PASSENGER CAR;NONE;NONE;NONE;;2018-11-28T15:59:01-05:00;2018;No;No;11;15
.1 MILES FROM PVA (2350 WALNUT ST);TWO-WAY,NOT DIVIDED;DAYLIGHT;CLEAR;0;0;;STOP SIGN;SPORT UTILITY;SPORT UTILITY;NONE;NONE;;2018-11-28T15:07:54-05:00;2018;No;No;11;15
.1 MILES FROM AERIAL CENTER PKWY;TWO-WAY,DIVIDED,UNPROTECTED MEDIAN;DAYLIGHT;CLEAR;0;0;;NO CONTROL PRESENT;PICKUP;PASSENGER CAR;NONE;NONE;;2018-11-30T08:57:31-05:00;2018;No;No;11;08
200 FEET FROM SR-1002 AVIATION PKWY;TWO-WAY,NOT DIVIDED;DAYLIGHT;CLOUDY;0;0;;NO CONTROL PRESENT;VAN;PASSENGER CAR;NONE;NONE;;2018-11-30T09:18:37-05:00;2018;No;No;11;09
50 FEET FROM S.R. 1652 (HARRISON AV);TWO-WAY,NOT DIVIDED;DARK - LIGHTED ROADWAY;CLEAR;0;0;;NO CONTROL PRESENT;VAN;NONE;NONE;NONE;;2018-12-01T04:05:03-05:00;2018;No;No;12;04
30 FEET FROM 1000CRESCENT GREEN;TWO-WAY,NOT DIVIDED;DAYLIGHT;CLOUDY;0;0;;NO CONTROL PRESENT;PASSENGER CAR;SPORT UTILITY;NONE;NONE;;2018-12-02T10:08:00-05:00;2018;No;No;12;10
320 FEET FROM SR 3060 (MORRISVILLE PKWY);TWO-WAY,DIVIDED,UNPROTECTED MEDIAN;DAYLIGHT;RAIN;0;0;;NO CONTROL PRESENT;PASSENGER CAR;PASSENGER CAR;NONE;NONE;;2018-12-01T15:54:23-05:00;2018;No;No;12;15
.06 MILES FROM SR 1300 (KILDAIRE FARM RD);TWO-WAY,NOT DIVIDED;DARK - LIGHTED ROADWAY;CLOUDY;0;0;;NO CONTROL PRESENT;PASSENGER CAR;PASSENGER CAR;NONE;NONE;;2018-11-30T21:58:26-05:00;2018;No;No;11;21
200 FEET FROM PVA 270 GRANDE HEIGHTS DR;TWO-WAY,NOT DIVIDED;DARK - LIGHTED ROADWAY;CLEAR;0;0;;NO CONTROL PRESENT;PICKUP;PASSENGER CAR;NONE;NONE;;2018-12-02T20:14:16-05:00;2018;No;No;12;20
20 FEET FROM CROSSROADS MANOR CT;TWO-WAY,DIVIDED,UNPROTECTED MEDIAN;DAYLIGHT;CLEAR;0;1;;STOP AND GO SIGNAL;PASSENGER CAR;PASSENGER CAR;NONE;NONE;;2018-11-30T09:14:05-05:00;2018;No;Yes;11;09
.2 MILES FROM GREGSON DR (200 BLOCK);TWO-WAY,NOT DIVIDED;DAYLIGHT;CLEAR;0;0;;NO CONTROL PRESENT;PASSENGER CAR;SPORT UTILITY;NONE;NONE;;2018-12-03T08:08:02-05:00;2018;No;No;12;08
20 FEET FROM SR 1300 (KILDAIRE FARM RD);TWO-WAY,NOT DIVIDED;DARK - LIGHTED ROADWAY;CLOUDY;0;0;;STOP AND GO SIGNAL;PASSENGER CAR;VAN;NONE;NONE;;2018-12-02T21:06:12-05:00;2018;No;No;12;21
.2 MILES FROM SR 1010 (TEN TEN RD);TWO-WAY,DIVIDED,UNPROTECTED MEDIAN;DAYLIGHT;CLOUDY;0;0;;NO CONTROL PRESENT;PASSENGER CAR;SPORT UTILITY;NONE;NONE;;2018-12-03T12:23:00-05:00;2018;No;No;12;12
CARY;TWO-WAY,DIVIDED,UNPROTECTED MEDIAN;DARK - LIGHTED ROADWAY;CLEAR;0;0;;STOP AND GO SIGNAL;PASSENGER CAR;PASSENGER CAR;NONE;NONE;;2018-12-03T17:55:42-05:00;2018;No;No;12;17
CARY;TWO-WAY,NOT DIVIDED;DUSK;CLEAR;0;1;;STOP SIGN;PASSENGER CAR;SPORT UTILITY;NONE;NONE;;2018-12-03T16:51:05-05:00;2018;No;Yes;12;16
200 FEET FROM US 1 HWY;ONE-WAY,NOT DIVIDED;DAYLIGHT;CLEAR;0;1;;STOP AND GO SIGNAL;PICKUP;SPORT UTILITY;NONE;NONE;;2018-12-04T09:10:26-05:00;2018;No;Yes;12;09
0 FEET FROM SR 1615 (HIGH HOUSE RD);TWO-WAY,DIVIDED,UNPROTECTED MEDIAN;DAYLIGHT;CLEAR;0;0;;STOP SIGN;SPORT UTILITY;PASSENGER CAR;NONE;NONE;;2018-12-04T11:09:00-05:00;2018;No;No;12;11
CARY;TWO-WAY,NOT DIVIDED;DARK - LIGHTED ROADWAY;CLEAR;0;0;;STOP AND GO SIGNAL;PASSENGER CAR;SPORT UTILITY;NONE;NONE;;2018-12-04T22:18:00-05:00;2018;No;No;12;22
02 FEET FROM SR-1300 (KILDAIRE FARM RD);TWO-WAY,NOT DIVIDED;DAYLIGHT;CLEAR;0;0;;NO CONTROL PRESENT;PASSENGER CAR;PASSENGER CAR;SPORT UTILITY;NONE;;2018-12-04T11:00:00-05:00;2018;No;No;12;11
160 FEET FROM 3200 GATEWAY CENTRE BLVD (PVA);TWO-WAY,NOT DIVIDED;DAYLIGHT;CLEAR;0;0;;NO CONTROL PRESENT;SPORT UTILITY;PASSENGER CAR;NONE;NONE;;2018-12-04T12:12:00-05:00;2018;No;No;12;12
365 FEET FROM N HARRISON AV (SR1652);TWO-WAY,NOT DIVIDED;DAYLIGHT;CLOUDY;0;0;;NO CONTROL PRESENT;PASSENGER CAR;PASSENGER CAR;NONE;NONE;;2018-12-05T13:29:11-05:00;2018;No;No;12;13
1 MILES FROM US 1 HWY;TWO-WAY,DIVIDED,POSITIVE MEDIAN BARRIER;DAYLIGHT;CLEAR;0;0;;NO CONTROL PRESENT;PASSENGER CAR;PICKUP;NONE;NONE;;2018-12-05T17:15:52-05:00;2018;No;No;12;17
1 MILES FROM US1 N;TWO-WAY,DIVIDED,POSITIVE MEDIAN BARRIER;DAYLIGHT;CLEAR;0;0;;NO CONTROL PRESENT;SPORT UTILITY;PASSENGER CAR;PASSENGER CAR;PICKUP;PASSENGER CAR;2018-12-05T16:32:23-05:00;2018;No;No;12;16
.09 MILES FROM PVA OF 215 TALS ROCK WAY;TWO-WAY,NOT DIVIDED;DAYLIGHT;CLEAR;0;0;;NO CONTROL PRESENT;PASSENGER CAR;PASSENGER CAR;NONE;NONE;;2018-12-05T09:17:02-05:00;2018;No;No;12;09
395 FEET FROM P.V.A. (2323 NW MAYNARD RD);TWO-WAY,NOT DIVIDED;DARK - LIGHTED ROADWAY;CLEAR;0;0;;NO CONTROL PRESENT;PASSENGER CAR;SPORT UTILITY;NONE;NONE;;2018-11-28T21:17:49-05:00;2018;No;No;11;21
.4 MILES FROM PVA OF 6770 MCCRIMMON PKWY;TWO-WAY,NOT DIVIDED;DAYLIGHT;CLEAR;0;0;;NO CONTROL PRESENT;SPORT UTILITY;SPORT UTILITY;NONE;NONE;;2018-12-05T17:29:18-05:00;2018;No;No;12;17
100 FEET FROM SR 1379 PENNY RD;TWO-WAY,NOT DIVIDED;DARK - LIGHTED ROADWAY;CLEAR;0;0;;NO CONTROL PRESENT;PASSENGER CAR;NONE;NONE;NONE;;2018-12-06T23:18:00-05:00;2018;No;No;12;23
84 FEET FROM NC 54 (CHAPEL HILL RD);TWO-WAY,NOT DIVIDED;DAYLIGHT;CLEAR;0;0;;STOP AND GO SIGNAL;PASSENGER CAR;PASSENGER CAR;NONE;NONE;;2018-12-07T09:38:33-05:00;2018;No;No;12;09
81 FEET FROM S.R. 3120 (MORRISVILLE PKWY);TWO-WAY,NOT DIVIDED;DAYLIGHT;CLEAR;0;0;;NO CONTROL PRESENT;PASSENGER CAR;PICKUP;SPORT UTILITY;VAN;;2018-12-07T07:15:18-05:00;2018;No;No;12;07
10 FEET FROM SR 3011 (JENKS CARPENTER RD);NONE;NONE;NONE;0;0;;;NONE;NONE;NONE;NONE;;2018-11-02T02:06:11-04:00;2018;No;No;11;02
.1 MILES FROM E CHATAM ST;TWO-WAY,NOT DIVIDED;DAYLIGHT;CLOUDY;0;0;;NO CONTROL PRESENT;LIGHT TRUCK (MINI-VAN- PANEL);SPORT UTILITY;NONE;NONE;;2018-12-08T15:27:35-05:00;2018;No;No;12;15
30 FEET FROM KILDIARE FARM RD;TWO-WAY,DIVIDED,UNPROTECTED MEDIAN;DAYLIGHT;RAIN;0;0;;STOP SIGN;PASSENGER CAR;NONE;NONE;NONE;;2018-12-09T16:48:58-05:00;2018;No;No;12;16
200 FEET FROM TODD ST;TWO-WAY,NOT DIVIDED;DARK - LIGHTED ROADWAY;SNOW;0;0;;NO CONTROL PRESENT;PICKUP;PASSENGER CAR;NONE;NONE;;2018-12-09T18:56:19-05:00;2018;No;No;12;18
20 FEET FROM SR 3977 (CARY PKWY);TWO-WAY,DIVIDED,UNPROTECTED MEDIAN;DAYLIGHT;CLEAR;0;0;;STOP AND GO SIGNAL;PASSENGER CAR;PICKUP;NONE;NONE;;2018-12-05T13:20:53-05:00;2018;No;No;12;13
CARY;TWO-WAY,DIVIDED,UNPROTECTED MEDIAN;DAYLIGHT;CLOUDY;0;0;;NO CONTROL PRESENT;PICKUP;PICKUP;NONE;NONE;;2018-12-07T14:48:53-05:00;2018;No;No;12;14