Location_Description;Road_Configuration;Light_Condition;Weather;Fatality;Injury;Contributing_Factor;Traffic_Control;Vehicle1;Vehicle2;Vehicle3;Vehicle4;Vehicle5;Crash_Date;year;Fatalities;Injuries;Month;Hour
300 FEET FROM PVA (425 EMISSARY DRIVE);TWO-WAY,NOT DIVIDED;DAYLIGHT;CLEAR;0;0;;NO CONTROL PRESENT;PASSENGER CAR;PASSENGER CAR;NONE;NONE;;2019-01-15T20:04:11-05:00;2019;No;No;1;20
CARY;TWO-WAY,DIVIDED,POSITIVE MEDIAN BARRIER;DAYLIGHT;CLEAR;0;0;;STOP AND GO SIGNAL;PASSENGER CAR;PICKUP;NONE;NONE;;2019-01-17T15:53:48-05:00;2019;No;No;1;15
0 FEET FROM SR 1011 (E. CHATHAM ST);TWO-WAY,NOT DIVIDED;DAYLIGHT;CLEAR;0;0;;STOP SIGN;SPORT UTILITY;PASSENGER CAR;NONE;NONE;;2019-01-17T07:03:46-05:00;2019;No;No;1;07
130 FEET FROM MORRISVILLE PKWY;TWO-WAY,DIVIDED,UNPROTECTED MEDIAN;DAYLIGHT;CLEAR;0;0;;NO CONTROL PRESENT;PASSENGER CAR;NONE;NONE;NONE;;2019-01-19T07:52:30-05:00;2019;No;No;1;07
.1 MILES FROM US 64 HWY;TWO-WAY,DIVIDED,UNPROTECTED MEDIAN;DAYLIGHT;CLEAR;0;0;;NO CONTROL PRESENT;PICKUP;PASSENGER CAR;NONE;NONE;;2019-01-21T17:00:55-05:00;2019;No;No;1;17
100 FEET FROM 1724 WALNUT ST;TWO-WAY,NOT DIVIDED;DAYLIGHT;CLOUDY;0;0;;NO CONTROL PRESENT;SPORT UTILITY;PASSENGER CAR;NONE;NONE;;2019-01-20T10:36:00-05:00;2019;No;No;1;10
200 FEET FROM P.V.A (JOINT VENTURE JEWELRY);TWO-WAY,NOT DIVIDED;DAYLIGHT;CLOUDY;0;0;;NO CONTROL PRESENT;PASSENGER CAR;PASSENGER CAR;NONE;NONE;;2019-01-19T16:18:27-05:00;2019;No;No;1;16
20 FEET FROM SR 1009 (TRYON RD);TWO-WAY,DIVIDED,UNPROTECTED MEDIAN;DARK - LIGHTED ROADWAY;CLEAR;0;1;;STOP AND GO SIGNAL;PASSENGER CAR;PASSENGER CAR;NONE;NONE;;2019-01-21T22:04:00-05:00;2019;No;Yes;1;22
CARY;TWO-WAY,NOT DIVIDED;DAYLIGHT;CLEAR;0;0;;STOP AND GO SIGNAL;PASSENGER CAR;PASSENGER CAR;NONE;NONE;;2019-01-22T19:08:19-05:00;2019;No;No;1;19
CARY;TWO-WAY,DIVIDED,UNPROTECTED MEDIAN;DARK - LIGHTED ROADWAY;CLEAR;0;0;;NO CONTROL PRESENT;PICKUP;NONE;NONE;NONE;;2019-01-22T18:42:48-05:00;2019;No;No;1;18
37 FEET FROM S.R. 1613 (DAVIS DR);TWO-WAY,DIVIDED,UNPROTECTED MEDIAN;DAYLIGHT;CLEAR;0;0;;STOP AND GO SIGNAL;PASSENGER CAR;PICKUP;NONE;NONE;;2019-01-22T15:33:52-05:00;2019;No;No;1;15
300 FEET FROM 2500 CARPENTER UPCHURCH RD;TWO-WAY,NOT DIVIDED;DAYLIGHT;RAIN;0;0;;NO CONTROL PRESENT;PASSENGER CAR;NONE;NONE;NONE;;2019-01-04T13:53:42-05:00;2019;No;No;1;13
300 FEET FROM P.V.A. OF 2010 KILDAIRE FARM R;TWO-WAY,NOT DIVIDED;DAYLIGHT;CLEAR;0;0;;NO CONTROL PRESENT;PICKUP;PICKUP;NONE;NONE;;2019-01-24T15:47:50-05:00;2019;No;No;1;15
0 FEET FROM SR 1313 (WALNUT ST);TWO-WAY,NOT DIVIDED;DAYLIGHT;CLEAR;0;3;;STOP AND GO SIGNAL;PASSENGER CAR;PASSENGER CAR;NONE;NONE;;2019-01-24T15:28:08-05:00;2019;No;Yes;1;15
15 FEET FROM SR 1652 (N HARRISON AV);TWO-WAY,NOT DIVIDED;DARK - LIGHTED ROADWAY;RAIN;0;0;;RR GATE AND FLASHER;VAN;NONE;NONE;NONE;;2019-01-24T03:55:58-05:00;2019;No;No;1;03
30 FEET FROM SR 1010 (TEN TEN RD);TWO-WAY,DIVIDED,UNPROTECTED MEDIAN;DAYLIGHT;CLEAR;0;0;;NO CONTROL PRESENT;PASSENGER CAR;PASSENGER CAR;NONE;NONE;;2019-01-24T14:04:27-05:00;2019;No;No;1;14
CARY;TWO-WAY,DIVIDED,POSITIVE MEDIAN BARRIER;DAWN;RAIN;0;0;;STOP AND GO SIGNAL;PASSENGER CAR;PICKUP;NONE;NONE;;2019-01-24T06:45:05-05:00;2019;No;No;1;06
1.48 MILES FROM US 1;ONE-WAY,NOT DIVIDED;DAYLIGHT;RAIN;0;1;;NO CONTROL PRESENT;PICKUP;PASSENGER CAR;NONE;NONE;;2019-01-24T07:52:30-05:00;2019;No;Yes;1;07
100 FEET FROM SR 1415 (SE MAYNARD RD);TWO-WAY,DIVIDED,UNPROTECTED MEDIAN;DAYLIGHT;CLEAR;0;1;;NO CONTROL PRESENT;SPORT UTILITY;SPORT UTILITY;NONE;NONE;;2019-01-25T12:08:00-05:00;2019;No;Yes;1;12
0 FEET FROM SR 1300 (KILDAIRE FARM RD);TWO-WAY,DIVIDED,UNPROTECTED MEDIAN;DUSK;CLEAR;0;1;;STOP SIGN;PASSENGER CAR;PASSENGER CAR;NONE;NONE;;2019-01-25T17:39:02-05:00;2019;No;Yes;1;17
46 FEET FROM SR 1652 (N HARRISON AVE);TWO-WAY,NOT DIVIDED;DARK - LIGHTED ROADWAY;CLEAR;0;0;;STOP AND GO SIGNAL;SPORT UTILITY;PASSENGER CAR;NONE;NONE;;2019-01-25T19:16:26-05:00;2019;No;No;1;19
341 FEET FROM SR 1615 (SE MAYNARD RD);TWO-WAY,NOT DIVIDED;DARK - LIGHTED ROADWAY;CLEAR;0;0;;NO CONTROL PRESENT;PASSENGER CAR;PASSENGER CAR;PICKUP;NONE;;2019-01-27T18:07:29-05:00;2019;No;No;1;18
70 FEET FROM PVA 255 CROSSROADS BLVD;TWO-WAY,NOT DIVIDED;DARK - LIGHTED ROADWAY;CLEAR;0;0;;NO CONTROL PRESENT;PICKUP;PASSENGER CAR;NONE;NONE;;2019-01-25T20:50:05-05:00;2019;No;No;1;20
200 FEET FROM SR 1313 (WALNUT ST);TWO-WAY,NOT DIVIDED;DARK - LIGHTED ROADWAY;CLEAR;0;0;;NO CONTROL PRESENT;PASSENGER CAR;PASSENGER CAR;NONE;NONE;;2019-01-26T18:25:58-05:00;2019;No;No;1;18
10 FEET FROM S.R. 1313 (WALNUT ST);TWO-WAY,NOT DIVIDED;DAYLIGHT;CLEAR;0;0;;NO CONTROL PRESENT;PASSENGER CAR;SPORT UTILITY;NONE;NONE;;2019-01-26T16:07:46-05:00;2019;No;No;1;16
.3 MILES FROM US 1;TWO-WAY,DIVIDED,POSITIVE MEDIAN BARRIER;DAYLIGHT;CLEAR;0;2;;NO CONTROL PRESENT;VAN;PASSENGER CAR;PASSENGER CAR;NONE;;2019-01-25T07:54:35-05:00;2019;No;Yes;1;07
20 FEET FROM SR 1313 (WALNUT ST);TWO-WAY,DIVIDED,UNPROTECTED MEDIAN;DAYLIGHT;CLEAR;0;0;;NO CONTROL PRESENT;SPORT UTILITY;PASSENGER CAR;NONE;NONE;;2019-01-29T14:05:18-05:00;2019;No;No;1;14
1 MILES FROM US 1 HWY;TWO-WAY,DIVIDED,POSITIVE MEDIAN BARRIER;DAYLIGHT;RAIN;0;0;;NO CONTROL PRESENT;PASSENGER CAR;VAN;NONE;NONE;;2019-01-29T16:35:07-05:00;2019;No;No;1;16
100 FEET FROM SR-1313 WALNUT ST;TWO-WAY,DIVIDED,UNPROTECTED MEDIAN;DAYLIGHT;RAIN;0;0;;STOP AND GO SIGNAL;SPORT UTILITY;PASSENGER CAR;NONE;NONE;;2019-01-29T16:40:06-05:00;2019;No;No;1;16
20 FEET FROM 1616 S.R. OLD APEX RD;TWO-WAY,NOT DIVIDED;DAYLIGHT;RAIN;0;0;;STOP AND GO SIGNAL;SPORT UTILITY;SPORT UTILITY;NONE;NONE;;2019-01-29T15:37:53-05:00;2019;No;No;1;15
250 FEET FROM SR1315 (BUCK JONES RD);TWO-WAY,DIVIDED,UNPROTECTED MEDIAN;DAYLIGHT;CLEAR;0;1;;NO CONTROL PRESENT;VAN;PASSENGER CAR;NONE;NONE;;2019-01-25T13:15:22-05:00;2019;No;Yes;1;13
CARY;TWO-WAY,DIVIDED,UNPROTECTED MEDIAN;DARK - LIGHTED ROADWAY;CLEAR;0;2;;STOP AND GO SIGNAL;SPORT UTILITY;PASSENGER CAR;NONE;NONE;;2019-01-29T19:23:57-05:00;2019;No;Yes;1;19
300 FEET FROM SR1415 (SE MAYNARD RD);TWO-WAY,NOT DIVIDED;DAYLIGHT;CLEAR;0;0;;NO CONTROL PRESENT;PASSENGER CAR;PASSENGER CAR;NONE;NONE;;2019-01-31T15:40:15-05:00;2019;No;No;1;15
CARY;TWO-WAY,NOT DIVIDED;DAYLIGHT;CLEAR;0;0;;STOP SIGN;VAN;PASSENGER CAR;NONE;NONE;;2019-01-31T15:55:50-05:00;2019;No;No;1;15
0 FEET FROM SR 1370 (TRYON RD);TWO-WAY,DIVIDED,POSITIVE MEDIAN BARRIER;DAWN;CLEAR;0;0;;STOP AND GO SIGNAL;PASSENGER CAR;PASSENGER CAR;NONE;NONE;;2019-01-31T06:46:19-05:00;2019;No;No;1;06
384 FEET FROM PVA (1117 WALNUT ST);TWO-WAY,NOT DIVIDED;DUSK;CLEAR;0;0;;NO CONTROL PRESENT;PASSENGER CAR;SPORT UTILITY;NONE;NONE;;2019-02-02T19:11:09-05:00;2019;No;No;2;19
100 FEET FROM US 64;TWO-WAY,DIVIDED,UNPROTECTED MEDIAN;DAYLIGHT;CLEAR;0;0;;STOP AND GO SIGNAL;PASSENGER CAR;SPORT UTILITY;NONE;NONE;;2019-01-24T22:30:00-05:00;2019;No;No;1;22
CARY;TWO-WAY,DIVIDED,UNPROTECTED MEDIAN;DAYLIGHT;CLEAR;0;3;;STOP AND GO SIGNAL;SPORT UTILITY;PASSENGER CAR;NONE;NONE;;2019-02-01T14:32:31-05:00;2019;No;Yes;2;14
.2 MILES FROM CROSSROADS BLVD;TWO-WAY,DIVIDED,UNPROTECTED MEDIAN;DAYLIGHT;CLEAR;0;0;;STOP SIGN;SPORT UTILITY;SPORT UTILITY;NONE;NONE;;2019-02-01T15:28:04-05:00;2019;No;No;2;15
75 FEET FROM HWY US 64;TWO-WAY,DIVIDED,UNPROTECTED MEDIAN;DAYLIGHT;CLEAR;0;1;;NO CONTROL PRESENT;PASSENGER CAR;PICKUP;NONE;NONE;;2019-02-04T07:45:03-05:00;2019;No;Yes;2;07
.25 MILES FROM SR 1615 (HIGH HOUSE RD);TWO-WAY,DIVIDED,UNPROTECTED MEDIAN;DARK - LIGHTED ROADWAY;CLEAR;0;0;;NO CONTROL PRESENT;PASSENGER CAR;PASSENGER CAR;NONE;NONE;;2019-02-04T18:12:35-05:00;2019;No;No;2;18
400 FEET FROM P.V.A. (2205 WALNUT ST);TWO-WAY,NOT DIVIDED;DAYLIGHT;CLEAR;0;0;;NO CONTROL PRESENT;PASSENGER CAR;PASSENGER CAR;NONE;NONE;;2019-02-04T16:05:53-05:00;2019;No;No;2;16
50 FEET FROM US1 CARY;TWO-WAY,DIVIDED,POSITIVE MEDIAN BARRIER;DAYLIGHT;CLEAR;0;0;;NO CONTROL PRESENT;LIGHT TRUCK (MINI-VAN- PANEL);SINGLE UNIT TRUCK (2-AXLE- 6-TIRE);NONE;NONE;;2019-02-04T17:08:07-05:00;2019;No;No;2;17
300 FEET FROM SR1300 (KILDAIRE FARM RD);TWO-WAY,NOT DIVIDED;DARK - LIGHTED ROADWAY;CLEAR;0;0;;NO CONTROL PRESENT;SPORT UTILITY;PASSENGER CAR;NONE;NONE;;2019-02-05T18:24:09-05:00;2019;No;No;2;18
100 FEET FROM P.V.A. 4101 NC 55 HWY;NONE;DAYLIGHT;CLEAR;0;0;;NO CONTROL PRESENT;VAN;NONE;NONE;NONE;;2019-02-05T12:41:00-05:00;2019;No;No;2;12
20 FEET FROM S.R. 1615 (HIGH HOUSE RD);TWO-WAY,DIVIDED,POSITIVE MEDIAN BARRIER;DAYLIGHT;CLEAR;0;0;;NO CONTROL PRESENT;SPORT UTILITY;PASSENGER CAR;NONE;NONE;;2019-02-04T13:30:04-05:00;2019;No;No;2;13
10 FEET FROM S.R. 1628 (OKELLY CHAPEL RD);TWO-WAY,NOT DIVIDED;DAYLIGHT;CLEAR;0;1;;NO CONTROL PRESENT;PICKUP;PASSENGER CAR;NONE;NONE;;2019-02-05T14:19:43-05:00;2019;No;Yes;2;14
CARY;NONE;NONE;NONE;0;0;;;NONE;NONE;NONE;NONE;;2019-01-29T00:00:00-05:00;2019;No;No;1;00
.25 MILES FROM NC 55 HWY;TWO-WAY,DIVIDED,UNPROTECTED MEDIAN;DARK - ROADWAY NOT LIGHTED;CLEAR;0;0;;NO CONTROL PRESENT;PASSENGER CAR;NONE;NONE;NONE;;2019-02-05T19:12:13-05:00;2019;No;No;2;19
150 FEET FROM SR 1415 (SW MAYNARD RD);TWO-WAY,DIVIDED,UNPROTECTED MEDIAN;DAYLIGHT;CLEAR;0;0;;NO CONTROL PRESENT;PASSENGER CAR;NONE;NONE;NONE;;2019-02-06T16:35:01-05:00;2019;No;No;2;16
.10 MILES FROM HIGH MEADOW DR;TWO-WAY,NOT DIVIDED;DUSK;CLEAR;0;0;;NO CONTROL PRESENT;PASSENGER CAR;PASSENGER CAR;NONE;NONE;;2019-02-07T19:24:00-05:00;2019;No;No;2;19
0.1 MILES FROM NC-54 (NW MAYNARD RD);TWO-WAY,NOT DIVIDED;DUSK;CLEAR;0;0;;NO CONTROL PRESENT;PASSENGER CAR;PASSENGER CAR;NONE;NONE;;2019-02-07T18:14:35-05:00;2019;No;No;2;18
80 FEET FROM PVA STARBUCKS COFFEE 125 WESTO;TWO-WAY,NOT DIVIDED;DAYLIGHT;CLEAR;0;0;;NO CONTROL PRESENT;PASSENGER CAR;PASSENGER CAR;NONE;NONE;;2019-02-07T13:17:28-05:00;2019;No;No;2;13
10 FEET FROM US 1;TWO-WAY,DIVIDED,POSITIVE MEDIAN BARRIER;DAWN;CLEAR;0;0;;STOP AND GO SIGNAL;PASSENGER CAR;PASSENGER CAR;NONE;NONE;;2019-02-08T06:55:59-05:00;2019;No;No;2;06
214 FEET FROM TATE ST;TWO-WAY,NOT DIVIDED;DARK - LIGHTED ROADWAY;CLEAR;0;0;;NO CONTROL PRESENT;PASSENGER CAR;NONE;NONE;NONE;;2019-02-02T11:31:00-05:00;2019;No;No;2;11
20 FEET FROM CHALON DR;TWO-WAY,DIVIDED,UNPROTECTED MEDIAN;DAYLIGHT;CLEAR;0;0;;STOP AND GO SIGNAL;PASSENGER CAR;PASSENGER CAR;NONE;NONE;;2019-02-08T16:03:34-05:00;2019;No;No;2;16
.02 MILES FROM SR-1521 (LAKE PINE DR);TWO-WAY,NOT DIVIDED;DUSK;CLEAR;0;0;;NO CONTROL PRESENT;SPORT UTILITY;SPORT UTILITY;NONE;NONE;;2019-02-13T17:21:01-05:00;2019;No;No;2;17
CARY;TWO-WAY,NOT DIVIDED;DAYLIGHT;CLEAR;0;0;;STOP AND GO SIGNAL;PASSENGER CAR;SPORT UTILITY;NONE;NONE;;2019-02-13T14:21:02-05:00;2019;No;No;2;14
CARY;TWO-WAY,NOT DIVIDED;DAYLIGHT;CLEAR;0;0;;NO CONTROL PRESENT;VAN;NONE;NONE;NONE;;2019-02-13T10:09:00-05:00;2019;No;No;2;10
0 FEET FROM CHAPEL HILL RD;TWO-WAY,NOT DIVIDED;DAYLIGHT;CLEAR;0;0;;STOP SIGN;PASSENGER CAR;NONE;NONE;NONE;;2019-02-14T15:24:55-05:00;2019;No;No;2;15
499 FEET FROM PVA WALMART 2010 KILDAIRE FARM;TWO-WAY,NOT DIVIDED;DAYLIGHT;CLEAR;0;0;;NO CONTROL PRESENT;PASSENGER CAR;PASSENGER CAR;NONE;NONE;;2019-02-13T11:29:00-05:00;2019;No;No;2;11
CARY;TWO-WAY,DIVIDED,UNPROTECTED MEDIAN;DAYLIGHT;RAIN;0;0;;STOP AND GO SIGNAL;NONE;NONE;NONE;NONE;;2019-02-16T11:10:00-05:00;2019;No;No;2;11
CARY;TWO-WAY,NOT DIVIDED;DAYLIGHT;RAIN;0;0;;STOP AND GO SIGNAL;SPORT UTILITY;SPORT UTILITY;NONE;NONE;;2019-02-16T13:06:34-05:00;2019;No;No;2;13
.12 MILES FROM WELLINGTON RIDGE LOOP;TWO-WAY,NOT DIVIDED;DAYLIGHT;CLOUDY;0;0;;NO CONTROL PRESENT;PASSENGER CAR;PASSENGER CAR;NONE;NONE;;2019-02-17T19:44:11-05:00;2019;No;No;2;19
100 FEET FROM US 64 HWY;TWO-WAY,DIVIDED,UNPROTECTED MEDIAN;DUSK;CLEAR;0;0;;NO CONTROL PRESENT;SPORT UTILITY;VAN;NONE;NONE;;2019-02-15T17:08:24-05:00;2019;No;No;2;17
CARY;TWO-WAY,DIVIDED,UNPROTECTED MEDIAN;DUSK;CLOUDY;0;0;;STOP SIGN;PASSENGER CAR;SPORT UTILITY;NONE;NONE;;2019-02-15T17:10:28-05:00;2019;No;No;2;17
50 FEET FROM GREEN LEVEL CHURCH RD;TWO-WAY,DIVIDED,UNPROTECTED MEDIAN;DARK - LIGHTED ROADWAY;CLOUDY;0;0;;STOP AND GO SIGNAL;SPORT UTILITY;PASSENGER CAR;NONE;NONE;;2019-02-15T20:25:57-05:00;2019;No;No;2;20
300 FEET FROM HADDINGTON DR;TWO-WAY,NOT DIVIDED;DAYLIGHT;RAIN;0;0;;NO CONTROL PRESENT;PASSENGER CAR;PASSENGER CAR;NONE;NONE;;2019-02-17T12:11:00-05:00;2019;No;No;2;12
40 FEET FROM US 1 HWY;TWO-WAY,DIVIDED,UNPROTECTED MEDIAN;DAYLIGHT;CLEAR;0;0;;YIELD SIGN;PASSENGER CAR;PASSENGER CAR;NONE;NONE;;2019-02-18T16:35:19-05:00;2019;No;No;2;16
10 FEET FROM US 1;TWO-WAY,DIVIDED,POSITIVE MEDIAN BARRIER;DARK - ROADWAY NOT LIGHTED;RAIN;0;0;;NO CONTROL PRESENT;PASSENGER CAR;NONE;NONE;NONE;;2019-02-19T22:10:00-05:00;2019;No;No;2;22
.22 MILES FROM CARPENTER UPCHURCH RD 1617;TWO-WAY,NOT DIVIDED;DAYLIGHT;RAIN;0;0;;NO CONTROL PRESENT;PASSENGER CAR;PASSENGER CAR;NONE;NONE;;2019-02-20T07:21:19-05:00;2019;No;No;2;07
.10 MILES FROM PVA (6770 MCCRIMMON PKWY);TWO-WAY,NOT DIVIDED;DAYLIGHT;RAIN;0;0;;NO CONTROL PRESENT;SPORT UTILITY;PASSENGER CAR;NONE;NONE;;2019-02-11T06:54:05-05:00;2019;No;No;2;06
.25 MILES FROM HIGH HOUSE RD;TWO-WAY,DIVIDED,UNPROTECTED MEDIAN;DAYLIGHT;RAIN;0;0;;STOP AND GO SIGNAL;VAN;PASSENGER CAR;NONE;NONE;;2019-02-20T07:06:07-05:00;2019;No;No;2;07
.25 MILES FROM NC 55 HWY;TWO-WAY,DIVIDED,UNPROTECTED MEDIAN;DAYLIGHT;RAIN;0;0;;STOP AND GO SIGNAL;PASSENGER CAR;PASSENGER CAR;NONE;NONE;;2019-02-21T10:56:00-05:00;2019;No;No;2;10
5 FEET FROM PVA OF 108 E CHATHAM ST;TWO-WAY,NOT DIVIDED;DARK - LIGHTED ROADWAY;CLOUDY;0;0;;NO CONTROL PRESENT;SPORT UTILITY;NONE;NONE;NONE;;2019-02-15T01:59:36-05:00;2019;No;No;2;01
100 FEET FROM SR 1300 (KILDAIRE FARM RD);TWO-WAY,NOT DIVIDED;DAYLIGHT;RAIN;0;0;;STOP AND GO SIGNAL;SPORT UTILITY;PICKUP;NONE;NONE;;2019-02-23T10:51:00-05:00;2019;No;No;2;10
.1 MILES FROM US 1 HWY;TWO-WAY,DIVIDED,POSITIVE MEDIAN BARRIER;DAYLIGHT;RAIN;0;0;;NO CONTROL PRESENT;PICKUP;NONE;NONE;NONE;;2019-02-23T13:53:43-05:00;2019;No;No;2;13
.4910 MILES FROM US 1;TWO-WAY,DIVIDED,POSITIVE MEDIAN BARRIER;DAYLIGHT;RAIN;0;0;;NO CONTROL PRESENT;PASSENGER CAR;VAN;NONE;NONE;;2019-02-23T13:55:02-05:00;2019;No;No;2;13
.1 MILES FROM US 1 HWY;TWO-WAY,DIVIDED,POSITIVE MEDIAN BARRIER;DAYLIGHT;RAIN;0;0;;NO CONTROL PRESENT;VAN;NONE;NONE;NONE;;2019-02-23T16:27:11-05:00;2019;No;No;2;16
75 FEET FROM WALNUT ST(SR#1313);TWO-WAY,DIVIDED,UNPROTECTED MEDIAN;DARK - LIGHTED ROADWAY;RAIN;0;0;;NO CONTROL PRESENT;PASSENGER CAR;SPORT UTILITY;NONE;NONE;;2019-02-23T18:16:49-05:00;2019;No;No;2;18
.07 MILES FROM WILKINSON AV;TWO-WAY,NOT DIVIDED;DAYLIGHT;CLOUDY;0;0;;NO CONTROL PRESENT;PASSENGER CAR;NONE;NONE;NONE;;2019-02-24T08:10:59-05:00;2019;No;No;2;08
416 FEET FROM P.V.A. (2010 KILDAIRE FARM RD);ONE-WAY,NOT DIVIDED;DARK - LIGHTED ROADWAY;RAIN;0;0;;NO CONTROL PRESENT;NONE;SPORT UTILITY;NONE;NONE;;2019-02-23T18:50:04-05:00;2019;No;No;2;18
75 FEET FROM 750 E. CHATHAM ST (PVA);TWO-WAY,NOT DIVIDED;DAYLIGHT;RAIN;0;0;;NO CONTROL PRESENT;PASSENGER CAR;SPORT UTILITY;NONE;NONE;;2019-02-22T12:41:00-05:00;2019;No;No;2;12
75 FEET FROM CORNERSTONE DR;TWO-WAY,DIVIDED,UNPROTECTED MEDIAN;DAYLIGHT;RAIN;0;0;;OTHER *;NONE;NONE;NONE;NONE;;2019-02-22T16:13:49-05:00;2019;No;No;2;16
35 FEET FROM US 64 HWY;TWO-WAY,DIVIDED,UNPROTECTED MEDIAN;DAYLIGHT;RAIN;0;0;;NO CONTROL PRESENT;PASSENGER CAR;PASSENGER CAR;NONE;NONE;;2019-02-22T17:28:02-05:00;2019;No;No;2;17
.1 MILES FROM OLDE WEATHERSTONE WAY;TWO-WAY,DIVIDED,UNPROTECTED MEDIAN;DARK - ROADWAY NOT LIGHTED;RAIN;0;1;;NO CONTROL PRESENT;PASSENGER CAR;NONE;NONE;NONE;;2019-02-22T20:58:46-05:00;2019;No;Yes;2;20
0.085 MILES FROM P.V.A (2416 WALNUT ST);TWO-WAY,NOT DIVIDED;DARK - LIGHTED ROADWAY;RAIN;0;1;;STOP SIGN;PASSENGER CAR;PASSENGER CAR;NONE;NONE;;2019-02-23T01:17:47-05:00;2019;No;Yes;2;01
20 FEET FROM US 1 HWY;ONE-WAY,NOT DIVIDED;DAYLIGHT;CLEAR;0;0;;STOP AND GO SIGNAL;SPORT UTILITY;SPORT UTILITY;NONE;NONE;;2019-02-24T19:08:09-05:00;2019;No;No;2;19
300 FEET FROM SR 1615 (HIGH HOUSE RD);TWO-WAY,DIVIDED,UNPROTECTED MEDIAN;DAYLIGHT;CLEAR;0;0;;NO CONTROL PRESENT;VAN;PASSENGER CAR;NONE;NONE;;2019-02-24T16:22:01-05:00;2019;No;No;2;16
200 FEET FROM P.V.A. 1937 HIGH HOUSE RD;TWO-WAY,NOT DIVIDED;DARK - LIGHTED ROADWAY;CLEAR;0;0;;NO CONTROL PRESENT;PASSENGER CAR;PICKUP;NONE;NONE;;2019-02-24T19:44:07-05:00;2019;No;No;2;19
CARY;TWO-WAY,DIVIDED,UNPROTECTED MEDIAN;DARK - LIGHTED ROADWAY;CLEAR;0;0;;STOP AND GO SIGNAL;PASSENGER CAR;PASSENGER CAR;NONE;NONE;;2019-02-25T23:19:00-05:00;2019;No;No;2;23
300 FEET FROM NC 55 HWY;TWO-WAY,NOT DIVIDED;DARK - ROADWAY NOT LIGHTED;RAIN;0;0;;NO CONTROL PRESENT;PASSENGER CAR;PASSENGER CAR;NONE;NONE;;2019-02-24T22:18:00-05:00;2019;No;No;2;22
400 FEET FROM US HWY 64;TWO-WAY,DIVIDED,UNPROTECTED MEDIAN;DAYLIGHT;CLEAR;0;0;;NO CONTROL PRESENT;SPORT UTILITY;PASSENGER CAR;NONE;NONE;;2019-02-25T17:05:11-05:00;2019;No;No;2;17
.26 MILES FROM NC 54 (CHAPEL HILL RD);TWO-WAY,DIVIDED,UNPROTECTED MEDIAN;DAYLIGHT;CLEAR;0;0;;NO CONTROL PRESENT;PASSENGER CAR;SPORT UTILITY;NONE;NONE;;2019-02-25T10:23:00-05:00;2019;No;No;2;10
5 FEET FROM P.V.A. (1001 N HARRISON AV);TWO-WAY,NOT DIVIDED;DARK - LIGHTED ROADWAY;RAIN;0;0;;NO CONTROL PRESENT;PICKUP;PASSENGER CAR;NONE;NONE;;2019-02-22T18:01:33-05:00;2019;No;No;2;18
220 FEET FROM 350 STONECROFT LN;TWO-WAY,NOT DIVIDED;DAYLIGHT;CLEAR;0;0;;NO CONTROL PRESENT;PASSENGER CAR;SPORT UTILITY;NONE;NONE;;2019-02-26T08:33:48-05:00;2019;No;No;2;08
0 FEET FROM SR 1497 (CARY TOWNE BLVD);TWO-WAY,NOT DIVIDED;DARK - LIGHTED ROADWAY;RAIN;0;2;;STOP AND GO SIGNAL;PASSENGER CAR;PASSENGER CAR;NONE;NONE;;2019-02-20T19:33:51-05:00;2019;No;Yes;2;19
.25 MILES FROM PVA (6770 MC CRIMMON PKWY);ONE-WAY,NOT DIVIDED;DARK - LIGHTED ROADWAY;CLEAR;0;0;;NO CONTROL PRESENT;PASSENGER CAR;PASSENGER CAR;NONE;NONE;;2019-02-26T18:38:30-05:00;2019;No;No;2;18
.1 MILES FROM PVA (7145 O`KELLY CHAPEL RD);TWO-WAY,NOT DIVIDED;DAYLIGHT;CLEAR;0;0;;NO CONTROL PRESENT;SPORT UTILITY;SPORT UTILITY;NONE;NONE;;2019-02-27T16:01:24-05:00;2019;No;No;2;16
10 FEET FROM NC 540 HWY;ONE-WAY,NOT DIVIDED;DAYLIGHT;CLOUDY;0;0;;STOP AND GO SIGNAL;SPORT UTILITY;SPORT UTILITY;NONE;NONE;;2019-02-28T08:56:16-05:00;2019;No;No;2;08
NEAR .10 MILES S OF S NC 55 HWY;TWO-WAY,NOT DIVIDED;DAYLIGHT;RAIN;0;0;;NO CONTROL PRESENT;PASSENGER CAR;NONE;NONE;NONE;;2019-03-01T07:16:19-05:00;2019;No;No;3;07
200 FEET FROM NC 55 HWY;TWO-WAY,DIVIDED,UNPROTECTED MEDIAN;DAYLIGHT;CLOUDY;0;0;;NO CONTROL PRESENT;PASSENGER CAR;VAN;NONE;NONE;;2019-03-01T08:27:17-05:00;2019;No;No;3;08
.1 MILES FROM PVA 333 CROSSROADS BLVD;TWO-WAY,NOT DIVIDED;DAYLIGHT;CLEAR;0;0;;NO CONTROL PRESENT;PASSENGER CAR;PASSENGER CAR;NONE;NONE;;2019-03-02T13:34:58-05:00;2019;No;No;3;13
150 FEET FROM PVA (1000 VALLEYSTONE DR);TWO-WAY,NOT DIVIDED;DAYLIGHT;CLEAR;0;0;;NO CONTROL PRESENT;SPORT UTILITY;PASSENGER CAR;NONE;NONE;;2019-03-02T14:57:20-05:00;2019;No;No;3;14