Location_Description;Road_Configuration;Light_Condition;Weather;Fatality;Injury;Contributing_Factor;Traffic_Control;Vehicle1;Vehicle2;Vehicle3;Vehicle4;Vehicle5;Crash_Date;year;Fatalities;Injuries;Month;Hour
CARY;TWO-WAY,NOT DIVIDED;DAYLIGHT;CLEAR;0;0;;STOP AND GO SIGNAL;PASSENGER CAR;PASSENGER CAR;NONE;NONE;;2019-04-10T08:38:16-04:00;2019;No;No;4;08
100 FEET FROM 3655 SW CARY PKWY;TWO-WAY,NOT DIVIDED;DARK - LIGHTED ROADWAY;CLEAR;0;0;;NO CONTROL PRESENT;PASSENGER CAR;PASSENGER CAR;NONE;NONE;;2019-04-10T20:01:45-04:00;2019;No;No;4;20
200 FEET FROM (PVA) 2703 NC 55 HWY;TWO-WAY,NOT DIVIDED;DAYLIGHT;CLEAR;0;0;;STOP SIGN;PASSENGER CAR;SPORT UTILITY;NONE;NONE;;2019-04-10T17:25:57-04:00;2019;No;No;4;17
150 FEET FROM P.V.A. (PLANET FITNESS);TWO-WAY,NOT DIVIDED;DAWN;CLEAR;0;0;;NO CONTROL PRESENT;SPORT UTILITY;PASSENGER CAR;NONE;NONE;;2019-04-09T06:19:09-04:00;2019;No;No;4;06
CARY;ONE-WAY,NOT DIVIDED;DAYLIGHT;CLEAR;0;0;;YIELD SIGN;SPORT UTILITY;SPORT UTILITY;NONE;NONE;;2019-04-09T10:50:00-04:00;2019;No;No;4;10
.3 MILES FROM SR 1313 (WALNUT ST);TWO-WAY,NOT DIVIDED;DAYLIGHT;CLEAR;0;0;;STOP AND GO SIGNAL;PASSENGER CAR;PICKUP;NONE;NONE;;2019-04-11T12:50:00-04:00;2019;No;No;4;12
CARY;TWO-WAY,NOT DIVIDED;DAYLIGHT;CLEAR;0;0;;NO CONTROL PRESENT;PASSENGER CAR;SPORT UTILITY;NONE;NONE;;2019-04-11T13:22:20-04:00;2019;No;No;4;13
0 FEET FROM US 64;TWO-WAY,DIVIDED,POSITIVE MEDIAN BARRIER;DAYLIGHT;RAIN;0;0;;STOP AND GO SIGNAL;PASSENGER CAR;PASSENGER CAR;NONE;NONE;;2019-04-12T13:59:09-04:00;2019;No;No;4;13
200 FEET FROM OLD APEX RD SR 1616;TWO-WAY,NOT DIVIDED;DAYLIGHT;RAIN;0;0;;NO CONTROL PRESENT;PASSENGER CAR;PICKUP;NONE;NONE;;2019-04-12T15:50:18-04:00;2019;No;No;4;15
.24 MILES FROM SR 1152 (HOLLY SPRINGS RD);TWO-WAY,DIVIDED,UNPROTECTED MEDIAN;DARK - ROADWAY NOT LIGHTED;CLEAR;0;0;;STOP SIGN;PASSENGER CAR;SPORT UTILITY;NONE;NONE;;2019-04-13T22:01:00-04:00;2019;No;No;4;22
CARY;TWO-WAY,DIVIDED,POSITIVE MEDIAN BARRIER;DAYLIGHT;RAIN;0;0;;STOP SIGN;PICKUP;NONE;NONE;NONE;;2019-04-12T14:14:32-04:00;2019;No;No;4;14
CARY;TWO-WAY,NOT DIVIDED;DARK - LIGHTED ROADWAY;CLEAR;0;0;;STOP SIGN;SPORT UTILITY;PASSENGER CAR;NONE;NONE;;2019-04-14T22:59:00-04:00;2019;No;No;4;22
15 FEET FROM N HARRISON AVE;TWO-WAY,NOT DIVIDED;DAYLIGHT;CLEAR;0;0;;STOP AND GO SIGNAL;SPORT UTILITY;SPORT UTILITY;NONE;NONE;;2019-04-11T00:35:00-04:00;2019;No;No;4;00
.1 MILES FROM SR 1300 (KILDAIRE FARM);TWO-WAY,DIVIDED,UNPROTECTED MEDIAN;DAYLIGHT;CLOUDY;0;0;;NO CONTROL PRESENT;PASSENGER CAR;SPORT UTILITY;NONE;NONE;;2019-04-15T07:57:39-04:00;2019;No;No;4;07
.132 MILES FROM SR 1011 (W CHATHAM ST);TWO-WAY,NOT DIVIDED;DAYLIGHT;CLEAR;0;0;;STOP AND GO SIGNAL;PASSENGER CAR;SPORT UTILITY;NONE;NONE;;2019-04-16T07:23:09-04:00;2019;No;No;4;07
10 FEET FROM SR 1315 (BUCK JONES RD;TWO-WAY,NOT DIVIDED;DAYLIGHT;CLEAR;0;0;;STOP AND GO SIGNAL;PASSENGER CAR;PASSENGER CAR;NONE;NONE;;2019-04-17T10:28:00-04:00;2019;No;No;4;10
CARY;TWO-WAY,DIVIDED,UNPROTECTED MEDIAN;DAYLIGHT;CLEAR;0;0;;STOP AND GO SIGNAL;VAN;SPORT UTILITY;NONE;NONE;;2019-04-21T08:36:43-04:00;2019;No;No;4;08
.50 MILES FROM US 1 HWY;TWO-WAY,DIVIDED,POSITIVE MEDIAN BARRIER;DAYLIGHT;CLEAR;0;0;;NO CONTROL PRESENT;PASSENGER CAR;PASSENGER CAR;NONE;NONE;;2019-04-18T18:23:30-04:00;2019;No;No;4;18
CARY;TWO-WAY,DIVIDED,POSITIVE MEDIAN BARRIER;DAYLIGHT;CLEAR;0;0;;STOP AND GO SIGNAL;PASSENGER CAR;PASSENGER CAR;NONE;NONE;;2019-04-18T09:52:30-04:00;2019;No;No;4;09
15 FEET FROM EDINBURGH SOUTH DR;TWO-WAY,DIVIDED,UNPROTECTED MEDIAN;DUSK;CLEAR;0;1;;STOP AND GO SIGNAL;PASSENGER CAR;SPORT UTILITY;NONE;NONE;;2019-04-18T18:59:58-04:00;2019;No;Yes;4;18
.110 MILES FROM RIDGECREST RD;TWO-WAY,NOT DIVIDED;DAYLIGHT;CLEAR;0;0;;NO CONTROL PRESENT;LIGHT TRUCK (MINI-VAN- PANEL);NONE;NONE;NONE;;2019-04-17T13:34:11-04:00;2019;No;No;4;13
CARY;TWO-WAY,DIVIDED,UNPROTECTED MEDIAN;DAYLIGHT;RAIN;0;1;;NO CONTROL PRESENT;PASSENGER CAR;PASSENGER CAR;NONE;NONE;;2019-04-19T17:12:10-04:00;2019;No;Yes;4;17
200 FEET FROM P.V.A. (1151 TRYON VILLAGE DR);TWO-WAY,NOT DIVIDED;DAYLIGHT;CLOUDY;0;0;;NO CONTROL PRESENT;PASSENGER CAR;PASSENGER CAR;NONE;NONE;;2019-04-20T14:01:56-04:00;2019;No;No;4;14
CARY;TWO-WAY,DIVIDED,UNPROTECTED MEDIAN;DAYLIGHT;CLEAR;0;0;;NO CONTROL PRESENT;PASSENGER CAR;PASSENGER CAR;NONE;NONE;;2019-04-21T12:56:00-04:00;2019;No;No;4;12
200 FEET FROM P.V.A. (957 N HARRISON AVE);TWO-WAY,NOT DIVIDED;DAYLIGHT;CLEAR;0;0;;NO CONTROL PRESENT;SPORT UTILITY;PASSENGER CAR;NONE;NONE;;2019-04-23T09:59:02-04:00;2019;No;No;4;09
CARY;ONE-WAY,NOT DIVIDED;DARK - ROADWAY NOT LIGHTED;CLEAR;0;0;;NO CONTROL PRESENT;PASSENGER CAR;NONE;NONE;NONE;;2019-04-23T05:04:05-04:00;2019;No;No;4;05
CARY;TWO-WAY,DIVIDED,UNPROTECTED MEDIAN;DAYLIGHT;CLEAR;0;0;;STOP AND GO SIGNAL;PASSENGER CAR;PASSENGER CAR;NONE;NONE;;2019-04-23T08:14:26-04:00;2019;No;No;4;08
.2 MILES FROM SR 1415 (SW MAYNARD RD);TWO-WAY,DIVIDED,UNPROTECTED MEDIAN;DAYLIGHT;CLEAR;0;0;;NO CONTROL PRESENT;SPORT UTILITY;SPORT UTILITY;NONE;NONE;;2019-04-23T17:05:32-04:00;2019;No;No;4;17
50 FEET FROM SR-1415 NE MAYNARD RD;TWO-WAY,DIVIDED,UNPROTECTED MEDIAN;DAYLIGHT;CLEAR;0;1;;STOP AND GO SIGNAL;PASSENGER CAR;SPORT UTILITY;PASSENGER CAR;NONE;;2019-04-23T17:25:26-04:00;2019;No;Yes;4;17
.01 MILES FROM PVA 400 REGENCY FOREST DR;TWO-WAY,NOT DIVIDED;DAYLIGHT;NONE;0;0;;NO CONTROL PRESENT;PASSENGER CAR;PASSENGER CAR;NONE;NONE;;2019-04-23T09:29:55-04:00;2019;No;No;4;09
170 FEET FROM SR 1147 EVANS RD;TWO-WAY,DIVIDED,POSITIVE MEDIAN BARRIER;DAYLIGHT;CLEAR;0;0;;NO CONTROL PRESENT;PASSENGER CAR;PICKUP;NONE;NONE;;2019-04-23T09:04:04-04:00;2019;No;No;4;09
40 FEET FROM CHAPEL HILL RD;TWO-WAY,NOT DIVIDED;DAYLIGHT;CLEAR;0;0;;NO CONTROL PRESENT;PICKUP;PASSENGER CAR;NONE;NONE;;2019-04-24T17:09:21-04:00;2019;No;No;4;17
.5 MILES FROM US1 N;TWO-WAY,DIVIDED,POSITIVE MEDIAN BARRIER;DARK - LIGHTED ROADWAY;CLEAR;0;0;;NO CONTROL PRESENT;PASSENGER CAR;NONE;NONE;NONE;;2019-04-25T00:26:00-04:00;2019;No;No;4;00
1 MILES FROM US HWY 1;TWO-WAY,DIVIDED,POSITIVE MEDIAN BARRIER;DARK - ROADWAY NOT LIGHTED;CLEAR;0;0;;NO CONTROL PRESENT;PASSENGER CAR;NONE;NONE;NONE;;2019-04-25T04:06:18-04:00;2019;No;No;4;04
413 FEET FROM P.V.A. 1961 HIGH HOUSE RD;ONE-WAY,NOT DIVIDED;DAYLIGHT;CLEAR;0;0;;NO CONTROL PRESENT;PASSENGER CAR;SPORT UTILITY;NONE;NONE;;2019-04-24T15:59:25-04:00;2019;No;No;4;15
129 FEET FROM SR 3977 (SE CARY PKWY);TWO-WAY,DIVIDED,POSITIVE MEDIAN BARRIER;DARK - LIGHTED ROADWAY;CLEAR;0;0;;NO CONTROL PRESENT;PASSENGER CAR;PASSENGER CAR;NONE;NONE;;2019-04-23T20:36:33-04:00;2019;No;No;4;20
.5 MILES FROM US HWY 1 NORTH;TWO-WAY,DIVIDED,POSITIVE MEDIAN BARRIER;DAYLIGHT;CLEAR;0;1;;NO CONTROL PRESENT;PASSENGER CAR;SINGLE UNIT TRUCK (2-AXLE- 6-TIRE);PASSENGER CAR;NONE;;2019-04-24T17:16:36-04:00;2019;No;Yes;4;17
CARY;TWO-WAY,DIVIDED,UNPROTECTED MEDIAN;DARK - LIGHTED ROADWAY;CLEAR;0;1;;STOP SIGN;PASSENGER CAR;PASSENGER CAR;NONE;NONE;;2019-04-25T19:59:47-04:00;2019;No;Yes;4;19
400 FEET FROM RIDGEMONT HILL RD;TWO-WAY,NOT DIVIDED;DAYLIGHT;CLEAR;0;0;;NO CONTROL PRESENT;SPORT UTILITY;SPORT UTILITY;NONE;NONE;;2019-04-25T18:03:02-04:00;2019;No;No;4;18
125 FEET FROM PVA (2101 LAKESIDE LOFTS CIR);TWO-WAY,NOT DIVIDED;DAYLIGHT;CLEAR;0;0;;NO CONTROL PRESENT;PASSENGER CAR;PASSENGER CAR;NONE;NONE;;2019-04-18T17:44:39-04:00;2019;No;No;4;17
100 FEET FROM SR-1300 (KILDAIRE FARM  RD);TWO-WAY,DIVIDED,UNPROTECTED MEDIAN;DAYLIGHT;RAIN;0;0;;STOP AND GO SIGNAL;PASSENGER CAR;PASSENGER CAR;NONE;NONE;;2019-04-26T16:27:35-04:00;2019;No;No;4;16
250 FEET FROM PVA 685 CARY TOWNE BLVD;TWO-WAY,NOT DIVIDED;DAYLIGHT;CLEAR;0;0;;NO CONTROL PRESENT;PICKUP;SPORT UTILITY;NONE;NONE;;2019-04-27T11:40:00-04:00;2019;No;No;4;11
10 FEET FROM SR 1415 (SE MAYNARD RD);TWO-WAY,DIVIDED,POSITIVE MEDIAN BARRIER;DAYLIGHT;CLEAR;0;0;;STOP AND GO SIGNAL;SPORT UTILITY;PASSENGER CAR;NONE;NONE;;2019-04-27T13:21:28-04:00;2019;No;No;4;13
0 FEET FROM E DURHAM RD (200 BLOCK);TWO-WAY,DIVIDED,UNPROTECTED MEDIAN;DARK - LIGHTED ROADWAY;CLEAR;0;0;;STOP AND GO SIGNAL;SPORT UTILITY;PASSENGER CAR;NONE;NONE;;2019-04-27T20:43:45-04:00;2019;No;No;4;20
CARY;TWO-WAY,NOT DIVIDED;DAYLIGHT;CLEAR;0;0;;STOP SIGN;PASSENGER CAR;SPORT UTILITY;NONE;NONE;;2019-04-25T17:22:55-04:00;2019;No;No;4;17
.16 MILES FROM PVA DELUTH TRADING(301 CROSSRO;TWO-WAY,DIVIDED,UNPROTECTED MEDIAN;DAYLIGHT;CLEAR;0;1;;STOP AND GO SIGNAL;PASSENGER CAR;PASSENGER CAR;NONE;NONE;;2019-04-27T15:15:15-04:00;2019;No;Yes;4;15
.1 MILES FROM TOWN COMMONS DR;TWO-WAY,NOT DIVIDED;DAYLIGHT;CLEAR;0;0;;NO CONTROL PRESENT;PASSENGER CAR;PASSENGER CAR;NONE;NONE;;2019-04-27T08:25:41-04:00;2019;No;No;4;08
100 FEET FROM PVA (6630 GOOD HOPE CHURCH RD);TWO-WAY,NOT DIVIDED;DAYLIGHT;CLEAR;0;0;;NO CONTROL PRESENT;PASSENGER CAR;PASSENGER CAR;NONE;NONE;;2019-04-28T15:43:55-04:00;2019;No;No;4;15
40 FEET FROM              W CHATHAM ST;TWO-WAY,NOT DIVIDED;DAYLIGHT;CLEAR;0;0;;NO CONTROL PRESENT;PASSENGER CAR;PASSENGER CAR;NONE;NONE;;2019-04-29T19:38:59-04:00;2019;No;No;4;19
25 FEET FROM SR 4067 (REGECNY PKWY);TWO-WAY,DIVIDED,UNPROTECTED MEDIAN;DAYLIGHT;CLEAR;0;0;;STOP AND GO SIGNAL;PICKUP;PASSENGER CAR;NONE;NONE;;2019-04-30T07:09:11-04:00;2019;No;No;4;07
CARY;TWO-WAY,DIVIDED,UNPROTECTED MEDIAN;DAYLIGHT;CLEAR;0;1;;STOP AND GO SIGNAL;SPORT UTILITY;NONE;NONE;NONE;;2019-04-30T20:47:30-04:00;2019;No;Yes;4;20
10 FEET FROM NC 55 HWY;TWO-WAY,DIVIDED,UNPROTECTED MEDIAN;DAYLIGHT;CLEAR;0;0;;STOP AND GO SIGNAL;SPORT UTILITY;PASSENGER CAR;NONE;NONE;;2019-05-01T12:59:00-04:00;2019;No;No;5;12
50 FEET FROM PVA OF 1920 NW MAYNARD RD;TWO-WAY,NOT DIVIDED;DAYLIGHT;CLEAR;0;0;;NO CONTROL PRESENT;PASSENGER CAR;SINGLE UNIT TRUCK (2-AXLE- 6-TIRE);NONE;NONE;;2019-05-01T15:22:30-04:00;2019;No;No;5;15
100 FEET FROM SR-1300 KILDAIRE FARM RD;TWO-WAY,DIVIDED,UNPROTECTED MEDIAN;DAYLIGHT;CLEAR;0;0;;NO CONTROL PRESENT;SPORT UTILITY;SPORT UTILITY;NONE;NONE;;2019-05-01T20:11:05-04:00;2019;No;No;5;20
CARY;TWO-WAY,DIVIDED,UNPROTECTED MEDIAN;DAYLIGHT;CLEAR;0;0;;STOP AND GO SIGNAL;PICKUP;PICKUP;NONE;NONE;;2019-05-02T18:51:39-04:00;2019;No;No;5;18
CARY;TWO-WAY,NOT DIVIDED;DAYLIGHT;CLEAR;0;0;;STOP AND GO SIGNAL;SPORT UTILITY;SPORT UTILITY;NONE;NONE;;2019-05-02T20:22:00-04:00;2019;No;No;5;20
100 FEET FROM PVA WALMART 973 N HARRISON AVE;TWO-WAY,NOT DIVIDED;DAYLIGHT;CLEAR;0;0;;NO CONTROL PRESENT;PASSENGER CAR;PASSENGER CAR;PASSENGER CAR;NONE;;2019-05-02T11:13:00-04:00;2019;No;No;5;11
25 FEET FROM DRIVEWAY (301 SE MAYNARD RD);ONE-WAY,NOT DIVIDED;DAYLIGHT;CLEAR;0;0;;NO CONTROL PRESENT;PASSENGER CAR;PASSENGER CAR;NONE;NONE;;2019-04-28T08:15:26-04:00;2019;No;No;4;08
200 FEET FROM SR 1152 WALNUT ST;TWO-WAY,DIVIDED,POSITIVE MEDIAN BARRIER;DAYLIGHT;CLEAR;0;0;;NO CONTROL PRESENT;SPORT UTILITY;PASSENGER CAR;NONE;NONE;;2019-05-03T15:02:40-04:00;2019;No;No;5;15
200 FEET FROM SR 1415 (SE MAYNARD RD);TWO-WAY,DIVIDED,UNPROTECTED MEDIAN;DAYLIGHT;CLOUDY;0;0;;NO CONTROL PRESENT;SPORT UTILITY;PASSENGER CAR;NONE;NONE;;2019-05-03T13:15:58-04:00;2019;No;No;5;13
100 FEET FROM SR-1415 NE MAYNARD RD;TWO-WAY,DIVIDED,UNPROTECTED MEDIAN;DAYLIGHT;CLEAR;0;0;;STOP AND GO SIGNAL;PASSENGER CAR;PASSENGER CAR;NONE;NONE;;2019-05-03T19:41:29-04:00;2019;No;No;5;19
333 FEET FROM SR 1313 (WALNUT ST);TWO-WAY,NOT DIVIDED;DAYLIGHT;CLEAR;0;0;;STOP AND GO SIGNAL;PASSENGER CAR;NONE;NONE;NONE;;2019-05-01T20:22:03-04:00;2019;No;No;5;20
CARY;TWO-WAY,NOT DIVIDED;DAYLIGHT;CLEAR;0;1;;STOP AND GO SIGNAL;PASSENGER CAR;SPORT UTILITY;VAN;NONE;;2019-05-03T14:37:09-04:00;2019;No;Yes;5;14
15 FEET FROM SR 1633 (GREEN HOPE CHURCH RD);TWO-WAY,NOT DIVIDED;DAYLIGHT;CLEAR;0;0;;STOP SIGN;SPORT UTILITY;PICKUP;NONE;NONE;;2019-05-04T16:29:26-04:00;2019;No;No;5;16
134 FEET FROM SR 1615 (HIGH HOUSE RD);TWO-WAY,DIVIDED,UNPROTECTED MEDIAN;DAYLIGHT;CLEAR;0;0;;NO CONTROL PRESENT;PICKUP;SPORT UTILITY;NONE;NONE;;2019-05-05T12:25:00-04:00;2019;No;No;5;12
50 FEET FROM SR 1626 (YATES STORE RD);TWO-WAY,DIVIDED,UNPROTECTED MEDIAN;DAYLIGHT;CLEAR;0;0;;NO CONTROL PRESENT;PASSENGER CAR;SPORT UTILITY;NONE;NONE;;2019-05-04T21:02:43-04:00;2019;No;No;5;21
5 FEET FROM US 1 HWY;ONE-WAY,NOT DIVIDED;DAWN;CLEAR;0;0;;STOP AND GO SIGNAL;PICKUP;PASSENGER CAR;NONE;NONE;;2019-05-06T06:38:20-04:00;2019;No;No;5;06
5 FEET FROM S.R. 1011 (E. CHATHAM ST);TWO-WAY,NOT DIVIDED;DAYLIGHT;CLEAR;0;0;;STOP AND GO SIGNAL;PASSENGER CAR;SPORT UTILITY;NONE;NONE;;2019-05-04T10:41:00-04:00;2019;No;No;5;10
.24 MILES FROM US 1;TWO-WAY,DIVIDED,POSITIVE MEDIAN BARRIER;DAYLIGHT;CLEAR;0;0;;NO CONTROL PRESENT;PICKUP;PASSENGER CAR;NONE;NONE;;2019-05-06T07:25:01-04:00;2019;No;No;5;07
.2 MILES FROM HWY US 1;TWO-WAY,DIVIDED,POSITIVE MEDIAN BARRIER;DAYLIGHT;CLEAR;0;0;;NO CONTROL PRESENT;PASSENGER CAR;PASSENGER CAR;NONE;NONE;;2019-05-06T07:55:30-04:00;2019;No;No;5;07
CARY;TWO-WAY,NOT DIVIDED;DAYLIGHT;CLEAR;0;0;;STOP SIGN;PASSENGER CAR;PASSENGER CAR;NONE;NONE;;2019-05-06T14:24:53-04:00;2019;No;No;5;14
179 FEET FROM P.V.A (575 NEW WAVERLY PL);TWO-WAY,NOT DIVIDED;DAYLIGHT;CLEAR;0;0;;NO CONTROL PRESENT;PASSENGER CAR;PASSENGER CAR;NONE;NONE;;2019-05-06T16:06:34-04:00;2019;No;No;5;16
0 FEET FROM SR 5808 (E CHATHAM ST);ONE-WAY,NOT DIVIDED;DAYLIGHT;CLEAR;0;0;;YIELD SIGN;PASSENGER CAR;PASSENGER CAR;NONE;NONE;;2019-05-02T19:47:27-04:00;2019;No;No;5;19
50 FEET FROM PVA OF 748 E CHATHAM ST;TWO-WAY,NOT DIVIDED;DAYLIGHT;CLEAR;0;0;;NO CONTROL PRESENT;PASSENGER CAR;PASSENGER CAR;NONE;NONE;;2019-05-07T19:49:54-04:00;2019;No;No;5;19
CARY;TWO-WAY,DIVIDED,UNPROTECTED MEDIAN;DAYLIGHT;CLEAR;0;0;;STOP SIGN;PASSENGER CAR;PASSENGER CAR;NONE;NONE;;2019-05-03T13:42:15-04:00;2019;No;No;5;13
400 FEET FROM P.V.A. (300 ASHVILLE AVE);ONE-WAY,NOT DIVIDED;DAYLIGHT;CLEAR;0;0;;NO CONTROL PRESENT;PASSENGER CAR;PASSENGER CAR;NONE;NONE;;2019-05-07T11:11:00-04:00;2019;No;No;5;11
CARY;TWO-WAY,DIVIDED,UNPROTECTED MEDIAN;DAYLIGHT;CLEAR;0;0;;STOP AND GO SIGNAL;PASSENGER CAR;SPORT UTILITY;NONE;NONE;;2019-05-09T17:49:53-04:00;2019;No;No;5;17
90 FEET FROM PVA PEG ST;TWO-WAY,NOT DIVIDED;DAYLIGHT;CLEAR;0;0;COMING FROM BEHIND PARKED VEHICLE;NO CONTROL PRESENT;SPORT UTILITY;NONE;NONE;NONE;;2019-05-06T18:42:28-04:00;2019;No;No;5;18
.1 MILES FROM S.R. 3112 (NW CARY PKWY);TWO-WAY,DIVIDED,UNPROTECTED MEDIAN;DAYLIGHT;CLEAR;0;0;;NO CONTROL PRESENT;PASSENGER CAR;PASSENGER CAR;PASSENGER CAR;SPORT UTILITY;SPORT UTILITY;2019-05-09T18:07:59-04:00;2019;No;No;5;18
.50 MILES FROM US 1 HWY;TWO-WAY,DIVIDED,POSITIVE MEDIAN BARRIER;DUSK;CLEAR;0;0;;NO CONTROL PRESENT;SPORT UTILITY;NONE;NONE;NONE;;2019-05-09T19:39:43-04:00;2019;No;No;5;19
70 FEET FROM P.V.A. 204 DAVIS GROVE CIR;TWO-WAY,NOT DIVIDED;DAYLIGHT;CLEAR;0;0;;NO CONTROL PRESENT;SPORT UTILITY;PASSENGER CAR;NONE;NONE;;2019-05-09T17:12:14-04:00;2019;No;No;5;17
15 FEET FROM SR-1379 PENNY RD;TWO-WAY,NOT DIVIDED;DAYLIGHT;CLOUDY;0;1;;STOP AND GO SIGNAL;PASSENGER CAR;PASSENGER CAR;NONE;NONE;;2019-05-10T14:32:06-04:00;2019;No;Yes;5;14
CARY;ONE-WAY,NOT DIVIDED;DUSK;CLEAR;0;0;;NO CONTROL PRESENT;PASSENGER CAR;PASSENGER CAR;NONE;NONE;;2019-05-10T20:51:42-04:00;2019;No;No;5;20
30 FEET FROM SR 1319(JONES FRANKLIN);TWO-WAY,NOT DIVIDED;DAYLIGHT;CLEAR;0;0;;STOP AND GO SIGNAL;VAN;PASSENGER CAR;NONE;NONE;;2019-05-11T15:17:57-04:00;2019;No;No;5;15
400 FEET FROM PVA (980 KILDAIRE FARM RD);ONE-WAY,NOT DIVIDED;DARK - LIGHTED ROADWAY;CLOUDY;0;0;;NO CONTROL PRESENT;PASSENGER CAR;NONE;NONE;NONE;;2019-05-11T23:37:00-04:00;2019;No;No;5;23
CARY;TWO-WAY,NOT DIVIDED;DAYLIGHT;CLEAR;1;0;;STOP SIGN;PASSENGER CAR;NONE;NONE;NONE;;2019-05-10T09:08:47-04:00;2019;Yes;No;5;09
.17 MILES FROM P.V.A. 2700 LOUIS STEPHENS DR;TWO-WAY,NOT DIVIDED;DAYLIGHT;CLEAR;0;0;;NO CONTROL PRESENT;VAN;PASSENGER CAR;NONE;NONE;;2019-05-11T07:53:53-04:00;2019;No;No;5;07
CARY;TWO-WAY,NOT DIVIDED;DAYLIGHT;CLEAR;0;0;;STOP SIGN;PASSENGER CAR;PASSENGER CAR;NONE;NONE;;2019-05-13T17:00:41-04:00;2019;No;No;5;17
50 FEET FROM SR 1635 (MCCRIMMON PKWY);TWO-WAY,DIVIDED,UNPROTECTED MEDIAN;DAYLIGHT;CLEAR;0;0;;STOP AND GO SIGNAL;SPORT UTILITY;PASSENGER CAR;PASSENGER CAR;NONE;;2019-05-13T18:52:20-04:00;2019;No;No;5;18
20 FEET FROM SR 1313 (WALNUT ST);TWO-WAY,DIVIDED,UNPROTECTED MEDIAN;DAYLIGHT;RAIN;0;0;;NO CONTROL PRESENT;PASSENGER CAR;VAN;NONE;NONE;;2019-05-13T12:47:00-04:00;2019;No;No;5;12
.33 MILES FROM HWY US 64;TWO-WAY,DIVIDED,UNPROTECTED MEDIAN;DAYLIGHT;CLOUDY;0;2;;STOP AND GO SIGNAL;PICKUP;PASSENGER CAR;NONE;NONE;;2019-05-12T10:47:00-04:00;2019;No;Yes;5;10
75 FEET FROM SR 1010(TEN TEN RD);TWO-WAY,NOT DIVIDED;DAYLIGHT;CLOUDY;0;0;;STOP AND GO SIGNAL;PASSENGER CAR;PASSENGER CAR;NONE;NONE;;2019-05-13T10:45:00-04:00;2019;No;No;5;10
15 FEET FROM PVA 8010 TRYON WOODS DR;TWO-WAY,NOT DIVIDED;DAYLIGHT;CLEAR;0;0;;NO CONTROL PRESENT;PASSENGER CAR;PASSENGER CAR;NONE;NONE;;2019-05-14T15:05:32-04:00;2019;No;No;5;15
.01 MILES FROM PVA (1931 HIGH HOUSE RD);TWO-WAY,NOT DIVIDED;DAYLIGHT;CLEAR;0;0;;NO CONTROL PRESENT;PASSENGER CAR;SPORT UTILITY;NONE;NONE;;2019-05-15T16:02:06-04:00;2019;No;No;5;16
300 FEET FROM 1 HWY;TWO-WAY,DIVIDED,POSITIVE MEDIAN BARRIER;DAYLIGHT;CLEAR;0;0;;NO CONTROL PRESENT;VAN;PASSENGER CAR;NONE;NONE;;2019-05-15T13:23:44-04:00;2019;No;No;5;13
15 FEET FROM SR-1300 KILDAIRE FARM RD;TWO-WAY,DIVIDED,UNPROTECTED MEDIAN;DAYLIGHT;CLEAR;0;0;;STOP AND GO SIGNAL;PASSENGER CAR;SPORT UTILITY;NONE;NONE;;2019-05-16T06:42:09-04:00;2019;No;No;5;06
CARY;TWO-WAY,DIVIDED,POSITIVE MEDIAN BARRIER;DAYLIGHT;CLEAR;0;0;;STOP AND GO SIGNAL;PASSENGER CAR;PASSENGER CAR;NONE;NONE;;2019-05-15T17:15:20-04:00;2019;No;No;5;17
CARY;TWO-WAY,NOT DIVIDED;DAYLIGHT;CLEAR;0;0;;NO CONTROL PRESENT;PASSENGER CAR;PASSENGER CAR;NONE;NONE;;2019-05-15T17:16:15-04:00;2019;No;No;5;17
35 FEET FROM SR 3112 (NW CARY PKWY);TWO-WAY,DIVIDED,UNPROTECTED MEDIAN;DAYLIGHT;CLEAR;0;0;;STOP AND GO SIGNAL;SPORT UTILITY;PASSENGER CAR;PASSENGER CAR;NONE;;2019-05-15T16:03:07-04:00;2019;No;No;5;16
200 FEET FROM P.V.A. OF 1131 NOTTINGHAM CIR;TWO-WAY,NOT DIVIDED;DAYLIGHT;CLEAR;0;0;;NO CONTROL PRESENT;PASSENGER CAR;VAN;NONE;NONE;;2019-05-16T12:56:00-04:00;2019;No;No;5;12
40 FEET FROM PVA (203 HILLSBORO ST);ONE-WAY,NOT DIVIDED;DARK - LIGHTED ROADWAY;CLEAR;0;0;;NO CONTROL PRESENT;SPORT UTILITY;SPORT UTILITY;NONE;NONE;;2019-05-20T00:35:00-04:00;2019;No;No;5;00
CARY;TWO-WAY,NOT DIVIDED;DAYLIGHT;CLEAR;0;1;;STOP SIGN;PASSENGER CAR;SPORT UTILITY;NONE;NONE;;2019-05-17T14:53:51-04:00;2019;No;Yes;5;14
.2 MILES FROM SR 1300 (KILDAIRE FARM RD);TWO-WAY,NOT DIVIDED;DAYLIGHT;CLEAR;0;0;;STOP AND GO SIGNAL;PASSENGER CAR;SPORT UTILITY;NONE;NONE;;2019-05-17T17:39:29-04:00;2019;No;No;5;17
25 FEET FROM P.V.A. (1299 KILDAIRE FARM RD);TWO-WAY,NOT DIVIDED;DAYLIGHT;CLEAR;0;0;;NO CONTROL PRESENT;PICKUP;SPORT UTILITY;NONE;NONE;;2019-05-18T10:56:00-04:00;2019;No;No;5;10