Location_Description;Road_Configuration;Light_Condition;Weather;Fatality;Injury;Contributing_Factor;Traffic_Control;Vehicle1;Vehicle2;Vehicle3;Vehicle4;Vehicle5;Crash_Date;year;Fatalities;Injuries;Month;Hour
0.25 MILES FROM US 1;TWO-WAY,DIVIDED,POSITIVE MEDIAN BARRIER;DAYLIGHT;CLEAR;0;0;;NO CONTROL PRESENT;PASSENGER CAR;PASSENGER CAR;NONE;NONE;;2019-05-18T11:30:00-04:00;2019;No;No;5;11
50 FEET FROM SR 3977 (SE CARY PARKWAY);TWO-WAY,DIVIDED,UNPROTECTED MEDIAN;DAYLIGHT;CLEAR;0;1;;STOP AND GO SIGNAL;SPORT UTILITY;PASSENGER CAR;NONE;NONE;;2019-05-19T10:45:00-04:00;2019;No;Yes;5;10
50 FEET FROM OLD TRINITY CIR;TWO-WAY,NOT DIVIDED;DAYLIGHT;CLEAR;0;0;;NO CONTROL PRESENT;PASSENGER CAR;PASSENGER CAR;NONE;NONE;;2019-05-20T18:38:27-04:00;2019;No;No;5;18
CARY;TWO-WAY,DIVIDED,POSITIVE MEDIAN BARRIER;DARK - LIGHTED ROADWAY;CLEAR;0;0;;FLASHING STOP AND GO SIGNAL;PASSENGER CAR;NONE;NONE;NONE;;2019-05-18T04:36:50-04:00;2019;No;No;5;04
.5 MILES FROM (SR 1002) AVIATION PKWY;TWO-WAY,DIVIDED,UNPROTECTED MEDIAN;DAYLIGHT;CLEAR;0;0;;DOUBLE YELLOW LINE, NO PASSING ZONE;PASSENGER CAR;PASSENGER CAR;NONE;NONE;;2019-05-20T20:45:31-04:00;2019;No;No;5;20
CARY;TWO-WAY,NOT DIVIDED;DAYLIGHT;CLEAR;0;2;;STOP SIGN;PASSENGER CAR;PASSENGER CAR;NONE;NONE;;2019-05-20T18:44:02-04:00;2019;No;Yes;5;18
CARY;TWO-WAY,NOT DIVIDED;DAYLIGHT;CLEAR;0;0;;STOP AND GO SIGNAL;SPORT UTILITY;PASSENGER CAR;NONE;NONE;;2019-05-19T22:19:00-04:00;2019;No;No;5;22
85 FEET FROM SR 1315 (BUCK JONES RD);TWO-WAY,NOT DIVIDED;DARK - LIGHTED ROADWAY;CLEAR;0;0;;NO CONTROL PRESENT;PASSENGER CAR;PASSENGER CAR;NONE;NONE;;2019-05-20T20:48:54-04:00;2019;No;No;5;20
0 MILES FROM US 64 HWY;TWO-WAY,DIVIDED,POSITIVE MEDIAN BARRIER;DAYLIGHT;CLEAR;0;1;;STOP AND GO SIGNAL;PASSENGER CAR;PASSENGER CAR;NONE;NONE;;2019-05-21T16:24:20-04:00;2019;No;Yes;5;16
.2 MILES FROM 1 HWY;TWO-WAY,DIVIDED,POSITIVE MEDIAN BARRIER;DAYLIGHT;CLEAR;0;0;;NO CONTROL PRESENT;PASSENGER CAR;NONE;NONE;NONE;;2019-05-22T06:48:46-04:00;2019;No;No;5;06
CARY;TWO-WAY,NOT DIVIDED;DAYLIGHT;CLEAR;0;0;;STOP AND GO SIGNAL;PASSENGER CAR;PASSENGER CAR;NONE;NONE;;2019-05-22T08:07:42-04:00;2019;No;No;5;08
375 FEET FROM DRAYMORE WAY;TWO-WAY,NOT DIVIDED;DAYLIGHT;CLEAR;0;0;;NO CONTROL PRESENT;NONE;LIGHT TRUCK (MINI-VAN- PANEL);NONE;NONE;;2019-05-21T11:53:00-04:00;2019;No;No;5;11
360 FEET FROM P.V.A. (836 E CHATHAM ST);TWO-WAY,NOT DIVIDED;DAYLIGHT;CLOUDY;0;0;;NO CONTROL PRESENT;PASSENGER CAR;PICKUP;NONE;NONE;;2019-05-22T12:31:00-04:00;2019;No;No;5;12
100 FEET FROM US 64;TWO-WAY,DIVIDED,UNPROTECTED MEDIAN;DAYLIGHT;CLEAR;0;0;;STOP AND GO SIGNAL;PASSENGER CAR;PASSENGER CAR;NONE;NONE;;2019-05-22T15:41:40-04:00;2019;No;No;5;15
180 FEET FROM P.P. (824 OLD APEX RD);TWO-WAY,NOT DIVIDED;DAYLIGHT;CLOUDY;0;0;;NO CONTROL PRESENT;PASSENGER CAR;PASSENGER CAR;NONE;NONE;;2019-05-22T16:22:35-04:00;2019;No;No;5;16
.05 MILES FROM PVA OF 7600 ROBERTS RD;TWO-WAY,NOT DIVIDED;DAYLIGHT;CLEAR;0;0;;NO CONTROL PRESENT;PASSENGER CAR;NONE;NONE;NONE;;2019-05-21T06:52:57-04:00;2019;No;No;5;06
50 FEET FROM SR 1300 (KILDARE FARM RD);TWO-WAY,DIVIDED,UNPROTECTED MEDIAN;DAYLIGHT;CLEAR;0;0;;STOP SIGN;VAN;PASSENGER CAR;PICKUP;NONE;;2019-05-23T17:28:04-04:00;2019;No;No;5;17
150 FEET FROM P.V.A. 980 KILDAIRE FARM RD;TWO-WAY,NOT DIVIDED;DAYLIGHT;CLEAR;0;0;;NO CONTROL PRESENT;PICKUP;PASSENGER CAR;NONE;NONE;;2019-05-24T14:19:01-04:00;2019;No;No;5;14
CARY;ONE-WAY,NOT DIVIDED;DAYLIGHT;CLEAR;0;0;;STOP AND GO SIGNAL;SPORT UTILITY;PASSENGER CAR;NONE;NONE;;2019-05-24T14:04:17-04:00;2019;No;No;5;14
CARY;ONE-WAY,NOT DIVIDED;DAYLIGHT;CLEAR;0;0;;STOP AND GO SIGNAL;VAN;NONE;NONE;NONE;;2019-05-24T14:01:55-04:00;2019;No;No;5;14
CARY;TWO-WAY,DIVIDED,UNPROTECTED MEDIAN;DAYLIGHT;CLEAR;0;0;;STOP AND GO SIGNAL;NONE;PASSENGER CAR;NONE;NONE;;2019-05-25T22:41:00-04:00;2019;No;No;5;22
50 FEET FROM S.R. 1300(KILDAIRE FARM RD);TWO-WAY,DIVIDED,UNPROTECTED MEDIAN;DAYLIGHT;CLEAR;0;0;;NO CONTROL PRESENT;PASSENGER CAR;PASSENGER CAR;NONE;NONE;;2019-05-25T08:48:40-04:00;2019;No;No;5;08
20 FEET FROM RUTHERGLEN DR;TWO-WAY,NOT DIVIDED;DAYLIGHT;CLEAR;0;0;;NO CONTROL PRESENT;PASSENGER CAR;PICKUP;NONE;NONE;;2019-05-28T10:47:00-04:00;2019;No;No;5;10
.1 MILES FROM P.V.A. 1515 SW CARY PKWY;TWO-WAY,NOT DIVIDED;DAYLIGHT;CLEAR;0;0;;NO CONTROL PRESENT;PICKUP;PASSENGER CAR;NONE;NONE;;2019-05-28T12:38:00-04:00;2019;No;No;5;12
15 FEET FROM SR 1300 (KILDARE FARM RD);TWO-WAY,DIVIDED,UNPROTECTED MEDIAN;DAYLIGHT;CLEAR;0;0;;STOP AND GO SIGNAL;VAN;SPORT UTILITY;NONE;NONE;;2019-05-28T17:29:11-04:00;2019;No;No;5;17
500 FEET FROM WESTON PKWY;TWO-WAY,DIVIDED,UNPROTECTED MEDIAN;DAYLIGHT;CLEAR;0;0;;NO CONTROL PRESENT;PASSENGER CAR;NONE;NONE;NONE;;2019-05-28T08:50:44-04:00;2019;No;No;5;08
.3 MILES FROM US 1;TWO-WAY,DIVIDED,POSITIVE MEDIAN BARRIER;DAYLIGHT;CLEAR;0;2;;NO CONTROL PRESENT;SPORT UTILITY;VAN;NONE;NONE;;2019-05-28T08:57:36-04:00;2019;No;Yes;5;08
75 FEET FROM ROSEBROOKS DR;TWO-WAY,NOT DIVIDED;DARK - UNKNOWN LIGHTING;CLEAR;0;0;;NO CONTROL PRESENT;PASSENGER CAR;PICKUP;NONE;NONE;;2019-05-29T07:43:22-04:00;2019;No;No;5;07
0 FEET FROM S WALKER ST;TWO-WAY,NOT DIVIDED;DAYLIGHT;CLEAR;0;1;;STOP SIGN;PASSENGER CAR;MOTOR HOME/RECREATIONAL VEHICLE;NONE;NONE;;2019-05-28T13:31:29-04:00;2019;No;Yes;5;13
750 FEET FROM CHAUMOUNT DR;TWO-WAY,NOT DIVIDED;DAYLIGHT;CLEAR;0;0;;NO CONTROL PRESENT;PASSENGER CAR;LIGHT TRUCK (MINI-VAN- PANEL);NONE;NONE;;2019-05-28T14:40:00-04:00;2019;No;No;5;14
CARY;TWO-WAY,NOT DIVIDED;DAYLIGHT;CLEAR;0;0;;NO CONTROL PRESENT;PASSENGER CAR;PASSENGER CAR;NONE;NONE;;2019-05-29T16:43:06-04:00;2019;No;No;5;16
95 FEET FROM P.V.A. (1803 N  HARRISON AV);ONE-WAY,NOT DIVIDED;DAYLIGHT;CLEAR;0;0;;NO CONTROL PRESENT;PICKUP;PASSENGER CAR;NONE;NONE;;2019-05-29T15:30:50-04:00;2019;No;No;5;15
10 FEET FROM KIT CREEK RD;TWO-WAY,DIVIDED,UNPROTECTED MEDIAN;DAYLIGHT;CLEAR;0;0;;NO CONTROL PRESENT;PICKUP;SPORT UTILITY;PASSENGER CAR;NONE;;2019-05-30T08:14:10-04:00;2019;No;No;5;08
0 FEET FROM S WALKER ST;NONE;NONE;NONE;0;0;;;NONE;NONE;NONE;NONE;;2019-05-28T12:53:00-04:00;2019;No;No;5;12
100 FEET FROM PVA OF 101 KINDLETREE CT;TWO-WAY,NOT DIVIDED;DAYLIGHT;CLEAR;0;0;;NO CONTROL PRESENT;PASSENGER CAR;PASSENGER CAR;NONE;NONE;;2019-05-29T08:43:28-04:00;2019;No;No;5;08
100 FEET FROM SR 1001 (E. CHATHAM ST.);TWO-WAY,NOT DIVIDED;DAYLIGHT;CLEAR;0;0;;NO CONTROL PRESENT;SPORT UTILITY;PASSENGER CAR;NONE;NONE;;2019-05-30T18:09:11-04:00;2019;No;No;5;18
75 FEET FROM SR 3977(SE CARY PKWY);TWO-WAY,DIVIDED,UNPROTECTED MEDIAN;DAYLIGHT;CLEAR;0;2;;NO CONTROL PRESENT;SPORT UTILITY;NONE;NONE;NONE;;2019-05-28T15:01:48-04:00;2019;No;Yes;5;15
273 FEET FROM NC 55 HWY;TWO-WAY,DIVIDED,UNPROTECTED MEDIAN;DAYLIGHT;CLEAR;0;1;;STOP AND GO SIGNAL;PICKUP;PASSENGER CAR;NONE;NONE;;2019-05-30T10:11:00-04:00;2019;No;Yes;5;10
.25 MILES FROM SR1625 GREEN LEVEL CHURCH RD;TWO-WAY,DIVIDED,UNPROTECTED MEDIAN;DARK - LIGHTED ROADWAY;CLEAR;0;0;;NO CONTROL PRESENT;PASSENGER CAR;NONE;NONE;NONE;;2019-05-31T01:45:26-04:00;2019;No;No;5;01
475 FEET FROM NC 55 HWY;TWO-WAY,DIVIDED,UNPROTECTED MEDIAN;DAYLIGHT;CLEAR;0;0;;NO CONTROL PRESENT;PASSENGER CAR;PASSENGER CAR;NONE;NONE;;2019-06-01T11:33:00-04:00;2019;No;No;6;11
.05 MILES FROM FUMAGALLI DR;TWO-WAY,NOT DIVIDED;DUSK;CLEAR;0;0;;NO CONTROL PRESENT;PASSENGER CAR;SPORT UTILITY;NONE;NONE;;2019-05-09T18:13:25-04:00;2019;No;No;5;18
CARY;TWO-WAY,NOT DIVIDED;DUSK;RAIN;0;0;;STOP AND GO SIGNAL;PASSENGER CAR;PICKUP;NONE;NONE;;2019-05-31T20:13:32-04:00;2019;No;No;5;20
75 FEET FROM 2000 WALNUT ST PVA;TWO-WAY,NOT DIVIDED;DAYLIGHT;CLOUDY;0;0;;NO CONTROL PRESENT;PASSENGER CAR;PASSENGER CAR;NONE;NONE;;2019-05-31T01:32:24-04:00;2019;No;No;5;01
100 FEET FROM SR# 1300 (KILDAIRE FARM RD);TWO-WAY,DIVIDED,UNPROTECTED MEDIAN;DUSK;RAIN;0;0;;NO CONTROL PRESENT;PASSENGER CAR;PASSENGER CAR;NONE;NONE;;2019-05-31T19:32:02-04:00;2019;No;No;5;19
CARY;TWO-WAY,DIVIDED,UNPROTECTED MEDIAN;DAYLIGHT;CLEAR;0;0;;STOP AND GO SIGNAL;PASSENGER CAR;PASSENGER CAR;NONE;NONE;;2019-06-01T16:13:55-04:00;2019;No;No;6;16
CARY;TWO-WAY,DIVIDED,UNPROTECTED MEDIAN;DAYLIGHT;CLEAR;0;0;;STOP SIGN;SPORT UTILITY;SPORT UTILITY;NONE;NONE;;2019-06-03T13:12:43-04:00;2019;No;No;6;13
0 FEET FROM SR 1300 (KILDAIRE FARM RD);TWO-WAY,DIVIDED,UNPROTECTED MEDIAN;DAYLIGHT;CLEAR;0;0;;STOP AND GO SIGNAL;PASSENGER CAR;PICKUP;NONE;NONE;;2019-06-04T07:44:57-04:00;2019;No;No;6;07
0 FEET FROM WESTON PKWY;TWO-WAY,DIVIDED,POSITIVE MEDIAN BARRIER;DAYLIGHT;CLEAR;0;0;;STOP AND GO SIGNAL;PASSENGER CAR;PASSENGER CAR;NONE;NONE;;2019-06-04T18:31:03-04:00;2019;No;No;6;18
CARY;TWO-WAY,NOT DIVIDED;DAYLIGHT;CLEAR;0;0;;NO CONTROL PRESENT;PASSENGER CAR;NONE;NONE;NONE;;2019-06-05T07:15:20-04:00;2019;No;No;6;07
300 FEET FROM SR 3977 CARY PKWY;TWO-WAY,DIVIDED,UNPROTECTED MEDIAN;DAYLIGHT;CLEAR;0;1;;NO CONTROL PRESENT;PASSENGER CAR;LIGHT TRUCK (MINI-VAN- PANEL);NONE;NONE;;2019-06-04T18:56:40-04:00;2019;No;Yes;6;18
40 FEET FROM SKYE LN;TWO-WAY,NOT DIVIDED;DAYLIGHT;CLOUDY;0;0;;NO CONTROL PRESENT;PASSENGER CAR;SPORT UTILITY;NONE;NONE;;2019-06-07T07:33:20-04:00;2019;No;No;6;07
30 FEET FROM NC 55 HWY;TWO-WAY,DIVIDED,UNPROTECTED MEDIAN;DAYLIGHT;CLOUDY;0;0;;NO CONTROL PRESENT;SPORT UTILITY;SPORT UTILITY;NONE;NONE;;2019-06-07T07:50:16-04:00;2019;No;No;6;07
0 FEET FROM SR 1415 SW MAYNARD RD;TWO-WAY,DIVIDED,UNPROTECTED MEDIAN;DAYLIGHT;RAIN;0;2;;STOP AND GO SIGNAL;SPORT UTILITY;PASSENGER CAR;NONE;NONE;;2019-06-07T14:30:03-04:00;2019;No;Yes;6;14
370 FEET FROM P.V.A. (1515 SW CARY PKWY);TWO-WAY,NOT DIVIDED;DAYLIGHT;CLOUDY;0;0;;NO CONTROL PRESENT;SPORT UTILITY;PASSENGER CAR;NONE;NONE;;2019-06-08T11:23:00-04:00;2019;No;No;6;11
0 FEET FROM SR 1415 (NW MAYNARD RD);TWO-WAY,DIVIDED,UNPROTECTED MEDIAN;DAYLIGHT;CLOUDY;0;2;;STOP AND GO SIGNAL;PASSENGER CAR;PASSENGER CAR;NONE;NONE;;2019-06-08T15:34:31-04:00;2019;No;Yes;6;15
81 FEET FROM P.V.A (3630 OLD RALEIGH RD);TWO-WAY,NOT DIVIDED;DAYLIGHT;CLOUDY;0;0;;STOP SIGN;SPORT UTILITY;SPORT UTILITY;NONE;NONE;;2019-06-08T15:59:49-04:00;2019;No;No;6;15
150 FEET FROM PVA OF PONY CLUB CIRCLE;ONE-WAY,NOT DIVIDED;DAYLIGHT;CLEAR;0;0;;NO CONTROL PRESENT;PASSENGER CAR;PICKUP;NONE;NONE;;2019-06-08T13:55:41-04:00;2019;No;No;6;13
0 FEET FROM NC 55 HWY;TWO-WAY,DIVIDED,UNPROTECTED MEDIAN;DAYLIGHT;RAIN;0;0;;STOP AND GO SIGNAL;VAN;NONE;NONE;NONE;;2019-06-08T08:18:18-04:00;2019;No;No;6;08
250 FEET FROM PVA OF 1200 MAROUBRA LOOP;TWO-WAY,NOT DIVIDED;DAYLIGHT;CLEAR;0;0;;NO CONTROL PRESENT;SINGLE UNIT TRUCK (2-AXLE- 6-TIRE);VAN;NONE;NONE;;2019-06-09T12:24:00-04:00;2019;No;No;6;12
112 FEET FROM PVA (8559 CHAPEL HILL RD);TWO-WAY,NOT DIVIDED;DAYLIGHT;CLEAR;0;0;;NO CONTROL PRESENT;SINGLE UNIT TRUCK (2-AXLE- 6-TIRE);NONE;NONE;NONE;;2019-06-10T08:18:04-04:00;2019;No;No;6;08
CARY;TWO-WAY,DIVIDED,UNPROTECTED MEDIAN;DAYLIGHT;CLEAR;0;0;;STOP SIGN;PICKUP;VAN;NONE;NONE;;2019-06-10T11:32:00-04:00;2019;No;No;6;11
75 FEET FROM P.V.A. (CRUSISERS GAS STATION);TWO-WAY,NOT DIVIDED;DARK - LIGHTED ROADWAY;RAIN;0;0;;NO CONTROL PRESENT;POLICE;PASSENGER CAR;NONE;NONE;;2019-06-10T22:47:00-04:00;2019;No;No;6;22
60 FEET FROM SR 1615 (HIGH HOUSE RD);TWO-WAY,NOT DIVIDED;DAYLIGHT;RAIN;0;0;;NO CONTROL PRESENT;PASSENGER CAR;PASSENGER CAR;NONE;NONE;;2019-06-12T14:05:17-04:00;2019;No;No;6;14
40 FEET FROM SR 3081 CHAPEL HILL RD;TWO-WAY,NOT DIVIDED;DAYLIGHT;CLOUDY;0;0;;STOP AND GO SIGNAL;PICKUP;PASSENGER CAR;NONE;NONE;;2019-06-12T13:46:43-04:00;2019;No;No;6;13
160 FEET FROM P.V.A. (2303 NW MAYNARD RD);TWO-WAY,NOT DIVIDED;DAYLIGHT;CLOUDY;0;0;;NO CONTROL PRESENT;PASSENGER CAR;NONE;NONE;NONE;;2019-06-12T11:27:00-04:00;2019;No;No;6;11
.25 MILES FROM SR 1300 KILDAIRE FARM RD;TWO-WAY,NOT DIVIDED;DAYLIGHT;RAIN;0;0;;NO CONTROL PRESENT;PASSENGER CAR;SPORT UTILITY;NONE;NONE;;2019-06-12T13:19:32-04:00;2019;No;No;6;13
200 FEET FROM KARPEN LN;TWO-WAY,NOT DIVIDED;DARK - LIGHTED ROADWAY;RAIN;0;0;;NO CONTROL PRESENT;PASSENGER CAR;PASSENGER CAR;NONE;NONE;;2019-06-12T06:10:47-04:00;2019;No;No;6;06
50 FEET FROM PVA (2101 LAKESIDE LOFTS CIR);TWO-WAY,NOT DIVIDED;DAYLIGHT;CLOUDY;0;0;;NO CONTROL PRESENT;SPORT UTILITY;PASSENGER CAR;NONE;NONE;;2019-06-12T13:36:01-04:00;2019;No;No;6;13
200 FEET FROM SR-3081 CHAPEL HILL RD;TWO-WAY,NOT DIVIDED;DUSK;RAIN;0;1;;NO CONTROL PRESENT;SPORT UTILITY;PASSENGER CAR;NONE;NONE;;2019-06-13T21:10:27-04:00;2019;No;Yes;6;21
.01 MILES FROM NC 55 HWY;TWO-WAY,DIVIDED,UNPROTECTED MEDIAN;DAYLIGHT;CLEAR;0;0;;NO CONTROL PRESENT;PASSENGER CAR;PASSENGER CAR;NONE;NONE;;2019-06-14T08:10:34-04:00;2019;No;No;6;08
.1 MILES FROM BUCK JONES RD;TWO-WAY,NOT DIVIDED;DAYLIGHT;CLEAR;0;0;;NO CONTROL PRESENT;SPORT UTILITY;PASSENGER CAR;NONE;NONE;;2019-06-15T19:43:15-04:00;2019;No;No;6;19
CARY;TWO-WAY,NOT DIVIDED;DAYLIGHT;CLEAR;0;0;;STOP AND GO SIGNAL;SPORT UTILITY;PASSENGER CAR;NONE;NONE;;2019-06-14T17:59:55-04:00;2019;No;No;6;17
.1 MILES FROM P.V.A. (2031 WALNUT ST);TWO-WAY,NOT DIVIDED;DAYLIGHT;CLEAR;0;0;;NO CONTROL PRESENT;SPORT UTILITY;VAN;NONE;NONE;;2019-06-15T14:31:05-04:00;2019;No;No;6;14
350 FEET FROM PVA OF 5055 ARCO ST;TWO-WAY,NOT DIVIDED;DAYLIGHT;CLEAR;0;0;;NO CONTROL PRESENT;PASSENGER CAR;SPORT UTILITY;NONE;NONE;;2019-06-16T14:40:25-04:00;2019;No;No;6;14
.161 MILES FROM P.V.A (2350 WALNUT ST);TWO-WAY,NOT DIVIDED;DAYLIGHT;CLEAR;0;0;;NO CONTROL PRESENT;PASSENGER CAR;PASSENGER CAR;NONE;NONE;;2019-06-17T10:39:00-04:00;2019;No;No;6;10
0 FEET FROM SR 1011 (E CHATHAM ST);TWO-WAY,NOT DIVIDED;DAYLIGHT;RAIN;0;3;;NO CONTROL PRESENT;SPORT UTILITY;NONE;NONE;NONE;;2019-06-12T13:58:19-04:00;2019;No;Yes;6;13
45 FEET FROM PVA 1220 SE MAYNARD RD;TWO-WAY,NOT DIVIDED;DAYLIGHT;CLEAR;0;0;;NO CONTROL PRESENT;PASSENGER CAR;PASSENGER CAR;NONE;NONE;;2019-06-17T15:57:55-04:00;2019;No;No;6;15
.1 MILES FROM 100 BLOCK CREST RD;TWO-WAY,NOT DIVIDED;DAYLIGHT;CLEAR;0;0;;NO CONTROL PRESENT;SPORT UTILITY;SPORT UTILITY;NONE;NONE;;2019-06-17T18:16:00-04:00;2019;No;No;6;18
40 FEET FROM SR 3081 CHAPEL HILL RD;TWO-WAY,NOT DIVIDED;DAYLIGHT;CLEAR;0;0;;NO CONTROL PRESENT;PASSENGER CAR;PASSENGER CAR;NONE;NONE;;2019-06-18T16:54:48-04:00;2019;No;No;6;16
CARY;TWO-WAY,NOT DIVIDED;DARK - LIGHTED ROADWAY;CLEAR;0;0;;STOP AND GO SIGNAL;PASSENGER CAR;SPORT UTILITY;NONE;NONE;;2019-06-18T21:45:47-04:00;2019;No;No;6;21
0.2 MILES FROM P.V.A. 1611 SR 1313 (WALNUT ST;TWO-WAY,NOT DIVIDED;DAYLIGHT;CLEAR;0;0;;NO CONTROL PRESENT;SPORT UTILITY;PASSENGER CAR;NONE;NONE;;2019-06-18T12:50:00-04:00;2019;No;No;6;12
80 FEET FROM SR 1613 (DAVIS DR);TWO-WAY,DIVIDED,UNPROTECTED MEDIAN;DAYLIGHT;CLEAR;0;0;;NO CONTROL PRESENT;PASSENGER CAR;PASSENGER CAR;NONE;NONE;;2019-06-18T18:53:38-04:00;2019;No;No;6;18
0 FEET FROM SR 1630 (GREEN LEVEL CHURCH RD;TWO-WAY,NOT DIVIDED;DARK - LIGHTED ROADWAY;RAIN;0;0;;STOP SIGN;PASSENGER CAR;NONE;NONE;NONE;;2019-06-07T02:41:18-04:00;2019;No;No;6;02
CARY;TWO-WAY,DIVIDED,UNPROTECTED MEDIAN;DAYLIGHT;RAIN;0;0;;STOP AND GO SIGNAL;PASSENGER CAR;SPORT UTILITY;NONE;NONE;;2019-06-20T17:34:56-04:00;2019;No;No;6;17
.01 MILES FROM SR 1300 (KILDAIRE FARM RD);TWO-WAY,DIVIDED,UNPROTECTED MEDIAN;DAYLIGHT;RAIN;0;0;;NO CONTROL PRESENT;SPORT UTILITY;NONE;NONE;NONE;;2019-06-20T18:42:10-04:00;2019;No;No;6;18
160 FEET FROM PVA 222 GREGSON DR;TWO-WAY,NOT DIVIDED;DAYLIGHT;RAIN;0;1;;NO CONTROL PRESENT;PASSENGER CAR;VAN;NONE;NONE;;2019-06-20T17:14:40-04:00;2019;No;Yes;6;17
400 FEET FROM P.V.A. (13000 WESTON PKWY);TWO-WAY,NOT DIVIDED;DAYLIGHT;CLEAR;0;0;;NO CONTROL PRESENT;PASSENGER CAR;NONE;NONE;NONE;;2019-06-21T07:19:00-04:00;2019;No;No;6;07
CARY;TWO-WAY,NOT DIVIDED;DAYLIGHT;CLEAR;0;0;;NO CONTROL PRESENT;VAN;PASSENGER CAR;NONE;NONE;;2019-06-21T12:50:00-04:00;2019;No;No;6;12
50 FEET FROM P.V.A. (205 S ACADEMY ST);TWO-WAY,NOT DIVIDED;DAYLIGHT;CLEAR;0;0;;NO CONTROL PRESENT;VAN;PASSENGER CAR;NONE;NONE;;2019-06-21T12:52:00-04:00;2019;No;No;6;12
106 FEET FROM KING ST;TWO-WAY,NOT DIVIDED;DAYLIGHT;CLEAR;0;0;;NO CONTROL PRESENT;SPORT UTILITY;PASSENGER CAR;NONE;NONE;;2019-06-21T14:51:26-04:00;2019;No;No;6;14
75 FEET FROM GRIFFIS ST;TWO-WAY,NOT DIVIDED;DAYLIGHT;CLEAR;0;0;;NO CONTROL PRESENT;PASSENGER CAR;NONE;NONE;NONE;;2019-06-21T17:00:06-04:00;2019;No;No;6;17
0 FEET FROM SR 1497 (CARY TOWNE BLVD);TWO-WAY,DIVIDED,UNPROTECTED MEDIAN;DAYLIGHT;CLOUDY;0;2;;STOP AND GO SIGNAL;SPORT UTILITY;SPORT UTILITY;NONE;NONE;;2019-06-23T10:00:00-04:00;2019;No;Yes;6;10
100 FEET FROM SR 1009 TRYON RD;TWO-WAY,DIVIDED,UNPROTECTED MEDIAN;DAYLIGHT;RAIN;0;2;;NO CONTROL PRESENT;SPORT UTILITY;PASSENGER CAR;SPORT UTILITY;NONE;;2019-06-20T22:58:00-04:00;2019;No;Yes;6;22
.1 MILES FROM P.V.A. 2881 JONES FRANKLIN RD;TWO-WAY,NOT DIVIDED;DARK - LIGHTED ROADWAY;CLEAR;0;0;;NO CONTROL PRESENT;PASSENGER CAR;PASSENGER CAR;NONE;NONE;;2019-06-21T20:49:20-04:00;2019;No;No;6;20
70 FEET FROM SR 5808 (E CHATHAM ST);TWO-WAY,DIVIDED,UNPROTECTED MEDIAN;DAYLIGHT;CLOUDY;0;0;;DOUBLE YELLOW LINE, NO PASSING ZONE;PASSENGER CAR;NONE;NONE;NONE;;2019-06-23T15:08:54-04:00;2019;No;No;6;15
CARY;NONE;NONE;NONE;0;0;;;NONE;NONE;NONE;NONE;;2019-04-30T00:00:00-04:00;2019;No;No;4;00
430 FEET FROM S.R. 3060 (MORRISVILLE PKWY);TWO-WAY,DIVIDED,UNPROTECTED MEDIAN;DARK - LIGHTED ROADWAY;CLEAR;0;0;;NO CONTROL PRESENT;PASSENGER CAR;NONE;NONE;NONE;;2019-06-24T03:40:42-04:00;2019;No;No;6;03
47 FEET FROM SR 1011 (E CHATHAM ST);TWO-WAY,NOT DIVIDED;DAYLIGHT;CLEAR;0;0;;NO CONTROL PRESENT;PASSENGER CAR;NONE;NONE;NONE;;2019-06-17T01:02:34-04:00;2019;No;No;6;01
.1 MILES FROM P.V.A. 1401 BUCK JONES RD;TWO-WAY,NOT DIVIDED;DARK - LIGHTED ROADWAY;CLEAR;0;0;;NO CONTROL PRESENT;PICKUP;NONE;NONE;NONE;;2019-06-24T21:49:08-04:00;2019;No;No;6;21
100 FEET FROM US 64 HWY;TWO-WAY,DIVIDED,POSITIVE MEDIAN BARRIER;DAYLIGHT;CLEAR;0;1;;NO CONTROL PRESENT;VAN;PASSENGER CAR;PASSENGER CAR;NONE;;2019-06-23T19:31:17-04:00;2019;No;Yes;6;19
269 FEET FROM P.V.A. (120 IOWA LN);TWO-WAY,NOT DIVIDED;DAYLIGHT;CLEAR;0;0;;NO CONTROL PRESENT;SPORT UTILITY;PICKUP;NONE;NONE;;2019-06-24T17:02:04-04:00;2019;No;No;6;17
CARY;TWO-WAY,DIVIDED,POSITIVE MEDIAN BARRIER;DAYLIGHT;CLEAR;0;2;;STOP SIGN;PASSENGER CAR;PASSENGER CAR;NONE;NONE;;2019-06-26T10:30:00-04:00;2019;No;Yes;6;10
NEAR .1 MILES E OF E I 40 EB;TWO-WAY,DIVIDED,POSITIVE MEDIAN BARRIER;DAYLIGHT;CLEAR;0;0;;NO CONTROL PRESENT;PICKUP;NONE;NONE;NONE;;2019-06-26T06:17:57-04:00;2019;No;No;6;06
0 FEET FROM SR 1300 (KILDAIRE FARM RD);TWO-WAY,DIVIDED,UNPROTECTED MEDIAN;DAYLIGHT;CLEAR;0;2;;STOP AND GO SIGNAL;PASSENGER CAR;PASSENGER CAR;NONE;NONE;;2019-06-26T10:01:00-04:00;2019;No;Yes;6;10
0 FEET FROM SR 1009 (TRYON RD);TWO-WAY,DIVIDED,UNPROTECTED MEDIAN;DAYLIGHT;CLEAR;0;1;;STOP AND GO SIGNAL;SPORT UTILITY;PASSENGER CAR;PASSENGER CAR;NONE;;2019-06-26T17:00:26-04:00;2019;No;Yes;6;17
15 FEET FROM SR 1307 (W CHATHAM ST);ONE-WAY,NOT DIVIDED;DAYLIGHT;CLEAR;0;0;;STOP AND GO SIGNAL;PASSENGER CAR;PASSENGER CAR;NONE;NONE;;2019-06-28T12:32:00-04:00;2019;No;No;6;12