Location_Description;Road_Configuration;Light_Condition;Weather;Fatality;Injury;Contributing_Factor;Traffic_Control;Vehicle1;Vehicle2;Vehicle3;Vehicle4;Vehicle5;Crash_Date;year;Fatalities;Injuries;Month;Hour
.2 MILES FROM SR 1009 (TRYON RD);TWO-WAY,NOT DIVIDED;DAYLIGHT;CLEAR;0;0;;STOP AND GO SIGNAL;SPORT UTILITY;PASSENGER CAR;NONE;NONE;;2019-06-28T12:50:00-04:00;2019;No;No;6;12
1.39 MILES FROM HWY US 1;TWO-WAY,DIVIDED,POSITIVE MEDIAN BARRIER;DARK - ROADWAY NOT LIGHTED;CLEAR;0;0;DARTING;NO CONTROL PRESENT;SPORT UTILITY;NONE;NONE;NONE;;2019-06-25T19:20:37-04:00;2019;No;No;6;19
10 FEET FROM P.V.A. 400 YORK ST;TWO-WAY,NOT DIVIDED;DARK - LIGHTED ROADWAY;CLEAR;0;0;;NO CONTROL PRESENT;PICKUP;SPORT UTILITY;NONE;NONE;;2019-06-29T23:11:00-04:00;2019;No;No;6;23
0 FEET FROM SR 3112 (NW CARY PKWY);TWO-WAY,NOT DIVIDED;DAYLIGHT;CLEAR;0;0;;DOUBLE YELLOW LINE, NO PASSING ZONE;VAN;PASSENGER CAR;NONE;NONE;;2019-06-30T13:37:54-04:00;2019;No;No;6;13
40 FEET FROM US 1 OFF-RAMP (SOUTH);TWO-WAY,DIVIDED,POSITIVE MEDIAN BARRIER;DAYLIGHT;CLEAR;0;0;;STOP AND GO SIGNAL;PICKUP;PASSENGER CAR;NONE;NONE;;2019-06-26T09:05:51-04:00;2019;No;No;6;09
CARY;TWO-WAY,DIVIDED,UNPROTECTED MEDIAN;DAYLIGHT;CLEAR;0;1;;STOP AND GO SIGNAL;PASSENGER CAR;PASSENGER CAR;NONE;NONE;;2019-06-28T17:38:41-04:00;2019;No;Yes;6;17
475 FEET FROM P.V.A. 511 CAITBOO AVE;TWO-WAY,NOT DIVIDED;DAYLIGHT;CLEAR;0;0;;OTHER *;SPORT UTILITY;SPORT UTILITY;NONE;NONE;;2019-06-29T23:28:00-04:00;2019;No;No;6;23
368 FEET FROM US 64 HWY;TWO-WAY,DIVIDED,UNPROTECTED MEDIAN;DAYLIGHT;CLEAR;0;0;;STOP AND GO SIGNAL;PASSENGER CAR;SPORT UTILITY;NONE;NONE;;2019-06-25T14:03:10-04:00;2019;No;No;6;14
300 FEET FROM P.V.A. (8921 HOLLY SPRINGS RD);TWO-WAY,NOT DIVIDED;DAYLIGHT;CLEAR;0;0;;NO CONTROL PRESENT;PASSENGER CAR;SPORT UTILITY;NONE;NONE;;2019-06-30T14:39:18-04:00;2019;No;No;6;14
300 FEET FROM SR 1313 (WALNUT ST);TWO-WAY,NOT DIVIDED;DAYLIGHT;CLEAR;0;0;;NO CONTROL PRESENT;VAN;PASSENGER CAR;PASSENGER CAR;NONE;;2019-07-01T13:18:11-04:00;2019;No;No;7;13
50 FEET FROM SR 1300 KILDAIRE FARM RD;TWO-WAY,DIVIDED,POSITIVE MEDIAN BARRIER;DAYLIGHT;CLEAR;0;0;;STOP AND GO SIGNAL;SPORT UTILITY;PICKUP;NONE;NONE;;2019-07-02T16:17:25-04:00;2019;No;No;7;16
75 FEET FROM PVA (1151 TRYON VILLAGE DR);TWO-WAY,NOT DIVIDED;DAYLIGHT;CLEAR;0;0;;NO CONTROL PRESENT;PASSENGER CAR;PASSENGER CAR;NONE;NONE;;2019-07-02T18:42:03-04:00;2019;No;No;7;18
60 FEET FROM SR 1615 HIGH HOUSE RD;TWO-WAY,NOT DIVIDED;DAYLIGHT;CLEAR;0;0;;NO CONTROL PRESENT;PASSENGER CAR;SPORT UTILITY;NONE;NONE;;2019-07-02T17:26:21-04:00;2019;No;No;7;17
.1 MILES FROM PVA OF 3480 SR 1300 (KILDAIRE;TWO-WAY,NOT DIVIDED;DAYLIGHT;CLEAR;0;3;;NO CONTROL PRESENT;PASSENGER CAR;SPORT UTILITY;PASSENGER CAR;NONE;;2019-07-02T12:52:00-04:00;2019;No;Yes;7;12
.1 MILES FROM SR 1652 (N HARRISON AV);TWO-WAY,NOT DIVIDED;DAYLIGHT;CLEAR;0;0;;NO CONTROL PRESENT;PASSENGER CAR;PASSENGER CAR;NONE;NONE;;2019-07-03T19:05:20-04:00;2019;No;No;7;19
100 FEET FROM OXPENS RD;TWO-WAY,NOT DIVIDED;DAYLIGHT;CLEAR;0;0;;NO CONTROL PRESENT;PICKUP;NONE;NONE;NONE;;2019-07-04T11:30:00-04:00;2019;No;No;7;11
.1 MILES FROM PVA OF 3430 SR 1010 (TEN TEN R;TWO-WAY,NOT DIVIDED;DAYLIGHT;CLEAR;0;0;;NO CONTROL PRESENT;SPORT UTILITY;SPORT UTILITY;NONE;NONE;;2019-07-04T11:30:00-04:00;2019;No;No;7;11
200 FEET FROM FAIRLANE RD;TWO-WAY,NOT DIVIDED;DAYLIGHT;CLEAR;0;0;;NO CONTROL PRESENT;PICKUP;PICKUP;NONE;NONE;;2019-07-05T10:30:00-04:00;2019;No;No;7;10
CARY;TWO-WAY,DIVIDED,UNPROTECTED MEDIAN;DAYLIGHT;CLEAR;0;0;;STOP AND GO SIGNAL;PASSENGER CAR;PASSENGER CAR;NONE;NONE;;2019-07-05T16:34:47-04:00;2019;No;No;7;16
0.23 MILES FROM SR 1011 (OLD APEX RD);TWO-WAY,NOT DIVIDED;DAYLIGHT;CLEAR;0;0;;NO CONTROL PRESENT;SINGLE UNIT TRUCK (2-AXLE- 6-TIRE);NONE;NONE;NONE;;2019-07-03T20:31:20-04:00;2019;No;No;7;20
.1 MILES FROM REGENCY PKWY;TWO-WAY,NOT DIVIDED;DARK - LIGHTED ROADWAY;CLEAR;0;0;;NO CONTROL PRESENT;SPORT UTILITY;SPORT UTILITY;NONE;NONE;;2019-07-04T22:17:00-04:00;2019;No;No;7;22
CARY;NONE;NONE;NONE;0;0;;;NONE;NONE;NONE;NONE;;2019-07-01T13:38:40-04:00;2019;No;No;7;13
202 FEET FROM P.V.A. (2010 KILDAIRE FARM RD);TWO-WAY,DIVIDED,UNPROTECTED MEDIAN;DAYLIGHT;CLEAR;0;0;;STOP SIGN;SPORT UTILITY;PASSENGER CAR;NONE;NONE;;2019-07-08T14:25:27-04:00;2019;No;No;7;14
150 FEET FROM PVA OF 10210 GREEN LVL CH. RD;TWO-WAY,NOT DIVIDED;DAYLIGHT;CLEAR;0;0;;STOP SIGN;PASSENGER CAR;SPORT UTILITY;NONE;NONE;;2019-07-08T19:00:28-04:00;2019;No;No;7;19
CARY;TWO-WAY,NOT DIVIDED;DUSK;CLEAR;0;0;;STOP SIGN;PASSENGER CAR;PASSENGER CAR;NONE;NONE;;2019-07-05T06:16:36-04:00;2019;No;No;7;06
100 FEET FROM PVA 5117 DILLARD DR;ONE-WAY,NOT DIVIDED;DAYLIGHT;CLEAR;0;1;;NO CONTROL PRESENT;PASSENGER CAR;SPORT UTILITY;NONE;NONE;;2019-07-05T22:33:00-04:00;2019;No;Yes;7;22
.19 MILES FROM US 1;TWO-WAY,DIVIDED,POSITIVE MEDIAN BARRIER;DAYLIGHT;RAIN;0;0;;NO CONTROL PRESENT;SPORT UTILITY;NONE;NONE;NONE;;2019-07-04T01:18:32-04:00;2019;No;No;7;01
50 FEET FROM 3700 NW CARY PKWY;TWO-WAY,NOT DIVIDED;DAYLIGHT;CLEAR;0;0;;NO CONTROL PRESENT;SPORT UTILITY;SPORT UTILITY;NONE;NONE;;2019-07-09T12:25:00-04:00;2019;No;No;7;12
300 FEET FROM SR3977 (SW CARY PKWY);TWO-WAY,NOT DIVIDED;DAYLIGHT;CLEAR;0;0;;NO CONTROL PRESENT;PASSENGER CAR;PASSENGER CAR;NONE;NONE;;2019-07-10T12:40:00-04:00;2019;No;No;7;12
20 FEET FROM 64 HWY;TWO-WAY,DIVIDED,UNPROTECTED MEDIAN;DAYLIGHT;CLEAR;0;0;;NO CONTROL PRESENT;PICKUP;PASSENGER CAR;NONE;NONE;;2019-07-09T18:06:23-04:00;2019;No;No;7;18
CARY;TWO-WAY,NOT DIVIDED;NONE;CLEAR;0;0;;NO CONTROL PRESENT;PICKUP;PICKUP;NONE;NONE;;2019-07-10T13:41:21-04:00;2019;No;No;7;13
75 FEET FROM I-40 WEST OFF RAMP;ONE-WAY,NOT DIVIDED;DAYLIGHT;CLEAR;0;0;;NO CONTROL PRESENT;PICKUP;NONE;NONE;NONE;;2019-07-10T11:23:00-04:00;2019;No;No;7;11
5 FEET FROM SR 1615 (HIGH HOUSE RD);TWO-WAY,DIVIDED,POSITIVE MEDIAN BARRIER;DAYLIGHT;CLEAR;0;0;;NO CONTROL PRESENT;PASSENGER CAR;NONE;NONE;NONE;;2019-07-10T08:29:14-04:00;2019;No;No;7;08
CARY;TWO-WAY,DIVIDED,POSITIVE MEDIAN BARRIER;DAYLIGHT;CLEAR;0;0;;STOP SIGN;PASSENGER CAR;PASSENGER CAR;NONE;NONE;;2019-07-10T08:33:32-04:00;2019;No;No;7;08
10 FEET FROM SR 1387 (WEST LAKE RD);TWO-WAY,NOT DIVIDED;DAYLIGHT;CLEAR;0;1;;NO CONTROL PRESENT;PASSENGER CAR;NONE;NONE;NONE;;2019-07-09T17:05:41-04:00;2019;No;Yes;7;17
CARY;TWO-WAY,DIVIDED,UNPROTECTED MEDIAN;DAYLIGHT;CLEAR;0;0;;STOP AND GO SIGNAL;SPORT UTILITY;SPORT UTILITY;NONE;NONE;;2019-07-11T17:39:21-04:00;2019;No;No;7;17
300 FEET FROM US 1 HWY;TWO-WAY,DIVIDED,POSITIVE MEDIAN BARRIER;DAYLIGHT;CLOUDY;0;0;;NO CONTROL PRESENT;PASSENGER CAR;PASSENGER CAR;NONE;NONE;;2019-07-11T17:57:44-04:00;2019;No;No;7;17
CARY;TWO-WAY,DIVIDED,UNPROTECTED MEDIAN;DAYLIGHT;CLEAR;0;0;;STOP AND GO SIGNAL;PASSENGER CAR;PASSENGER CAR;NONE;NONE;;2019-07-11T06:19:00-04:00;2019;No;No;7;06
100 FEET FROM PVA 504 E CHATHAM ST;ONE-WAY,NOT DIVIDED;DAYLIGHT;CLEAR;0;0;;NO CONTROL PRESENT;PASSENGER CAR;SINGLE UNIT TRUCK (2-AXLE- 6-TIRE);NONE;NONE;;2019-07-12T09:46:54-04:00;2019;No;No;7;09
150 FEET FROM PVA 150 PARKWAY OFFICE CT;ONE-WAY,NOT DIVIDED;DAYLIGHT;CLEAR;0;0;;STOP SIGN;PASSENGER CAR;PASSENGER CAR;NONE;NONE;;2019-07-12T11:51:00-04:00;2019;No;No;7;11
10 FEET FROM SR3977 (SE CARY PKWY);TWO-WAY,NOT DIVIDED;DAYLIGHT;CLEAR;0;0;;NO CONTROL PRESENT;PASSENGER CAR;PASSENGER CAR;NONE;NONE;;2019-07-12T13:52:31-04:00;2019;No;No;7;13
50 FEET FROM NC 55 HWY;TWO-WAY,DIVIDED,UNPROTECTED MEDIAN;DAYLIGHT;CLEAR;0;0;;STOP AND GO SIGNAL;PASSENGER CAR;PASSENGER CAR;NONE;NONE;;2019-07-12T08:47:04-04:00;2019;No;No;7;08
100 FEET FROM US 1 HWY;TWO-WAY,DIVIDED,POSITIVE MEDIAN BARRIER;DUSK;CLOUDY;0;1;;NO CONTROL PRESENT;SPORT UTILITY;SPORT UTILITY;NONE;NONE;;2019-07-12T20:22:16-04:00;2019;No;Yes;7;20
CARY;TWO-WAY,DIVIDED,UNPROTECTED MEDIAN;DAYLIGHT;CLEAR;0;0;;STOP AND GO SIGNAL;PASSENGER CAR;PASSENGER CAR;NONE;NONE;;2019-07-13T09:05:39-04:00;2019;No;No;7;09
.5 MILES FROM US 1 HWY;TWO-WAY,DIVIDED,POSITIVE MEDIAN BARRIER;DAYLIGHT;CLEAR;0;0;;NO CONTROL PRESENT;PASSENGER CAR;PASSENGER CAR;NONE;NONE;;2019-07-11T18:39:58-04:00;2019;No;No;7;18
300 FEET FROM NC540 SB;TWO-WAY,DIVIDED,UNPROTECTED MEDIAN;DUSK;CLEAR;0;0;;NO CONTROL PRESENT;PASSENGER CAR;NONE;NONE;NONE;;2019-07-13T21:03:33-04:00;2019;No;No;7;21
50 FEET FROM SR 1011 (E CHATHAM ST);TWO-WAY,NOT DIVIDED;DAYLIGHT;CLOUDY;0;0;;NO CONTROL PRESENT;NONE;NONE;NONE;NONE;;2019-07-12T09:35:31-04:00;2019;No;No;7;09
CARY;NONE;NONE;NONE;0;0;;;NONE;NONE;NONE;NONE;;2019-07-12T15:21:41-04:00;2019;No;No;7;15
100 FEET FROM TATE ST;TWO-WAY,NOT DIVIDED;DAYLIGHT;CLEAR;0;0;;NO CONTROL PRESENT;SPORT UTILITY;SPORT UTILITY;VAN;NONE;;2019-07-13T16:05:41-04:00;2019;No;No;7;16
200 FEET FROM MAROUBRA LOOP;TWO-WAY,NOT DIVIDED;DAYLIGHT;CLEAR;0;0;;NO CONTROL PRESENT;PASSENGER CAR;PASSENGER CAR;NONE;NONE;;2019-07-14T08:28:56-04:00;2019;No;No;7;08
CARY;NONE;NONE;NONE;0;0;;;PICKUP;NONE;NONE;NONE;;2019-07-14T09:12:19-04:00;2019;No;No;7;09
100 FEET FROM SR 3977 (SW CARY PKWY);TWO-WAY,DIVIDED,UNPROTECTED MEDIAN;DAYLIGHT;CLEAR;0;0;;NO CONTROL PRESENT;PASSENGER CAR;PASSENGER CAR;NONE;NONE;;2019-07-15T14:29:12-04:00;2019;No;No;7;14
20 FEET FROM S.R. 1615 (HIGH HOUSE RD);TWO-WAY,DIVIDED,UNPROTECTED MEDIAN;DAYLIGHT;CLOUDY;0;0;;STOP AND GO SIGNAL;PASSENGER CAR;SPORT UTILITY;NONE;NONE;;2019-07-16T16:40:24-04:00;2019;No;No;7;16
35 FEET FROM S.R. 1613 (DAVIS DR);TWO-WAY,DIVIDED,UNPROTECTED MEDIAN;DAYLIGHT;CLOUDY;0;0;;FLASHING STOP AND GO SIGNAL;SPORT UTILITY;SPORT UTILITY;NONE;NONE;;2019-07-16T18:05:21-04:00;2019;No;No;7;18
300 FEET FROM SR1300 (KILDAIRE FARM RD);TWO-WAY,NOT DIVIDED;DAYLIGHT;CLOUDY;0;0;;NO CONTROL PRESENT;SPORT UTILITY;PASSENGER CAR;NONE;NONE;;2019-07-16T15:53:42-04:00;2019;No;No;7;15
.27 MILES FROM US 1 (NORTH);TWO-WAY,DIVIDED,POSITIVE MEDIAN BARRIER;DAYLIGHT;CLEAR;0;0;;NO CONTROL PRESENT;PICKUP;PASSENGER CAR;NONE;NONE;;2019-07-16T10:30:00-04:00;2019;No;No;7;10
194 FEET FROM SR1002 (AVIATION PKWY);TWO-WAY,DIVIDED,UNPROTECTED MEDIAN;DAYLIGHT;CLEAR;0;0;;STOP AND GO SIGNAL;VAN;PASSENGER CAR;NONE;NONE;;2019-07-17T12:56:00-04:00;2019;No;No;7;12
75 FEET FROM PVA-127 WESTON PKY;TWO-WAY,NOT DIVIDED;DAYLIGHT;CLEAR;0;0;;NO CONTROL PRESENT;PASSENGER CAR;PASSENGER CAR;NONE;NONE;;2019-07-16T20:24:33-04:00;2019;No;No;7;20
.1 MILES FROM US 64 HWY;TWO-WAY,DIVIDED,UNPROTECTED MEDIAN;DARK - LIGHTED ROADWAY;CLOUDY;0;1;;NO CONTROL PRESENT;PASSENGER CAR;NONE;NONE;NONE;;2019-07-18T00:12:00-04:00;2019;No;Yes;7;00
300 FEET FROM SR 1415 (NW MAYNARD RD);TWO-WAY,DIVIDED,UNPROTECTED MEDIAN;DAYLIGHT;CLEAR;0;0;;NO CONTROL PRESENT;PASSENGER CAR;SPORT UTILITY;NONE;NONE;;2019-07-18T16:47:57-04:00;2019;No;No;7;16
.13 MILES FROM GREEN HOPE SCHOOL RD 1621;TWO-WAY,NOT DIVIDED;DAYLIGHT;CLEAR;0;0;;NO CONTROL PRESENT;PASSENGER CAR;NONE;NONE;NONE;;2019-07-18T20:17:08-04:00;2019;No;No;7;20
CARY;TWO-WAY,DIVIDED,UNPROTECTED MEDIAN;DAYLIGHT;CLEAR;0;0;;FLASHING STOP AND GO SIGNAL;PASSENGER CAR;SPORT UTILITY;NONE;NONE;;2019-07-17T09:12:49-04:00;2019;No;No;7;09
.02 MILES FROM HIGH MEADOW DR;TWO-WAY,DIVIDED,UNPROTECTED MEDIAN;DAYLIGHT;CLEAR;0;0;;NO CONTROL PRESENT;PASSENGER CAR;SPORT UTILITY;NONE;NONE;;2019-07-17T09:42:02-04:00;2019;No;No;7;09
0 FEET FROM SR 1300 (KILDAIRE FARM RD);TWO-WAY,DIVIDED,UNPROTECTED MEDIAN;DAYLIGHT;CLEAR;0;0;;NO CONTROL PRESENT;PASSENGER CAR;PASSENGER CAR;NONE;NONE;;2019-07-17T13:06:09-04:00;2019;No;No;7;13
50 FEET FROM SR 1652 (N HARRISON AV);TWO-WAY,NOT DIVIDED;DAYLIGHT;CLEAR;0;1;;NO CONTROL PRESENT;SPORT UTILITY;PICKUP;NONE;NONE;;2019-07-19T11:37:00-04:00;2019;No;Yes;7;11
.01 MILES FROM SR 1300 (KILDAIRE FARM RD;TWO-WAY,DIVIDED,UNPROTECTED MEDIAN;DAYLIGHT;CLEAR;0;0;;STOP AND GO SIGNAL;PASSENGER CAR;SPORT UTILITY;NONE;NONE;;2019-07-19T13:03:27-04:00;2019;No;No;7;13
CARY;TWO-WAY,NOT DIVIDED;DAYLIGHT;CLEAR;0;0;;STOP SIGN;PASSENGER CAR;PICKUP;NONE;NONE;;2019-07-17T13:56:37-04:00;2019;No;No;7;13
150 FEET FROM SR-3977 (CARY PKWY);TWO-WAY,DIVIDED,UNPROTECTED MEDIAN;DAYLIGHT;CLEAR;0;1;;STOP AND GO SIGNAL;PASSENGER CAR;SPORT UTILITY;NONE;NONE;;2019-07-19T19:13:37-04:00;2019;No;Yes;7;19
.34 MILES FROM P.V.A. (1700 REGENCY PKWY);TWO-WAY,NOT DIVIDED;DAYLIGHT;CLOUDY;0;0;;NO CONTROL PRESENT;PASSENGER CAR;PASSENGER CAR;NONE;NONE;;2019-07-20T15:02:17-04:00;2019;No;No;7;15
300 FEET FROM EAST PARK ST;TWO-WAY,NOT DIVIDED;DAYLIGHT;CLEAR;0;0;;NO CONTROL PRESENT;PICKUP;NONE;NONE;NONE;;2019-07-20T19:25:47-04:00;2019;No;No;7;19
300 FEET FROM SR 1313 (WALNUT ST);TWO-WAY,DIVIDED,UNPROTECTED MEDIAN;DAYLIGHT;CLEAR;0;0;;NO CONTROL PRESENT;PASSENGER CAR;SPORT UTILITY;NONE;NONE;;2019-07-21T15:18:38-04:00;2019;No;No;7;15
CARY;TWO-WAY,NOT DIVIDED;DAYLIGHT;CLEAR;0;0;;STOP SIGN;PASSENGER CAR;NONE;NONE;NONE;;2019-07-22T09:15:44-04:00;2019;No;No;7;09
115 FEET FROM P.V.A. 973 N HARRISON AV;TWO-WAY,NOT DIVIDED;DAYLIGHT;CLEAR;0;0;;NO CONTROL PRESENT;PASSENGER CAR;PASSENGER CAR;NONE;NONE;;2019-07-22T08:10:20-04:00;2019;No;No;7;08
.6 MILES FROM US 1 SOUTH;TWO-WAY,DIVIDED,POSITIVE MEDIAN BARRIER;DAYLIGHT;CLEAR;0;1;;NO CONTROL PRESENT;PASSENGER CAR;SPORT UTILITY;NONE;NONE;;2019-07-18T11:51:00-04:00;2019;No;Yes;7;11
200 FEET FROM SR 1313 (WALNUT ST);TWO-WAY,DIVIDED,UNPROTECTED MEDIAN;DAYLIGHT;RAIN;0;0;;NO CONTROL PRESENT;PICKUP;SPORT UTILITY;NONE;NONE;;2019-07-23T20:36:27-04:00;2019;No;No;7;20
.05 MILES FROM US1 (NORTH BOUND);ONE-WAY,NOT DIVIDED;DAYLIGHT;CLEAR;0;0;;NO CONTROL PRESENT;PASSENGER CAR;PASSENGER CAR;NONE;NONE;;2019-07-25T17:12:49-04:00;2019;No;No;7;17
.05 MILES FROM US-1 (NORTH BOUND);ONE-WAY,NOT DIVIDED;DAYLIGHT;CLEAR;0;0;;NO CONTROL PRESENT;SPORT UTILITY;PASSENGER CAR;NONE;NONE;;2019-07-25T18:53:03-04:00;2019;No;No;7;18
.1 MILES FROM P.V.A. (2080 KILDAIRE FARM RD);TWO-WAY,NOT DIVIDED;DAYLIGHT;CLEAR;0;0;;NO CONTROL PRESENT;PASSENGER CAR;PASSENGER CAR;NONE;NONE;;2019-07-25T12:30:00-04:00;2019;No;No;7;12
.01 MILES FROM PVA REGENCY FOREST DR;TWO-WAY,NOT DIVIDED;DAYLIGHT;CLEAR;0;0;;NO CONTROL PRESENT;PASSENGER CAR;NONE;NONE;NONE;;2019-07-26T13:05:38-04:00;2019;No;No;7;13
60 FEET FROM NC 54 (NE MAYNARD RD);TWO-WAY,DIVIDED,UNPROTECTED MEDIAN;DAYLIGHT;CLEAR;0;1;;STOP AND GO SIGNAL;PASSENGER CAR;SPORT UTILITY;NONE;NONE;;2019-07-25T13:00:43-04:00;2019;No;Yes;7;13
CARY;TWO-WAY,NOT DIVIDED;DAYLIGHT;CLEAR;0;0;;NO CONTROL PRESENT;SPORT UTILITY;NONE;NONE;NONE;;2019-07-26T15:15:11-04:00;2019;No;No;7;15
100 FEET FROM SR 3977 (SE CARY PKWY);TWO-WAY,NOT DIVIDED;DAYLIGHT;CLEAR;0;0;;YIELD SIGN;SPORT UTILITY;PASSENGER CAR;NONE;NONE;;2019-07-28T19:20:35-04:00;2019;No;No;7;19
250 FEET FROM P.V.A. (7350 OKELLY CHAPEL RD);TWO-WAY,NOT DIVIDED;DAYLIGHT;CLEAR;0;0;;NO CONTROL PRESENT;VAN;PASSENGER CAR;NONE;NONE;;2019-07-29T18:04:38-04:00;2019;No;No;7;18
10 FEET FROM SR 1600 (GREEN LEVEL CHURCH RD;TWO-WAY,NOT DIVIDED;DAYLIGHT;CLEAR;0;0;;STOP AND GO SIGNAL;SPORT UTILITY;VAN;NONE;NONE;;2019-07-29T17:51:56-04:00;2019;No;No;7;17
.1 MILES FROM PVA OF 1105 WALNUT ST;TWO-WAY,NOT DIVIDED;DAYLIGHT;CLEAR;0;0;;NO CONTROL PRESENT;PASSENGER CAR;PASSENGER CAR;NONE;NONE;;2019-07-30T16:06:29-04:00;2019;No;No;7;16
100 FEET FROM PVA OF 631 WALNUT ST;TWO-WAY,NOT DIVIDED;DAYLIGHT;CLEAR;0;0;;NO CONTROL PRESENT;SPORT UTILITY;PASSENGER CAR;NONE;NONE;;2019-07-30T20:05:02-04:00;2019;No;No;7;20
.4 MILES FROM CARPENTER FIRE STATION 1624;TWO-WAY,NOT DIVIDED;DUSK;CLEAR;0;0;;NO CONTROL PRESENT;PASSENGER CAR;PASSENGER CAR;NONE;NONE;;2019-07-25T20:10:52-04:00;2019;No;No;7;20
CARY;TWO-WAY,DIVIDED,UNPROTECTED MEDIAN;DAYLIGHT;CLEAR;0;1;;STOP SIGN;PASSENGER CAR;PASSENGER CAR;NONE;NONE;;2019-07-30T16:40:29-04:00;2019;No;Yes;7;16
268 FEET FROM P.V.A. (1100 WATERFORD FOREST);TWO-WAY,NOT DIVIDED;DAYLIGHT;CLEAR;0;0;;NO CONTROL PRESENT;PASSENGER CAR;PASSENGER CAR;NONE;NONE;;2019-07-30T18:41:53-04:00;2019;No;No;7;18
.10 MILES FROM SR 1313 (WALNUT ST);TWO-WAY,DIVIDED,POSITIVE MEDIAN BARRIER;DAYLIGHT;CLEAR;0;0;;STOP AND GO SIGNAL;PASSENGER CAR;PICKUP;NONE;NONE;;2019-07-31T18:09:07-04:00;2019;No;No;7;18
0 FEET FROM US 64 HWY E;TWO-WAY,DIVIDED,UNPROTECTED MEDIAN;DAYLIGHT;CLEAR;0;2;;STOP AND GO SIGNAL;PASSENGER CAR;PASSENGER CAR;NONE;NONE;;2019-07-31T18:35:24-04:00;2019;No;Yes;7;18
220 FEET FROM PVA ROSE MART 1390 NW MAYNARD;TWO-WAY,NOT DIVIDED;DAYLIGHT;CLEAR;0;0;;NO CONTROL PRESENT;SINGLE UNIT TRUCK (2-AXLE- 6-TIRE);NONE;NONE;NONE;;2019-08-01T08:54:18-04:00;2019;No;No;8;08
300 FEET FROM SR-3977 (SE CARY PKWY);TWO-WAY,DIVIDED,UNPROTECTED MEDIAN;DAYLIGHT;RAIN;0;0;FAILURE TO YIELD RIGHT OF WAY;NO CONTROL PRESENT;PASSENGER CAR;SPORT UTILITY;NONE;NONE;;2019-08-01T15:13:24-04:00;2019;No;No;8;15
.12 MILES FROM SR 1009 (TRYON RD);TWO-WAY,DIVIDED,POSITIVE MEDIAN BARRIER;DAYLIGHT;CLEAR;0;0;;NO CONTROL PRESENT;PASSENGER CAR;PASSENGER CAR;PASSENGER CAR;NONE;;2019-08-01T10:17:00-04:00;2019;No;No;8;10
100 FEET FROM PVA 237 CROSSROADS BLVD;ONE-WAY,NOT DIVIDED;DAYLIGHT;CLEAR;0;0;;NO CONTROL PRESENT;SPORT UTILITY;PASSENGER CAR;NONE;NONE;;2019-08-01T13:00:08-04:00;2019;No;No;8;13
100 FEET FROM PVA 2410 WALNUT ST;ONE-WAY,NOT DIVIDED;DAYLIGHT;CLEAR;0;0;;NO CONTROL PRESENT;SPORT UTILITY;SPORT UTILITY;NONE;NONE;;2019-08-01T13:36:23-04:00;2019;No;No;8;13
300 FEET FROM P.V.A. 1640 PINEY PLAINS RD;TWO-WAY,NOT DIVIDED;DAYLIGHT;CLEAR;0;0;;NO CONTROL PRESENT;VAN;PICKUP;NONE;NONE;;2019-08-02T14:05:28-04:00;2019;No;No;8;14
77 FEET FROM 115 ALLFORTH PL;TWO-WAY,NOT DIVIDED;DAYLIGHT;CLOUDY;0;0;;NO CONTROL PRESENT;PASSENGER CAR;PASSENGER CAR;NONE;NONE;;2019-08-02T14:34:27-04:00;2019;No;No;8;14
400 FEET FROM US 1 HWY;TWO-WAY,DIVIDED,POSITIVE MEDIAN BARRIER;DARK - LIGHTED ROADWAY;RAIN;0;1;;NO CONTROL PRESENT;PASSENGER CAR;SPORT UTILITY;NONE;NONE;;2019-08-02T23:20:00-04:00;2019;No;Yes;8;23
.5 MILES FROM US 1;ONE-WAY,NOT DIVIDED;DAYLIGHT;CLEAR;0;0;;STOP AND GO SIGNAL;PASSENGER CAR;PASSENGER CAR;NONE;NONE;;2019-07-28T17:17:42-04:00;2019;No;No;7;17
.35 MILES FROM AVIATION PKWY;TWO-WAY,NOT DIVIDED;DARK - ROADWAY NOT LIGHTED;RAIN;0;0;;NO CONTROL PRESENT;PICKUP;NONE;NONE;NONE;;2019-08-02T21:54:15-04:00;2019;No;No;8;21
CARY;TWO-WAY,DIVIDED,UNPROTECTED MEDIAN;DAYLIGHT;CLOUDY;0;0;;STOP AND GO SIGNAL;PICKUP;SPORT UTILITY;NONE;NONE;;2019-08-05T14:44:31-04:00;2019;No;No;8;14
200 FEET FROM SR 5808 (E CHATHAM ST);TWO-WAY,NOT DIVIDED;DAYLIGHT;CLOUDY;0;0;;DOUBLE YELLOW LINE, NO PASSING ZONE;SINGLE UNIT TRUCK (2-AXLE- 6-TIRE);PASSENGER CAR;NONE;NONE;;2019-08-05T14:21:52-04:00;2019;No;No;8;14
CARY;NONE;DAYLIGHT;CLEAR;0;1;;STOP SIGN;SPORT UTILITY;PASSENGER CAR;NONE;NONE;;2019-08-06T16:07:08-04:00;2019;No;Yes;8;16
CARY;TWO-WAY,DIVIDED,POSITIVE MEDIAN BARRIER;DAYLIGHT;CLEAR;0;0;;STOP AND GO SIGNAL;PASSENGER CAR;PASSENGER CAR;NONE;NONE;;2019-08-06T11:04:00-04:00;2019;No;No;8;11
CARY;TWO-WAY,NOT DIVIDED;DAYLIGHT;CLEAR;0;0;;NO CONTROL PRESENT;SPORT UTILITY;NONE;NONE;NONE;;2019-08-07T13:24:32-04:00;2019;No;No;8;13