Location_Description;Road_Configuration;Light_Condition;Weather;Fatality;Injury;Contributing_Factor;Traffic_Control;Vehicle1;Vehicle2;Vehicle3;Vehicle4;Vehicle5;Crash_Date;year;Fatalities;Injuries;Month;Hour
0 FEET FROM S HARRISON AV;TWO-WAY,NOT DIVIDED;DAYLIGHT;CLEAR;0;1;;STOP SIGN;PASSENGER CAR;PASSENGER CAR;NONE;NONE;;2019-09-12T10:55:00-04:00;2019;No;Yes;9;10
200 FEET FROM CASTALIA DR;TWO-WAY,NOT DIVIDED;DAYLIGHT;CLEAR;0;0;;NO CONTROL PRESENT;PASSENGER CAR;NONE;NONE;NONE;;2019-09-18T14:15:15-04:00;2019;No;No;9;14
100 FEET FROM FARMINGTON WOODS DR;TWO-WAY,DIVIDED,POSITIVE MEDIAN BARRIER;DAYLIGHT;CLEAR;0;0;;NO CONTROL PRESENT;SPORT UTILITY;PASSENGER CAR;NONE;NONE;;2019-09-18T17:35:33-04:00;2019;No;No;9;17
75 FEET FROM SR 5808 (E CHATHAM ST);TWO-WAY,DIVIDED,UNPROTECTED MEDIAN;DAYLIGHT;CLOUDY;0;2;;NO CONTROL PRESENT;SPORT UTILITY;PASSENGER CAR;NONE;NONE;;2019-09-17T17:47:03-04:00;2019;No;Yes;9;17
01 FEET FROM PVA 2010 KILDAIRE FARM RD;NONE;DAYLIGHT;CLEAR;0;0;;NO CONTROL PRESENT;PICKUP;PICKUP;NONE;NONE;;2019-09-18T16:45:03-04:00;2019;No;No;9;16
184 FEET FROM P.V.A. (100 COLONADES WAY);TWO-WAY,NOT DIVIDED;DAYLIGHT;CLEAR;0;0;;NO CONTROL PRESENT;PASSENGER CAR;NONE;NONE;NONE;;2019-09-17T11:59:00-04:00;2019;No;No;9;11
.03 MILES FROM MACKENAN DR;TWO-WAY,NOT DIVIDED;DAYLIGHT;CLEAR;0;0;;NO CONTROL PRESENT;SPORT UTILITY;SPORT UTILITY;NONE;NONE;;2019-09-17T15:59:51-04:00;2019;No;No;9;15
25 FEET FROM PVA OF 575-102 NEW WAVERLY PL;TWO-WAY,NOT DIVIDED;DAYLIGHT;CLEAR;0;0;;NO CONTROL PRESENT;PASSENGER CAR;PASSENGER CAR;NONE;NONE;;2019-09-18T12:34:00-04:00;2019;No;No;9;12
.1 MILES FROM NC 55 HWY;TWO-WAY,DIVIDED,UNPROTECTED MEDIAN;DAYLIGHT;CLEAR;0;0;;NO CONTROL PRESENT;PASSENGER CAR;PASSENGER CAR;NONE;NONE;;2019-09-19T14:39:17-04:00;2019;No;No;9;14
25 FEET FROM SR 1313 (WALNUT ST);TWO-WAY,DIVIDED,UNPROTECTED MEDIAN;DAYLIGHT;CLEAR;0;0;;STOP AND GO SIGNAL;PASSENGER CAR;SPORT UTILITY;NONE;NONE;;2019-09-19T18:12:19-04:00;2019;No;No;9;18
.12 MILES FROM P.P. (1 QUALITY LN);TWO-WAY,NOT DIVIDED;DAYLIGHT;CLEAR;0;0;;STOP SIGN;PASSENGER CAR;PASSENGER CAR;NONE;NONE;;2019-09-19T13:47:36-04:00;2019;No;No;9;13
CARY;TWO-WAY,DIVIDED,POSITIVE MEDIAN BARRIER;DAYLIGHT;CLEAR;0;0;;STOP AND GO SIGNAL;PASSENGER CAR;PASSENGER CAR;NONE;NONE;;2019-09-18T14:39:01-04:00;2019;No;No;9;14
CARY;TWO-WAY,DIVIDED,UNPROTECTED MEDIAN;DAYLIGHT;CLEAR;0;0;;NO CONTROL PRESENT;SPORT UTILITY;PASSENGER CAR;NONE;NONE;;2019-09-18T16:52:14-04:00;2019;No;No;9;16
CARY;TWO-WAY,NOT DIVIDED;DAYLIGHT;CLEAR;0;0;;DOUBLE YELLOW LINE, NO PASSING ZONE;PASSENGER CAR;SPORT UTILITY;NONE;NONE;;2019-09-20T12:50:00-04:00;2019;No;No;9;12
CARY;TWO-WAY,NOT DIVIDED;DAYLIGHT;CLEAR;0;0;;STOP SIGN;SPORT UTILITY;PASSENGER CAR;NONE;NONE;;2019-09-20T12:20:00-04:00;2019;No;No;9;12
150 FEET FROM BRADWYCK DR;TWO-WAY,NOT DIVIDED;DAYLIGHT;CLEAR;0;0;;NO CONTROL PRESENT;SPORT UTILITY;PICKUP;NONE;NONE;;2019-09-19T18:51:09-04:00;2019;No;No;9;18
25 FEET FROM SR 1415 (SE MAYNARD RD);TWO-WAY,DIVIDED,UNPROTECTED MEDIAN;DAYLIGHT;CLEAR;0;0;;STOP AND GO SIGNAL;PASSENGER CAR;SPORT UTILITY;NONE;NONE;;2019-09-20T15:18:50-04:00;2019;No;No;9;15
200 FEET FROM E CHATHAM ST;TWO-WAY,NOT DIVIDED;DAYLIGHT;CLEAR;0;0;;HUMAN CONTROL;SPORT UTILITY;PASSENGER CAR;NONE;NONE;;2019-09-21T11:15:00-04:00;2019;No;No;9;11
60 FEET FROM FRANKS CREEK DR;TWO-WAY,NOT DIVIDED;DAYLIGHT;CLEAR;0;0;;STOP SIGN;SPORT UTILITY;NONE;NONE;NONE;;2019-09-22T11:28:00-04:00;2019;No;No;9;11
250 FEET FROM P.V.A. (7125 OKELLY CHAPEL RD);TWO-WAY,NOT DIVIDED;DAYLIGHT;CLEAR;0;0;;NO CONTROL PRESENT;PASSENGER CAR;SPORT UTILITY;NONE;NONE;;2019-09-21T15:12:31-04:00;2019;No;No;9;15
CARY;TWO-WAY,DIVIDED,POSITIVE MEDIAN BARRIER;DAYLIGHT;CLEAR;0;2;;STOP AND GO SIGNAL;PASSENGER CAR;PASSENGER CAR;NONE;NONE;;2019-09-23T08:54:14-04:00;2019;No;Yes;9;08
30 FEET FROM PARKWALK CT;TWO-WAY,NOT DIVIDED;DAYLIGHT;CLEAR;0;0;;NO CONTROL PRESENT;PICKUP;NONE;NONE;NONE;;2019-09-23T13:34:51-04:00;2019;No;No;9;13
200 FEET FROM P.V.A. VERIZION VUSINESS;TWO-WAY,NOT DIVIDED;DAYLIGHT;CLEAR;0;0;;NO CONTROL PRESENT;PASSENGER CAR;NONE;NONE;NONE;;2019-09-23T14:45:25-04:00;2019;No;No;9;14
419 FEET FROM SR 1300 (KILDAIRE FARM RD);TWO-WAY,NOT DIVIDED;DAYLIGHT;CLEAR;0;0;;STOP SIGN;PASSENGER CAR;SPORT UTILITY;NONE;NONE;;2019-09-23T16:26:32-04:00;2019;No;No;9;16
.18 MILES FROM SR-1415 (NE MAYNARD RD);TWO-WAY,NOT DIVIDED;DAYLIGHT;CLEAR;0;0;;STOP AND GO SIGNAL;PASSENGER CAR;PASSENGER CAR;NONE;NONE;;2019-09-23T17:13:43-04:00;2019;No;No;9;17
40 FEET FROM SR 1300 (KILDAIRE FARM RD);TWO-WAY,DIVIDED,UNPROTECTED MEDIAN;DAYLIGHT;CLEAR;0;0;;STOP AND GO SIGNAL;VAN;VAN;NONE;NONE;;2019-09-23T09:12:39-04:00;2019;No;No;9;09
20 FEET FROM OLDE WEATHERSTONE WAY;TWO-WAY,NOT DIVIDED;DAYLIGHT;CLEAR;0;0;;STOP SIGN;PASSENGER CAR;SPORT UTILITY;NONE;NONE;;2019-09-23T15:22:14-04:00;2019;No;No;9;15
150 FEET FROM SR 1415 (SW MAYNARD RD);TWO-WAY,DIVIDED,UNPROTECTED MEDIAN;DARK - LIGHTED ROADWAY;CLEAR;0;0;DARTING;NO CONTROL PRESENT;PASSENGER CAR;NONE;NONE;NONE;;2019-09-23T20:08:48-04:00;2019;No;No;9;20
300 FEET FROM BELHAVEN RD;NONE;NONE;NONE;0;0;;;NONE;NONE;NONE;NONE;;2019-09-20T15:07:18-04:00;2019;No;No;9;15
0 FEET FROM US 6 4HWY;TWO-WAY,DIVIDED,UNPROTECTED MEDIAN;DAYLIGHT;CLEAR;0;2;;STOP AND GO SIGNAL;PASSENGER CAR;PASSENGER CAR;NONE;NONE;;2019-09-25T09:30:48-04:00;2019;No;Yes;9;09
.01 MILES FROM SR 1010 (TEN TEN RD);TWO-WAY,DIVIDED,UNPROTECTED MEDIAN;DARK - LIGHTED ROADWAY;CLEAR;0;0;;STOP AND GO SIGNAL;PICKUP;VAN;NONE;NONE;;2019-09-25T18:58:10-04:00;2019;No;No;9;18
NEAR .01 MILES S OF S SR. 1613 (DAVIS DR);TWO-WAY,DIVIDED,UNPROTECTED MEDIAN;DAYLIGHT;CLOUDY;0;0;;NO CONTROL PRESENT;SPORT UTILITY;PASSENGER CAR;NONE;NONE;;2019-09-26T17:50:13-04:00;2019;No;No;9;17
50 FEET FROM SR 1415 (SW MAYNARD RD);TWO-WAY,NOT DIVIDED;DAYLIGHT;CLEAR;0;0;;NO CONTROL PRESENT;PASSENGER CAR;SPORT UTILITY;NONE;NONE;;2019-09-26T07:04:01-04:00;2019;No;No;9;07
CARY;TWO-WAY,DIVIDED,UNPROTECTED MEDIAN;DAYLIGHT;CLEAR;0;0;;STOP AND GO SIGNAL;PASSENGER CAR;SPORT UTILITY;NONE;NONE;;2019-09-26T05:42:39-04:00;2019;No;No;9;05
90 FEET FROM P.V.A. (125 WESTON PKWY);TWO-WAY,NOT DIVIDED;DAYLIGHT;CLOUDY;0;0;;NO CONTROL PRESENT;PICKUP;PASSENGER CAR;NONE;NONE;;2019-09-27T08:30:22-04:00;2019;No;No;9;08
0 FEET FROM SR 3073 (NW MAYNARD RD);TWO-WAY,DIVIDED,POSITIVE MEDIAN BARRIER;DAYLIGHT;CLEAR;0;0;;STOP AND GO SIGNAL;PASSENGER CAR;PASSENGER CAR;NONE;NONE;;2019-09-26T09:07:13-04:00;2019;No;No;9;09
55 FEET FROM P.V.A. (973 N HARRISON AV);TWO-WAY,NOT DIVIDED;DAYLIGHT;CLEAR;0;0;;NO CONTROL PRESENT;PASSENGER CAR;PASSENGER CAR;NONE;NONE;;2019-09-25T15:39:03-04:00;2019;No;No;9;15
0 FEET FROM P.V.A. (LODGE AT CROSSROADS);TWO-WAY,NOT DIVIDED;DARK - LIGHTED ROADWAY;CLEAR;0;0;;NO CONTROL PRESENT;PASSENGER CAR;SPORT UTILITY;NONE;NONE;;2019-09-25T17:22:52-04:00;2019;No;No;9;17
478 FEET FROM P.V.A. (FOOD LION);TWO-WAY,NOT DIVIDED;DAYLIGHT;CLEAR;0;0;;NO CONTROL PRESENT;PASSENGER CAR;PASSENGER CAR;NONE;NONE;;2019-09-26T13:34:25-04:00;2019;No;No;9;13
200 FEET FROM SR 1313 (WALNUT ST);TWO-WAY,DIVIDED,UNPROTECTED MEDIAN;DAYLIGHT;CLEAR;0;0;;NO CONTROL PRESENT;PASSENGER CAR;PASSENGER CAR;NONE;NONE;;2019-09-29T15:03:01-04:00;2019;No;No;9;15
150 FEET FROM P.V.A. 885 WALNUT ST;TWO-WAY,NOT DIVIDED;DAYLIGHT;CLEAR;0;0;;NO CONTROL PRESENT;PASSENGER CAR;PICKUP;NONE;NONE;;2019-09-28T18:35:38-04:00;2019;No;No;9;18
200 FEET FROM SR 1652 (N HARRISON AV);TWO-WAY,DIVIDED,UNPROTECTED MEDIAN;DAYLIGHT;CLEAR;0;0;;NO CONTROL PRESENT;PASSENGER CAR;PASSENGER CAR;NONE;NONE;;2019-09-28T16:26:57-04:00;2019;No;No;9;16
431 FEET FROM SR 3120 (MORRISVILLE PKWY);TWO-WAY,DIVIDED,UNPROTECTED MEDIAN;DAYLIGHT;CLEAR;0;0;;STOP AND GO SIGNAL;PASSENGER CAR;PASSENGER CAR;NONE;NONE;;2019-09-29T10:54:00-04:00;2019;No;No;9;10
431 FEET FROM GLENDALE DR;TWO-WAY,NOT DIVIDED;DARK - UNKNOWN LIGHTING;CLEAR;0;0;;NO CONTROL PRESENT;NONE;PASSENGER CAR;NONE;NONE;;2019-09-29T17:15:17-04:00;2019;No;No;9;17
.2 MILES FROM FAIRLANE RD;TWO-WAY,NOT DIVIDED;DAYLIGHT;CLEAR;0;0;;NO CONTROL PRESENT;POLICE;NONE;NONE;NONE;;2019-09-30T14:06:45-04:00;2019;No;No;9;14
CARY;TWO-WAY,NOT DIVIDED;DARK - ROADWAY NOT LIGHTED;CLEAR;0;0;;NO CONTROL PRESENT;PASSENGER CAR;PASSENGER CAR;NONE;NONE;;2019-09-29T19:45:45-04:00;2019;No;No;9;19
.2 MILES FROM NC 54  (CHAPEL HILL RD);TWO-WAY,DIVIDED,POSITIVE MEDIAN BARRIER;DAYLIGHT;CLEAR;0;0;;NO CONTROL PRESENT;SPORT UTILITY;PASSENGER CAR;NONE;NONE;;2019-09-29T16:32:34-04:00;2019;No;No;9;16
.5 MILES FROM SR 1011 (EAST CHATHAM ST);TWO-WAY,NOT DIVIDED;DAYLIGHT;CLEAR;0;0;;NO CONTROL PRESENT;PASSENGER CAR;NONE;NONE;NONE;;2019-09-22T15:03:24-04:00;2019;No;No;9;15
250 FEET FROM P.V.A. (12102 BRADFORD GREEN);TWO-WAY,NOT DIVIDED;DAYLIGHT;CLEAR;0;0;;NO CONTROL PRESENT;PASSENGER CAR;PASSENGER CAR;NONE;NONE;;2019-09-28T04:01:02-04:00;2019;No;No;9;04
75 FEET FROM P.V.A. VET MOBIL;TWO-WAY,NOT DIVIDED;NONE;CLEAR;0;0;;NO CONTROL PRESENT;LIGHT TRUCK (MINI-VAN- PANEL);PASSENGER CAR;NONE;NONE;;2019-10-01T10:15:00-04:00;2019;No;No;10;10
145 FEET FROM STAMFORD DR;TWO-WAY,NOT DIVIDED;DAYLIGHT;CLEAR;0;0;;NO CONTROL PRESENT;PASSENGER CAR;PASSENGER CAR;NONE;NONE;;2019-10-01T08:59:34-04:00;2019;No;No;10;08
0.15 MILES FROM NC 55 HWY;NONE;NONE;NONE;0;0;;;NONE;NONE;NONE;NONE;;2019-09-03T08:21:51-04:00;2019;No;No;9;08
100 FEET FROM PVA 100 W CHATHAM ST;TWO-WAY,NOT DIVIDED;DAYLIGHT;CLEAR;0;0;;NO CONTROL PRESENT;PICKUP;PASSENGER CAR;NONE;NONE;;2019-10-01T13:50:58-04:00;2019;No;No;10;13
442 FEET FROM P.V.A (9000 REGENCY PKWY);TWO-WAY,NOT DIVIDED;DAYLIGHT;CLEAR;0;0;;NO CONTROL PRESENT;NONE;SPORT UTILITY;NONE;NONE;;2019-10-01T14:00:15-04:00;2019;No;No;10;14
.1 MILES FROM PVA (6770 MCCRIMMON PKWY);TWO-WAY,NOT DIVIDED;DAYLIGHT;CLEAR;0;0;;NO CONTROL PRESENT;SPORT UTILITY;SPORT UTILITY;NONE;NONE;;2019-09-25T12:04:00-04:00;2019;No;No;9;12
.1 MILES FROM P.V.A. (2500 CARPENTER UPCHUR);ONE-WAY,NOT DIVIDED;DAYLIGHT;CLEAR;0;0;;NO CONTROL PRESENT;PASSENGER CAR;PASSENGER CAR;NONE;NONE;;2019-10-01T18:40:31-04:00;2019;No;No;10;18
.1 MILES FROM NC55;TWO-WAY,DIVIDED,POSITIVE MEDIAN BARRIER;DAYLIGHT;CLEAR;0;0;;STOP AND GO SIGNAL;PASSENGER CAR;PASSENGER CAR;NONE;NONE;;2019-10-02T15:58:41-04:00;2019;No;No;10;15
.39 MILES FROM US 1 HWY;TWO-WAY,DIVIDED,POSITIVE MEDIAN BARRIER;DAYLIGHT;CLEAR;0;0;;NO CONTROL PRESENT;SINGLE UNIT TRUCK (2-AXLE- 6-TIRE);PASSENGER CAR;NONE;NONE;;2019-10-02T14:12:25-04:00;2019;No;No;10;14
.2 MILES FROM CASTALIA DR;TWO-WAY,NOT DIVIDED;DAYLIGHT;CLEAR;1;0;;NO CONTROL PRESENT;SPORT UTILITY;NONE;NONE;NONE;;2019-09-30T09:08:21-04:00;2019;Yes;No;9;09
1.27 MILES FROM US 1 HWY;TWO-WAY,DIVIDED,POSITIVE MEDIAN BARRIER;DAYLIGHT;CLEAR;0;0;;NO CONTROL PRESENT;PASSENGER CAR;PASSENGER CAR;NONE;NONE;;2019-10-02T16:52:22-04:00;2019;No;No;10;16
100 FEET FROM PVA (BARGATE DR);TWO-WAY,NOT DIVIDED;DAYLIGHT;CLEAR;0;0;;NO CONTROL PRESENT;SINGLE UNIT TRUCK (2-AXLE- 6-TIRE);PASSENGER CAR;NONE;NONE;;2019-10-02T16:37:47-04:00;2019;No;No;10;16
.1 MILES FROM US 1 HWY;TWO-WAY,DIVIDED,POSITIVE MEDIAN BARRIER;DAYLIGHT;CLEAR;0;0;;NO CONTROL PRESENT;PASSENGER CAR;NONE;NONE;NONE;;2019-10-03T16:01:54-04:00;2019;No;No;10;16
.48 MILES FROM US 1 HWY;TWO-WAY,DIVIDED,POSITIVE MEDIAN BARRIER;DAYLIGHT;CLEAR;0;0;;NO CONTROL PRESENT;PASSENGER CAR;PICKUP;NONE;NONE;;2019-10-03T15:32:55-04:00;2019;No;No;10;15
CARY;TWO-WAY,DIVIDED,POSITIVE MEDIAN BARRIER;DAYLIGHT;CLEAR;0;0;;STOP AND GO SIGNAL;PASSENGER CAR;SPORT UTILITY;NONE;NONE;;2019-10-04T14:55:59-04:00;2019;No;No;10;14
440 FEET FROM P.V.A. 2000 WALNUT ST (LOWES H;TWO-WAY,NOT DIVIDED;DAYLIGHT;CLEAR;0;0;;NO CONTROL PRESENT;NONE;NONE;NONE;NONE;;2019-10-02T09:46:06-04:00;2019;No;No;10;09
100 FEET FROM PVA 1815 WALNUT ST;ONE-WAY,NOT DIVIDED;DAYLIGHT;CLEAR;0;0;;NO CONTROL PRESENT;PASSENGER CAR;PASSENGER CAR;NONE;NONE;;2019-10-03T15:39:33-04:00;2019;No;No;10;15
.065 MILES FROM PVA (1815 WALNUT ST);ONE-WAY,NOT DIVIDED;DAYLIGHT;CLEAR;0;0;;NO CONTROL PRESENT;PASSENGER CAR;PASSENGER CAR;NONE;NONE;;2019-10-04T12:17:00-04:00;2019;No;No;10;12
227 FEET FROM US 1;TWO-WAY,DIVIDED,POSITIVE MEDIAN BARRIER;DARK - LIGHTED ROADWAY;CLEAR;0;0;;NO CONTROL PRESENT;PASSENGER CAR;NONE;NONE;NONE;;2019-10-05T20:57:58-04:00;2019;No;No;10;20
250 FEET FROM P.V.A. (801 BASS PRO LN);TWO-WAY,NOT DIVIDED;DAYLIGHT;CLEAR;0;0;;NO CONTROL PRESENT;PASSENGER CAR;PASSENGER CAR;NONE;NONE;;2019-10-04T23:42:00-04:00;2019;No;No;10;23
0 FEET FROM SR 1300 (KILDAIRE FARM RD);TWO-WAY,NOT DIVIDED;DAYLIGHT;CLEAR;0;0;;STOP SIGN;PASSENGER CAR;NONE;NONE;NONE;;2019-10-06T15:47:02-04:00;2019;No;No;10;15
50 FEET FROM WALNUT ST;TWO-WAY,NOT DIVIDED;DAYLIGHT;CLOUDY;0;0;;NO CONTROL PRESENT;PICKUP;NONE;NONE;NONE;;2019-10-08T06:40:08-04:00;2019;No;No;10;06
150 FEET FROM SR 3112 (NW CARY PKWY);TWO-WAY,DIVIDED,UNPROTECTED MEDIAN;DAYLIGHT;CLOUDY;0;1;;STOP AND GO SIGNAL;SPORT UTILITY;SPORT UTILITY;NONE;NONE;;2019-10-08T13:48:24-04:00;2019;No;Yes;10;13
CARY;TWO-WAY,DIVIDED,POSITIVE MEDIAN BARRIER;DARK - LIGHTED ROADWAY;CLEAR;0;0;;STOP AND GO SIGNAL;PASSENGER CAR;SPORT UTILITY;NONE;NONE;;2019-10-02T20:31:30-04:00;2019;No;No;10;20
200 FEET FROM SR-3977 (SE CARY PKY);TWO-WAY,DIVIDED,UNPROTECTED MEDIAN;DUSK;CLOUDY;0;0;;STOP AND GO SIGNAL;LIGHT TRUCK (MINI-VAN- PANEL);PASSENGER CAR;NONE;NONE;;2019-10-08T17:42:52-04:00;2019;No;No;10;17
225 FEET FROM WESTFALEN DR;TWO-WAY,NOT DIVIDED;DAYLIGHT;CLEAR;0;0;;NO CONTROL PRESENT;SPORT UTILITY;NONE;NONE;NONE;;2019-10-06T17:12:09-04:00;2019;No;No;10;17
400 FEET FROM WALNUT;TWO-WAY,DIVIDED,POSITIVE MEDIAN BARRIER;DARK - LIGHTED ROADWAY;CLEAR;0;0;;NO CONTROL PRESENT;VAN;PASSENGER CAR;NONE;NONE;;2019-10-08T19:47:16-04:00;2019;No;No;10;19
0 FEET FROM NC 55 HWY;TWO-WAY,DIVIDED,UNPROTECTED MEDIAN;DAYLIGHT;CLOUDY;0;1;;STOP AND GO SIGNAL;PICKUP;PASSENGER CAR;PASSENGER CAR;NONE;;2019-10-08T11:24:00-04:00;2019;No;Yes;10;11
CARY;TWO-WAY,NOT DIVIDED;DARK - UNKNOWN LIGHTING;CLEAR;0;0;;NO CONTROL PRESENT;SPORT UTILITY;PASSENGER CAR;NONE;NONE;;2019-10-08T19:38:11-04:00;2019;No;No;10;19
50 FEET FROM P.V.A. (1353 BRADFORD VIEW DR);TWO-WAY,NOT DIVIDED;DAYLIGHT;CLEAR;0;0;;NO CONTROL PRESENT;SPORT UTILITY;SPORT UTILITY;NONE;NONE;;2019-10-09T14:53:39-04:00;2019;No;No;10;14
CARY;TWO-WAY,DIVIDED,POSITIVE MEDIAN BARRIER;DAYLIGHT;CLEAR;0;0;;STOP AND GO SIGNAL;PICKUP;PASSENGER CAR;NONE;NONE;;2019-10-08T13:30:05-04:00;2019;No;No;10;13
.4 MILES FROM US 1 HWY N;TWO-WAY,DIVIDED,POSITIVE MEDIAN BARRIER;DAYLIGHT;CLEAR;0;0;;NO CONTROL PRESENT;SPORT UTILITY;PASSENGER CAR;NONE;NONE;;2019-10-10T16:40:00-04:00;2019;No;No;10;16
25 FEET FROM P.V.A. 102-B NEW WAVERLY PL;TWO-WAY,NOT DIVIDED;DAYLIGHT;CLEAR;0;0;;NO CONTROL PRESENT;PASSENGER CAR;NONE;NONE;NONE;;2019-10-10T22:39:00-04:00;2019;No;No;10;22
250 FEET FROM SR 1616 (OLD APEX RD);TWO-WAY,NOT DIVIDED;DAYLIGHT;CLEAR;0;0;;NO CONTROL PRESENT;PASSENGER CAR;PASSENGER CAR;NONE;NONE;;2019-10-09T13:17:56-04:00;2019;No;No;10;13
.01 MILES FROM PVA 2080 KILDAIRE FARM RD;TWO-WAY,NOT DIVIDED;DAYLIGHT;CLEAR;0;0;;NO CONTROL PRESENT;PASSENGER CAR;PASSENGER CAR;NONE;NONE;;2019-10-11T12:56:00-04:00;2019;No;No;10;12
0 FEET FROM SR 1313 (WALNUT ST);NONE;NONE;NONE;0;0;;;NONE;NONE;NONE;NONE;;2018-05-29T00:00:00-04:00;2018;No;No;5;00
210 FEET FROM P.V.A. (2416 WALNUT ST);TWO-WAY,NOT DIVIDED;DAYLIGHT;CLOUDY;0;0;;STOP AND GO SIGNAL;PASSENGER CAR;LIGHT TRUCK (MINI-VAN- PANEL);LIGHT TRUCK (MINI-VAN- PANEL);NONE;;2019-10-13T15:09:53-04:00;2019;No;No;10;15
.12 MILES FROM WESTON PKWY;TWO-WAY,DIVIDED,POSITIVE MEDIAN BARRIER;DARK - LIGHTED ROADWAY;CLEAR;0;0;;NO CONTROL PRESENT;PASSENGER CAR;NONE;NONE;NONE;;2019-10-11T22:28:00-04:00;2019;No;No;10;22
30 FEET FROM PVA 600 STONE COVE LN;TWO-WAY,NOT DIVIDED;DAYLIGHT;CLEAR;0;0;;NO CONTROL PRESENT;PASSENGER CAR;PASSENGER CAR;NONE;NONE;;2019-10-07T15:25:47-04:00;2019;No;No;10;15
10 FEET FROM CAITBOO AV;TWO-WAY,NOT DIVIDED;DAYLIGHT;CLEAR;0;0;;STOP AND GO SIGNAL;SPORT UTILITY;SPORT UTILITY;NONE;NONE;;2019-10-12T15:27:57-04:00;2019;No;No;10;15
5 FEET FROM SR 1300 (KILDAIRE FARM RD);TWO-WAY,DIVIDED,UNPROTECTED MEDIAN;DAYLIGHT;CLEAR;0;0;;STOP AND GO SIGNAL;SPORT UTILITY;SPORT UTILITY;NONE;NONE;;2019-10-07T18:08:11-04:00;2019;No;No;10;18
NEAR .2 MILES E OF E I-40;TWO-WAY,DIVIDED,POSITIVE MEDIAN BARRIER;DAYLIGHT;CLEAR;0;1;;NO CONTROL PRESENT;SPORT UTILITY;PASSENGER CAR;PASSENGER CAR;NONE;;2019-10-11T18:30:09-04:00;2019;No;Yes;10;18
.10 MILES FROM HWY55;TWO-WAY,NOT DIVIDED;DAYLIGHT;CLEAR;0;0;;NO CONTROL PRESENT;PASSENGER CAR;PICKUP;PASSENGER CAR;NONE;;2019-10-11T17:31:25-04:00;2019;No;No;10;17
70 FEET FROM SR 1349(DILLARD DR);TWO-WAY,DIVIDED,UNPROTECTED MEDIAN;DAYLIGHT;CLEAR;0;0;;NO CONTROL PRESENT;PASSENGER CAR;PASSENGER CAR;NONE;NONE;;2019-10-12T09:11:42-04:00;2019;No;No;10;09
.16 MILES FROM SR1390 (OPTIMIST FARM RD);TWO-WAY,NOT DIVIDED;DAYLIGHT;CLEAR;0;1;;NO CONTROL PRESENT;SPORT UTILITY;NONE;NONE;NONE;;2019-10-15T08:24:18-04:00;2019;No;Yes;10;08
CARY;TWO-WAY,DIVIDED,UNPROTECTED MEDIAN;DAYLIGHT;CLEAR;0;0;;STOP SIGN;PICKUP;PASSENGER CAR;NONE;NONE;;2019-10-15T18:20:56-04:00;2019;No;No;10;18
100 FEET FROM SR 1300 (KILDAIRE FARM RD);TWO-WAY,DIVIDED,UNPROTECTED MEDIAN;DAYLIGHT;RAIN;0;0;;STOP AND GO SIGNAL;PASSENGER CAR;PASSENGER CAR;NONE;NONE;;2019-10-16T11:59:00-04:00;2019;No;No;10;11
0 FEET FROM US 64 HWY;TWO-WAY,DIVIDED,UNPROTECTED MEDIAN;DAWN;CLEAR;0;0;;STOP AND GO SIGNAL;SINGLE UNIT TRUCK (3 OR MORE AXLES);PASSENGER CAR;NONE;NONE;;2019-10-17T06:53:42-04:00;2019;No;No;10;06
0 FEET FROM S ACADEMY ST;TWO-WAY,NOT DIVIDED;DAYLIGHT;RAIN;0;5;;STOP SIGN;SPORT UTILITY;VAN;NONE;NONE;;2019-10-16T13:06:25-04:00;2019;No;Yes;10;13
10 FEET FROM BONNIEWOOD DR;TWO-WAY,NOT DIVIDED;DAYLIGHT;CLEAR;0;1;;STOP SIGN;PASSENGER CAR;NONE;NONE;NONE;;2019-10-15T09:53:24-04:00;2019;No;Yes;10;09
.11 MILES FROM PVA(2010 KILDAIRE FARM RD);TWO-WAY,NOT DIVIDED;DAYLIGHT;CLEAR;0;0;;NO CONTROL PRESENT;PASSENGER CAR;PICKUP;NONE;NONE;;2019-10-10T12:13:00-04:00;2019;No;No;10;12
0 FEET FROM PINEY PLAINS RD;TWO-WAY,NOT DIVIDED;DAYLIGHT;CLEAR;0;1;;STOP AND GO SIGNAL;PASSENGER CAR;PASSENGER CAR;PICKUP;NONE;;2019-10-17T12:03:00-04:00;2019;No;Yes;10;12
150 FEET FROM US 64 HWY;TWO-WAY,DIVIDED,UNPROTECTED MEDIAN;DAYLIGHT;CLEAR;0;0;;NO CONTROL PRESENT;LIGHT TRUCK (MINI-VAN- PANEL);PASSENGER CAR;NONE;NONE;;2019-10-17T17:44:15-04:00;2019;No;No;10;17
0.60 MILES FROM US 1 S;TWO-WAY,DIVIDED,POSITIVE MEDIAN BARRIER;DARK - LIGHTED ROADWAY;CLEAR;0;0;;NO CONTROL PRESENT;PASSENGER CAR;PASSENGER CAR;NONE;NONE;;2019-10-19T20:34:06-04:00;2019;No;No;10;20
CARY;TWO-WAY,DIVIDED,UNPROTECTED MEDIAN;DAYLIGHT;CLOUDY;0;0;;NO CONTROL PRESENT;PASSENGER CAR;PASSENGER CAR;NONE;NONE;;2019-10-19T15:39:08-04:00;2019;No;No;10;15