Location_Description;Road_Configuration;Light_Condition;Weather;Fatality;Injury;Contributing_Factor;Traffic_Control;Vehicle1;Vehicle2;Vehicle3;Vehicle4;Vehicle5;Crash_Date;year;Fatalities;Injuries;Month;Hour
75 FEET FROM P.V.A. (4103 CAROLINA LILY ST);TWO-WAY,NOT DIVIDED;DARK - LIGHTED ROADWAY;CLEAR;0;0;;NO CONTROL PRESENT;PASSENGER CAR;SPORT UTILITY;PASSENGER CAR;NONE;;2019-12-27T23:45:00-05:00;2019;No;No;12;23
.1 MILES FROM SR 1313 (WALNUT ST);TWO-WAY,DIVIDED,POSITIVE MEDIAN BARRIER;DAYLIGHT;CLOUDY;0;0;;NO CONTROL PRESENT;PASSENGER CAR;PASSENGER CAR;NONE;NONE;;2019-12-29T10:03:00-05:00;2019;No;No;12;10
43 FEET FROM SR 1313 (WALNUT ST);TWO-WAY,DIVIDED,UNPROTECTED MEDIAN;DARK - LIGHTED ROADWAY;CLEAR;0;0;;STOP AND GO SIGNAL;PASSENGER CAR;PASSENGER CAR;NONE;NONE;;2019-12-27T18:16:59-05:00;2019;No;No;12;18
.2 MILES FROM LOCHMERE DR;TWO-WAY,NOT DIVIDED;DARK - LIGHTED ROADWAY;CLEAR;0;0;;NO CONTROL PRESENT;PASSENGER CAR;NONE;NONE;NONE;;2019-12-27T23:01:00-05:00;2019;No;No;12;23
.2 MILES FROM US 1;TWO-WAY,DIVIDED,UNPROTECTED MEDIAN;DARK - LIGHTED ROADWAY;CLEAR;0;0;;NO CONTROL PRESENT;PASSENGER CAR;PASSENGER CAR;NONE;NONE;;2019-12-27T17:37:46-05:00;2019;No;No;12;17
CARY;TWO-WAY,DIVIDED,POSITIVE MEDIAN BARRIER;DUSK;RAIN;0;0;;STOP AND GO SIGNAL;PICKUP;PASSENGER CAR;NONE;NONE;;2019-12-29T18:23:55-05:00;2019;No;No;12;18
.20 MILES FROM SR1521(LAKE PINE DR);TWO-WAY,NOT DIVIDED;DAYLIGHT;CLEAR;0;0;;STOP AND GO SIGNAL;PASSENGER CAR;PASSENGER CAR;NONE;NONE;;2019-12-29T14:06:59-05:00;2019;No;No;12;14
85 FEET FROM NC 55 HWY;TWO-WAY,DIVIDED,UNPROTECTED MEDIAN;DARK - ROADWAY NOT LIGHTED;CLEAR;0;2;;NO CONTROL PRESENT;SPORT UTILITY;SPORT UTILITY;NONE;NONE;;2019-12-27T17:08:22-05:00;2019;No;Yes;12;17
CARY;TWO-WAY,DIVIDED,UNPROTECTED MEDIAN;DAYLIGHT;CLOUDY;0;0;;NO CONTROL PRESENT;PASSENGER CAR;NONE;NONE;NONE;;2019-12-30T09:57:31-05:00;2019;No;No;12;09
.1 MILES FROM P.V.A. (300 ASHVILE AV);TWO-WAY,NOT DIVIDED;DAYLIGHT;CLEAR;0;0;;NO CONTROL PRESENT;VAN;VAN;NONE;NONE;;2019-12-30T14:26:15-05:00;2019;No;No;12;14
300 FEET FROM P.V.A. 102B NEW WAVERLY PL;TWO-WAY,NOT DIVIDED;DAYLIGHT;CLEAR;0;0;;NO CONTROL PRESENT;PASSENGER CAR;PASSENGER CAR;NONE;NONE;;2019-12-30T16:42:03-05:00;2019;No;No;12;16
452 FEET FROM TRYON RD TO US 1 RAMP NB;ONE-WAY,NOT DIVIDED;DARK - ROADWAY NOT LIGHTED;CLEAR;0;0;;NO CONTROL PRESENT;SPORT UTILITY;PASSENGER CAR;NONE;NONE;;2019-12-30T22:45:00-05:00;2019;No;No;12;22
309 FEET FROM P.V.A. (2010 KILDAIRE FARM RD);ONE-WAY,NOT DIVIDED;DARK - LIGHTED ROADWAY;CLEAR;0;0;;NO CONTROL PRESENT;PASSENGER CAR;PASSENGER CAR;NONE;NONE;;2019-12-30T22:28:00-05:00;2019;No;No;12;22
200 FEET FROM SR 1415 (NW MAYNARD RD);TWO-WAY,DIVIDED,UNPROTECTED MEDIAN;DARK - LIGHTED ROADWAY;CLEAR;0;0;;FLASHING STOP AND GO SIGNAL;PASSENGER CAR;PASSENGER CAR;NONE;NONE;;2019-12-31T18:57:56-05:00;2019;No;No;12;18
10 FEET FROM S.R.3120 (MORRISVILLE PKWY);TWO-WAY,DIVIDED,UNPROTECTED MEDIAN;DAYLIGHT;CLEAR;0;0;;STOP AND GO SIGNAL;SPORT UTILITY;SPORT UTILITY;NONE;NONE;;2019-12-31T15:02:39-05:00;2019;No;No;12;15
CARY;TWO-WAY,NOT DIVIDED;DAYLIGHT;CLEAR;0;0;;STOP AND GO SIGNAL;PASSENGER CAR;PASSENGER CAR;NONE;NONE;;2020-01-02T07:40:23-05:00;2020;No;No;1;07
CARY;TWO-WAY,DIVIDED,POSITIVE MEDIAN BARRIER;DARK - LIGHTED ROADWAY;CLOUDY;0;0;;NO CONTROL PRESENT;PASSENGER CAR;SPORT UTILITY;NONE;NONE;;2020-01-02T19:43:20-05:00;2020;No;No;1;19
15 FEET FROM WESTON PARKWAY;TWO-WAY,DIVIDED,UNPROTECTED MEDIAN;DAYLIGHT;CLOUDY;0;0;;NO CONTROL PRESENT;SPORT UTILITY;PASSENGER CAR;NONE;NONE;;2020-01-03T09:46:52-05:00;2020;No;No;1;09
20 FEET FROM SR 1010 (TEN TEN RD);TWO-WAY,DIVIDED,UNPROTECTED MEDIAN;DAYLIGHT;CLOUDY;0;0;;STOP AND GO SIGNAL;VAN;PASSENGER CAR;NONE;NONE;;2020-01-03T13:15:21-05:00;2020;No;No;1;13
1.4 MILES FROM SR 3011 (JENKS CARPENTER RD);TWO-WAY,NOT DIVIDED;DARK - ROADWAY NOT LIGHTED;RAIN;0;0;COMING FROM BEHIND PARKED VEHICLE;OTHER *;SPORT UTILITY;PASSENGER CAR;NONE;NONE;;2020-01-03T18:23:41-05:00;2020;No;No;1;18
.01 MILES FROM BRAMPTON LN;TWO-WAY,NOT DIVIDED;DARK - LIGHTED ROADWAY;RAIN;0;0;;NO CONTROL PRESENT;PASSENGER CAR;NONE;NONE;NONE;;2020-01-04T14:27:08-05:00;2020;No;No;1;14
400 FEET FROM P.V.A. (4313 CAROLINA LILY ST);TWO-WAY,NOT DIVIDED;NONE;CLEAR;0;0;;NO CONTROL PRESENT;NONE;PASSENGER CAR;NONE;NONE;;2019-12-30T19:13:48-05:00;2019;No;No;12;19
100 FEET FROM S.R. 55 (NC 55 HWY);TWO-WAY,DIVIDED,UNPROTECTED MEDIAN;DARK - LIGHTED ROADWAY;RAIN;0;2;;STOP AND GO SIGNAL;SPORT UTILITY;SPORT UTILITY;NONE;NONE;;2020-01-03T18:14:51-05:00;2020;No;Yes;1;18
380 FEET FROM S.R. 1313 (WALNUT ST);TWO-WAY,DIVIDED,UNPROTECTED MEDIAN;DAYLIGHT;CLOUDY;0;0;;NO CONTROL PRESENT;PASSENGER CAR;PASSENGER CAR;NONE;NONE;;2020-01-04T10:58:00-05:00;2020;No;No;1;10
118 FEET FROM PVA OF 1299 SR 1300 (KILDAIRE;TWO-WAY,NOT DIVIDED;DARK - LIGHTED ROADWAY;CLOUDY;0;0;;NO CONTROL PRESENT;PASSENGER CAR;SPORT UTILITY;NONE;NONE;;2020-01-04T18:07:16-05:00;2020;No;No;1;18
1 MILES FROM US 1 HWY;TWO-WAY,DIVIDED,POSITIVE MEDIAN BARRIER;DAYLIGHT;CLOUDY;0;1;;;PASSENGER CAR;NONE;NONE;NONE;;2020-01-04T13:42:32-05:00;2020;No;Yes;1;13
.29 MILES FROM SR1315(BUCK JONES RD);TWO-WAY,NOT DIVIDED;DAYLIGHT;CLEAR;0;0;;NO CONTROL PRESENT;PASSENGER CAR;NONE;NONE;NONE;;2020-01-05T15:38:27-05:00;2020;No;No;1;15
250 FEET FROM SR 1652 (N HARRISON AV);TWO-WAY,NOT DIVIDED;DARK - LIGHTED ROADWAY;CLOUDY;0;0;;RR GATE AND FLASHER;PASSENGER CAR;NONE;NONE;NONE;;2020-01-05T22:31:00-05:00;2020;No;No;1;22
387 FEET FROM P.V.A. (2861 JONES FRANKLIN RD;TWO-WAY,NOT DIVIDED;DARK - LIGHTED ROADWAY;CLEAR;0;0;;NO CONTROL PRESENT;SPORT UTILITY;PASSENGER CAR;NONE;NONE;;2020-01-06T21:20:07-05:00;2020;No;No;1;21
250 FEET FROM SR 1652 (N HARRISON AV);TWO-WAY,NOT DIVIDED;DARK - LIGHTED ROADWAY;CLOUDY;0;0;;RR GATE AND FLASHER;PASSENGER CAR;NONE;NONE;NONE;;2020-01-05T22:33:00-05:00;2020;No;No;1;22
150 FEET FROM P.V.A. 1405 KILDAIRE FARM RD;TWO-WAY,NOT DIVIDED;DAYLIGHT;CLEAR;0;0;;NO CONTROL PRESENT;NONE;NONE;NONE;NONE;;2020-01-06T09:02:04-05:00;2020;No;No;1;09
200 FEET FROM EUPHORIA CIR;TWO-WAY,NOT DIVIDED;DAYLIGHT;CLEAR;0;0;;NO CONTROL PRESENT;NONE;PASSENGER CAR;NONE;NONE;;2020-01-06T07:25:18-05:00;2020;No;No;1;07
.28 MILES FROM US 64 HWY;TWO-WAY,DIVIDED,UNPROTECTED MEDIAN;DARK - LIGHTED ROADWAY;CLEAR;0;1;;STOP AND GO SIGNAL;PASSENGER CAR;SPORT UTILITY;NONE;NONE;;2020-01-07T18:40:52-05:00;2020;No;Yes;1;18
335 FEET FROM P.V.A. (135 PARKWAY OFFICE CT);TWO-WAY,NOT DIVIDED;DAYLIGHT;CLOUDY;0;0;;NO CONTROL PRESENT;PASSENGER CAR;PASSENGER CAR;NONE;NONE;;2020-01-07T10:30:00-05:00;2020;No;No;1;10
90 FEET FROM 101 WHITE SEDGE DR;TWO-WAY,NOT DIVIDED;DARK - LIGHTED ROADWAY;CLOUDY;0;0;;NO CONTROL PRESENT;SPORT UTILITY;NONE;NONE;NONE;;2020-01-07T21:21:11-05:00;2020;No;No;1;21
CARY;TWO-WAY,NOT DIVIDED;DARK - UNKNOWN LIGHTING;CLEAR;0;0;;NO CONTROL PRESENT;PASSENGER CAR;PICKUP;NONE;NONE;;2020-01-08T21:35:48-05:00;2020;No;No;1;21
404 FEET FROM P.V.A 1120 (S.R. 3977) CARY PK;TWO-WAY,NOT DIVIDED;DAYLIGHT;CLEAR;0;0;;NO CONTROL PRESENT;PASSENGER CAR;PICKUP;NONE;NONE;;2020-01-07T16:11:20-05:00;2020;No;No;1;16
CARY;TWO-WAY,NOT DIVIDED;DAYLIGHT;CLEAR;0;0;;NO CONTROL PRESENT;PASSENGER CAR;PASSENGER CAR;PASSENGER CAR;NONE;;2020-01-07T16:29:58-05:00;2020;No;No;1;16
10 FEET FROM 2810 NC 55 HWY;TWO-WAY,NOT DIVIDED;DAYLIGHT;CLEAR;0;0;;STOP SIGN;PASSENGER CAR;SPORT UTILITY;NONE;NONE;;2020-01-09T09:35:36-05:00;2020;No;No;1;09
200 FEET FROM WESTON PKWY;TWO-WAY,DIVIDED,UNPROTECTED MEDIAN;DAYLIGHT;CLEAR;0;0;INATTENTIVE (TALKING,EATING,ETC.),INATTENTIVE (TALKING,EATING,ETC.);NO CONTROL PRESENT;PASSENGER CAR;PASSENGER CAR;NONE;NONE;;2020-01-08T14:59:50-05:00;2020;No;No;1;14
138 FEET FROM ROTHES RD;TWO-WAY,NOT DIVIDED;DARK - ROADWAY NOT LIGHTED;CLEAR;0;0;;NO CONTROL PRESENT;NONE;PASSENGER CAR;NONE;NONE;;2020-01-08T13:35:43-05:00;2020;No;No;1;13
300 FEET FROM S.R. 1300 (KILDAIRE FARM RD);TWO-WAY,DIVIDED,UNPROTECTED MEDIAN;DUSK;CLEAR;0;0;;NO CONTROL PRESENT;PASSENGER CAR;SPORT UTILITY;NONE;NONE;;2020-01-09T17:08:19-05:00;2020;No;No;1;17
CARY;TWO-WAY,NOT DIVIDED;DAYLIGHT;CLOUDY;0;0;;STOP SIGN;PASSENGER CAR;SPORT UTILITY;NONE;NONE;;2020-01-10T15:54:50-05:00;2020;No;No;1;15
100 FEET FROM METLIFE WAY;TWO-WAY,NOT DIVIDED;DAWN;CLEAR;0;0;;STOP AND GO SIGNAL;PASSENGER CAR;PASSENGER CAR;NONE;NONE;;2020-01-09T16:56:04-05:00;2020;No;No;1;16
NEAR .1 MILES SW OF SW SR 1002 (AVIATION PKWY);TWO-WAY,NOT DIVIDED;DARK - ROADWAY NOT LIGHTED;CLEAR;0;0;;STOP AND GO SIGNAL;VAN;PASSENGER CAR;NONE;NONE;;2020-01-09T18:29:05-05:00;2020;No;No;1;18
.441 MILES FROM US 1;TWO-WAY,DIVIDED,POSITIVE MEDIAN BARRIER;DARK - ROADWAY NOT LIGHTED;RAIN;0;0;;NO CONTROL PRESENT;PASSENGER CAR;NONE;NONE;NONE;;2020-01-11T20:15:51-05:00;2020;No;No;1;20
1 MILES FROM US 1 HWY;TWO-WAY,DIVIDED,POSITIVE MEDIAN BARRIER;DAYLIGHT;CLOUDY;0;1;;NO CONTROL PRESENT;PASSENGER CAR;SPORT UTILITY;SPORT UTILITY;NONE;;2020-01-11T12:45:00-05:00;2020;No;Yes;1;12
150 FEET FROM US 1 HWY;TWO-WAY,DIVIDED,POSITIVE MEDIAN BARRIER;DAYLIGHT;CLOUDY;0;0;;NO CONTROL PRESENT;SPORT UTILITY;PASSENGER CAR;NONE;NONE;;2020-01-11T11:53:00-05:00;2020;No;No;1;11
1.0 MILES FROM US1 S;TWO-WAY,DIVIDED,POSITIVE MEDIAN BARRIER;DARK - ROADWAY NOT LIGHTED;CLEAR;0;0;;NO CONTROL PRESENT;PASSENGER CAR;NONE;NONE;NONE;;2020-01-11T03:42:04-05:00;2020;No;No;1;03
450 FEET FROM POND ST;TWO-WAY,NOT DIVIDED;DAYLIGHT;RAIN;0;0;;NO CONTROL PRESENT;SPORT UTILITY;PASSENGER CAR;NONE;NONE;;2020-01-13T16:14:40-05:00;2020;No;No;1;16
CARY;TWO-WAY,DIVIDED,UNPROTECTED MEDIAN;DARK - LIGHTED ROADWAY;CLOUDY;0;0;;STOP AND GO SIGNAL;PASSENGER CAR;SPORT UTILITY;NONE;NONE;;2020-01-13T19:26:57-05:00;2020;No;No;1;19
CARY;TWO-WAY,NOT DIVIDED;DARK - UNKNOWN LIGHTING;CLOUDY;0;2;;NO CONTROL PRESENT;SPORT UTILITY;SPORT UTILITY;NONE;NONE;;2020-01-13T17:54:37-05:00;2020;No;Yes;1;17
48 FEET FROM WESTON PKWY;TWO-WAY,DIVIDED,UNPROTECTED MEDIAN;DARK - LIGHTED ROADWAY;CLEAR;0;0;DARTING;NO CONTROL PRESENT;PASSENGER CAR;NONE;NONE;NONE;;2020-01-05T05:42:32-05:00;2020;No;No;1;05
0 FEET FROM SR 1652 (N HARRISON AV);TWO-WAY,NOT DIVIDED;DAYLIGHT;CLEAR;0;0;;STOP AND GO SIGNAL;PASSENGER CAR;PASSENGER CAR;NONE;NONE;;2020-01-06T09:31:14-05:00;2020;No;No;1;09
200 FEET FROM NC 55 HWY;TWO-WAY,DIVIDED,UNPROTECTED MEDIAN;DAYLIGHT;RAIN;0;0;;NO CONTROL PRESENT;PASSENGER CAR;VAN;NONE;NONE;;2020-01-14T08:38:32-05:00;2020;No;No;1;08
200 FEET FROM P.V.A. 204 CROSSROADS BLVD;TWO-WAY,NOT DIVIDED;DAYLIGHT;CLEAR;0;0;;NO CONTROL PRESENT;PASSENGER CAR;SPORT UTILITY;NONE;NONE;;2020-01-14T16:05:46-05:00;2020;No;No;1;16
.02 MILES FROM NC 55 HWY;TWO-WAY,DIVIDED,UNPROTECTED MEDIAN;DAYLIGHT;CLOUDY;0;0;;NO CONTROL PRESENT;SPORT UTILITY;PASSENGER CAR;NONE;NONE;;2020-01-15T09:31:41-05:00;2020;No;No;1;09
5 FEET FROM SR-1652 N HARRISON AV;TWO-WAY,NOT DIVIDED;DARK - LIGHTED ROADWAY;CLOUDY;0;0;;STOP AND GO SIGNAL;VAN;PASSENGER CAR;PASSENGER CAR;NONE;;2020-01-14T19:37:18-05:00;2020;No;No;1;19
50 FEET FROM SR-1652 N HARRISON AV;TWO-WAY,NOT DIVIDED;DARK - ROADWAY NOT LIGHTED;CLEAR;0;0;;NO CONTROL PRESENT;VAN;PASSENGER CAR;NONE;NONE;;2020-01-14T22:45:00-05:00;2020;No;No;1;22
0 FEET FROM SR 1313 (WALNUT STREET);TWO-WAY,DIVIDED,UNPROTECTED MEDIAN;DAYLIGHT;CLEAR;0;0;;STOP AND GO SIGNAL;PASSENGER CAR;PASSENGER CAR;NONE;NONE;;2020-01-08T09:37:42-05:00;2020;No;No;1;09
CARY;TWO-WAY,NOT DIVIDED;DARK - LIGHTED ROADWAY;CLEAR;0;0;;FLASHING STOP AND GO SIGNAL;PASSENGER CAR;NONE;NONE;NONE;;2020-01-14T13:13:57-05:00;2020;No;No;1;13
100 FEET FROM SR 1390 (OPTIMIST FARM RD);TWO-WAY,NOT DIVIDED;DAYLIGHT;RAIN;0;0;;NO CONTROL PRESENT;SPORT UTILITY;NONE;NONE;NONE;;2020-01-14T13:22:46-05:00;2020;No;No;1;13
75 FEET FROM SR 1313 (WALNUT STREET);TWO-WAY,NOT DIVIDED;DAYLIGHT;CLEAR;0;2;;NO CONTROL PRESENT;SPORT UTILITY;PASSENGER CAR;NONE;NONE;;2020-01-17T10:25:00-05:00;2020;No;Yes;1;10
100 FEET FROM HARRISON AVE TO I40 E BOUND;ONE-WAY,NOT DIVIDED;DARK - ROADWAY NOT LIGHTED;CLEAR;0;0;;NO CONTROL PRESENT;PASSENGER CAR;PASSENGER CAR;NONE;NONE;;2020-01-20T22:35:00-05:00;2020;No;No;1;22
CARY;TWO-WAY,NOT DIVIDED;DAYLIGHT;CLEAR;0;0;;STOP AND GO SIGNAL;SPORT UTILITY;PASSENGER CAR;NONE;NONE;;2020-01-19T14:05:51-05:00;2020;No;No;1;14
10 FEET FROM SR 1415 (SE MAYNARD RD);TWO-WAY,DIVIDED,UNPROTECTED MEDIAN;DARK - LIGHTED ROADWAY;CLEAR;0;0;;STOP AND GO SIGNAL;SPORT UTILITY;NONE;NONE;NONE;;2020-01-20T06:29:23-05:00;2020;No;No;1;06
468 FEET FROM CONNORS CIR;TWO-WAY,NOT DIVIDED;DARK - ROADWAY NOT LIGHTED;CLEAR;0;0;;NO CONTROL PRESENT;SPORT UTILITY;NONE;NONE;NONE;;2020-01-19T14:59:14-05:00;2020;No;No;1;14
193 FEET FROM P.V.A. (1297 BUCK JONES RD);TWO-WAY,NOT DIVIDED;DAYLIGHT;CLEAR;0;0;;NO CONTROL PRESENT;VAN;PICKUP;NONE;NONE;;2020-01-20T15:23:58-05:00;2020;No;No;1;15
.181 MILES FROM SR1652 (N HARRISON AV);TWO-WAY,DIVIDED,UNPROTECTED MEDIAN;DARK - LIGHTED ROADWAY;CLEAR;0;0;;NO CONTROL PRESENT;PASSENGER CAR;SPORT UTILITY;NONE;NONE;;2020-01-16T05:59:09-05:00;2020;No;No;1;05
CARY;TWO-WAY,NOT DIVIDED;DAYLIGHT;CLEAR;0;1;;STOP AND GO SIGNAL;SPORT UTILITY;PASSENGER CAR;NONE;NONE;;2020-01-16T16:08:59-05:00;2020;No;Yes;1;16
319 FEET FROM P.V.A. TARGET(2021 WALNUT ST);TWO-WAY,NOT DIVIDED;DAYLIGHT;CLOUDY;0;0;;NO CONTROL PRESENT;NONE;PASSENGER CAR;NONE;NONE;;2020-01-18T15:40:33-05:00;2020;No;No;1;15
300 FEET FROM SR 1415 (SE MAYNARD RD);TWO-WAY,DIVIDED,UNPROTECTED MEDIAN;DARK - LIGHTED ROADWAY;RAIN;0;0;;NO CONTROL PRESENT;PICKUP;PASSENGER CAR;NONE;NONE;;2020-01-18T19:27:13-05:00;2020;No;No;1;19
300 FEET FROM SR 1300 (KILDAIRE FARM RD);TWO-WAY,DIVIDED,UNPROTECTED MEDIAN;DAYLIGHT;CLEAR;0;0;;STOP AND GO SIGNAL;PASSENGER CAR;SPORT UTILITY;NONE;NONE;;2020-01-19T13:34:09-05:00;2020;No;No;1;13
0.15 MILES FROM SR 1628 (OKELLY CHAPEL RD);TWO-WAY,DIVIDED,UNPROTECTED MEDIAN;DAYLIGHT;CLEAR;0;1;;NO CONTROL PRESENT;PASSENGER CAR;NONE;NONE;NONE;;2020-01-10T15:20:59-05:00;2020;No;Yes;1;15
300 FEET FROM P.V.A. (6430 TRYON RD);TWO-WAY,NOT DIVIDED;DAYLIGHT;CLEAR;0;0;;NO CONTROL PRESENT;SPORT UTILITY;PASSENGER CAR;NONE;NONE;;2020-01-19T13:54:04-05:00;2020;No;No;1;13
104 FEET FROM P.V.A. (1809 WALNUT ST);TWO-WAY,NOT DIVIDED;DARK - LIGHTED ROADWAY;CLEAR;0;0;;NO CONTROL PRESENT;PICKUP;PASSENGER CAR;NONE;NONE;;2020-01-20T22:40:00-05:00;2020;No;No;1;22
30 FEET FROM US 1 HWY;TWO-WAY,DIVIDED,POSITIVE MEDIAN BARRIER;DARK - ROADWAY NOT LIGHTED;CLEAR;0;0;;NO CONTROL PRESENT;PASSENGER CAR;PASSENGER CAR;NONE;NONE;;2020-01-22T17:51:19-05:00;2020;No;No;1;17
20 FEET FROM SR 1009 (TRYON RD);TWO-WAY,DIVIDED,POSITIVE MEDIAN BARRIER;DAYLIGHT;RAIN;0;0;;YIELD SIGN;PASSENGER CAR;PASSENGER CAR;NONE;NONE;;2020-01-14T14:05:02-05:00;2020;No;No;1;14
305 FEET FROM SR1011 (OLD APEX RD);TWO-WAY,NOT DIVIDED;DAYLIGHT;CLOUDY;0;0;;NO CONTROL PRESENT;LIGHT TRUCK (MINI-VAN- PANEL);NONE;NONE;NONE;;2020-01-23T09:05:41-05:00;2020;No;No;1;09
.1 MILES FROM SR 1010 (TEN TEN RD);TWO-WAY,NOT DIVIDED;DAYLIGHT;CLOUDY;0;0;;STOP SIGN;PASSENGER CAR;PASSENGER CAR;NONE;NONE;;2020-01-23T12:34:00-05:00;2020;No;No;1;12
.26 MILES FROM  US 1 EXIT 98 RAMP SB;TWO-WAY,DIVIDED,UNPROTECTED MEDIAN;DAYLIGHT;CLEAR;0;0;;STOP AND GO SIGNAL;SPORT UTILITY;VAN;NONE;NONE;;2020-01-23T11:29:00-05:00;2020;No;No;1;11
400 FEET FROM P.V.A. (920 W CHATHAM ST);TWO-WAY,NOT DIVIDED;NONE;CLEAR;0;0;;NO CONTROL PRESENT;PASSENGER CAR;PICKUP;NONE;NONE;;2019-12-19T16:00:11-05:00;2019;No;No;12;16
.2 MILES FROM P.V.A. (101 KEMPWOOD DR);TWO-WAY,NOT DIVIDED;DARK - LIGHTED ROADWAY;CLEAR;0;0;;NO CONTROL PRESENT;PICKUP;PASSENGER CAR;NONE;NONE;;2020-01-23T21:57:59-05:00;2020;No;No;1;21
.1 MILES FROM CAITBOO AVE;TWO-WAY,DIVIDED,UNPROTECTED MEDIAN;DAYLIGHT;CLEAR;0;0;;YIELD SIGN;SPORT UTILITY;VAN;NONE;NONE;;2020-01-22T09:19:38-05:00;2020;No;No;1;09
300 FEET FROM NANNY REAMS LN;TWO-WAY,NOT DIVIDED;DARK - LIGHTED ROADWAY;CLEAR;0;0;;NO CONTROL PRESENT;PASSENGER CAR;PASSENGER CAR;NONE;NONE;;2020-01-26T20:43:42-05:00;2020;No;No;1;20
24 FEET FROM MAPLE AV;TWO-WAY,NOT DIVIDED;DAYLIGHT;CLEAR;0;0;;NO CONTROL PRESENT;SPORT UTILITY;PICKUP;NONE;NONE;;2020-01-26T13:33:48-05:00;2020;No;No;1;13
49 FEET FROM BURNLEY DR;TWO-WAY,NOT DIVIDED;DAYLIGHT;CLEAR;0;0;;NO CONTROL PRESENT;PASSENGER CAR;NONE;NONE;NONE;;2020-01-26T06:07:03-05:00;2020;No;No;1;06
300 FEET FROM SR 1615 (HIGH HOUSE RD);TWO-WAY,NOT DIVIDED;DARK - LIGHTED ROADWAY;RAIN;0;0;;NO CONTROL PRESENT;PASSENGER CAR;PASSENGER CAR;NONE;NONE;;2020-01-27T19:00:11-05:00;2020;No;No;1;19
75 FEET FROM SR1152 (HOLLY SPRINGS RD);TWO-WAY,NOT DIVIDED;DARK - LIGHTED ROADWAY;RAIN;0;0;;STOP AND GO SIGNAL;PASSENGER CAR;VAN;NONE;NONE;;2020-01-27T17:45:15-05:00;2020;No;No;1;17
100 FEET FROM P.V.A. (6309 CARPENTER FIRE S);TWO-WAY,NOT DIVIDED;DARK - LIGHTED ROADWAY;CLEAR;0;0;;NO CONTROL PRESENT;VAN;LIGHT TRUCK (MINI-VAN- PANEL);NONE;NONE;;2020-01-27T00:41:00-05:00;2020;No;No;1;00
.17 MILES FROM SR 1009 (TRYON RD);TWO-WAY,DIVIDED,UNPROTECTED MEDIAN;DAYLIGHT;CLEAR;0;0;;NO CONTROL PRESENT;VAN;PASSENGER CAR;NONE;NONE;;2020-01-28T10:55:00-05:00;2020;No;No;1;10
50 FEET FROM PVA OF 700 CARY TOWNE BLVD;TWO-WAY,NOT DIVIDED;DAYLIGHT;CLEAR;0;0;;NO CONTROL PRESENT;PASSENGER CAR;SPORT UTILITY;NONE;NONE;;2020-01-29T14:44:22-05:00;2020;No;No;1;14
20 FEET FROM P.V.A. 1100 RICE RANCH WAY;TWO-WAY,NOT DIVIDED;DAYLIGHT;CLEAR;0;0;;NO CONTROL PRESENT;SPORT UTILITY;SPORT UTILITY;NONE;NONE;;2020-01-23T21:17:17-05:00;2020;No;No;1;21
200 FEET FROM SR 1009 (TRYON RD);TWO-WAY,DIVIDED,POSITIVE MEDIAN BARRIER;DARK - LIGHTED ROADWAY;CLEAR;0;2;;NO CONTROL PRESENT;SPORT UTILITY;PASSENGER CAR;NONE;NONE;;2020-01-30T19:25:01-05:00;2020;No;Yes;1;19
.2 MILES FROM PVA 2260 WALNUT ST;TWO-WAY,NOT DIVIDED;DARK - LIGHTED ROADWAY;CLEAR;0;0;;NO CONTROL PRESENT;PASSENGER CAR;PICKUP;NONE;NONE;;2020-01-29T18:55:13-05:00;2020;No;No;1;18
CARY;TWO-WAY,NOT DIVIDED;DAYLIGHT;CLOUDY;0;0;;NO CONTROL PRESENT;SPORT UTILITY;PASSENGER CAR;NONE;NONE;;2020-01-31T13:06:58-05:00;2020;No;No;1;13
CARY;TWO-WAY,DIVIDED,UNPROTECTED MEDIAN;DARK - LIGHTED ROADWAY;RAIN;0;0;;STOP AND GO SIGNAL;PASSENGER CAR;PASSENGER CAR;NONE;NONE;;2020-01-31T18:04:37-05:00;2020;No;No;1;18
.22 MILES FROM GATEWAY CENTRE BLVD;TWO-WAY,DIVIDED,POSITIVE MEDIAN BARRIER;DARK - LIGHTED ROADWAY;RAIN;0;0;;NO CONTROL PRESENT;PASSENGER CAR;NONE;NONE;NONE;;2020-01-31T19:09:20-05:00;2020;No;No;1;19
.3 MILES FROM SR 1415 (SE MAYNARD RD);TWO-WAY,NOT DIVIDED;DAYLIGHT;RAIN;0;0;COMING FROM BEHIND PARKED VEHICLE;NO CONTROL PRESENT;PASSENGER CAR;PASSENGER CAR;NONE;NONE;;2020-01-31T16:01:42-05:00;2020;No;No;1;16
300 FEET FROM NC 54 HWY (CHAPEL HILL RD);TWO-WAY,NOT DIVIDED;DUSK;RAIN;0;0;COMING FROM BEHIND PARKED VEHICLE;NO CONTROL PRESENT;PASSENGER CAR;SPORT UTILITY;NONE;NONE;;2020-01-31T17:27:57-05:00;2020;No;No;1;17