Location_Description;Road_Configuration;Light_Condition;Weather;Fatality;Injury;Contributing_Factor;Traffic_Control;Vehicle1;Vehicle2;Vehicle3;Vehicle4;Vehicle5;Crash_Date;year;Fatalities;Injuries;Month;Hour
150 FEET FROM SR 1313 (WALNUT ST);TWO-WAY,DIVIDED,UNPROTECTED MEDIAN;DAYLIGHT;CLEAR;0;0;;STOP AND GO SIGNAL;PICKUP;PASSENGER CAR;NONE;NONE;;2020-02-02T12:46:00-05:00;2020;No;No;2;12
55 FEET FROM SR1349 (DILLARD DR);TWO-WAY,NOT DIVIDED;NONE;CLEAR;0;0;;STOP AND GO SIGNAL;SPORT UTILITY;PICKUP;NONE;NONE;;2020-02-03T07:50:57-05:00;2020;No;No;2;07
0.11 MILES FROM P.V.A. 5707 DILLARD DR;TWO-WAY,NOT DIVIDED;DARK - LIGHTED ROADWAY;CLEAR;0;0;;NO CONTROL PRESENT;PASSENGER CAR;PASSENGER CAR;NONE;NONE;;2020-02-03T19:18:06-05:00;2020;No;No;2;19
.2 MILES FROM US 1 HWY;TWO-WAY,DIVIDED,POSITIVE MEDIAN BARRIER;DAYLIGHT;CLEAR;0;0;;NO CONTROL PRESENT;SPORT UTILITY;PASSENGER CAR;NONE;NONE;;2020-02-03T16:45:13-05:00;2020;No;No;2;16
.05 MILES FROM SR-1300 (KILDAIRE FARM RD);TWO-WAY,NOT DIVIDED;DAYLIGHT;RAIN;0;0;;NO CONTROL PRESENT;PASSENGER CAR;SPORT UTILITY;NONE;NONE;;2020-02-06T08:53:34-05:00;2020;No;No;2;08
CARY;TWO-WAY,NOT DIVIDED;DAYLIGHT;RAIN;0;0;;NO CONTROL PRESENT;SPORT UTILITY;PASSENGER CAR;NONE;NONE;;2020-02-06T13:54:27-05:00;2020;No;No;2;13
200 FEET FROM SR 1613 (DAVIS DR);TWO-WAY,DIVIDED,UNPROTECTED MEDIAN;DARK - LIGHTED ROADWAY;RAIN;0;0;;STOP AND GO SIGNAL;SPORT UTILITY;PASSENGER CAR;VAN;SPORT UTILITY;;2020-02-05T17:45:14-05:00;2020;No;No;2;17
200 FEET FROM SR 1415 (SW MAYNARD RD);TWO-WAY,DIVIDED,UNPROTECTED MEDIAN;DARK - LIGHTED ROADWAY;RAIN;0;0;;RR GATE AND FLASHER;PASSENGER CAR;NONE;NONE;NONE;;2020-02-06T19:16:38-05:00;2020;No;No;2;19
0 FEET FROM SR1313 (WALNUT ST);TWO-WAY,DIVIDED,UNPROTECTED MEDIAN;DAYLIGHT;CLOUDY;0;0;;STOP AND GO SIGNAL;SPORT UTILITY;VAN;NONE;NONE;;2020-02-08T09:54:57-05:00;2020;No;No;2;09
CARY;TWO-WAY,NOT DIVIDED;DAYLIGHT;CLOUDY;0;0;;NO CONTROL PRESENT;PICKUP;PASSENGER CAR;NONE;NONE;;2020-02-06T12:40:00-05:00;2020;No;No;2;12
200 FEET FROM NC 55 HWY;TWO-WAY,NOT DIVIDED;DARK - LIGHTED ROADWAY;RAIN;0;1;;NO CONTROL PRESENT;PASSENGER CAR;PASSENGER CAR;NONE;NONE;;2020-02-06T18:45:47-05:00;2020;No;Yes;2;18
0.42 MILES FROM S.R. 1315 (BUCK JONES RD);TWO-WAY,DIVIDED,POSITIVE MEDIAN BARRIER;DARK - LIGHTED ROADWAY;CLOUDY;0;0;;STOP AND GO SIGNAL;PASSENGER CAR;PASSENGER CAR;NONE;NONE;;2020-02-08T18:05:59-05:00;2020;No;No;2;18
150 FEET FROM PVA (GREAT HARVEST BREAD);ONE-WAY,NOT DIVIDED;DAYLIGHT;CLOUDY;0;0;;NO CONTROL PRESENT;SPORT UTILITY;NONE;NONE;NONE;;2020-02-08T10:37:00-05:00;2020;No;No;2;10
65 FEET FROM PVA (1983 HIGH HOUSE RD);TWO-WAY,NOT DIVIDED;DAYLIGHT;CLEAR;0;0;;NO CONTROL PRESENT;PASSENGER CAR;PASSENGER CAR;NONE;NONE;;2020-02-09T15:16:07-05:00;2020;No;No;2;15
20 FEET FROM SR 1615 (HIGH HOUSE RD);TWO-WAY,DIVIDED,UNPROTECTED MEDIAN;DAYLIGHT;CLEAR;0;0;;NO CONTROL PRESENT;SPORT UTILITY;PASSENGER CAR;NONE;NONE;;2020-02-10T09:47:14-05:00;2020;No;No;2;09
0 FEET FROM SR 1415 (SE MAYNARD RD);TWO-WAY,DIVIDED,UNPROTECTED MEDIAN;DAYLIGHT;CLEAR;0;0;;YIELD SIGN;PASSENGER CAR;PICKUP;NONE;NONE;;2020-02-09T14:30:30-05:00;2020;No;No;2;14
.11 MILES FROM SR 1010 (TEN TEN RD);TWO-WAY,NOT DIVIDED;DARK - ROADWAY NOT LIGHTED;CLEAR;0;0;;STOP AND GO SIGNAL;PASSENGER CAR;SPORT UTILITY;NONE;NONE;;2020-02-09T23:56:00-05:00;2020;No;No;2;23
0.09 MILES FROM S.R. 1300 (KILDAIRE FARM RD);TWO-WAY,DIVIDED,UNPROTECTED MEDIAN;DARK - LIGHTED ROADWAY;CLEAR;0;1;;STOP AND GO SIGNAL;PASSENGER CAR;PASSENGER CAR;NONE;NONE;;2020-02-09T18:47:40-05:00;2020;No;Yes;2;18
CARY;TWO-WAY,DIVIDED,UNPROTECTED MEDIAN;DAWN;RAIN;0;1;;STOP AND GO SIGNAL;SPORT UTILITY;NONE;NONE;NONE;;2020-02-11T08:49:09-05:00;2020;No;Yes;2;08
CARY;TWO-WAY,DIVIDED,UNPROTECTED MEDIAN;DAYLIGHT;CLOUDY;0;0;;FLASHING STOP AND GO SIGNAL;VAN;PASSENGER CAR;NONE;NONE;;2020-02-11T13:52:24-05:00;2020;No;No;2;13
20 FEET FROM 1107 TRINITY RD;TWO-WAY,NOT DIVIDED;DAYLIGHT;RAIN;0;0;;NO CONTROL PRESENT;PASSENGER CAR;PASSENGER CAR;NONE;NONE;;2020-02-12T11:23:00-05:00;2020;No;No;2;11
150 FEET FROM U.S. 64 HWY;TWO-WAY,DIVIDED,UNPROTECTED MEDIAN;DAYLIGHT;CLOUDY;0;0;;NO CONTROL PRESENT;PASSENGER CAR;PASSENGER CAR;NONE;NONE;;2020-02-12T14:15:45-05:00;2020;No;No;2;14
.1108 MILES FROM SR 1630 (GREEN EVEL CHURCH RD);NONE;NONE;NONE;0;0;;;NONE;NONE;NONE;NONE;;2020-02-07T00:52:00-05:00;2020;No;No;2;00
CARY;TWO-WAY,DIVIDED,UNPROTECTED MEDIAN;DAYLIGHT;CLEAR;0;0;;STOP AND GO SIGNAL;SPORT UTILITY;SPORT UTILITY;NONE;NONE;;2020-02-12T16:39:15-05:00;2020;No;No;2;16
.35 MILES FROM SR 1616 (OLD APEX RD);TWO-WAY,NOT DIVIDED;DAYLIGHT;RAIN;0;0;COMING FROM BEHIND PARKED VEHICLE;NO CONTROL PRESENT;PASSENGER CAR;NONE;NONE;NONE;;2020-02-06T16:59:50-05:00;2020;No;No;2;16
20 FEET FROM 600 PONY CLUB CIR;TWO-WAY,NOT DIVIDED;NONE;NONE;0;0;;NO CONTROL PRESENT;PASSENGER CAR;PASSENGER CAR;NONE;NONE;;2020-02-13T09:35:49-05:00;2020;No;No;2;09
100 FEET FROM NC 55;TWO-WAY,DIVIDED,UNPROTECTED MEDIAN;DAYLIGHT;CLOUDY;0;2;;NO CONTROL PRESENT;PASSENGER CAR;PASSENGER CAR;PASSENGER CAR;PASSENGER CAR;SPORT UTILITY;2020-02-13T07:26:24-05:00;2020;No;Yes;2;07
125 FEET FROM SR 1313 (WALNUT ST);TWO-WAY,DIVIDED,UNPROTECTED MEDIAN;DARK - LIGHTED ROADWAY;RAIN;0;0;;STOP AND GO SIGNAL;PASSENGER CAR;PASSENGER CAR;NONE;NONE;;2020-02-11T18:09:01-05:00;2020;No;No;2;18
200 FEET FROM NC 55 HWY;TWO-WAY,DIVIDED,UNPROTECTED MEDIAN;DAYLIGHT;RAIN;0;0;;STOP AND GO SIGNAL;SPORT UTILITY;SPORT UTILITY;PASSENGER CAR;SPORT UTILITY;;2020-02-13T17:55:18-05:00;2020;No;No;2;17
20 FEET FROM P.V.A. 101 ARBOR WAY;TWO-WAY,NOT DIVIDED;DAYLIGHT;CLEAR;0;0;;NO CONTROL PRESENT;PASSENGER CAR;NONE;NONE;NONE;;2020-02-14T10:07:00-05:00;2020;No;No;2;10
103 FEET FROM SR 1652 (N HARRISON AVE);TWO-WAY,DIVIDED,UNPROTECTED MEDIAN;DARK - LIGHTED ROADWAY;CLOUDY;0;0;;STOP AND GO SIGNAL;PASSENGER CAR;PICKUP;NONE;NONE;;2020-02-13T19:18:07-05:00;2020;No;No;2;19
CARY;TWO-WAY,NOT DIVIDED;DAYLIGHT;CLEAR;0;0;;NO CONTROL PRESENT;PASSENGER CAR;PASSENGER CAR;NONE;NONE;;2020-02-14T14:58:24-05:00;2020;No;No;2;14
.3 MILES FROM US 1 HWY;TWO-WAY,DIVIDED,POSITIVE MEDIAN BARRIER;DAYLIGHT;CLEAR;0;0;;STOP AND GO SIGNAL;SPORT UTILITY;PICKUP;NONE;NONE;;2020-02-15T14:52:49-05:00;2020;No;No;2;14
.25 MILES FROM US 1;TWO-WAY,DIVIDED,POSITIVE MEDIAN BARRIER;DAYLIGHT;CLEAR;0;0;;NO CONTROL PRESENT;PASSENGER CAR;PASSENGER CAR;NONE;NONE;;2020-02-14T16:37:33-05:00;2020;No;No;2;16
50 FEET FROM S.R. 1624 (CARPENTER FIRE STAT;TWO-WAY,NOT DIVIDED;DAYLIGHT;CLEAR;0;0;;NO CONTROL PRESENT;LIGHT TRUCK (MINI-VAN- PANEL);SPORT UTILITY;NONE;NONE;;2020-02-15T07:28:53-05:00;2020;No;No;2;07
175 FEET FROM P.V.A. 1151 TRYON VILLAGE DR;TWO-WAY,NOT DIVIDED;DAYLIGHT;CLEAR;0;1;;NO CONTROL PRESENT;PASSENGER CAR;PASSENGER CAR;NONE;NONE;;2020-02-16T12:44:00-05:00;2020;No;Yes;2;12
0 FEET FROM NC 55 HWY;TWO-WAY,DIVIDED,UNPROTECTED MEDIAN;DARK - ROADWAY NOT LIGHTED;CLOUDY;0;0;;STOP AND GO SIGNAL;PASSENGER CAR;PASSENGER CAR;NONE;NONE;;2020-02-16T19:58:25-05:00;2020;No;No;2;19
0 FEET FROM SR 3081 (CHAPEL HILL RD);TWO-WAY,DIVIDED,UNPROTECTED MEDIAN;DAYLIGHT;CLOUDY;0;0;;NO CONTROL PRESENT;PASSENGER CAR;PASSENGER CAR;PASSENGER CAR;NONE;;2020-02-13T14:09:17-05:00;2020;No;No;2;14
312 FEET FROM SR 1387 (WEST LAKE RD);TWO-WAY,NOT DIVIDED;DAYLIGHT;CLEAR;0;4;;STOP SIGN;SPORT UTILITY;PICKUP;NONE;NONE;;2020-02-17T15:13:23-05:00;2020;No;Yes;2;15
1 MILES FROM US1 N;TWO-WAY,DIVIDED,POSITIVE MEDIAN BARRIER;DARK - ROADWAY NOT LIGHTED;CLEAR;0;0;;NO CONTROL PRESENT;PASSENGER CAR;PASSENGER CAR;PICKUP;NONE;;2020-02-14T18:19:12-05:00;2020;No;No;2;18
0 FEET FROM NC54 (NE MAYNARD RD);TWO-WAY,NOT DIVIDED;DARK - LIGHTED ROADWAY;CLEAR;0;2;;STOP AND GO SIGNAL;PASSENGER CAR;VAN;NONE;NONE;;2020-02-12T06:34:35-05:00;2020;No;Yes;2;06
.03 MILES FROM SR 1617 (CARPENTER UPCHUCH RD);TWO-WAY,DIVIDED,UNPROTECTED MEDIAN;DAYLIGHT;RAIN;0;1;;YIELD SIGN;PASSENGER CAR;PICKUP;NONE;NONE;;2020-02-19T06:50:20-05:00;2020;No;Yes;2;06
100 FEET FROM P.V.A (MIDDLE CREEK HIGH SCHOO;TWO-WAY,NOT DIVIDED;DAYLIGHT;RAIN;0;0;;NO CONTROL PRESENT;SPORT UTILITY;SPORT UTILITY;NONE;NONE;;2020-02-11T09:41:40-05:00;2020;No;No;2;09
10 FEET FROM SR 1010 (TEN TEN RD);TWO-WAY,NOT DIVIDED;DAYLIGHT;RAIN;0;0;;NO CONTROL PRESENT;PASSENGER CAR;SPORT UTILITY;NONE;NONE;;2020-02-19T09:08:57-05:00;2020;No;No;2;09
CARY;TWO-WAY,DIVIDED,UNPROTECTED MEDIAN;DAYLIGHT;CLOUDY;0;0;;YIELD SIGN;SPORT UTILITY;PASSENGER CAR;NONE;NONE;;2020-02-18T14:28:53-05:00;2020;No;No;2;14
.25 MILES FROM PVA (1105 WALNUT ST);TWO-WAY,NOT DIVIDED;DAYLIGHT;CLOUDY;0;0;;NO CONTROL PRESENT;SPORT UTILITY;PASSENGER CAR;NONE;NONE;;2020-02-19T16:59:09-05:00;2020;No;No;2;16
250 FEET FROM SR 1415 (SE MAYNARD RD);TWO-WAY,DIVIDED,POSITIVE MEDIAN BARRIER;DAYLIGHT;RAIN;0;0;;NO CONTROL PRESENT;SPORT UTILITY;PASSENGER CAR;NONE;NONE;;2020-02-19T17:10:17-05:00;2020;No;No;2;17
50 FEET FROM PVA OF 901 WALNUT ST;TWO-WAY,NOT DIVIDED;DARK - LIGHTED ROADWAY;CLEAR;0;0;;NO CONTROL PRESENT;PASSENGER CAR;PASSENGER CAR;NONE;NONE;;2020-02-19T23:12:00-05:00;2020;No;No;2;23
150 FEET FROM SR 1615 (HIGH HOUSE RD);TWO-WAY,NOT DIVIDED;DAYLIGHT;CLOUDY;0;0;;NO CONTROL PRESENT;VAN;SPORT UTILITY;PASSENGER CAR;NONE;;2020-02-10T18:00:45-05:00;2020;No;No;2;18
1 MILES FROM US 1;TWO-WAY,DIVIDED,POSITIVE MEDIAN BARRIER;DAYLIGHT;CLOUDY;0;1;;NO CONTROL PRESENT;PASSENGER CAR;SPORT UTILITY;PASSENGER CAR;NONE;;2020-02-19T18:54:23-05:00;2020;No;Yes;2;18
CARY;TWO-WAY,NOT DIVIDED;DAYLIGHT;SNOW;0;0;;STOP AND GO SIGNAL;PASSENGER CAR;SPORT UTILITY;NONE;NONE;;2020-02-20T15:52:33-05:00;2020;No;No;2;15
100 FEET FROM BEECH HANGAR DR;TWO-WAY,NOT DIVIDED;DARK - LIGHTED ROADWAY;CLEAR;0;0;;NO CONTROL PRESENT;PASSENGER CAR;PASSENGER CAR;PASSENGER CAR;NONE;;2020-02-21T18:26:10-05:00;2020;No;No;2;18
100 FEET FROM P.V.A. (3505 KILDAIRE FARM RD);TWO-WAY,NOT DIVIDED;DARK - LIGHTED ROADWAY;CLEAR;0;0;;OTHER *;PASSENGER CAR;NONE;NONE;NONE;;2020-02-22T21:25:41-05:00;2020;No;No;2;21
100 FEET FROM P.V.A. 1002 LAKE GROVE BLVD;TWO-WAY,NOT DIVIDED;DAYLIGHT;CLEAR;0;0;;NO CONTROL PRESENT;PASSENGER CAR;VAN;NONE;NONE;;2020-02-23T10:38:00-05:00;2020;No;No;2;10
9 FEET FROM SR 1415 (SE MAYNARD RD);TWO-WAY,NOT DIVIDED;DARK - LIGHTED ROADWAY;CLEAR;0;0;;STOP AND GO SIGNAL;PASSENGER CAR;PASSENGER CAR;NONE;NONE;;2020-02-22T21:16:59-05:00;2020;No;No;2;21
NEAR .049 MILES E OF E SR 1152 (HOLLY SPRINGS RD);TWO-WAY,NOT DIVIDED;DARK - ROADWAY NOT LIGHTED;CLEAR;0;0;;NO CONTROL PRESENT;PASSENGER CAR;NONE;NONE;NONE;;2020-02-23T21:30:39-05:00;2020;No;No;2;21
200 FEET FROM PVA 1200-BLK VILLAGE GREENWAY;ONE-WAY,NOT DIVIDED;DARK - LIGHTED ROADWAY;CLEAR;0;0;;NO CONTROL PRESENT;PASSENGER CAR;NONE;NONE;NONE;;2020-02-23T19:20:14-05:00;2020;No;No;2;19
56 FEET FROM SR 1415 (SE MAYNARD RD(;TWO-WAY,NOT DIVIDED;DARK - LIGHTED ROADWAY;CLEAR;0;0;;NO CONTROL PRESENT;PASSENGER CAR;PASSENGER CAR;NONE;NONE;;2020-02-22T19:48:53-05:00;2020;No;No;2;19
.2 MILES FROM SR 1300 (KILDAIRE FARM RD);TWO-WAY,DIVIDED,UNPROTECTED MEDIAN;DAYLIGHT;CLOUDY;0;0;;NO CONTROL PRESENT;SPORT UTILITY;PICKUP;NONE;NONE;;2020-02-24T10:01:00-05:00;2020;No;No;2;10
0 FEET FROM NC 55 HWY;TWO-WAY,DIVIDED,UNPROTECTED MEDIAN;DAYLIGHT;CLOUDY;0;0;;STOP AND GO SIGNAL;PASSENGER CAR;PASSENGER CAR;NONE;NONE;;2020-02-24T09:11:03-05:00;2020;No;No;2;09
NEAR .004 MILES N OF N SR 1731 (O`KELLY CHAPEL RD);TWO-WAY,NOT DIVIDED;DAYLIGHT;CLOUDY;0;0;;DOUBLE YELLOW LINE, NO PASSING ZONE;PASSENGER CAR;SINGLE UNIT TRUCK (2-AXLE- 6-TIRE);NONE;NONE;;2020-02-26T12:33:00-05:00;2020;No;No;2;12
CARY;TWO-WAY,DIVIDED,POSITIVE MEDIAN BARRIER;DAYLIGHT;CLEAR;0;2;;STOP AND GO SIGNAL;PASSENGER CAR;VAN;NONE;NONE;;2020-02-26T15:22:58-05:00;2020;No;Yes;2;15
01 FEET FROM NC 55 HWY;TWO-WAY,DIVIDED,UNPROTECTED MEDIAN;DARK - LIGHTED ROADWAY;CLEAR;0;0;;STOP AND GO SIGNAL;PASSENGER CAR;PASSENGER CAR;NONE;NONE;;2020-02-26T18:12:51-05:00;2020;No;No;2;18
100 FEET FROM US1 HWY NB;TWO-WAY,DIVIDED,POSITIVE MEDIAN BARRIER;DAYLIGHT;CLOUDY;0;0;;NO CONTROL PRESENT;SPORT UTILITY;PASSENGER CAR;NONE;NONE;;2020-02-26T17:45:05-05:00;2020;No;No;2;17
20 FEET FROM P.V.A. (BERWICK VALLEY LN);TWO-WAY,NOT DIVIDED;DAYLIGHT;CLEAR;0;0;;NO CONTROL PRESENT;PASSENGER CAR;PASSENGER CAR;NONE;NONE;;2020-02-26T08:58:30-05:00;2020;No;No;2;08
0 FEET FROM SR 1497 (CARY TOWNE BLVD);TWO-WAY,DIVIDED,POSITIVE MEDIAN BARRIER;DAYLIGHT;CLEAR;0;2;;STOP AND GO SIGNAL;PASSENGER CAR;PICKUP;NONE;NONE;;2020-02-27T11:37:00-05:00;2020;No;Yes;2;11
.27 MILES FROM TWO CREEKS RD;TWO-WAY,NOT DIVIDED;DAYLIGHT;RAIN;0;0;;STOP AND GO SIGNAL;PASSENGER CAR;PICKUP;NONE;NONE;;2020-02-24T13:21:56-05:00;2020;No;No;2;13
.1 MILES FROM P.V.A. 2370 WALNUT ST;TWO-WAY,NOT DIVIDED;DAYLIGHT;CLEAR;0;0;;NO CONTROL PRESENT;PASSENGER CAR;PASSENGER CAR;NONE;NONE;;2020-02-29T10:36:00-05:00;2020;No;No;2;10
300 FEET FROM P.V.A. 100 WRENN DR;TWO-WAY,NOT DIVIDED;DAYLIGHT;CLEAR;0;0;;NO CONTROL PRESENT;PASSENGER CAR;PASSENGER CAR;NONE;NONE;;2020-03-01T10:28:00-05:00;2020;No;No;3;10
450 FEET FROM P.V.A. (121 WILKINSON AV);TWO-WAY,NOT DIVIDED;DAYLIGHT;CLEAR;0;0;;NO CONTROL PRESENT;PASSENGER CAR;SPORT UTILITY;NONE;NONE;;2020-02-28T17:35:25-05:00;2020;No;No;2;17
.21 MILES FROM SR 1300 (KILDAIRE FARM RD);TWO-WAY,DIVIDED,UNPROTECTED MEDIAN;DAYLIGHT;CLEAR;0;0;;STOP AND GO SIGNAL;PASSENGER CAR;NONE;NONE;NONE;;2020-02-29T13:24:16-05:00;2020;No;No;2;13
50 FEET FROM P.V.A. ( 8204 TRYON WOODS RD );TWO-WAY,NOT DIVIDED;DAYLIGHT;CLEAR;0;0;;NO CONTROL PRESENT;PASSENGER CAR;PASSENGER CAR;NONE;NONE;;2020-02-29T06:57:10-05:00;2020;No;No;2;06
60 FEET FROM US 64 HWY;TWO-WAY,DIVIDED,UNPROTECTED MEDIAN;DAYLIGHT;CLOUDY;0;1;;STOP AND GO SIGNAL;PASSENGER CAR;PASSENGER CAR;NONE;NONE;;2020-03-03T09:13:36-05:00;2020;No;Yes;3;09
CARY;TWO-WAY,NOT DIVIDED;DAYLIGHT;RAIN;0;0;;NO CONTROL PRESENT;PASSENGER CAR;PASSENGER CAR;PICKUP;NONE;;2020-03-03T13:29:04-05:00;2020;No;No;3;13
24 FEET FROM SR1300 (KILDAIRE FARM RD);TWO-WAY,DIVIDED,POSITIVE MEDIAN BARRIER;DAYLIGHT;CLEAR;0;0;;STOP AND GO SIGNAL;SPORT UTILITY;PICKUP;NONE;NONE;;2020-03-04T14:56:43-05:00;2020;No;No;3;14
0 FEET FROM US 1 HWY;TWO-WAY,DIVIDED,POSITIVE MEDIAN BARRIER;DAYLIGHT;CLOUDY;0;0;;NO CONTROL PRESENT;PASSENGER CAR;PASSENGER CAR;PASSENGER CAR;NONE;;2020-03-03T15:46:04-05:00;2020;No;No;3;15
20 FEET FROM REGENCY COTTAGE PL;TWO-WAY,NOT DIVIDED;DAYLIGHT;CLEAR;0;0;;NO CONTROL PRESENT;SINGLE UNIT TRUCK (2-AXLE- 6-TIRE);PICKUP;NONE;NONE;;2020-02-27T13:13:31-05:00;2020;No;No;2;13
20 FEET FROM P.V.A. (2385 KILDAIRE FARM RD);TWO-WAY,NOT DIVIDED;DAYLIGHT;CLEAR;0;0;;NO CONTROL PRESENT;PASSENGER CAR;PICKUP;NONE;NONE;;2020-03-04T08:54:55-05:00;2020;No;No;3;08
.2 MILES FROM NC HWY 55;TWO-WAY,DIVIDED,UNPROTECTED MEDIAN;DAYLIGHT;CLEAR;0;2;;NO CONTROL PRESENT;PASSENGER CAR;SINGLE UNIT TRUCK (2-AXLE- 6-TIRE);PASSENGER CAR;PASSENGER CAR;PICKUP;2020-03-05T11:44:00-05:00;2020;No;Yes;3;11
CARY;TWO-WAY,NOT DIVIDED;DARK - LIGHTED ROADWAY;RAIN;0;1;;STOP AND GO SIGNAL;PICKUP;PASSENGER CAR;PICKUP;NONE;;2020-03-05T20:32:02-05:00;2020;No;Yes;3;20
CARY;TWO-WAY,DIVIDED,UNPROTECTED MEDIAN;DAYLIGHT;CLEAR;0;0;;STOP AND GO SIGNAL;PICKUP;PASSENGER CAR;NONE;NONE;;2020-03-07T13:39:00-05:00;2020;No;No;3;13
CARY;TWO-WAY,DIVIDED,POSITIVE MEDIAN BARRIER;DAYLIGHT;CLEAR;0;0;;STOP AND GO SIGNAL;PASSENGER CAR;PASSENGER CAR;NONE;NONE;;2020-03-07T11:16:00-05:00;2020;No;No;3;11
CARY;TWO-WAY,DIVIDED,UNPROTECTED MEDIAN;DAYLIGHT;CLEAR;0;2;;STOP AND GO SIGNAL;PASSENGER CAR;SPORT UTILITY;NONE;NONE;;2020-03-07T15:13:15-05:00;2020;No;Yes;3;15
CARY;TWO-WAY,NOT DIVIDED;DAYLIGHT;CLEAR;0;0;;STOP AND GO SIGNAL;SPORT UTILITY;PASSENGER CAR;NONE;NONE;;2020-03-08T15:56:39-04:00;2020;No;No;3;15
300 FEET FROM SR 1300 (KILDAIRE FARM RD);TWO-WAY,NOT DIVIDED;DAYLIGHT;CLEAR;0;0;;STOP AND GO SIGNAL;PASSENGER CAR;PASSENGER CAR;NONE;NONE;;2020-03-08T15:56:27-04:00;2020;No;No;3;15
30 FEET FROM SR 3120 (MORRISVILLE PKWY);TWO-WAY,DIVIDED,UNPROTECTED MEDIAN;DAYLIGHT;CLEAR;0;0;;STOP AND GO SIGNAL;PASSENGER CAR;PASSENGER CAR;NONE;NONE;;2020-03-09T08:05:05-04:00;2020;No;No;3;08
CARY;TWO-WAY,DIVIDED,UNPROTECTED MEDIAN;DAYLIGHT;CLEAR;0;2;;STOP AND GO SIGNAL;PASSENGER CAR;PICKUP;NONE;NONE;;2020-03-09T12:37:00-04:00;2020;No;Yes;3;12
.5 MILES FROM P.V.A. (2727 LOUIS STEPHENS DR;TWO-WAY,NOT DIVIDED;DAYLIGHT;CLEAR;0;0;;NO CONTROL PRESENT;PASSENGER CAR;NONE;NONE;NONE;;2020-03-10T11:13:00-04:00;2020;No;No;3;11
100 FEET FROM PVA 201 CROSSROADS BLVD;ONE-WAY,NOT DIVIDED;DAYLIGHT;CLOUDY;0;0;;NO CONTROL PRESENT;SPORT UTILITY;SPORT UTILITY;NONE;NONE;;2020-03-10T16:02:50-04:00;2020;No;No;3;16
10 FEET FROM SR 3084 (EVANS RD);TWO-WAY,NOT DIVIDED;DAYLIGHT;RAIN;0;1;;STOP AND GO SIGNAL;PASSENGER CAR;PASSENGER CAR;NONE;NONE;;2020-03-10T14:26:16-04:00;2020;No;Yes;3;14
54 FEET FROM SR1002 (AVIATION PKY);TWO-WAY,NOT DIVIDED;DAWN;CLOUDY;0;1;;STOP AND GO SIGNAL;PICKUP;PASSENGER CAR;NONE;NONE;;2020-03-10T21:32:09-04:00;2020;No;Yes;3;21
CARY;TWO-WAY,NOT DIVIDED;DAYLIGHT;CLEAR;0;0;;STOP AND GO SIGNAL;LIGHT TRUCK (MINI-VAN- PANEL);PASSENGER CAR;NONE;NONE;;2020-03-11T15:46:22-04:00;2020;No;No;3;15
0 FEET FROM SR 3073 (NW MAYNARD RD);TWO-WAY,DIVIDED,POSITIVE MEDIAN BARRIER;DAYLIGHT;RAIN;0;0;;STOP AND GO SIGNAL;PICKUP;PASSENGER CAR;NONE;NONE;;2020-03-10T13:16:03-04:00;2020;No;No;3;13
400 FEET FROM P.V.A. (1920 NW MAYNARD RD);TWO-WAY,NOT DIVIDED;DAYLIGHT;CLEAR;0;0;;NO CONTROL PRESENT;SPORT UTILITY;NONE;NONE;NONE;;2020-03-12T19:04:05-04:00;2020;No;No;3;19
20 FEET FROM SR 1300 (KILDAIRE FARM RD);TWO-WAY,NOT DIVIDED;DARK - LIGHTED ROADWAY;CLEAR;0;1;;STOP AND GO SIGNAL;SPORT UTILITY;PASSENGER CAR;PASSENGER CAR;NONE;;2020-03-12T20:47:05-04:00;2020;No;Yes;3;20
0.5 MILES FROM US 1;TWO-WAY,DIVIDED,POSITIVE MEDIAN BARRIER;DAYLIGHT;CLEAR;0;0;;NO CONTROL PRESENT;PASSENGER CAR;SPORT UTILITY;PASSENGER CAR;NONE;;2020-03-11T07:00:17-04:00;2020;No;No;3;07
.25 MILES FROM SR 1152 (TRYON RD);TWO-WAY,DIVIDED,UNPROTECTED MEDIAN;DAYLIGHT;RAIN;0;0;;STOP AND GO SIGNAL;PASSENGER CAR;VAN;NONE;NONE;;2020-03-11T17:34:46-04:00;2020;No;No;3;17
20 FEET FROM SR 1415 (SW MAYNARD RD);TWO-WAY,NOT DIVIDED;DAYLIGHT;CLEAR;0;1;;NO CONTROL PRESENT;SPORT UTILITY;NONE;NONE;NONE;;2020-03-11T21:56:54-04:00;2020;No;Yes;3;21
86 FEET FROM P.V.A. 973 N HARRISON AV;TWO-WAY,DIVIDED,UNPROTECTED MEDIAN;DAYLIGHT;CLEAR;0;0;;NO CONTROL PRESENT;PASSENGER CAR;LIGHT TRUCK (MINI-VAN- PANEL);NONE;NONE;;2020-02-29T15:54:07-05:00;2020;No;No;2;15
25 FEET FROM PVA (802 E CHATHAM ST);TWO-WAY,NOT DIVIDED;DAYLIGHT;CLOUDY;0;0;;NO CONTROL PRESENT;PASSENGER CAR;SPORT UTILITY;NONE;NONE;;2020-03-13T17:22:46-04:00;2020;No;No;3;17
10 FEET FROM SR 1619 (WALDO ROOD BLVD);TWO-WAY,NOT DIVIDED;DAYLIGHT;CLEAR;0;1;;NO CONTROL PRESENT;PASSENGER CAR;PASSENGER CAR;NONE;NONE;;2020-03-10T15:34:07-04:00;2020;No;Yes;3;15
10 FEET FROM SR 1010 (TEN TEN RD);TWO-WAY,DIVIDED,UNPROTECTED MEDIAN;DAYLIGHT;CLEAR;0;0;;NO CONTROL PRESENT;VAN;PICKUP;NONE;NONE;;2020-03-14T13:07:01-04:00;2020;No;No;3;13