Location_Description;Road_Configuration;Light_Condition;Weather;Fatality;Injury;Contributing_Factor;Traffic_Control;Vehicle1;Vehicle2;Vehicle3;Vehicle4;Vehicle5;Crash_Date;year;Fatalities;Injuries;Month;Hour
0.36 MILES FROM S.R. 3977 (SE CARY PKWY);TWO-WAY,DIVIDED,POSITIVE MEDIAN BARRIER;DAYLIGHT;CLEAR;0;0;;NO CONTROL PRESENT;PASSENGER CAR;PASSENGER CAR;PASSENGER CAR;NONE;;2020-06-06T16:02:29-04:00;2020;No;No;6;16
CARY;TWO-WAY,NOT DIVIDED;DAYLIGHT;CLEAR;0;0;LYING AND/OR ILLEGALLY IN ROADWAY;STOP AND GO SIGNAL;PASSENGER CAR;NONE;NONE;NONE;;2020-06-08T14:57:19-04:00;2020;No;No;6;14
20 FEET FROM MIDDLETON AVE;TWO-WAY,NOT DIVIDED;DAYLIGHT;CLEAR;0;0;;STOP SIGN;PASSENGER CAR;NONE;NONE;NONE;;2020-06-05T19:11:08-04:00;2020;No;No;6;19
30 FEET FROM VILLAGE GREENWAY;TWO-WAY,DIVIDED,UNPROTECTED MEDIAN;DAYLIGHT;CLEAR;0;0;;NO CONTROL PRESENT;PASSENGER CAR;NONE;NONE;NONE;;2020-06-06T19:50:55-04:00;2020;No;No;6;19
0.15 MILES FROM PLEASANTS AV;TWO-WAY,NOT DIVIDED;DAYLIGHT;CLEAR;0;0;;NO CONTROL PRESENT;VAN;NONE;NONE;NONE;;2020-06-10T10:32:00-04:00;2020;No;No;6;10
CARY;NONE;NONE;NONE;0;0;;;NONE;NONE;NONE;NONE;;2020-06-05T00:00:00-04:00;2020;No;No;6;00
150 FEET FROM P.V.A. (3615 SW CARY PKWY);TWO-WAY,NOT DIVIDED;DAYLIGHT;CLOUDY;0;0;;NO CONTROL PRESENT;SPORT UTILITY;SPORT UTILITY;NONE;NONE;;2020-06-10T16:57:46-04:00;2020;No;No;6;16
100 FEET FROM PVA 3494 KILDAIRE FARM RD;ONE-WAY,NOT DIVIDED;DAYLIGHT;CLEAR;0;0;;NO CONTROL PRESENT;PICKUP;PASSENGER CAR;NONE;NONE;;2020-06-10T09:35:55-04:00;2020;No;No;6;09
60 FEET FROM P.V.A. (1401 SE MAYNARD RD);TWO-WAY,NOT DIVIDED;DAYLIGHT;RAIN;0;0;;NO CONTROL PRESENT;SPORT UTILITY;NONE;NONE;NONE;;2020-06-11T09:10:54-04:00;2020;No;No;6;09
320 FEET FROM CAITBOO AV;TWO-WAY,DIVIDED,UNPROTECTED MEDIAN;DAYLIGHT;CLEAR;0;1;;NO CONTROL PRESENT;PASSENGER CAR;PICKUP;NONE;NONE;;2020-06-11T16:13:59-04:00;2020;No;Yes;6;16
300 FEET FROM P.V.A. (222 GREGSON DR);TWO-WAY,NOT DIVIDED;DAYLIGHT;CLEAR;0;0;;NO CONTROL PRESENT;VAN;PASSENGER CAR;NONE;NONE;;2020-06-11T16:19:11-04:00;2020;No;No;6;16
0 FEET FROM US 64 HWY;TWO-WAY,DIVIDED,UNPROTECTED MEDIAN;DAYLIGHT;CLEAR;0;0;;STOP AND GO SIGNAL;PASSENGER CAR;SPORT UTILITY;NONE;NONE;;2020-06-12T08:33:32-04:00;2020;No;No;6;08
CARY;TWO-WAY,DIVIDED,UNPROTECTED MEDIAN;DAYLIGHT;CLEAR;0;0;;NO CONTROL PRESENT;PASSENGER CAR;PASSENGER CAR;NONE;NONE;;2020-06-12T13:40:06-04:00;2020;No;No;6;13
5 FEET FROM SR-1656 TRINITY RD;TWO-WAY,NOT DIVIDED;DAYLIGHT;CLEAR;0;0;;STOP SIGN;PASSENGER CAR;PICKUP;NONE;NONE;;2020-06-12T17:01:57-04:00;2020;No;No;6;17
.1 MILES FROM SR 1010 (TEN TEN RD);TWO-WAY,NOT DIVIDED;DAYLIGHT;CLEAR;0;0;;NO CONTROL PRESENT;PASSENGER CAR;PASSENGER CAR;NONE;NONE;;2020-06-12T19:47:36-04:00;2020;No;No;6;19
CARY;TWO-WAY,NOT DIVIDED;DAYLIGHT;CLEAR;0;1;;NO CONTROL PRESENT;PASSENGER CAR;PASSENGER CAR;NONE;NONE;;2020-06-12T18:06:22-04:00;2020;No;Yes;6;18
0 FEET FROM NC 55 HWY;TWO-WAY,DIVIDED,UNPROTECTED MEDIAN;DARK - LIGHTED ROADWAY;CLEAR;0;0;;STOP AND GO SIGNAL;PICKUP;PASSENGER CAR;NONE;NONE;;2020-06-12T22:54:00-04:00;2020;No;No;6;22
433 FEET FROM SR 1313 (WALNUT ST);TWO-WAY,NOT DIVIDED;DAYLIGHT;CLEAR;0;0;;NO CONTROL PRESENT;PASSENGER CAR;PASSENGER CAR;NONE;NONE;;2020-06-13T13:03:44-04:00;2020;No;No;6;13
.26 MILES FROM P.V.A. (HARRIS TEETER);TWO-WAY,NOT DIVIDED;DAYLIGHT;CLEAR;0;0;;NO CONTROL PRESENT;PASSENGER CAR;PASSENGER CAR;NONE;NONE;;2020-06-13T16:18:05-04:00;2020;No;No;6;16
384 FEET FROM P.V.A. (112 TAYLORS POND DR);TWO-WAY,NOT DIVIDED;DAYLIGHT;CLEAR;0;0;;NO CONTROL PRESENT;VAN;SPORT UTILITY;NONE;NONE;;2020-06-13T09:39:57-04:00;2020;No;No;6;09
0 FEET FROM GATEWAY CENTRE BLVD;TWO-WAY,DIVIDED,UNPROTECTED MEDIAN;DAYLIGHT;CLEAR;0;0;;NO CONTROL PRESENT;PASSENGER CAR;SPORT UTILITY;NONE;NONE;;2020-06-08T08:16:57-04:00;2020;No;No;6;08
0 FEET FROM NC54 (CHAPEL HILL RD);TWO-WAY,DIVIDED,UNPROTECTED MEDIAN;DAYLIGHT;CLEAR;0;0;;STOP AND GO SIGNAL;PASSENGER CAR;PASSENGER CAR;NONE;NONE;;2020-06-11T15:42:57-04:00;2020;No;No;6;15
1.45 MILES FROM US1 SB;TWO-WAY,DIVIDED,POSITIVE MEDIAN BARRIER;DAYLIGHT;CLOUDY;0;0;;NO CONTROL PRESENT;PASSENGER CAR;NONE;NONE;NONE;;2020-06-15T11:20:00-04:00;2020;No;No;6;11
0 MILES FROM SR 5808 (E CHATHAM ST);TWO-WAY,NOT DIVIDED;DAYLIGHT;RAIN;0;0;;STOP AND GO SIGNAL;PASSENGER CAR;SPORT UTILITY;NONE;NONE;;2020-06-16T10:31:00-04:00;2020;No;No;6;10
CARY;TWO-WAY,NOT DIVIDED;DAYLIGHT;RAIN;0;0;;STOP SIGN;PASSENGER CAR;PASSENGER CAR;NONE;NONE;;2020-06-16T17:54:11-04:00;2020;No;No;6;17
300 FEET FROM TRAVILAH OAKS LN;TWO-WAY,NOT DIVIDED;DAYLIGHT;RAIN;0;0;;NO CONTROL PRESENT;PICKUP;SPORT UTILITY;NONE;NONE;;2020-06-16T20:47:26-04:00;2020;No;No;6;20
CARY;TWO-WAY,NOT DIVIDED;DAYLIGHT;CLEAR;0;0;;STOP AND GO SIGNAL;PICKUP;NONE;NONE;NONE;;2020-06-17T16:57:13-04:00;2020;No;No;6;16
CARY;TWO-WAY,DIVIDED,UNPROTECTED MEDIAN;DARK - LIGHTED ROADWAY;RAIN;0;0;;STOP AND GO SIGNAL;SPORT UTILITY;PASSENGER CAR;NONE;NONE;;2020-06-16T14:39:58-04:00;2020;No;No;6;14
40 FEET FROM SR 1628 OKELY CHAPEL RD;TWO-WAY,DIVIDED,UNPROTECTED MEDIAN;DAYLIGHT;CLOUDY;0;0;;STOP AND GO SIGNAL;PASSENGER CAR;PASSENGER CAR;SPORT UTILITY;NONE;;2020-06-18T13:59:08-04:00;2020;No;No;6;13
CARY;TWO-WAY,NOT DIVIDED;DAYLIGHT;CLEAR;0;0;;STOP AND GO SIGNAL;PASSENGER CAR;PASSENGER CAR;NONE;NONE;;2020-06-19T11:12:00-04:00;2020;No;No;6;11
50 FEET FROM SR-1313 WALNUT ST;TWO-WAY,NOT DIVIDED;DUSK;RAIN;0;0;;NO CONTROL PRESENT;PASSENGER CAR;NONE;NONE;NONE;;2020-06-16T20:54:51-04:00;2020;No;No;6;20
.55 MILES FROM SR 3977 (SE CARY PKWY);TWO-WAY,DIVIDED,UNPROTECTED MEDIAN;DAYLIGHT;CLEAR;0;0;;NO CONTROL PRESENT;PASSENGER CAR;NONE;NONE;NONE;;2020-06-18T13:43:14-04:00;2020;No;No;6;13
300 FEET FROM LOCHMERE DR;TWO-WAY,DIVIDED,UNPROTECTED MEDIAN;DAYLIGHT;CLEAR;0;0;;FLASHING STOP AND GO SIGNAL;PASSENGER CAR;PASSENGER CAR;NONE;NONE;;2020-06-22T17:05:37-04:00;2020;No;No;6;17
42 FEET FROM P.V.A. (WOODYS BAR) SR 3081;TWO-WAY,NOT DIVIDED;DARK - LIGHTED ROADWAY;CLEAR;0;0;;NO CONTROL PRESENT;PICKUP;PICKUP;NONE;NONE;;2020-05-24T10:29:00-04:00;2020;No;No;5;10
308 FEET FROM P.V.A. 1803 N HARRISON AVE;TWO-WAY,NOT DIVIDED;DAYLIGHT;CLEAR;1;0;;STOP SIGN;SPORT UTILITY;PASSENGER CAR;NONE;NONE;;2020-06-06T13:54:01-04:00;2020;Yes;No;6;13
CARY;ONE-WAY,NOT DIVIDED;DAYLIGHT;CLEAR;0;0;;STOP SIGN;SPORT UTILITY;SPORT UTILITY;NONE;NONE;;2020-06-22T01:59:51-04:00;2020;No;No;6;01
.1 MILES FROM SR 3073 (NW MAYNARD RD);TWO-WAY,NOT DIVIDED;DAYLIGHT;CLOUDY;0;0;;NO CONTROL PRESENT;SPORT UTILITY;SPORT UTILITY;NONE;NONE;;2020-06-23T19:05:23-04:00;2020;No;No;6;19
0 FEET FROM SR 1313 (WALNUT ST);TWO-WAY,DIVIDED,UNPROTECTED MEDIAN;DAYLIGHT;CLEAR;0;2;;STOP AND GO SIGNAL;PASSENGER CAR;PASSENGER CAR;NONE;NONE;;2020-06-23T11:16:00-04:00;2020;No;Yes;6;11
0 FEET FROM SR1349 (DILLARD DR);NONE;NONE;NONE;0;0;;;NONE;NONE;NONE;NONE;;2020-05-29T01:25:33-04:00;2020;No;No;5;01
112 FEET FROM SR 1652 (N HARRISON AV);TWO-WAY,NOT DIVIDED;DUSK;CLOUDY;0;1;;NO CONTROL PRESENT;PICKUP;PASSENGER CAR;NONE;NONE;;2020-06-09T22:14:00-04:00;2020;No;Yes;6;22
CARY;TWO-WAY,DIVIDED,UNPROTECTED MEDIAN;DAYLIGHT;CLEAR;0;0;;STOP AND GO SIGNAL;PASSENGER CAR;PICKUP;NONE;NONE;;2020-06-24T15:43:45-04:00;2020;No;No;6;15
CARY;TWO-WAY,NOT DIVIDED;DAYLIGHT;CLEAR;0;0;;STOP AND GO SIGNAL;PICKUP;PASSENGER CAR;NONE;NONE;;2020-06-25T14:06:23-04:00;2020;No;No;6;14
482 FEET FROM US 1 HWY;TWO-WAY,DIVIDED,POSITIVE MEDIAN BARRIER;DAYLIGHT;CLEAR;0;0;;NO CONTROL PRESENT;PASSENGER CAR;PASSENGER CAR;NONE;NONE;;2020-06-24T17:29:14-04:00;2020;No;No;6;17
0.2 MILES FROM NC 54 (NW MAYNARD RD);TWO-WAY,DIVIDED,UNPROTECTED MEDIAN;DAYLIGHT;CLEAR;0;0;;HUMAN CONTROL;PASSENGER CAR;PICKUP;NONE;NONE;;2020-06-25T18:53:55-04:00;2020;No;No;6;18
275 FEET FROM 7129 OKKELLY CHAPEL RD;TWO-WAY,NOT DIVIDED;DAYLIGHT;CLEAR;0;0;;NO CONTROL PRESENT;NONE;SPORT UTILITY;NONE;NONE;;2020-06-26T14:08:51-04:00;2020;No;No;6;14
.03 MILES FROM SR 1652 (N HARRISON AV);TWO-WAY,NOT DIVIDED;DARK - LIGHTED ROADWAY;CLEAR;0;0;;NO CONTROL PRESENT;PASSENGER CAR;NONE;NONE;NONE;;2020-06-26T22:04:00-04:00;2020;No;No;6;22
150 FEET FROM S.R. 1 RAMP (US 1 HWY S RAMP);ONE-WAY,NOT DIVIDED;DAYLIGHT;CLEAR;0;0;;STOP AND GO SIGNAL;PASSENGER CAR;SPORT UTILITY;NONE;NONE;;2020-06-24T16:48:58-04:00;2020;No;No;6;16
.16 MILES FROM SR 3081 (CHAPEL HILL RD);TWO-WAY,NOT DIVIDED;DARK - LIGHTED ROADWAY;CLEAR;0;0;;NO CONTROL PRESENT;PASSENGER CAR;SINGLE UNIT TRUCK (2-AXLE- 6-TIRE);NONE;NONE;;2020-06-26T21:59:21-04:00;2020;No;No;6;21
.10 MILES FROM P.P. (931 TRINITY RD);TWO-WAY,NOT DIVIDED;NONE;CLEAR;0;0;;NO CONTROL PRESENT;MOTOR HOME/RECREATIONAL VEHICLE;NONE;NONE;NONE;;2020-06-27T11:21:00-04:00;2020;No;No;6;11
10 FEET FROM SR 1624 (CARPENTER FIRE STATIO;TWO-WAY,NOT DIVIDED;DAYLIGHT;CLEAR;0;1;;STOP AND GO SIGNAL;SPORT UTILITY;SPORT UTILITY;NONE;NONE;;2020-06-29T13:18:28-04:00;2020;No;Yes;6;13
CARY;TWO-WAY,DIVIDED,UNPROTECTED MEDIAN;DARK - LIGHTED ROADWAY;CLEAR;0;0;;STOP AND GO SIGNAL;PASSENGER CAR;VAN;NONE;NONE;;2020-06-27T21:26:05-04:00;2020;No;No;6;21
100 FEET FROM SE CARY PKWY;TWO-WAY,DIVIDED,UNPROTECTED MEDIAN;DAYLIGHT;CLEAR;0;0;;STOP AND GO SIGNAL;SPORT UTILITY;PASSENGER CAR;NONE;NONE;;2020-06-26T11:07:00-04:00;2020;No;No;6;11
CARY;TWO-WAY,NOT DIVIDED;DAYLIGHT;CLEAR;0;0;;NO CONTROL PRESENT;PASSENGER CAR;PASSENGER CAR;NONE;NONE;;2020-06-26T09:52:44-04:00;2020;No;No;6;09
CARY;TWO-WAY,NOT DIVIDED;DAYLIGHT;CLOUDY;0;0;;STOP AND GO SIGNAL;PICKUP;SPORT UTILITY;NONE;NONE;;2020-07-01T08:24:42-04:00;2020;No;No;7;08
0 FEET FROM NC 55 HWY;TWO-WAY,NOT DIVIDED;DAYLIGHT;CLEAR;0;1;;STOP SIGN;PASSENGER CAR;PASSENGER CAR;NONE;NONE;;2020-06-26T12:01:00-04:00;2020;No;Yes;6;12
.12 MILES FROM S.R. 1497 (CARY TOWN BLVD);TWO-WAY,DIVIDED,UNPROTECTED MEDIAN;DAYLIGHT;CLEAR;0;0;;STOP AND GO SIGNAL;SPORT UTILITY;PICKUP;NONE;NONE;;2020-07-02T15:10:49-04:00;2020;No;No;7;15
145 FEET FROM ADVENT CT;NONE;NONE;NONE;0;0;;;NONE;NONE;NONE;NONE;;2020-06-01T05:55:02-04:00;2020;No;No;6;05
45 FEET FROM SR 1415 (SE MAYNARD RD);TWO-WAY,DIVIDED,UNPROTECTED MEDIAN;DAYLIGHT;CLEAR;0;0;;NO CONTROL PRESENT;PASSENGER CAR;SPORT UTILITY;NONE;NONE;;2020-07-05T13:31:54-04:00;2020;No;No;7;13
CARY;TWO-WAY,NOT DIVIDED;DAYLIGHT;CLEAR;0;4;;STOP SIGN;PASSENGER CAR;PASSENGER CAR;NONE;NONE;;2020-07-06T13:49:11-04:00;2020;No;Yes;7;13
120 FEET FROM P.V.A. (100 MACALYSON CT);TWO-WAY,NOT DIVIDED;DARK - ROADWAY NOT LIGHTED;CLEAR;0;0;;NO CONTROL PRESENT;PICKUP;NONE;NONE;NONE;;2020-07-06T16:57:03-04:00;2020;No;No;7;16
.10 MILES FROM P.V.A. 10030 SR 1625 (GREEN LE;TWO-WAY,NOT DIVIDED;DAYLIGHT;CLEAR;0;0;;STOP SIGN;SPORT UTILITY;PASSENGER CAR;NONE;NONE;;2020-07-06T23:51:00-04:00;2020;No;No;7;23
150 FEET FROM SR 1615 (HIGH HOUSE RD);TWO-WAY,DIVIDED,POSITIVE MEDIAN BARRIER;DAYLIGHT;CLEAR;0;0;;STOP AND GO SIGNAL;SPORT UTILITY;VAN;NONE;NONE;;2020-07-06T17:30:17-04:00;2020;No;No;7;17
50 FEET FROM NC 55 HWY;TWO-WAY,DIVIDED,UNPROTECTED MEDIAN;DAYLIGHT;CLOUDY;0;0;;STOP AND GO SIGNAL;PASSENGER CAR;PASSENGER CAR;NONE;NONE;;2020-07-08T08:33:18-04:00;2020;No;No;7;08
438 FEET FROM SR 3977 (SE CARY PKWY);TWO-WAY,DIVIDED,UNPROTECTED MEDIAN;DAYLIGHT;CLOUDY;0;0;;NO CONTROL PRESENT;SPORT UTILITY;PASSENGER CAR;NONE;NONE;;2020-07-07T10:12:00-04:00;2020;No;No;7;10
10 FEET FROM SR1370 (TRYON RD);TWO-WAY,DIVIDED,POSITIVE MEDIAN BARRIER;DAYLIGHT;CLEAR;0;0;;STOP AND GO SIGNAL;SPORT UTILITY;PASSENGER CAR;NONE;NONE;;2020-07-08T13:23:57-04:00;2020;No;No;7;13
26 FEET FROM WESTON PKWY;TWO-WAY,DIVIDED,UNPROTECTED MEDIAN;DAYLIGHT;CLEAR;0;0;;STOP AND GO SIGNAL;PASSENGER CAR;PASSENGER CAR;NONE;NONE;;2020-07-08T15:04:57-04:00;2020;No;No;7;15
50 FEET FROM US-1 EXIT 98 RAMP SB;ONE-WAY,NOT DIVIDED;DAYLIGHT;CLEAR;0;0;;STOP AND GO SIGNAL;PASSENGER CAR;PASSENGER CAR;NONE;NONE;;2020-07-09T15:24:32-04:00;2020;No;No;7;15
.3 MILES FROM US 1;TWO-WAY,DIVIDED,POSITIVE MEDIAN BARRIER;DAYLIGHT;RAIN;0;0;;NO CONTROL PRESENT;SPORT UTILITY;PASSENGER CAR;NONE;NONE;;2020-07-09T19:40:21-04:00;2020;No;No;7;19
CARY;NONE;NONE;NONE;0;0;;;NONE;NONE;NONE;NONE;;2020-06-28T19:13:43-04:00;2020;No;No;6;19
40 FEET FROM NC 54 (CHAPEL HILL RD);TWO-WAY,DIVIDED,UNPROTECTED MEDIAN;DAYLIGHT;CLEAR;0;0;;STOP AND GO SIGNAL;PASSENGER CAR;PICKUP;NONE;NONE;;2020-07-12T11:34:00-04:00;2020;No;No;7;11
400 FEET FROM P.V.A (1920 NW MAYNARD RD);TWO-WAY,NOT DIVIDED;DUSK;CLEAR;0;0;;NO CONTROL PRESENT;NONE;PASSENGER CAR;NONE;NONE;;2020-07-13T00:09:00-04:00;2020;No;No;7;00
0 FEET FROM ENFIELD  RIDGE DR;TWO-WAY,NOT DIVIDED;DAYLIGHT;CLEAR;0;0;;STOP SIGN;SPORT UTILITY;PASSENGER CAR;NONE;NONE;;2020-07-14T19:03:19-04:00;2020;No;No;7;19
80 FEET FROM PVA (5731 DILLARD DRIVE);NONE;DAYLIGHT;CLEAR;0;0;;NO CONTROL PRESENT;SPORT UTILITY;PASSENGER CAR;NONE;NONE;;2020-07-15T21:59:07-04:00;2020;No;No;7;21
0 FEET FROM US 1 HWY OFF RAMP;ONE-WAY,NOT DIVIDED;DAYLIGHT;CLEAR;0;0;;STOP AND GO SIGNAL;SPORT UTILITY;PASSENGER CAR;NONE;NONE;;2020-07-14T10:10:00-04:00;2020;No;No;7;10
250 FEET FROM 7129 O`KELLY CHAPEL RD;TWO-WAY,NOT DIVIDED;DAYLIGHT;CLEAR;0;0;;NO CONTROL PRESENT;SPORT UTILITY;SPORT UTILITY;NONE;NONE;;2020-07-16T09:05:32-04:00;2020;No;No;7;09
400 FEET FROM NC 55 HWY;TWO-WAY,DIVIDED,UNPROTECTED MEDIAN;DAYLIGHT;CLEAR;0;0;;STOP AND GO SIGNAL;PASSENGER CAR;PICKUP;NONE;NONE;;2020-07-14T17:55:32-04:00;2020;No;No;7;17
150 FEET FROM BUXTON GRANT DR;TWO-WAY,NOT DIVIDED;DAYLIGHT;CLEAR;0;0;;NO CONTROL PRESENT;SPORT UTILITY;PASSENGER CAR;NONE;NONE;;2020-07-17T14:33:49-04:00;2020;No;No;7;14
CARY;TWO-WAY,NOT DIVIDED;DAYLIGHT;CLEAR;0;0;;STOP AND GO SIGNAL;PASSENGER CAR;PASSENGER CAR;NONE;NONE;;2020-07-17T13:02:47-04:00;2020;No;No;7;13
CARY;TWO-WAY,DIVIDED,UNPROTECTED MEDIAN;DAYLIGHT;CLEAR;0;0;;STOP AND GO SIGNAL;PASSENGER CAR;NONE;NONE;NONE;;2020-07-18T08:56:23-04:00;2020;No;No;7;08
50 FEET FROM P.V.A. (1535 DOMINION OAK CIR);TWO-WAY,NOT DIVIDED;DAYLIGHT;CLOUDY;0;0;;NO CONTROL PRESENT;LIGHT TRUCK (MINI-VAN- PANEL);PASSENGER CAR;NONE;NONE;;2020-07-18T00:42:00-04:00;2020;No;No;7;00
100 FEET FROM US 64;TWO-WAY,DIVIDED,UNPROTECTED MEDIAN;DAYLIGHT;RAIN;0;0;;STOP AND GO SIGNAL;PASSENGER CAR;PASSENGER CAR;NONE;NONE;;2020-07-18T17:26:17-04:00;2020;No;No;7;17
0 FEET FROM DOGWOOD FOREST DR;TWO-WAY,DIVIDED,POSITIVE MEDIAN BARRIER;DAYLIGHT;CLEAR;0;0;;STOP AND GO SIGNAL;PASSENGER CAR;NONE;NONE;NONE;;2020-07-19T07:32:11-04:00;2020;No;No;7;07
CARY;TWO-WAY,DIVIDED,UNPROTECTED MEDIAN;DAYLIGHT;CLEAR;0;0;;STOP AND GO SIGNAL;SPORT UTILITY;PASSENGER CAR;NONE;NONE;;2020-07-19T17:26:57-04:00;2020;No;No;7;17
.25 MILES FROM QUEENSFERRY RD;TWO-WAY,NOT DIVIDED;DAYLIGHT;CLEAR;0;0;;NO CONTROL PRESENT;PASSENGER CAR;PASSENGER CAR;NONE;NONE;;2020-07-19T13:21:56-04:00;2020;No;No;7;13
10 FEET FROM US 1;TWO-WAY,DIVIDED,POSITIVE MEDIAN BARRIER;DAYLIGHT;CLEAR;0;0;;STOP AND GO SIGNAL;PASSENGER CAR;PASSENGER CAR;NONE;NONE;;2020-07-21T08:59:38-04:00;2020;No;No;7;08
.1 MILES FROM US 64;TWO-WAY,DIVIDED,UNPROTECTED MEDIAN;DAYLIGHT;CLEAR;0;1;;STOP AND GO SIGNAL;SPORT UTILITY;SPORT UTILITY;NONE;NONE;;2020-07-16T11:47:00-04:00;2020;No;Yes;7;11
15 FEET FROM US 1 OFF RAMP;ONE-WAY,NOT DIVIDED;DAYLIGHT;CLEAR;0;0;;FLASHING STOP AND GO SIGNAL;PASSENGER CAR;PASSENGER CAR;NONE;NONE;;2020-07-22T17:48:50-04:00;2020;No;No;7;17
0 FEET FROM HIGHCROFT DR;TWO-WAY,NOT DIVIDED;DAYLIGHT;CLEAR;0;0;;STOP SIGN;PASSENGER CAR;PASSENGER CAR;NONE;NONE;;2020-07-22T16:23:30-04:00;2020;No;No;7;16
60 FEET FROM SR 1300 (KILDAIRE FARM RD);TWO-WAY,NOT DIVIDED;DAYLIGHT;CLOUDY;0;0;;STOP AND GO SIGNAL;PASSENGER CAR;PICKUP;NONE;NONE;;2020-07-16T08:11:56-04:00;2020;No;No;7;08
200 FEET FROM PVA OF 102 RAMSEY CT;TWO-WAY,NOT DIVIDED;DAYLIGHT;CLOUDY;0;0;;NO CONTROL PRESENT;SPORT UTILITY;PASSENGER CAR;NONE;NONE;;2020-07-23T15:50:31-04:00;2020;No;No;7;15
0 FEET FROM SR 1011 (E CHATHAM ST);TWO-WAY,NOT DIVIDED;DAYLIGHT;CLEAR;0;0;;NO CONTROL PRESENT;PASSENGER CAR;PASSENGER CAR;NONE;NONE;;2020-07-22T08:03:37-04:00;2020;No;No;7;08
.2 MILES FROM P.V.A. (400 JAMES JACKSON AVE);TWO-WAY,NOT DIVIDED;DAYLIGHT;RAIN;0;0;;NO CONTROL PRESENT;PICKUP;NONE;NONE;NONE;;2020-07-24T11:10:00-04:00;2020;No;No;7;11
CARY;NONE;NONE;NONE;0;1;;;PASSENGER CAR;PASSENGER CAR;NONE;NONE;;2020-07-05T07:12:21-04:00;2020;No;Yes;7;07
0 FEET FROM US 64 HWY W;TWO-WAY,DIVIDED,UNPROTECTED MEDIAN;DAYLIGHT;CLEAR;0;0;;STOP AND GO SIGNAL;PICKUP;SPORT UTILITY;NONE;NONE;;2020-07-27T20:41:20-04:00;2020;No;No;7;20
50 FEET FROM 2010 KILDAIRE FARM RD;ONE-WAY,NOT DIVIDED;DAYLIGHT;CLEAR;0;0;;NO CONTROL PRESENT;PASSENGER CAR;PICKUP;NONE;NONE;;2020-07-28T13:46:45-04:00;2020;No;No;7;13
CARY;TWO-WAY,DIVIDED,POSITIVE MEDIAN BARRIER;DAYLIGHT;CLEAR;0;0;FAILURE TO YIELD RIGHT OF WAY;NO CONTROL PRESENT;PASSENGER CAR;NONE;NONE;NONE;;2020-07-28T10:06:00-04:00;2020;No;No;7;10
CARY;NONE;NONE;NONE;0;0;;;NONE;NONE;NONE;NONE;;2020-07-23T08:10:57-04:00;2020;No;No;7;08
.1 MILES FROM US 1 HWY;TWO-WAY,DIVIDED,POSITIVE MEDIAN BARRIER;DAYLIGHT;CLEAR;0;0;;NO CONTROL PRESENT;PICKUP;PICKUP;NONE;NONE;;2020-07-28T07:43:16-04:00;2020;No;No;7;07
1 MILES FROM US 1 HWY;TWO-WAY,DIVIDED,POSITIVE MEDIAN BARRIER;DAYLIGHT;CLEAR;0;0;;NO CONTROL PRESENT;SPORT UTILITY;PASSENGER CAR;NONE;NONE;;2020-07-24T16:18:59-04:00;2020;No;No;7;16
CARY;ONE-WAY,NOT DIVIDED;DAYLIGHT;CLOUDY;0;1;;STOP AND GO SIGNAL;PASSENGER CAR;PASSENGER CAR;NONE;NONE;;2020-07-30T11:36:00-04:00;2020;No;Yes;7;11
200 FEET FROM PVA (802 E CHATHAM ST);TWO-WAY,NOT DIVIDED;DAYLIGHT;CLEAR;0;0;;NO CONTROL PRESENT;SPORT UTILITY;PASSENGER CAR;NONE;NONE;;2020-07-28T17:49:20-04:00;2020;No;No;7;17
300 FEET FROM PVA (8010 TRYON WOODS DR);TWO-WAY,NOT DIVIDED;DAYLIGHT;CLEAR;0;0;;NO CONTROL PRESENT;SPORT UTILITY;PASSENGER CAR;NONE;NONE;;2020-07-17T10:05:00-04:00;2020;No;No;7;10
300 FEET FROM P.V.A.(3710 DAVIS DR);TWO-WAY,NOT DIVIDED;DAYLIGHT;CLEAR;0;0;;NO CONTROL PRESENT;SPORT UTILITY;SPORT UTILITY;NONE;NONE;;2020-07-31T13:26:30-04:00;2020;No;No;7;13
CARY;TWO-WAY,DIVIDED,UNPROTECTED MEDIAN;DAYLIGHT;CLEAR;0;0;;STOP AND GO SIGNAL;PASSENGER CAR;PASSENGER CAR;NONE;NONE;;2020-07-30T16:52:46-04:00;2020;No;No;7;16
.08 MILES FROM P.V.A. 700 SPATRACUS CT;TWO-WAY,NOT DIVIDED;DARK - LIGHTED ROADWAY;CLEAR;0;0;;NO CONTROL PRESENT;PASSENGER CAR;PASSENGER CAR;NONE;NONE;;2020-08-01T01:05:01-04:00;2020;No;No;8;01
0 FEET FROM MEETING ST;TWO-WAY,NOT DIVIDED;DAYLIGHT;CLEAR;0;0;;STOP AND GO SIGNAL;PASSENGER CAR;PASSENGER CAR;NONE;NONE;;2020-08-01T15:23:59-04:00;2020;No;No;8;15
319 FEET FROM SR 1152 (HOLLY SPRINGS RD);NONE;NONE;NONE;0;0;;;PASSENGER CAR;NONE;NONE;NONE;;2020-07-18T17:53:16-04:00;2020;No;No;7;17
50 FEET FROM LONGCHAMP LN;TWO-WAY,NOT DIVIDED;DARK - LIGHTED ROADWAY;RAIN;0;0;;NO CONTROL PRESENT;NONE;SPORT UTILITY;NONE;NONE;;2020-08-03T20:57:36-04:00;2020;No;No;8;20
.13 MILES FROM P.V.A. (2025 RENAISSANCE PARK;TWO-WAY,NOT DIVIDED;DAYLIGHT;CLEAR;0;0;;NO CONTROL PRESENT;PASSENGER CAR;PASSENGER CAR;NONE;NONE;;2020-08-04T09:49:09-04:00;2020;No;No;8;09