Location_Description;Road_Configuration;Light_Condition;Weather;Fatality;Injury;Contributing_Factor;Traffic_Control;Vehicle1;Vehicle2;Vehicle3;Vehicle4;Vehicle5;Crash_Date;year;Fatalities;Injuries;Month;Hour
400 FEET FROM SR 1497 (CARY TOWNE BLVD);TWO-WAY,DIVIDED,UNPROTECTED MEDIAN;DAYLIGHT;CLEAR;0;0;;NO CONTROL PRESENT;VAN;PASSENGER CAR;NONE;NONE;;2020-10-06T11:20:00-04:00;2020;No;No;10;11
.13 MILES FROM PVA 1315 SR 1300 (KILDAIRE FAR;TWO-WAY,NOT DIVIDED;DAYLIGHT;CLEAR;0;0;;NO CONTROL PRESENT;SPORT UTILITY;VAN;NONE;NONE;;2020-10-06T12:24:00-04:00;2020;No;No;10;12
CARY;TWO-WAY,NOT DIVIDED;DARK - LIGHTED ROADWAY;CLEAR;0;0;;NO CONTROL PRESENT;NONE;PASSENGER CAR;NONE;NONE;;2020-10-02T09:41:07-04:00;2020;No;No;10;09
40 FEET FROM SR 1300 (KILDAIRE FARM RD);TWO-WAY,DIVIDED,UNPROTECTED MEDIAN;DAYLIGHT;CLEAR;0;0;;NO CONTROL PRESENT;SPORT UTILITY;SPORT UTILITY;NONE;NONE;;2020-10-08T17:18:43-04:00;2020;No;No;10;17
.15 MILES FROM CARY GLEN BLVD;TWO-WAY,DIVIDED,POSITIVE MEDIAN BARRIER;DAYLIGHT;RAIN;0;0;;STOP AND GO SIGNAL;PASSENGER CAR;PASSENGER CAR;NONE;NONE;;2020-10-10T11:04:00-04:00;2020;No;No;10;11
.1 MILES FROM P.V.A. 1961 HIGH HOUSE RD;TWO-WAY,NOT DIVIDED;DAYLIGHT;CLOUDY;0;0;;NO CONTROL PRESENT;SPORT UTILITY;SPORT UTILITY;NONE;NONE;;2020-10-10T12:46:00-04:00;2020;No;No;10;12
.5 MILES FROM 507 WHITEHALL WAY;TWO-WAY,NOT DIVIDED;DARK - ROADWAY NOT LIGHTED;RAIN;0;0;;NO CONTROL PRESENT;PASSENGER CAR;SPORT UTILITY;NONE;NONE;;2020-10-10T23:01:00-04:00;2020;No;No;10;23
425 FEET FROM SR 4067 (REGENCY PKWY);TWO-WAY,DIVIDED,UNPROTECTED MEDIAN;DAYLIGHT;RAIN;0;0;;NO CONTROL PRESENT;SPORT UTILITY;NONE;NONE;NONE;;2020-10-11T16:42:11-04:00;2020;No;No;10;16
50 FEET FROM SR-1615 HIGH HOUSE RD;TWO-WAY,DIVIDED,UNPROTECTED MEDIAN;DAYLIGHT;CLOUDY;0;0;;STOP AND GO SIGNAL;SPORT UTILITY;VAN;NONE;NONE;;2020-10-12T17:47:57-04:00;2020;No;No;10;17
100 FEET FROM P.V.A. 251-300 KIESLER DR;TWO-WAY,NOT DIVIDED;DAYLIGHT;CLOUDY;0;0;;NO CONTROL PRESENT;PASSENGER CAR;PASSENGER CAR;NONE;NONE;;2020-10-12T07:53:17-04:00;2020;No;No;10;07
100 FEET FROM 101 PARKVINE CIR;TWO-WAY,NOT DIVIDED;DAYLIGHT;CLEAR;0;0;;NO CONTROL PRESENT;SINGLE UNIT TRUCK (2-AXLE- 6-TIRE);PASSENGER CAR;NONE;NONE;;2020-10-13T11:40:00-04:00;2020;No;No;10;11
200 FEET FROM P.V.A. (2021 WALNUT ST);TWO-WAY,NOT DIVIDED;DAYLIGHT;CLEAR;0;0;;NO CONTROL PRESENT;PASSENGER CAR;PASSENGER CAR;NONE;NONE;;2020-10-14T09:40:49-04:00;2020;No;No;10;09
0.7 MILES FROM US 1 HWY;TWO-WAY,DIVIDED,POSITIVE MEDIAN BARRIER;DAWN;CLEAR;0;0;;NO CONTROL PRESENT;PASSENGER CAR;VAN;NONE;NONE;;2020-10-14T06:06:26-04:00;2020;No;No;10;06
20 FEET FROM PVA OF 530 NEW WAVERLY PL;TWO-WAY,NOT DIVIDED;DAYLIGHT;CLEAR;0;0;;STOP SIGN;SPORT UTILITY;PASSENGER CAR;NONE;NONE;;2020-10-14T14:12:05-04:00;2020;No;No;10;14
400 FEET FROM US 64 HWY;ONE-WAY,NOT DIVIDED;DAYLIGHT;CLEAR;0;0;;YIELD SIGN;SPORT UTILITY;PICKUP;NONE;NONE;;2020-10-15T14:40:10-04:00;2020;No;No;10;14
100 FEET FROM SR 1613 (DAVIS DR);TWO-WAY,DIVIDED,UNPROTECTED MEDIAN;DAYLIGHT;CLEAR;0;0;;NO CONTROL PRESENT;PASSENGER CAR;PASSENGER CAR;NONE;NONE;;2020-10-17T16:13:08-04:00;2020;No;No;10;16
.54 MILES FROM CROSSROADS BLVD;TWO-WAY,NOT DIVIDED;DAYLIGHT;CLEAR;0;0;;STOP AND GO SIGNAL;PASSENGER CAR;PASSENGER CAR;NONE;NONE;;2020-10-18T15:59:01-04:00;2020;No;No;10;15
100 FEET FROM P.V.A. 240 CROSSROADS BLVD;TWO-WAY,NOT DIVIDED;DAYLIGHT;CLEAR;0;0;;NO CONTROL PRESENT;PASSENGER CAR;PASSENGER CAR;NONE;NONE;;2020-10-18T15:10:51-04:00;2020;No;No;10;15
.10 MILES FROM P.V.A. 123 MIDDLE CREEK PARK A;TWO-WAY,NOT DIVIDED;DAYLIGHT;CLEAR;0;0;;NO CONTROL PRESENT;PICKUP;PICKUP;NONE;NONE;;2020-10-18T12:12:00-04:00;2020;No;No;10;12
CARY;TWO-WAY,NOT DIVIDED;DAYLIGHT;CLEAR;0;0;;NO CONTROL PRESENT;PASSENGER CAR;NONE;NONE;NONE;;2020-10-19T15:08:14-04:00;2020;No;No;10;15
CARY;TWO-WAY,NOT DIVIDED;DARK - LIGHTED ROADWAY;CLEAR;0;0;;STOP AND GO SIGNAL;PASSENGER CAR;PASSENGER CAR;NONE;NONE;;2020-10-17T20:41:15-04:00;2020;No;No;10;20
200 FEET FROM 3710 DAVIS DR.;TWO-WAY,NOT DIVIDED;DAYLIGHT;CLEAR;0;0;;NO CONTROL PRESENT;SPORT UTILITY;VAN;NONE;NONE;;2020-10-21T11:21:00-04:00;2020;No;No;10;11
50 FEET FROM SR 3112, NW CARY PKWY;TWO-WAY,DIVIDED,UNPROTECTED MEDIAN;DAYLIGHT;CLEAR;0;0;;NO CONTROL PRESENT;LIGHT TRUCK (MINI-VAN- PANEL);PASSENGER CAR;NONE;NONE;;2020-10-22T20:10:17-04:00;2020;No;No;10;20
250 FEET FROM SR 1300 KILDAIRE FARM RD.;NONE;DAYLIGHT;CLEAR;0;1;;STOP AND GO SIGNAL;SPORT UTILITY;SPORT UTILITY;NONE;NONE;;2020-10-20T11:11:00-04:00;2020;No;Yes;10;11
CARY;TWO-WAY,DIVIDED,UNPROTECTED MEDIAN;DAYLIGHT;CLEAR;0;0;;STOP AND GO SIGNAL;PASSENGER CAR;PICKUP;NONE;NONE;;2020-10-23T11:16:00-04:00;2020;No;No;10;11
40 FEET FROM SR 3120 (MORRISVILLE PKWY);TWO-WAY,DIVIDED,POSITIVE MEDIAN BARRIER;DAYLIGHT;CLEAR;0;1;;STOP AND GO SIGNAL;PASSENGER CAR;SPORT UTILITY;NONE;NONE;;2020-10-23T13:09:49-04:00;2020;No;Yes;10;13
350 FEET FROM P.V.A. 10110 SR 1625 (GREEN LE;TWO-WAY,NOT DIVIDED;DAYLIGHT;CLEAR;0;0;;NO CONTROL PRESENT;SPORT UTILITY;SPORT UTILITY;NONE;NONE;;2020-10-24T01:41:03-04:00;2020;No;No;10;01
144 FEET FROM PVA (5859 TRYON RD);NONE;DAYLIGHT;CLEAR;0;0;;NO CONTROL PRESENT;PASSENGER CAR;SPORT UTILITY;NONE;NONE;;2020-10-16T16:13:04-04:00;2020;No;No;10;16
312 FEET FROM PVA (2031 WALNUT ST);TWO-WAY,NOT DIVIDED;DAYLIGHT;CLEAR;0;0;;STOP SIGN;SPORT UTILITY;SPORT UTILITY;NONE;NONE;;2020-10-22T17:10:46-04:00;2020;No;No;10;17
20 FEET FROM MEETING ST;TWO-WAY,DIVIDED,POSITIVE MEDIAN BARRIER;DAYLIGHT;CLEAR;0;0;;STOP AND GO SIGNAL;SPORT UTILITY;PASSENGER CAR;NONE;NONE;;2020-10-24T12:24:00-04:00;2020;No;No;10;12
.1 MILES FROM CROSSROADS BLVD;TWO-WAY,DIVIDED,POSITIVE MEDIAN BARRIER;DAYLIGHT;CLEAR;0;0;;STOP AND GO SIGNAL;PASSENGER CAR;PASSENGER CAR;NONE;NONE;;2020-10-24T13:21:46-04:00;2020;No;No;10;13
CARY;TWO-WAY,NOT DIVIDED;DARK - ROADWAY NOT LIGHTED;CLEAR;0;0;;STOP SIGN;NONE;PASSENGER CAR;NONE;NONE;;2020-10-26T19:00:00-04:00;2020;No;No;10;19
CARY;TWO-WAY,DIVIDED,UNPROTECTED MEDIAN;DAYLIGHT;CLEAR;0;0;;STOP AND GO SIGNAL;PASSENGER CAR;PASSENGER CAR;NONE;NONE;;2020-10-25T14:00:00-04:00;2020;No;No;10;14
.03 MILES FROM P.V.A. 2010 KILDAIRE FARM RD;ONE-WAY,NOT DIVIDED;DAYLIGHT;CLEAR;0;0;;NO CONTROL PRESENT;PASSENGER CAR;SPORT UTILITY;NONE;NONE;;2020-10-26T06:34:43-04:00;2020;No;No;10;06
50 FEET FROM SR1652 (N HARRISON AVE);TWO-WAY,DIVIDED,POSITIVE MEDIAN BARRIER;DAYLIGHT;CLEAR;0;1;;STOP AND GO SIGNAL;PASSENGER CAR;PASSENGER CAR;NONE;NONE;;2020-10-24T06:46:05-04:00;2020;No;Yes;10;06
CARY;TWO-WAY,NOT DIVIDED;DARK - LIGHTED ROADWAY;CLOUDY;0;1;;STOP AND GO SIGNAL;PASSENGER CAR;SPORT UTILITY;NONE;NONE;;2020-10-28T19:40:29-04:00;2020;No;Yes;10;19
CARY;TWO-WAY,DIVIDED,UNPROTECTED MEDIAN;DAYLIGHT;CLEAR;0;0;;STOP AND GO SIGNAL;SPORT UTILITY;PASSENGER CAR;NONE;NONE;;2020-10-29T00:01:00-04:00;2020;No;No;10;00
CARY;TWO-WAY,DIVIDED,UNPROTECTED MEDIAN;DAYLIGHT;CLEAR;0;0;;STOP AND GO SIGNAL;PICKUP;SPORT UTILITY;NONE;NONE;;2020-10-30T16:50:44-04:00;2020;No;No;10;16
10 FEET FROM P.V.A. (160 E CEDAR ST);TWO-WAY,NOT DIVIDED;DAYLIGHT;CLEAR;0;0;;NO CONTROL PRESENT;PASSENGER CAR;PASSENGER CAR;NONE;NONE;;2020-10-30T18:02:30-04:00;2020;No;No;10;18
CARY;TWO-WAY,NOT DIVIDED;DAYLIGHT;CLEAR;0;0;;STOP AND GO SIGNAL;SPORT UTILITY;SPORT UTILITY;NONE;NONE;;2020-10-31T13:33:05-04:00;2020;No;No;10;13
20 FEET FROM SR 1652 (N HARRISON AV);TWO-WAY,NOT DIVIDED;DAYLIGHT;CLEAR;0;1;;STOP AND GO SIGNAL;PASSENGER CAR;PASSENGER CAR;NONE;NONE;;2020-10-30T17:39:59-04:00;2020;No;Yes;10;17
40 FEET FROM SR 1010 (TEN TEN RD);TWO-WAY,NOT DIVIDED;DAYLIGHT;CLEAR;0;2;;NO CONTROL PRESENT;PASSENGER CAR;PASSENGER CAR;SPORT UTILITY;NONE;;2020-10-30T12:41:00-04:00;2020;No;Yes;10;12
400 FEET FROM P.V.A. (340 CROSSROADS BLVD);ONE-WAY,NOT DIVIDED;DAYLIGHT;CLOUDY;0;0;;NO CONTROL PRESENT;SPORT UTILITY;PASSENGER CAR;NONE;NONE;;2020-10-28T11:12:00-04:00;2020;No;No;10;11
.1167 MILES FROM US 64;TWO-WAY,DIVIDED,UNPROTECTED MEDIAN;DAYLIGHT;CLEAR;0;0;;NO CONTROL PRESENT;VAN;PASSENGER CAR;NONE;NONE;;2020-11-02T08:46:30-05:00;2020;No;No;11;08
.1 MILES FROM P.V.A. (2010 KILDAIRE FARM RD);TWO-WAY,NOT DIVIDED;DAYLIGHT;CLEAR;0;0;;NO CONTROL PRESENT;VAN;SPORT UTILITY;NONE;NONE;;2020-11-02T08:46:31-05:00;2020;No;No;11;08
100 FEET FROM PVA 802 E CHATHAM;TWO-WAY,NOT DIVIDED;DAYLIGHT;CLEAR;0;0;;NO CONTROL PRESENT;PASSENGER CAR;PASSENGER CAR;NONE;NONE;;2020-11-01T07:32:56-05:00;2020;No;No;11;07
.02 MILES FROM BARGATE DR;TWO-WAY,NOT DIVIDED;DARK - LIGHTED ROADWAY;CLEAR;0;0;;NO CONTROL PRESENT;PASSENGER CAR;PICKUP;NONE;NONE;;2020-11-03T07:47:25-05:00;2020;No;No;11;07
.5 MILES FROM SR 1635 (MCCRIMMON PKWY);TWO-WAY,DIVIDED,UNPROTECTED MEDIAN;DAYLIGHT;CLEAR;0;0;;NO CONTROL PRESENT;PICKUP;NONE;NONE;NONE;;2020-10-22T19:26:13-04:00;2020;No;No;10;19
15 FEET FROM SR1630 (GREEN LEVEL CHURCH RD);TWO-WAY,DIVIDED,UNPROTECTED MEDIAN;DAYLIGHT;CLEAR;0;0;;NO CONTROL PRESENT;PASSENGER CAR;SPORT UTILITY;NONE;NONE;;2020-11-04T19:19:25-05:00;2020;No;No;11;19
CARY;TWO-WAY,DIVIDED,UNPROTECTED MEDIAN;DAYLIGHT;CLEAR;0;0;;STOP AND GO SIGNAL;PASSENGER CAR;PICKUP;NONE;NONE;;2020-11-04T12:58:00-05:00;2020;No;No;11;12
.1 MILES FROM P.V.A. 1030 PARKSIDE MAIN ST;TWO-WAY,NOT DIVIDED;DARK - LIGHTED ROADWAY;CLEAR;0;0;;NO CONTROL PRESENT;SPORT UTILITY;NONE;NONE;NONE;;2020-11-05T21:14:50-05:00;2020;No;No;11;21
CARY;TWO-WAY,DIVIDED,UNPROTECTED MEDIAN;DARK - LIGHTED ROADWAY;CLEAR;0;0;;YIELD SIGN;SPORT UTILITY;NONE;NONE;NONE;;2020-11-04T19:45:42-05:00;2020;No;No;11;19
.05 MILES FROM US 1 HWY;TWO-WAY,DIVIDED,POSITIVE MEDIAN BARRIER;DAYLIGHT;CLEAR;0;0;;NO CONTROL PRESENT;LIGHT TRUCK (MINI-VAN- PANEL);NONE;NONE;NONE;;2020-11-05T08:30:23-05:00;2020;No;No;11;08
CARY;TWO-WAY,DIVIDED,POSITIVE MEDIAN BARRIER;DAYLIGHT;CLEAR;0;0;;STOP AND GO SIGNAL;PASSENGER CAR;SPORT UTILITY;NONE;NONE;;2020-11-04T08:43:03-05:00;2020;No;No;11;08
.1 MILES FROM BEECHTREE DR;TWO-WAY,NOT DIVIDED;DARK - LIGHTED ROADWAY;CLEAR;0;0;;NO CONTROL PRESENT;PASSENGER CAR;SPORT UTILITY;NONE;NONE;;2020-11-05T17:27:01-05:00;2020;No;No;11;17
.1 MILES FROM SR 1415 (SE MAYNARD RD);TWO-WAY,DIVIDED,POSITIVE MEDIAN BARRIER;DARK - LIGHTED ROADWAY;CLEAR;0;0;;NO CONTROL PRESENT;VAN;NONE;NONE;NONE;;2020-11-07T19:00:06-05:00;2020;No;No;11;19
.5 MILES FROM P.V.A (1000 INNOVATION AVE);TWO-WAY,DIVIDED,UNPROTECTED MEDIAN;DARK - UNKNOWN LIGHTING;CLEAR;0;0;;NO CONTROL PRESENT;PASSENGER CAR;PICKUP;NONE;NONE;;2020-11-01T11:32:00-05:00;2020;No;No;11;11
CARY;TWO-WAY,NOT DIVIDED;DAYLIGHT;CLEAR;0;0;;STOP AND GO SIGNAL;SINGLE UNIT TRUCK (2-AXLE- 6-TIRE);PASSENGER CAR;NONE;NONE;;2020-11-07T12:06:00-05:00;2020;No;No;11;12
275 FEET FROM P.V.A. 128 KILMAYNE DR;TWO-WAY,NOT DIVIDED;DAYLIGHT;CLEAR;0;0;;NO CONTROL PRESENT;PASSENGER CAR;SPORT UTILITY;NONE;NONE;;2020-11-09T11:31:00-05:00;2020;No;No;11;11
CARY;TWO-WAY,DIVIDED,UNPROTECTED MEDIAN;DAYLIGHT;CLEAR;0;0;;STOP AND GO SIGNAL;PASSENGER CAR;SPORT UTILITY;NONE;NONE;;2020-11-09T16:15:26-05:00;2020;No;No;11;16
1 MILES FROM US1 HWY NORTHBOUND;TWO-WAY,DIVIDED,POSITIVE MEDIAN BARRIER;DUSK;CLOUDY;0;0;;NO CONTROL PRESENT;PASSENGER CAR;PASSENGER CAR;PICKUP;NONE;;2020-11-09T08:14:20-05:00;2020;No;No;11;08
10 FEET FROM P.V.A. (1000 VALLEYSTONE DR);ONE-WAY,NOT DIVIDED;DAYLIGHT;CLEAR;0;0;;NO CONTROL PRESENT;PASSENGER CAR;PICKUP;NONE;NONE;;2020-11-05T17:06:52-05:00;2020;No;No;11;17
20 FEET FROM SR 1300 (KILDAIRE FARM RD);TWO-WAY,NOT DIVIDED;DAYLIGHT;CLEAR;0;0;;STOP AND GO SIGNAL;PASSENGER CAR;SPORT UTILITY;NONE;NONE;;2020-11-10T16:39:32-05:00;2020;No;No;11;16
30 FEET FROM SR 1415 (SE MAYNARD RD);TWO-WAY,NOT DIVIDED;DARK - LIGHTED ROADWAY;CLEAR;0;1;;STOP AND GO SIGNAL;SPORT UTILITY;PASSENGER CAR;NONE;NONE;;2020-11-10T21:40:20-05:00;2020;No;Yes;11;21
CARY;TWO-WAY,DIVIDED,UNPROTECTED MEDIAN;DAYLIGHT;RAIN;0;0;;STOP AND GO SIGNAL;SPORT UTILITY;SPORT UTILITY;NONE;NONE;;2020-11-11T12:48:00-05:00;2020;No;No;11;12
0.1 MILES FROM US 1 HWY;TWO-WAY,DIVIDED,POSITIVE MEDIAN BARRIER;DARK - ROADWAY NOT LIGHTED;RAIN;0;0;;NO CONTROL PRESENT;PASSENGER CAR;NONE;NONE;NONE;;2020-11-12T03:40:29-05:00;2020;No;No;11;03
50 FEET FROM P.V.A. LA FARM BAKERY;TWO-WAY,NOT DIVIDED;DAYLIGHT;CLOUDY;0;0;;NO CONTROL PRESENT;SPORT UTILITY;PASSENGER CAR;NONE;NONE;;2020-11-11T11:05:00-05:00;2020;No;No;11;11
CARY;TWO-WAY,NOT DIVIDED;DAYLIGHT;CLEAR;0;0;;STOP AND GO SIGNAL;PASSENGER CAR;PASSENGER CAR;PASSENGER CAR;NONE;;2020-11-10T15:27:04-05:00;2020;No;No;11;15
1 MILES FROM US 1 HWY;TWO-WAY,DIVIDED,POSITIVE MEDIAN BARRIER;DAYLIGHT;RAIN;0;0;COMING FROM BEHIND PARKED VEHICLE;NO CONTROL PRESENT;PASSENGER CAR;PASSENGER CAR;NONE;NONE;;2020-11-12T08:45:07-05:00;2020;No;No;11;08
CARY;TWO-WAY,DIVIDED,UNPROTECTED MEDIAN;DARK - ROADWAY NOT LIGHTED;CLOUDY;0;0;;NO CONTROL PRESENT;SPORT UTILITY;SPORT UTILITY;NONE;NONE;;2020-11-12T17:32:37-05:00;2020;No;No;11;17
288 FEET FROM P.V.A. (973 N HARRISON AV);TWO-WAY,NOT DIVIDED;DAYLIGHT;CLOUDY;0;0;;NO CONTROL PRESENT;SINGLE UNIT TRUCK (2-AXLE- 6-TIRE);PASSENGER CAR;NONE;NONE;;2020-11-13T12:08:00-05:00;2020;No;No;11;12
.2 MILES FROM US 1;TWO-WAY,DIVIDED,POSITIVE MEDIAN BARRIER;DAYLIGHT;RAIN;0;2;;NO CONTROL PRESENT;PASSENGER CAR;PICKUP;PASSENGER CAR;NONE;;2020-11-12T05:54:59-05:00;2020;No;Yes;11;05
124 FEET FROM NC 55 HWY;TWO-WAY,NOT DIVIDED;DARK - ROADWAY NOT LIGHTED;CLEAR;0;0;;NO CONTROL PRESENT;SPORT UTILITY;NONE;NONE;NONE;;2020-11-14T01:35:34-05:00;2020;No;No;11;01
.09 MILES FROM PVA (1253 BUCK JONES RD);TWO-WAY,NOT DIVIDED;DAYLIGHT;CLEAR;0;0;;NO CONTROL PRESENT;PASSENGER CAR;VAN;NONE;NONE;;2020-11-13T13:00:13-05:00;2020;No;No;11;13
30 FEET FROM SR 3081 (CHAPEL HILL RD);TWO-WAY,NOT DIVIDED;DARK - LIGHTED ROADWAY;CLEAR;0;0;;STOP AND GO SIGNAL;PASSENGER CAR;PASSENGER CAR;NONE;NONE;;2020-11-13T20:43:09-05:00;2020;No;No;11;20
238 FEET FROM W CORNWALL RD;TWO-WAY,NOT DIVIDED;DARK - ROADWAY NOT LIGHTED;CLEAR;0;0;;NO CONTROL PRESENT;PICKUP;PICKUP;NONE;NONE;;2020-11-14T21:42:21-05:00;2020;No;No;11;21
200 FEET FROM U.S. HWY 64 EB;TWO-WAY,DIVIDED,UNPROTECTED MEDIAN;DARK - LIGHTED ROADWAY;CLEAR;0;0;;NO CONTROL PRESENT;PASSENGER CAR;PASSENGER CAR;VAN;PICKUP;;2020-11-16T17:32:02-05:00;2020;No;No;11;17
.2 MILES FROM NC 55 HWY;TWO-WAY,DIVIDED,UNPROTECTED MEDIAN;DARK - LIGHTED ROADWAY;CLOUDY;0;0;;STOP AND GO SIGNAL;PASSENGER CAR;SPORT UTILITY;NONE;NONE;;2020-11-16T18:33:08-05:00;2020;No;No;11;18
CARY;TWO-WAY,DIVIDED,UNPROTECTED MEDIAN;DAYLIGHT;CLEAR;0;0;;STOP AND GO SIGNAL;PASSENGER CAR;PICKUP;NONE;NONE;;2020-11-18T13:50:10-05:00;2020;No;No;11;13
50 FEET FROM SR 1300 (KILDAIRE FARM RD);TWO-WAY,DIVIDED,UNPROTECTED MEDIAN;DAYLIGHT;CLEAR;0;0;;NO CONTROL PRESENT;LIGHT TRUCK (MINI-VAN- PANEL);PASSENGER CAR;NONE;NONE;;2020-11-17T12:32:00-05:00;2020;No;No;11;12
400 FEET FROM FACULTY AV;TWO-WAY,NOT DIVIDED;DAYLIGHT;CLEAR;0;0;;NO CONTROL PRESENT;PASSENGER CAR;SPORT UTILITY;NONE;NONE;;2020-11-17T16:06:35-05:00;2020;No;No;11;16
0 MILES FROM PVA (1205 NE MAYNARD RD);TWO-WAY,NOT DIVIDED;DAYLIGHT;CLEAR;0;0;;NO CONTROL PRESENT;PASSENGER CAR;SPORT UTILITY;NONE;NONE;;2020-11-13T06:32:35-05:00;2020;No;No;11;06
.2 MILES FROM P.V.A. 1414 TARBERT DR;TWO-WAY,NOT DIVIDED;DAYLIGHT;CLEAR;0;0;;NO CONTROL PRESENT;PICKUP;NONE;NONE;NONE;;2020-11-19T12:58:00-05:00;2020;No;No;11;12
.2 MILES FROM NC.S.R. 1415 (NE MAYNARD RD);TWO-WAY,DIVIDED,POSITIVE MEDIAN BARRIER;DAYLIGHT;CLEAR;0;0;;STOP AND GO SIGNAL;SPORT UTILITY;PASSENGER CAR;NONE;NONE;;2020-11-20T13:22:18-05:00;2020;No;No;11;13
200 FEET FROM SR 1313 (WALNUT ST);TWO-WAY,NOT DIVIDED;DAYLIGHT;CLEAR;0;0;;NO CONTROL PRESENT;PICKUP;SPORT UTILITY;NONE;NONE;;2020-11-19T15:31:59-05:00;2020;No;No;11;15
.10 MILES FROM SR 3977 (SE CARY PKWY);TWO-WAY,NOT DIVIDED;DAYLIGHT;CLEAR;0;0;;NO CONTROL PRESENT;PASSENGER CAR;PASSENGER CAR;NONE;NONE;;2020-11-20T17:25:32-05:00;2020;No;No;11;17
300 FEET FROM P.V.A. (275 CONVENTION DR);TWO-WAY,NOT DIVIDED;DAYLIGHT;CLEAR;0;0;;NO CONTROL PRESENT;SPORT UTILITY;SPORT UTILITY;NONE;NONE;;2020-11-21T12:33:00-05:00;2020;No;No;11;12
75 FEET FROM BATHGATE DR;TWO-WAY,NOT DIVIDED;DARK - LIGHTED ROADWAY;CLEAR;0;0;;NO CONTROL PRESENT;SPORT UTILITY;PASSENGER CAR;NONE;NONE;;2020-11-22T23:33:00-05:00;2020;No;No;11;23
300 FEET FROM NC 55 HWY;TWO-WAY,DIVIDED,UNPROTECTED MEDIAN;DAYLIGHT;CLEAR;0;0;;NO CONTROL PRESENT;PASSENGER CAR;NONE;NONE;NONE;;2020-11-22T09:53:31-05:00;2020;No;No;11;09
200 FEET FROM SR 1009 (TRYON RD);TWO-WAY,DIVIDED,UNPROTECTED MEDIAN;DAYLIGHT;CLEAR;0;0;;STOP AND GO SIGNAL;PASSENGER CAR;PASSENGER CAR;NONE;NONE;;2020-11-23T16:48:10-05:00;2020;No;No;11;16
CARY;TWO-WAY,NOT DIVIDED;DUSK;CLEAR;0;4;;STOP AND GO SIGNAL;PASSENGER CAR;PASSENGER CAR;NONE;NONE;;2020-11-23T21:49:45-05:00;2020;No;Yes;11;21
.1 MILES FROM P.V.A. 2350 WALNUT ST (KOHLS);ONE-WAY,NOT DIVIDED;DARK - LIGHTED ROADWAY;CLEAR;0;0;;STOP SIGN;SPORT UTILITY;PASSENGER CAR;NONE;NONE;;2020-11-23T20:46:27-05:00;2020;No;No;11;20
250 FEET FROM SR 1387 (WEST LAKE RD.);TWO-WAY,NOT DIVIDED;DARK - ROADWAY NOT LIGHTED;CLOUDY;0;0;;NO CONTROL PRESENT;PASSENGER CAR;NONE;NONE;NONE;;2020-11-25T17:29:33-05:00;2020;No;No;11;17
1.25 MILES FROM US 1 NB;TWO-WAY,DIVIDED,POSITIVE MEDIAN BARRIER;DARK - ROADWAY NOT LIGHTED;CLEAR;0;0;;NO CONTROL PRESENT;PASSENGER CAR;PASSENGER CAR;NONE;NONE;;2020-11-25T18:05:27-05:00;2020;No;No;11;18
0 FEET FROM NC 54 (NW MAYNARD RD);TWO-WAY,NOT DIVIDED;DARK - LIGHTED ROADWAY;CLEAR;0;3;;STOP AND GO SIGNAL;SPORT UTILITY;SPORT UTILITY;NONE;NONE;;2020-11-27T19:10:24-05:00;2020;No;Yes;11;19
300 FEET FROM PVA 1105 WALNUT ST;TWO-WAY,NOT DIVIDED;DAYLIGHT;CLEAR;0;0;;NO CONTROL PRESENT;PASSENGER CAR;SPORT UTILITY;NONE;NONE;;2020-11-27T10:22:00-05:00;2020;No;No;11;10
100 FEET FROM PVA (8745 HOLLY SPRINGS RD.;TWO-WAY,NOT DIVIDED;DAYLIGHT;CLEAR;0;0;;NO CONTROL PRESENT;PASSENGER CAR;PASSENGER CAR;NONE;NONE;;2020-11-27T16:52:43-05:00;2020;No;No;11;16
CARY;TWO-WAY,DIVIDED,UNPROTECTED MEDIAN;DARK - LIGHTED ROADWAY;CLEAR;0;2;;STOP AND GO SIGNAL;SPORT UTILITY;SPORT UTILITY;NONE;NONE;;2020-11-28T23:28:00-05:00;2020;No;Yes;11;23
200 FEET FROM SR 1423 (PINEY PLAINS RD);TWO-WAY,NOT DIVIDED;DARK - ROADWAY NOT LIGHTED;CLEAR;0;0;;NO CONTROL PRESENT;PASSENGER CAR;NONE;NONE;NONE;;2020-11-29T07:36:44-05:00;2020;No;No;11;07
.25 MILES FROM US 1 HWY N;TWO-WAY,NOT DIVIDED;DARK - LIGHTED ROADWAY;CLEAR;0;0;;NO CONTROL PRESENT;VAN;VAN;NONE;NONE;;2020-11-27T18:51:47-05:00;2020;No;No;11;18
50 FEET FROM PVA (101 REED ST);TWO-WAY,NOT DIVIDED;DARK - LIGHTED ROADWAY;CLEAR;0;0;;NO CONTROL PRESENT;PASSENGER CAR;PASSENGER CAR;NONE;NONE;;2020-11-26T23:13:00-05:00;2020;No;No;11;23
200 FEET FROM S.R.1009 (TRYON RD);TWO-WAY,DIVIDED,UNPROTECTED MEDIAN;DARK - LIGHTED ROADWAY;CLEAR;0;0;DARTING;NO CONTROL PRESENT;PASSENGER CAR;NONE;NONE;NONE;;2020-12-02T18:09:00-05:00;2020;No;No;12;18