Location_Description;Road_Configuration;Light_Condition;Weather;Fatality;Injury;Contributing_Factor;Traffic_Control;Vehicle1;Vehicle2;Vehicle3;Vehicle4;Vehicle5;Crash_Date;year;Fatalities;Injuries;Month;Hour
6 FEET FROM CARY TOWNE BLVD;TWO-WAY,DIVIDED,POSITIVE MEDIAN BARRIER;DARK - LIGHTED ROADWAY;CLEAR;0;0;DARTING;STOP AND GO SIGNAL;PASSENGER CAR;NONE;NONE;NONE;;2021-02-02T08:34:42-05:00;2021;No;No;2;08
50 FEET FROM SR1613 (DAVIS DR);TWO-WAY,DIVIDED,UNPROTECTED MEDIAN;DAYLIGHT;CLEAR;0;0;;STOP AND GO SIGNAL;SPORT UTILITY;PASSENGER CAR;NONE;NONE;;2021-02-02T18:08:02-05:00;2021;No;No;2;18
0 FEET FROM S.R. 1009 (TRYON RD);TWO-WAY,DIVIDED,UNPROTECTED MEDIAN;DAYLIGHT;CLEAR;0;3;;STOP AND GO SIGNAL;PASSENGER CAR;PASSENGER CAR;PASSENGER CAR;NONE;;2021-02-06T14:46:37-05:00;2021;No;Yes;2;14
150 FEET FROM SR 1615 (HIGH HOUSE);TWO-WAY,DIVIDED,POSITIVE MEDIAN BARRIER;DARK - LIGHTED ROADWAY;CLEAR;0;0;COMING FROM BEHIND PARKED VEHICLE,COMING FROM BEHIND PARKED VEHICLE;NO CONTROL PRESENT;PASSENGER CAR;NONE;NONE;NONE;;2021-02-08T06:31:27-05:00;2021;No;No;2;06
270 FEET FROM P.V.A. (340 CROSSROADS BLVD);TWO-WAY,NOT DIVIDED;DAYLIGHT;CLEAR;0;0;;NO CONTROL PRESENT;PASSENGER CAR;SPORT UTILITY;NONE;NONE;;2021-02-08T16:31:41-05:00;2021;No;No;2;16
CARY;TWO-WAY,DIVIDED,UNPROTECTED MEDIAN;DAYLIGHT;CLEAR;0;0;;STOP SIGN;PICKUP;SPORT UTILITY;NONE;NONE;;2021-02-09T15:39:28-05:00;2021;No;No;2;15
CARY;TWO-WAY,NOT DIVIDED;DAYLIGHT;CLEAR;0;0;;NO CONTROL PRESENT;SPORT UTILITY;SPORT UTILITY;NONE;NONE;;2021-02-09T14:49:43-05:00;2021;No;No;2;14
1.4 MILES FROM US HWY 1 OFF RAMP;ONE-WAY,NOT DIVIDED;DAYLIGHT;CLOUDY;0;0;;STOP AND GO SIGNAL;PASSENGER CAR;PICKUP;NONE;NONE;;2021-02-10T11:36:00-05:00;2021;No;No;2;11
CARY;TWO-WAY,DIVIDED,UNPROTECTED MEDIAN;DAYLIGHT;RAIN;0;0;;STOP SIGN;PASSENGER CAR;SPORT UTILITY;NONE;NONE;;2021-02-11T13:20:24-05:00;2021;No;No;2;13
.17 MILES FROM US 64;TWO-WAY,DIVIDED,POSITIVE MEDIAN BARRIER;DAYLIGHT;CLEAR;0;0;;STOP AND GO SIGNAL;PASSENGER CAR;PASSENGER CAR;NONE;NONE;;2021-02-10T18:52:40-05:00;2021;No;No;2;18
300 FEET FROM SR 1313 (WALNUT ST);TWO-WAY,DIVIDED,UNPROTECTED MEDIAN;DAYLIGHT;RAIN;0;1;;STOP AND GO SIGNAL;PASSENGER CAR;SPORT UTILITY;NONE;NONE;;2021-02-12T11:11:00-05:00;2021;No;Yes;2;11
50 FEET FROM PVA 1101 WALNUT ST;TWO-WAY,NOT DIVIDED;DAYLIGHT;RAIN;0;0;;NO CONTROL PRESENT;PICKUP;PASSENGER CAR;NONE;NONE;;2021-02-11T15:14:11-05:00;2021;No;No;2;15
CARY;TWO-WAY,DIVIDED,POSITIVE MEDIAN BARRIER;DAYLIGHT;RAIN;0;0;;STOP AND GO SIGNAL;PASSENGER CAR;SPORT UTILITY;NONE;NONE;;2021-02-12T16:04:51-05:00;2021;No;No;2;16
20 FEET FROM NC 54 (NE MAYNARD RD);TWO-WAY,DIVIDED,UNPROTECTED MEDIAN;DARK - LIGHTED ROADWAY;RAIN;0;1;;STOP AND GO SIGNAL;VAN;PASSENGER CAR;NONE;NONE;;2021-02-12T19:31:51-05:00;2021;No;Yes;2;19
200 FEET FROM P.V.A. 1225 KILDAIRE FARM RD;TWO-WAY,NOT DIVIDED;DAYLIGHT;RAIN;0;0;;NO CONTROL PRESENT;PASSENGER CAR;PASSENGER CAR;NONE;NONE;;2021-02-14T18:51:13-05:00;2021;No;No;2;18
100 FEET FROM P.V.A 3460 TEN TEN RD;TWO-WAY,NOT DIVIDED;DAYLIGHT;CLEAR;0;0;;STOP SIGN;PASSENGER CAR;PICKUP;NONE;NONE;;2021-02-08T15:35:41-05:00;2021;No;No;2;15
CARY;TWO-WAY,DIVIDED,UNPROTECTED MEDIAN;DUSK;RAIN;0;0;;STOP SIGN;PASSENGER CAR;PASSENGER CAR;NONE;NONE;;2021-02-14T16:12:46-05:00;2021;No;No;2;16
170 FEET FROM P.V.A. (401 KITTY HAWK DR);TWO-WAY,NOT DIVIDED;DAYLIGHT;CLEAR;0;0;;NO CONTROL PRESENT;VAN;NONE;NONE;NONE;;2021-02-15T11:54:00-05:00;2021;No;No;2;11
65 FEET FROM NW CARY PKWY;TWO-WAY,DIVIDED,UNPROTECTED MEDIAN;DAYLIGHT;CLEAR;0;0;;NO CONTROL PRESENT;PICKUP;NONE;NONE;NONE;;2021-02-08T07:47:41-05:00;2021;No;No;2;07
250 FEET FROM S.R. 1415 (SE MAYNARD RD);TWO-WAY,NOT DIVIDED;DARK - LIGHTED ROADWAY;SLEET, HAIL, FREEZING RAIN/DRIZZLE;0;0;COMING FROM BEHIND PARKED VEHICLE;NO CONTROL PRESENT;PASSENGER CAR;PICKUP;NONE;NONE;;2021-02-14T19:02:50-05:00;2021;No;No;2;19
300 FEET FROM P.V.A. HASTINGS PL;TWO-WAY,NOT DIVIDED;DUSK;RAIN;0;0;;NO CONTROL PRESENT;PASSENGER CAR;PASSENGER CAR;NONE;NONE;;2021-02-15T16:52:18-05:00;2021;No;No;2;16
75 FEET FROM SR1617 (CARPENTER UPCHURCH RD);TWO-WAY,NOT DIVIDED;DAYLIGHT;CLOUDY;0;0;;NO CONTROL PRESENT;SPORT UTILITY;PICKUP;NONE;NONE;;2021-02-16T07:56:58-05:00;2021;No;No;2;07
CARY;TWO-WAY,NOT DIVIDED;DAYLIGHT;CLEAR;0;0;;NO CONTROL PRESENT;PASSENGER CAR;PASSENGER CAR;NONE;NONE;;2021-02-17T08:57:18-05:00;2021;No;No;2;08
.2 MILES FROM S.R. 1002 (AVIATION PKWY);TWO-WAY,NOT DIVIDED;DAYLIGHT;CLEAR;0;0;;NO CONTROL PRESENT;PICKUP;VAN;PICKUP;NONE;;2021-02-16T15:47:10-05:00;2021;No;No;2;15
50 FEET FROM SR 1011 (W CHATHAM ST);NONE;NONE;NONE;0;0;;;NONE;NONE;NONE;NONE;;2021-02-17T21:03:49-05:00;2021;No;No;2;21
30 FEET FROM SR 3977 (SW CARY PKWY);TWO-WAY,DIVIDED,UNPROTECTED MEDIAN;DARK - LIGHTED ROADWAY;CLEAR;0;0;;NO CONTROL PRESENT;PASSENGER CAR;NONE;NONE;NONE;;2021-02-18T00:10:00-05:00;2021;No;No;2;00
.12 MILES FROM SE CARY PKWY 3977;TWO-WAY,DIVIDED,UNPROTECTED MEDIAN;DAYLIGHT;CLEAR;0;0;;FLASHING STOP AND GO SIGNAL;FIRETRUCK;PASSENGER CAR;NONE;NONE;;2021-02-16T18:01:55-05:00;2021;No;No;2;18
0 FEET FROM SR 1009 (TRYON RD);TWO-WAY,DIVIDED,UNPROTECTED MEDIAN;DAYLIGHT;RAIN;0;1;;STOP AND GO SIGNAL;PASSENGER CAR;PASSENGER CAR;NONE;NONE;;2021-02-18T15:00:57-05:00;2021;No;Yes;2;15
50 FEET FROM PVA OF 1105 N HARRISON AV;TWO-WAY,NOT DIVIDED;DAYLIGHT;RAIN;0;0;;NO CONTROL PRESENT;SPORT UTILITY;PASSENGER CAR;NONE;NONE;;2021-02-18T20:26:21-05:00;2021;No;No;2;20
0.24 MILES FROM CROSSROADS BLVD;NONE;NONE;NONE;0;0;;;SPORT UTILITY;NONE;NONE;NONE;;2021-02-20T19:25:44-05:00;2021;No;No;2;19
0 FEET FROM SR 3977 (SW CARY PKWY);TWO-WAY,DIVIDED,UNPROTECTED MEDIAN;DARK - LIGHTED ROADWAY;CLEAR;0;1;;STOP SIGN;PASSENGER CAR;PASSENGER CAR;NONE;NONE;;2021-02-20T21:52:42-05:00;2021;No;Yes;2;21
254 FEET FROM P.V.A 1104 LEDSOME LN;TWO-WAY,NOT DIVIDED;DAYLIGHT;CLEAR;0;0;;NO CONTROL PRESENT;SPORT UTILITY;PASSENGER CAR;NONE;NONE;;2021-02-21T16:20:46-05:00;2021;No;No;2;16
0.11 MILES FROM SR 1415 (SW MAYNARD RD);TWO-WAY,DIVIDED,UNPROTECTED MEDIAN;DAYLIGHT;CLEAR;0;0;;NO CONTROL PRESENT;PASSENGER CAR;NONE;NONE;NONE;;2021-02-16T10:59:00-05:00;2021;No;No;2;10
195 FEET FROM SR1300 (KILDAIRE FARM RD);TWO-WAY,NOT DIVIDED;DAYLIGHT;CLEAR;0;0;;STOP AND GO SIGNAL;PICKUP;SPORT UTILITY;NONE;NONE;;2021-02-21T14:32:38-05:00;2021;No;No;2;14
20 FEET FROM OLD BELLOWS CT;TWO-WAY,NOT DIVIDED;DAYLIGHT;CLEAR;0;0;;STOP SIGN;PASSENGER CAR;NONE;NONE;NONE;;2021-02-17T11:01:00-05:00;2021;No;No;2;11
200 FEET FROM SR 1313 (WALNUT ST);TWO-WAY,DIVIDED,UNPROTECTED MEDIAN;DAYLIGHT;CLEAR;0;0;;NO CONTROL PRESENT;PASSENGER CAR;PASSENGER CAR;NONE;NONE;;2021-02-23T12:34:00-05:00;2021;No;No;2;12
.1 MILES FROM P.V.A. (2468 WALNUT ST);TWO-WAY,NOT DIVIDED;DAYLIGHT;CLEAR;0;0;;NO CONTROL PRESENT;PASSENGER CAR;PASSENGER CAR;NONE;NONE;;2021-02-24T13:42:50-05:00;2021;No;No;2;13
.21 MILES FROM PVA 2400 AUTO PARK BLVD;TWO-WAY,NOT DIVIDED;NONE;CLEAR;0;0;;NO CONTROL PRESENT;PASSENGER CAR;PICKUP;NONE;NONE;;2021-02-19T18:22:17-05:00;2021;No;No;2;18
.1 MILES FROM PVA OF 681 CARY TOWNE BLVD;TWO-WAY,NOT DIVIDED;DAYLIGHT;CLEAR;0;0;;NO CONTROL PRESENT;PASSENGER CAR;PASSENGER CAR;NONE;NONE;;2021-02-24T18:04:32-05:00;2021;No;No;2;18
350 FEET FROM SR 1009 (TRYON RD);TWO-WAY,DIVIDED,UNPROTECTED MEDIAN;DAYLIGHT;CLEAR;0;0;;STOP AND GO SIGNAL;PASSENGER CAR;PASSENGER CAR;NONE;NONE;;2021-02-24T17:00:10-05:00;2021;No;No;2;17
.1 MILES FROM P.V.A. (3100 REXFORD LN);TWO-WAY,NOT DIVIDED;DAYLIGHT;CLEAR;0;0;;NO CONTROL PRESENT;PASSENGER CAR;NONE;NONE;NONE;;2021-02-25T10:27:00-05:00;2021;No;No;2;10
350 FEET FROM US 1;TWO-WAY,DIVIDED,POSITIVE MEDIAN BARRIER;DARK - LIGHTED ROADWAY;RAIN;0;1;;NO CONTROL PRESENT;PASSENGER CAR;NONE;NONE;NONE;;2021-02-18T05:47:10-05:00;2021;No;Yes;2;05
CARY;TWO-WAY,DIVIDED,UNPROTECTED MEDIAN;DAYLIGHT;CLEAR;0;0;;STOP AND GO SIGNAL;SPORT UTILITY;PASSENGER CAR;NONE;NONE;;2021-02-25T14:18:14-05:00;2021;No;No;2;14
0 FEET FROM S HARRISON AV;TWO-WAY,NOT DIVIDED;DAYLIGHT;CLEAR;0;1;;STOP AND GO SIGNAL;PASSENGER CAR;PASSENGER CAR;NONE;NONE;;2021-02-24T13:02:50-05:00;2021;No;Yes;2;13
CARY;TWO-WAY,DIVIDED,UNPROTECTED MEDIAN;DAYLIGHT;CLOUDY;0;0;;STOP AND GO SIGNAL;PASSENGER CAR;PASSENGER CAR;NONE;NONE;;2021-02-27T11:14:00-05:00;2021;No;No;2;11
0.2 MILES FROM US 1 HWY;TWO-WAY,DIVIDED,POSITIVE MEDIAN BARRIER;DAYLIGHT;CLOUDY;0;0;;NO CONTROL PRESENT;SPORT UTILITY;PASSENGER CAR;NONE;NONE;;2021-02-26T09:35:19-05:00;2021;No;No;2;09
50 FEET FROM P.V.A. (7307 TRYON RD);TWO-WAY,NOT DIVIDED;DAYLIGHT;CLEAR;0;0;;NO CONTROL PRESENT;PASSENGER CAR;PASSENGER CAR;NONE;NONE;;2021-02-27T12:25:00-05:00;2021;No;No;2;12
25 FEET FROM SR 1415 (SE MAYNARD RD);TWO-WAY,NOT DIVIDED;DAYLIGHT;CLEAR;0;1;;NO CONTROL PRESENT;PASSENGER CAR;PICKUP;NONE;NONE;;2021-02-27T16:52:31-05:00;2021;No;Yes;2;16
100 FEET FROM SR 1313 (WALNUT ST);TWO-WAY,DIVIDED,POSITIVE MEDIAN BARRIER;DAYLIGHT;CLEAR;0;0;;STOP AND GO SIGNAL;PASSENGER CAR;PASSENGER CAR;NONE;NONE;;2021-02-27T13:02:00-05:00;2021;No;No;2;13
175 FEET FROM SR3081 (CHAPEL HILL RD);TWO-WAY,NOT DIVIDED;DAYLIGHT;CLEAR;0;1;;NO CONTROL PRESENT;VAN;PASSENGER CAR;NONE;NONE;;2021-02-27T18:00:50-05:00;2021;No;Yes;2;18
200 FEET FROM SR 1625(GREEN LEVEL CHURCH RD);TWO-WAY,DIVIDED,UNPROTECTED MEDIAN;DAYLIGHT;CLEAR;0;0;;NO CONTROL PRESENT;PASSENGER CAR;NONE;NONE;NONE;;2021-02-28T12:21:00-05:00;2021;No;No;2;12
100 FEET FROM P.V.A. 2100 AUTOPARK BLVD;TWO-WAY,NOT DIVIDED;DARK - LIGHTED ROADWAY;CLEAR;0;0;;NO CONTROL PRESENT;PASSENGER CAR;PASSENGER CAR;NONE;NONE;;2021-02-28T21:41:27-05:00;2021;No;No;2;21
0 FEET FROM SR 1415(SW MAYNARD RD);TWO-WAY,DIVIDED,UNPROTECTED MEDIAN;DAYLIGHT;CLEAR;0;0;;STOP AND GO SIGNAL;SPORT UTILITY;PICKUP;NONE;NONE;;2021-03-01T13:00:03-05:00;2021;No;No;3;13
.08 MILES FROM 2861 JONES FRANKLIN RD;TWO-WAY,NOT DIVIDED;DAYLIGHT;CLEAR;0;0;;NO CONTROL PRESENT;VAN;SPORT UTILITY;NONE;NONE;;2021-02-28T08:15:48-05:00;2021;No;No;2;08
425 FEET FROM CLAYFIRE DR;TWO-WAY,NOT DIVIDED;DAYLIGHT;CLEAR;0;0;;NO CONTROL PRESENT;NONE;NONE;NONE;NONE;;2021-03-02T10:53:00-05:00;2021;No;No;3;10
400 FEET FROM SR 1652 (N HARRISON AV);TWO-WAY,NOT DIVIDED;DAYLIGHT;CLOUDY;0;0;;NO CONTROL PRESENT;PASSENGER CAR;PASSENGER CAR;NONE;NONE;;2021-03-02T15:30:10-05:00;2021;No;No;3;15
.23 MILES FROM US 1 HWY N;TWO-WAY,DIVIDED,UNPROTECTED MEDIAN;DAYLIGHT;CLEAR;0;0;;NO CONTROL PRESENT;PASSENGER CAR;PASSENGER CAR;NONE;NONE;;2021-02-26T15:09:56-05:00;2021;No;No;2;15
0 FEET FROM SR 3081 (CHAPEL HILL RD);TWO-WAY,NOT DIVIDED;DAYLIGHT;CLEAR;0;0;;STOP SIGN;PASSENGER CAR;SPORT UTILITY;NONE;NONE;;2021-03-02T11:57:00-05:00;2021;No;No;3;11
400 FEET FROM SR 1415 (SE MAYNARD RD);TWO-WAY,NOT DIVIDED;DAYLIGHT;CLEAR;0;0;;NO CONTROL PRESENT;PASSENGER CAR;PASSENGER CAR;NONE;NONE;;2021-02-23T08:28:06-05:00;2021;No;No;2;08
CARY;TWO-WAY,DIVIDED,UNPROTECTED MEDIAN;DAYLIGHT;CLEAR;0;0;;STOP AND GO SIGNAL;PASSENGER CAR;SPORT UTILITY;NONE;NONE;;2021-03-03T16:24:58-05:00;2021;No;No;3;16
100 FEET FROM PVA 112 STARFLOWER CT;ONE-WAY,NOT DIVIDED;DAYLIGHT;CLEAR;0;0;;NO CONTROL PRESENT;PASSENGER CAR;PASSENGER CAR;NONE;NONE;;2021-02-26T14:05:36-05:00;2021;No;No;2;14
250 FEET FROM MADISON AV;TWO-WAY,NOT DIVIDED;DAYLIGHT;CLEAR;0;0;;NO CONTROL PRESENT;PASSENGER CAR;NONE;NONE;NONE;;2021-03-04T11:18:00-05:00;2021;No;No;3;11
430 FEET FROM P.V.A. (801 BASS PRO LN);TWO-WAY,NOT DIVIDED;DAYLIGHT;CLEAR;0;0;;STOP SIGN;SPORT UTILITY;VAN;NONE;NONE;;2021-03-04T07:48:22-05:00;2021;No;No;3;07
200 FEET FROM PVA OF 100 CENTREWEST CT;TWO-WAY,NOT DIVIDED;DAYLIGHT;CLEAR;0;0;;NO CONTROL PRESENT;NONE;NONE;NONE;NONE;;2021-03-05T14:19:22-05:00;2021;No;No;3;14
50 FEET FROM BASS PRO LN;TWO-WAY,DIVIDED,POSITIVE MEDIAN BARRIER;DARK - LIGHTED ROADWAY;CLEAR;0;0;;STOP AND GO SIGNAL;PASSENGER CAR;NONE;NONE;NONE;;2021-03-06T01:40:07-05:00;2021;No;No;3;01
50 FEET FROM P.V.A. NOTTINGHAM DR;TWO-WAY,NOT DIVIDED;DAYLIGHT;CLEAR;0;0;;NO CONTROL PRESENT;PASSENGER CAR;PASSENGER CAR;NONE;NONE;;2021-03-06T12:00:00-05:00;2021;No;No;3;12
.25 MILES FROM PVA 7129 OKELLY CHAPEL RD;TWO-WAY,NOT DIVIDED;DAYLIGHT;CLEAR;0;0;;;PASSENGER CAR;SPORT UTILITY;NONE;NONE;;2021-03-06T10:51:00-05:00;2021;No;No;3;10
.5 MILES FROM US 1 SB;TWO-WAY,DIVIDED,POSITIVE MEDIAN BARRIER;DAYLIGHT;CLEAR;0;0;INATTENTIVE (TALKING,EATING,ETC.);NO CONTROL PRESENT;SINGLE UNIT TRUCK (2-AXLE- 6-TIRE);PASSENGER CAR;NONE;NONE;;2021-03-08T11:02:00-05:00;2021;No;No;3;11
223 FEET FROM SR 3081 (CHAPEL HILL RD);TWO-WAY,DIVIDED,UNPROTECTED MEDIAN;DAYLIGHT;CLEAR;0;0;;STOP AND GO SIGNAL;PASSENGER CAR;PASSENGER CAR;NONE;NONE;;2021-03-07T17:24:42-05:00;2021;No;No;3;17
CARY;TWO-WAY,NOT DIVIDED;DAYLIGHT;CLEAR;0;0;;STOP AND GO SIGNAL;PICKUP;PASSENGER CAR;NONE;NONE;;2021-03-08T14:50:51-05:00;2021;No;No;3;14
0.1 MILES FROM PVA (1298 BUCK JONES ROAD);TWO-WAY,NOT DIVIDED;DARK - LIGHTED ROADWAY;CLEAR;0;0;;NO CONTROL PRESENT;PICKUP;PASSENGER CAR;NONE;NONE;;2021-03-10T20:01:26-05:00;2021;No;No;3;20
75 FEET FROM BRANNIFF DR;TWO-WAY,NOT DIVIDED;DAYLIGHT;CLEAR;0;0;;NO CONTROL PRESENT;PASSENGER CAR;PASSENGER CAR;NONE;NONE;;2021-03-10T18:18:26-05:00;2021;No;No;3;18
CARY;TWO-WAY,DIVIDED,UNPROTECTED MEDIAN;DUSK;CLEAR;0;1;;STOP AND GO SIGNAL;PASSENGER CAR;SPORT UTILITY;NONE;NONE;;2021-03-10T18:39:32-05:00;2021;No;Yes;3;18
400 FEET FROM SR 1300 (KILDAIRE FARM RD);TWO-WAY,DIVIDED,UNPROTECTED MEDIAN;DAYLIGHT;CLEAR;0;0;;NO CONTROL PRESENT;PASSENGER CAR;NONE;NONE;NONE;;2021-03-13T08:13:12-05:00;2021;No;No;3;08
CARY;TWO-WAY,NOT DIVIDED;DAYLIGHT;CLEAR;0;1;;STOP AND GO SIGNAL;PASSENGER CAR;PASSENGER CAR;NONE;NONE;;2021-03-15T11:59:00-04:00;2021;No;Yes;3;11
.2 MILES FROM US 64 HWY;TWO-WAY,DIVIDED,UNPROTECTED MEDIAN;DAYLIGHT;CLEAR;0;0;;NO CONTROL PRESENT;PASSENGER CAR;PASSENGER CAR;NONE;NONE;;2021-03-15T17:40:08-04:00;2021;No;No;3;17
75 FEET FROM P.V.A. (7000 CITADEL CREEK LN);TWO-WAY,NOT DIVIDED;DAYLIGHT;RAIN;0;0;;NO CONTROL PRESENT;NONE;PASSENGER CAR;NONE;NONE;;2021-03-16T21:22:19-04:00;2021;No;No;3;21
50 FEET FROM P.V.A. 3701 NW CARY PKWY;TWO-WAY,NOT DIVIDED;DAYLIGHT;CLEAR;0;0;;NO CONTROL PRESENT;SPORT UTILITY;PASSENGER CAR;NONE;NONE;;2021-03-17T12:18:00-04:00;2021;No;No;3;12
CARY;TWO-WAY,DIVIDED,UNPROTECTED MEDIAN;DARK - LIGHTED ROADWAY;CLEAR;0;1;;STOP AND GO SIGNAL;PASSENGER CAR;PASSENGER CAR;NONE;NONE;;2021-03-17T21:29:37-04:00;2021;No;Yes;3;21
150 FEET FROM P.V.A. (930 HIGH HOUSE RD);TWO-WAY,NOT DIVIDED;DARK - LIGHTED ROADWAY;RAIN;0;1;;NO CONTROL PRESENT;SPORT UTILITY;NONE;NONE;NONE;;2021-03-16T07:11:08-04:00;2021;No;Yes;3;07
200 FEET FROM NC 55 HWY;TWO-WAY,DIVIDED,UNPROTECTED MEDIAN;DAYLIGHT;RAIN;0;0;;NO CONTROL PRESENT;SPORT UTILITY;NONE;NONE;NONE;;2021-03-18T08:49:14-04:00;2021;No;No;3;08
10 FEET FROM NC.S.R 5808(880 E CHATHAM ST);TWO-WAY,NOT DIVIDED;DAYLIGHT;RAIN;0;0;;NO CONTROL PRESENT;MOTOR HOME/RECREATIONAL VEHICLE;NONE;NONE;NONE;;2021-03-16T15:04:32-04:00;2021;No;No;3;15
200 FEET FROM SR 1600 (GREEN LEVEL CHURCH RD;TWO-WAY,DIVIDED,UNPROTECTED MEDIAN;DAYLIGHT;CLEAR;0;0;;NO CONTROL PRESENT;VAN;PASSENGER CAR;NONE;NONE;;2021-03-18T13:10:54-04:00;2021;No;No;3;13
CARY;ONE-WAY,NOT DIVIDED;DAYLIGHT;CLEAR;0;0;;STOP AND GO SIGNAL;SINGLE UNIT TRUCK (2-AXLE- 6-TIRE);PICKUP;NONE;NONE;;2021-03-19T10:50:00-04:00;2021;No;No;3;10
.14 MILES FROM P.V.A. KOHLS (2350 SR 1313);TWO-WAY,NOT DIVIDED;DAYLIGHT;CLOUDY;0;0;;NO CONTROL PRESENT;PASSENGER CAR;SPORT UTILITY;NONE;NONE;;2021-03-17T13:31:31-04:00;2021;No;No;3;13
.2 MILES FROM NC.S.R. 1313 (WALNUT ST);TWO-WAY,DIVIDED,UNPROTECTED MEDIAN;DAYLIGHT;CLEAR;0;0;;STOP SIGN;PASSENGER CAR;PASSENGER CAR;NONE;NONE;;2021-03-19T18:11:37-04:00;2021;No;No;3;18
75 FEET FROM SR1652(N HARRISON AV);NONE;NONE;NONE;0;0;;;NONE;NONE;NONE;NONE;;2021-03-08T21:01:13-05:00;2021;No;No;3;21
.09 MILES FROM S LAKE ST;TWO-WAY,NOT DIVIDED;DARK - LIGHTED ROADWAY;CLEAR;0;0;;NO CONTROL PRESENT;SPORT UTILITY;PASSENGER CAR;PASSENGER CAR;NONE;;2021-03-21T22:11:00-04:00;2021;No;No;3;22
0.13 MILES FROM S.R. 1497 (CARY TOWNE BLVD);TWO-WAY,DIVIDED,UNPROTECTED MEDIAN;DAYLIGHT;CLEAR;0;0;;NO CONTROL PRESENT;PASSENGER CAR;PASSENGER CAR;NONE;NONE;;2021-03-22T22:20:00-04:00;2021;No;No;3;22
300 FEET FROM E DYNASTY DR;TWO-WAY,NOT DIVIDED;DAYLIGHT;CLEAR;0;0;;NO CONTROL PRESENT;PICKUP;NONE;NONE;NONE;;2021-03-22T07:06:04-04:00;2021;No;No;3;07
10 FEET FROM S.R. 1415 (SE MAYNARD RD;TWO-WAY,NOT DIVIDED;DAYLIGHT;CLEAR;0;0;;STOP AND GO SIGNAL;PASSENGER CAR;NONE;NONE;NONE;;2021-03-22T16:42:53-04:00;2021;No;No;3;16
75 FEET FROM S.R.1300 (KILDAIRE FARM RD);TWO-WAY,DIVIDED,UNPROTECTED MEDIAN;DAYLIGHT;CLOUDY;0;0;;STOP AND GO SIGNAL;SPORT UTILITY;SPORT UTILITY;NONE;NONE;;2021-03-23T08:14:58-04:00;2021;No;No;3;08
.1 MILES FROM CROSSROADS BLVD;TWO-WAY,DIVIDED,UNPROTECTED MEDIAN;DAYLIGHT;CLEAR;0;0;;STOP SIGN;PASSENGER CAR;PASSENGER CAR;NONE;NONE;;2021-03-23T08:39:44-04:00;2021;No;No;3;08
.1 MILES FROM NC.S.R. 1497 (CARY TOWNE BLVD);TWO-WAY,DIVIDED,UNPROTECTED MEDIAN;DAYLIGHT;CLEAR;0;0;;STOP AND GO SIGNAL;PICKUP;PASSENGER CAR;NONE;NONE;;2021-03-24T16:59:28-04:00;2021;No;No;3;16
CARY;NONE;NONE;NONE;0;0;;;PASSENGER CAR;NONE;NONE;NONE;;2021-03-04T11:36:00-05:00;2021;No;No;3;11
CARY;TWO-WAY,NOT DIVIDED;DAYLIGHT;CLEAR;0;0;;STOP AND GO SIGNAL;SPORT UTILITY;SPORT UTILITY;NONE;NONE;;2021-03-25T09:22:33-04:00;2021;No;No;3;09
1.5 MILES FROM NC 55 HWY;TWO-WAY,DIVIDED,UNPROTECTED MEDIAN;DAYLIGHT;CLEAR;0;1;;NO CONTROL PRESENT;LIGHT TRUCK (MINI-VAN- PANEL);SPORT UTILITY;SPORT UTILITY;PASSENGER CAR;SPORT UTILITY;2021-03-26T22:28:00-04:00;2021;No;Yes;3;22
CARY;TWO-WAY,NOT DIVIDED;DARK - LIGHTED ROADWAY;CLEAR;0;0;;STOP AND GO SIGNAL;SPORT UTILITY;SPORT UTILITY;NONE;NONE;;2021-03-27T21:08:28-04:00;2021;No;No;3;21
1.5 MILES FROM U.S. ROUTE 1;TWO-WAY,DIVIDED,POSITIVE MEDIAN BARRIER;DARK - ROADWAY NOT LIGHTED;RAIN;0;0;;NO CONTROL PRESENT;PICKUP;NONE;NONE;NONE;;2021-03-28T06:09:19-04:00;2021;No;No;3;06
.5 MILES FROM US1 HWY NB;TWO-WAY,DIVIDED,POSITIVE MEDIAN BARRIER;DUSK;CLEAR;0;0;DARTING,FAILURE TO YIELD RIGHT OF WAY;NO CONTROL PRESENT;PASSENGER CAR;NONE;NONE;NONE;;2021-03-29T22:13:00-04:00;2021;No;No;3;22
CARY;NONE;NONE;NONE;0;0;;;NONE;NONE;NONE;NONE;;2021-03-10T00:00:00-05:00;2021;No;No;3;00
200 FEET FROM NC 55;TWO-WAY,DIVIDED,UNPROTECTED MEDIAN;DAYLIGHT;CLEAR;0;0;;NO CONTROL PRESENT;PASSENGER CAR;PICKUP;NONE;NONE;;2021-03-30T20:32:40-04:00;2021;No;No;3;20
CARY;TWO-WAY,DIVIDED,UNPROTECTED MEDIAN;DARK - LIGHTED ROADWAY;CLOUDY;0;1;;STOP SIGN;SPORT UTILITY;PASSENGER CAR;NONE;NONE;;2021-03-31T00:12:00-04:00;2021;No;Yes;3;00
CARY;ONE-WAY,NOT DIVIDED;DAYLIGHT;CLEAR;0;0;;STOP AND GO SIGNAL;PASSENGER CAR;PASSENGER CAR;NONE;NONE;;2021-03-31T08:51:41-04:00;2021;No;No;3;08
50 FEET FROM 6420 TRYON RD;ONE-WAY,NOT DIVIDED;DAYLIGHT;CLEAR;0;0;;NO CONTROL PRESENT;SPORT UTILITY;SPORT UTILITY;NONE;NONE;;2021-03-31T13:24:18-04:00;2021;No;No;3;13