Location_Description;Road_Configuration;Light_Condition;Weather;Fatality;Injury;Contributing_Factor;Traffic_Control;Vehicle1;Vehicle2;Vehicle3;Vehicle4;Vehicle5;Crash_Date;year;Fatalities;Injuries;Month;Hour
0 FEET FROM SR 1423 (PINEY PLAINS RD);TWO-WAY,NOT DIVIDED;DAYLIGHT;CLEAR;0;0;;STOP SIGN;PASSENGER CAR;PASSENGER CAR;NONE;NONE;;2021-03-30T17:49:51-04:00;2021;No;No;3;17
190 FEET FROM COLLIER PL;TWO-WAY,NOT DIVIDED;DAYLIGHT;CLEAR;0;0;;NO CONTROL PRESENT;PASSENGER CAR;PASSENGER CAR;PASSENGER CAR;PASSENGER CAR;;2021-04-02T11:03:00-04:00;2021;No;No;4;11
.01 MILES FROM P.V.A. 208 CROSSROADS BLVD;TWO-WAY,NOT DIVIDED;DAYLIGHT;CLEAR;0;0;;NO CONTROL PRESENT;PASSENGER CAR;SPORT UTILITY;NONE;NONE;;2021-04-03T17:36:52-04:00;2021;No;No;4;17
60 FEET FROM P.V.A. (204 CROSSROADS BLVD);TWO-WAY,NOT DIVIDED;DAYLIGHT;CLEAR;0;0;;STOP SIGN;PASSENGER CAR;SPORT UTILITY;NONE;NONE;;2021-04-05T15:35:15-04:00;2021;No;No;4;15
CARY;TWO-WAY,NOT DIVIDED;DAYLIGHT;CLEAR;0;0;;STOP SIGN;PASSENGER CAR;PASSENGER CAR;NONE;NONE;;2021-04-06T17:17:18-04:00;2021;No;No;4;17
36 FEET FROM SR 3060 (MORRISVILLE PKWY);TWO-WAY,DIVIDED,UNPROTECTED MEDIAN;DUSK;CLEAR;0;0;;STOP SIGN;PASSENGER CAR;PASSENGER CAR;NONE;NONE;;2021-04-06T19:40:41-04:00;2021;No;No;4;19
.1 MILES FROM P.V.A. (2333 WALNUT ST);TWO-WAY,NOT DIVIDED;DAYLIGHT;CLEAR;0;0;;NO CONTROL PRESENT;PASSENGER CAR;NONE;NONE;NONE;;2021-04-01T15:25:18-04:00;2021;No;No;4;15
290 FEET FROM PVA (434 CROSSROADS BLVD);TWO-WAY,NOT DIVIDED;NONE;CLEAR;0;0;;NO CONTROL PRESENT;NONE;PASSENGER CAR;NONE;NONE;;2021-04-07T10:38:00-04:00;2021;No;No;4;10
.96 MILES FROM PVA 1120 SR 3977 (CARY PKWY SE;TWO-WAY,NOT DIVIDED;DAYLIGHT;CLEAR;0;0;;NO CONTROL PRESENT;PASSENGER CAR;SPORT UTILITY;NONE;NONE;;2021-04-06T11:36:00-04:00;2021;No;No;4;11
CARY;TWO-WAY,DIVIDED,POSITIVE MEDIAN BARRIER;DAYLIGHT;CLEAR;0;1;;STOP AND GO SIGNAL;PICKUP;PASSENGER CAR;NONE;NONE;;2021-04-02T19:25:17-04:00;2021;No;Yes;4;19
CARY;TWO-WAY,DIVIDED,UNPROTECTED MEDIAN;DUSK;CLEAR;0;0;;STOP AND GO SIGNAL;SPORT UTILITY;PICKUP;PICKUP;NONE;;2021-04-06T19:04:19-04:00;2021;No;No;4;19
.01 MILES FROM WHISPER CREEK CT;TWO-WAY,NOT DIVIDED;DAYLIGHT;CLEAR;0;0;;NO CONTROL PRESENT;VAN;PASSENGER CAR;NONE;NONE;;2021-04-08T16:53:42-04:00;2021;No;No;4;16
.05 MILES FROM SR1716 (YATES STORE RD);TWO-WAY,DIVIDED,UNPROTECTED MEDIAN;DAYLIGHT;CLEAR;0;1;;STOP AND GO SIGNAL;PASSENGER CAR;PASSENGER CAR;PASSENGER CAR;NONE;;2021-04-07T19:17:15-04:00;2021;No;Yes;4;19
.1 MILES FROM CROSSROADS BLVD;TWO-WAY,DIVIDED,POSITIVE MEDIAN BARRIER;DAYLIGHT;CLOUDY;0;0;;STOP AND GO SIGNAL;PASSENGER CAR;PASSENGER CAR;NONE;NONE;;2021-04-10T16:46:56-04:00;2021;No;No;4;16
.10 MILES FROM S.R. 3799 (SE CARY PKWY);TWO-WAY,DIVIDED,UNPROTECTED MEDIAN;DAYLIGHT;CLEAR;0;0;;NO CONTROL PRESENT;SPORT UTILITY;SPORT UTILITY;NONE;NONE;;2021-04-10T11:08:00-04:00;2021;No;No;4;11
200 FEET FROM SR 1300 (KILDAIRE FARM RD);TWO-WAY,NOT DIVIDED;DAYLIGHT;CLEAR;0;0;;NO CONTROL PRESENT;PASSENGER CAR;PASSENGER CAR;NONE;NONE;;2021-04-12T12:35:00-04:00;2021;No;No;4;12
CARY;TWO-WAY,DIVIDED,UNPROTECTED MEDIAN;DAYLIGHT;CLEAR;0;0;;STOP SIGN;PASSENGER CAR;SPORT UTILITY;NONE;NONE;;2021-04-12T15:27:13-04:00;2021;No;No;4;15
CARY;TWO-WAY,DIVIDED,UNPROTECTED MEDIAN;DAYLIGHT;CLEAR;0;0;;STOP SIGN;PASSENGER CAR;SPORT UTILITY;NONE;NONE;;2021-04-12T15:03:41-04:00;2021;No;No;4;15
.35 MILES FROM US 1 HWY;TWO-WAY,DIVIDED,POSITIVE MEDIAN BARRIER;DAYLIGHT;CLEAR;0;0;;NO CONTROL PRESENT;PASSENGER CAR;PASSENGER CAR;NONE;NONE;;2021-04-13T15:43:38-04:00;2021;No;No;4;15
0 FEET FROM SR 1009 (TRYON RD);TWO-WAY,NOT DIVIDED;DAYLIGHT;CLEAR;0;1;;STOP AND GO SIGNAL;PASSENGER CAR;PASSENGER CAR;NONE;NONE;;2021-03-25T11:32:00-04:00;2021;No;Yes;3;11
300 FEET FROM KNIGHT AV;TWO-WAY,NOT DIVIDED;NONE;CLEAR;0;0;;NO CONTROL PRESENT;PICKUP;PASSENGER CAR;NONE;NONE;;2021-04-14T14:31:25-04:00;2021;No;No;4;14
25 FEET FROM PVA (1111 S.E. MAYNARD RD.);ONE-WAY,NOT DIVIDED;DAYLIGHT;CLEAR;0;0;;NO CONTROL PRESENT;SPORT UTILITY;NONE;NONE;NONE;;2021-04-12T08:41:20-04:00;2021;No;No;4;08
CARY;TWO-WAY,NOT DIVIDED;DARK - LIGHTED ROADWAY;CLEAR;0;1;;STOP AND GO SIGNAL;PASSENGER CAR;PASSENGER CAR;NONE;NONE;;2021-04-14T20:35:11-04:00;2021;No;Yes;4;20
200 FEET FROM US 1;TWO-WAY,DIVIDED,POSITIVE MEDIAN BARRIER;DAYLIGHT;CLEAR;0;0;;NO CONTROL PRESENT;PICKUP;PASSENGER CAR;NONE;NONE;;2021-04-16T19:54:51-04:00;2021;No;No;4;19
0 FEET FROM US-1 HWY;NONE;NONE;NONE;0;1;;;NONE;NONE;NONE;NONE;;2021-01-06T13:04:46-05:00;2021;No;Yes;1;13
296 FEET FROM E CEDAR ST;TWO-WAY,NOT DIVIDED;DARK - ROADWAY NOT LIGHTED;CLEAR;0;0;;NO CONTROL PRESENT;PASSENGER CAR;PASSENGER CAR;NONE;NONE;;2021-04-19T23:10:00-04:00;2021;No;No;4;23
0 FEET FROM N.C. 54 (CHAPEL HILL RD);TWO-WAY,NOT DIVIDED;DAYLIGHT;CLEAR;0;0;;NO CONTROL PRESENT;PASSENGER CAR;SPORT UTILITY;NONE;NONE;;2021-04-10T18:24:27-04:00;2021;No;No;4;18
.03 MILES FROM SR 3112 (NW CARY PKWY);TWO-WAY,DIVIDED,UNPROTECTED MEDIAN;DAYLIGHT;CLEAR;0;0;;NO CONTROL PRESENT;PASSENGER CAR;NONE;NONE;NONE;;2021-04-20T06:10:15-04:00;2021;No;No;4;06
CARY;TWO-WAY,DIVIDED,UNPROTECTED MEDIAN;DAYLIGHT;CLEAR;0;1;;STOP AND GO SIGNAL;NONE;PASSENGER CAR;NONE;NONE;;2021-04-20T17:52:47-04:00;2021;No;Yes;4;17
100 FEET FROM ADOBE PL;TWO-WAY,NOT DIVIDED;DAYLIGHT;CLEAR;0;0;FAILURE TO YIELD RIGHT OF WAY;NO CONTROL PRESENT;SINGLE UNIT TRUCK (2-AXLE- 6-TIRE);SPORT UTILITY;NONE;NONE;;2021-04-20T16:33:29-04:00;2021;No;No;4;16
75 FEET FROM 2727 LOUIS STEPHENS DR;ONE-WAY,NOT DIVIDED;DARK - LIGHTED ROADWAY;CLEAR;0;0;;NO CONTROL PRESENT;PASSENGER CAR;SPORT UTILITY;NONE;NONE;;2021-04-15T22:01:00-04:00;2021;No;No;4;22
225 FEET FROM P.V.A.(1815 WALNUT ST);ONE-WAY,NOT DIVIDED;DAYLIGHT;CLEAR;0;0;;NO CONTROL PRESENT;PASSENGER CAR;NONE;NONE;NONE;;2021-04-15T07:48:53-04:00;2021;No;No;4;07
490 FEET FROM SR 1635 (MCCRIMMON PKWY);TWO-WAY,DIVIDED,UNPROTECTED MEDIAN;DAYLIGHT;CLEAR;0;0;;STOP AND GO SIGNAL;VAN;PASSENGER CAR;NONE;NONE;;2021-04-20T15:55:55-04:00;2021;No;No;4;15
10 FEET FROM US 1 SOUTH;ONE-WAY,NOT DIVIDED;DAYLIGHT;CLEAR;0;0;;STOP AND GO SIGNAL;SPORT UTILITY;SPORT UTILITY;NONE;NONE;;2021-04-21T14:16:33-04:00;2021;No;No;4;14
100 FEET FROM US 64;TWO-WAY,DIVIDED,UNPROTECTED MEDIAN;DAYLIGHT;CLEAR;1;0;;NO CONTROL PRESENT;SPORT UTILITY;SPORT UTILITY;NONE;NONE;;2021-04-21T19:26:16-04:00;2021;Yes;No;4;19
50 FEET FROM SR 1010 (TEN TEN RD);TWO-WAY,NOT DIVIDED;DAYLIGHT;CLEAR;0;3;;STOP SIGN;PASSENGER CAR;PASSENGER CAR;PASSENGER CAR;PASSENGER CAR;;2021-04-22T09:12:26-04:00;2021;No;Yes;4;09
100 FEET FROM SR 1613 (DAVIS DR);TWO-WAY,NOT DIVIDED;DAYLIGHT;CLEAR;0;0;;STOP AND GO SIGNAL;SPORT UTILITY;PASSENGER CAR;NONE;NONE;;2021-04-22T07:51:25-04:00;2021;No;No;4;07
CARY;TWO-WAY,NOT DIVIDED;DAYLIGHT;CLOUDY;0;0;;STOP AND GO SIGNAL;PICKUP;NONE;NONE;NONE;;2021-04-24T13:09:04-04:00;2021;No;No;4;13
.01 MILES FROM P.V.A. 440 CROSSROADS BLVD);TWO-WAY,NOT DIVIDED;DAYLIGHT;CLEAR;0;0;;NO CONTROL PRESENT;SPORT UTILITY;PASSENGER CAR;NONE;NONE;;2021-04-18T11:39:00-04:00;2021;No;No;4;11
CARY;TWO-WAY,DIVIDED,UNPROTECTED MEDIAN;DAYLIGHT;CLEAR;0;0;;STOP AND GO SIGNAL;PICKUP;PASSENGER CAR;NONE;NONE;;2021-04-19T13:09:07-04:00;2021;No;No;4;13
CARY;TWO-WAY,DIVIDED,UNPROTECTED MEDIAN;DAYLIGHT;CLEAR;0;0;;STOP AND GO SIGNAL;PASSENGER CAR;PASSENGER CAR;NONE;NONE;;2021-04-19T19:12:10-04:00;2021;No;No;4;19
0 FEET FROM SR 1415 (SE MAYNARD RD);TWO-WAY,NOT DIVIDED;DAYLIGHT;CLEAR;0;2;;STOP AND GO SIGNAL;PICKUP;PICKUP;PASSENGER CAR;NONE;;2021-04-26T06:47:13-04:00;2021;No;Yes;4;06
CARY;TWO-WAY,NOT DIVIDED;DAYLIGHT;CLEAR;0;0;;STOP AND GO SIGNAL;SPORT UTILITY;SPORT UTILITY;NONE;NONE;;2021-04-26T08:12:39-04:00;2021;No;No;4;08
.1 MILES FROM S.R. 1726 (PETTY FARM RD);TWO-WAY,NOT DIVIDED;DARK - ROADWAY NOT LIGHTED;CLEAR;0;0;;NO CONTROL PRESENT;SPORT UTILITY;NONE;NONE;NONE;;2021-04-18T03:42:19-04:00;2021;No;No;4;03
198 FEET FROM 900 NE MAYNARD RD;TWO-WAY,NOT DIVIDED;DAYLIGHT;CLEAR;0;0;;NO CONTROL PRESENT;PASSENGER CAR;PASSENGER CAR;NONE;NONE;;2021-04-25T17:38:36-04:00;2021;No;No;4;17
100 FEET FROM P.V.A. 111 ADVENT CT;TWO-WAY,NOT DIVIDED;DAYLIGHT;CLEAR;0;0;;NO CONTROL PRESENT;VAN;PASSENGER CAR;NONE;NONE;;2021-04-17T18:43:09-04:00;2021;No;No;4;18
380 FEET FROM P.V.A. (1741 WALNUT ST);TWO-WAY,NOT DIVIDED;DAYLIGHT;CLEAR;0;0;;NO CONTROL PRESENT;PASSENGER CAR;PASSENGER CAR;NONE;NONE;;2021-04-18T18:42:31-04:00;2021;No;No;4;18
5 FEET FROM SR 3014 (MORRISVILLE CARPENTER;TWO-WAY,DIVIDED,POSITIVE MEDIAN BARRIER;DAYLIGHT;CLEAR;0;0;;STOP AND GO SIGNAL;VAN;SPORT UTILITY;NONE;NONE;;2021-04-19T16:55:23-04:00;2021;No;No;4;16
.1 MILES FROM US 1 HWY;TWO-WAY,DIVIDED,POSITIVE MEDIAN BARRIER;DAYLIGHT;CLEAR;0;0;;NO CONTROL PRESENT;PASSENGER CAR;PICKUP;PASSENGER CAR;NONE;;2021-04-27T07:46:40-04:00;2021;No;No;4;07
300 FEET FROM SR 1313 (WALNUT ST);TWO-WAY,DIVIDED,UNPROTECTED MEDIAN;DAYLIGHT;CLEAR;0;0;;FLASHING STOP AND GO SIGNAL;PASSENGER CAR;PASSENGER CAR;NONE;NONE;;2021-04-27T11:27:00-04:00;2021;No;No;4;11
300 FEET FROM US1 HWY NB;TWO-WAY,DIVIDED,POSITIVE MEDIAN BARRIER;DAYLIGHT;CLEAR;0;0;;NO CONTROL PRESENT;PASSENGER CAR;PASSENGER CAR;NONE;NONE;;2021-04-27T07:59:03-04:00;2021;No;No;4;07
400 FEET FROM 501 CAITBOO AV;TWO-WAY,NOT DIVIDED;DAYLIGHT;CLEAR;0;0;;NO CONTROL PRESENT;PASSENGER CAR;PASSENGER CAR;NONE;NONE;;2016-01-03T14:49:04-05:00;2016;No;No;1;14
20 FEET FROM SR 1011 (OLD APEX RD);TWO-WAY,NOT DIVIDED;DARK - LIGHTED ROADWAY;CLEAR;0;0;;FLASHING STOP AND GO SIGNAL;SPORT UTILITY;PASSENGER CAR;NONE;NONE;;2016-01-01T17:33:35-05:00;2016;No;No;1;17
20 FEET FROM NC 54 HWY (CHAPEL HILL RD);TWO-WAY,DIVIDED,UNPROTECTED MEDIAN;DAYLIGHT;CLEAR;0;0;;STOP AND GO SIGNAL;SPORT UTILITY;PASSENGER CAR;NONE;NONE;;2016-01-02T11:37:00-05:00;2016;No;No;1;11
100 FEET FROM SR1010(TEN TEN RD);ONE-WAY,NOT DIVIDED;DAYLIGHT;CLEAR;0;0;;STOP AND GO SIGNAL;SPORT UTILITY;PASSENGER CAR;NONE;NONE;;2016-01-02T13:49:46-05:00;2016;No;No;1;13
CARY;TWO-WAY,NOT DIVIDED;DAYLIGHT;CLEAR;0;1;;STOP AND GO SIGNAL;PICKUP;PASSENGER CAR;NONE;NONE;;2016-01-03T15:38:13-05:00;2016;No;Yes;1;15
0 FEET FROM SR3060 (MORRISVILLE PKWY);TWO-WAY,DIVIDED,UNPROTECTED MEDIAN;DARK - ROADWAY NOT LIGHTED;CLOUDY;0;1;;STOP SIGN;PASSENGER CAR;SPORT UTILITY;NONE;NONE;;2016-01-01T00:54:00-05:00;2016;No;Yes;1;00
CARY;TWO-WAY,DIVIDED,POSITIVE MEDIAN BARRIER;DAYLIGHT;CLEAR;0;0;;STOP AND GO SIGNAL;SPORT UTILITY;PASSENGER CAR;NONE;NONE;;2016-01-02T13:59:21-05:00;2016;No;No;1;13
.45 MILES FROM SR 1617 (CARPENTER UPCHURCH RD;TWO-WAY,NOT DIVIDED;DAYLIGHT;CLEAR;1;0;;NO CONTROL PRESENT;PICKUP;NONE;NONE;NONE;;2016-02-01T00:00:00-05:00;2016;Yes;No;2;00
CARY;TWO-WAY,NOT DIVIDED;DARK - LIGHTED ROADWAY;CLEAR;0;0;;NO CONTROL PRESENT;PASSENGER CAR;PASSENGER CAR;NONE;NONE;;2016-01-04T17:54:31-05:00;2016;No;No;1;17
0 FEET FROM NC 55 HWY;TWO-WAY,DIVIDED,UNPROTECTED MEDIAN;DAYLIGHT;CLEAR;0;1;;STOP AND GO SIGNAL;PASSENGER CAR;VAN;NONE;NONE;;2016-01-06T13:58:08-05:00;2016;No;Yes;1;13
CARY;TWO-WAY,DIVIDED,UNPROTECTED MEDIAN;DARK - LIGHTED ROADWAY;CLEAR;0;1;;NO CONTROL PRESENT;PASSENGER CAR;SPORT UTILITY;NONE;NONE;;2016-01-05T18:55:17-05:00;2016;No;Yes;1;18
CARY;TWO-WAY,NOT DIVIDED;DAYLIGHT;CLOUDY;0;1;;STOP AND GO SIGNAL;PASSENGER CAR;PASSENGER CAR;NONE;NONE;;2016-01-08T09:12:44-05:00;2016;No;Yes;1;09
30 FEET FROM SR 1613 (DAVIS DR);TWO-WAY,DIVIDED,UNPROTECTED MEDIAN;DAYLIGHT;CLOUDY;0;0;;STOP AND GO SIGNAL;SPORT UTILITY;PICKUP;NONE;NONE;;2016-01-08T09:25:18-05:00;2016;No;No;1;09
50 FEET FROM KINGSWOOD DR;TWO-WAY,NOT DIVIDED;DAYLIGHT;CLEAR;0;0;;NO CONTROL PRESENT;PASSENGER CAR;NONE;NONE;NONE;;2016-01-08T15:31:01-05:00;2016;No;No;1;15
200 FEET FROM SE CARY PKWY (SR 3977);TWO-WAY,DIVIDED,UNPROTECTED MEDIAN;DAYLIGHT;CLOUDY;0;0;;NO CONTROL PRESENT;SPORT UTILITY;SPORT UTILITY;NONE;NONE;;2016-01-09T16:15:24-05:00;2016;No;No;1;16
.12 MILES FROM SR-1415 (SW MAYNARD RD);TWO-WAY,DIVIDED,UNPROTECTED MEDIAN;DAYLIGHT;CLOUDY;0;0;;NO CONTROL PRESENT;PICKUP;PASSENGER CAR;NONE;NONE;;2016-01-09T11:08:00-05:00;2016;No;No;1;11
0 FEET FROM SR 1300 (KILDAIRE FARM RD);TWO-WAY,DIVIDED,UNPROTECTED MEDIAN;DAYLIGHT;RAIN;0;2;;STOP AND GO SIGNAL;SPORT UTILITY;PASSENGER CAR;NONE;NONE;;2016-01-08T14:36:58-05:00;2016;No;Yes;1;14
25 FEET FROM 2500 CARPENTER UPCHURCH;ONE-WAY,NOT DIVIDED;DAYLIGHT;CLEAR;0;0;;STOP SIGN;SPORT UTILITY;PICKUP;NONE;NONE;;2016-01-05T16:26:11-05:00;2016;No;No;1;16
.2 MILES FROM SR 1613 (DAVIS DR);TWO-WAY,DIVIDED,UNPROTECTED MEDIAN;DAYLIGHT;CLEAR;0;0;;NO CONTROL PRESENT;PASSENGER CAR;PASSENGER CAR;PASSENGER CAR;NONE;;2016-01-10T08:01:54-05:00;2016;No;No;1;08
400 FEET FROM TRINITY WOODS DRIVE;TWO-WAY,NOT DIVIDED;DARK - LIGHTED ROADWAY;CLEAR;0;0;;NO CONTROL PRESENT;PASSENGER CAR;PASSENGER CAR;NONE;NONE;;2016-01-11T23:13:00-05:00;2016;No;No;1;23
499 FEET FROM PVA 280 TOWERVIEW CT;ONE-WAY,NOT DIVIDED;DAYLIGHT;CLEAR;0;0;;NO CONTROL PRESENT;PASSENGER CAR;PASSENGER CAR;NONE;NONE;;2016-01-12T10:39:00-05:00;2016;No;No;1;10
CARY;ONE-WAY,NOT DIVIDED;DAYLIGHT;CLEAR;0;0;;STOP AND GO SIGNAL;PASSENGER CAR;PICKUP;NONE;NONE;;2016-01-12T12:22:00-05:00;2016;No;No;1;12
430 FEET FROM MADISON AV;TWO-WAY,NOT DIVIDED;DARK - LIGHTED ROADWAY;CLEAR;0;0;;NO CONTROL PRESENT;PASSENGER CAR;PASSENGER CAR;NONE;NONE;;2016-01-09T12:44:00-05:00;2016;No;No;1;12
.10 MILES FROM (1011) E.CHATHAM ST;TWO-WAY,NOT DIVIDED;DARK - LIGHTED ROADWAY;CLEAR;0;1;;NO CONTROL PRESENT;SPORT UTILITY;PASSENGER CAR;PASSENGER CAR;NONE;;2016-01-12T07:46:18-05:00;2016;No;Yes;1;07
190 FEET FROM MEETING ST;TWO-WAY,DIVIDED,UNPROTECTED MEDIAN;DUSK;CLOUDY;0;0;;STOP AND GO SIGNAL;PASSENGER CAR;PASSENGER CAR;NONE;NONE;;2016-01-12T16:44:47-05:00;2016;No;No;1;16
200 FEET FROM PVA AT 330 CROSSROADS BLVD;TWO-WAY,NOT DIVIDED;DAYLIGHT;CLEAR;0;0;;NO CONTROL PRESENT;SPORT UTILITY;PASSENGER CAR;NONE;NONE;;2016-01-14T11:13:00-05:00;2016;No;No;1;11
20 FEET FROM MEETING ST;TWO-WAY,DIVIDED,UNPROTECTED MEDIAN;DAYLIGHT;CLEAR;0;0;;STOP AND GO SIGNAL;SPORT UTILITY;SPORT UTILITY;NONE;NONE;;2016-01-14T11:48:00-05:00;2016;No;No;1;11
360 FEET FROM SR 1613 (DAVIS DR);TWO-WAY,DIVIDED,UNPROTECTED MEDIAN;DAYLIGHT;CLEAR;0;0;;NO CONTROL PRESENT;SPORT UTILITY;PASSENGER CAR;NONE;NONE;;2016-01-14T08:30:10-05:00;2016;No;No;1;08
0 FEET FROM US 64;TWO-WAY,DIVIDED,POSITIVE MEDIAN BARRIER;DAYLIGHT;CLEAR;0;0;;STOP AND GO SIGNAL;PASSENGER CAR;PASSENGER CAR;NONE;NONE;;2016-01-14T17:34:33-05:00;2016;No;No;1;17
20 FEET FROM US 1 HWY OFF RAMP;ONE-WAY,NOT DIVIDED;DARK - LIGHTED ROADWAY;CLEAR;0;1;;STOP AND GO SIGNAL;SPORT UTILITY;NONE;NONE;NONE;;2016-01-14T06:39:57-05:00;2016;No;Yes;1;06
CARY;TWO-WAY,DIVIDED,UNPROTECTED MEDIAN;DAYLIGHT;CLEAR;0;0;;STOP AND GO SIGNAL;PICKUP;PICKUP;NONE;NONE;;2016-01-14T14:12:04-05:00;2016;No;No;1;14
300 FEET FROM NC 55 HWY;TWO-WAY,NOT DIVIDED;DARK - ROADWAY NOT LIGHTED;RAIN;0;0;;NO CONTROL PRESENT;SPORT UTILITY;NONE;NONE;NONE;;2016-01-15T18:13:52-05:00;2016;No;No;1;18
75 FEET FROM SW CARY PKWY;TWO-WAY,DIVIDED,POSITIVE MEDIAN BARRIER;DAYLIGHT;RAIN;0;0;;NO CONTROL PRESENT;PASSENGER CAR;PASSENGER CAR;PASSENGER CAR;NONE;;2016-01-15T14:04:31-05:00;2016;No;No;1;14
300 FEET FROM P.V.A. (1105 WALNUT ST);TWO-WAY,NOT DIVIDED;DAYLIGHT;RAIN;0;0;;STOP SIGN;PASSENGER CAR;SPORT UTILITY;NONE;NONE;;2016-01-15T16:32:52-05:00;2016;No;No;1;16
20 FEET FROM PVA 1401 SE MAYNARD RD;TWO-WAY,NOT DIVIDED;DAYLIGHT;CLEAR;0;0;;NO CONTROL PRESENT;NONE;NONE;NONE;NONE;;2016-01-18T11:50:00-05:00;2016;No;No;1;11
300 FEET FROM CARY RESERVE DR;TWO-WAY,NOT DIVIDED;DARK - LIGHTED ROADWAY;CLOUDY;0;0;;NO CONTROL PRESENT;SPORT UTILITY;PASSENGER CAR;NONE;NONE;;2016-01-17T04:19:24-05:00;2016;No;No;1;04
50 FEET FROM SR 1010 (TEN TEN RD.);TWO-WAY,NOT DIVIDED;DARK - ROADWAY NOT LIGHTED;CLOUDY;0;0;;STOP AND GO SIGNAL;SPORT UTILITY;PASSENGER CAR;NONE;NONE;;2016-01-17T19:41:45-05:00;2016;No;No;1;19
10 FEET FROM NC 55 HWY (NC 55);TWO-WAY,DIVIDED,POSITIVE MEDIAN BARRIER;DAYLIGHT;CLEAR;0;0;;STOP AND GO SIGNAL;PASSENGER CAR;SPORT UTILITY;NONE;NONE;;2016-01-16T14:39:38-05:00;2016;No;No;1;14
.25 MILES FROM 1105 WALNUT ST;TWO-WAY,NOT DIVIDED;DAYLIGHT;CLEAR;0;0;;;PASSENGER CAR;PASSENGER CAR;NONE;NONE;;2016-01-16T15:51:37-05:00;2016;No;No;1;15
200 FEET FROM PVA (2750 NC 55 HWY);TWO-WAY,NOT DIVIDED;DAYLIGHT;CLEAR;0;0;;NO CONTROL PRESENT;SPORT UTILITY;PASSENGER CAR;NONE;NONE;;2016-01-16T16:20:38-05:00;2016;No;No;1;16
200 FEET FROM SR3073 (NW MAYNARD RD);TWO-WAY,NOT DIVIDED;DAYLIGHT;SNOW;0;0;;NO CONTROL PRESENT;PASSENGER CAR;PASSENGER CAR;NONE;NONE;;2016-01-17T10:47:00-05:00;2016;No;No;1;10
CARY;TWO-WAY,DIVIDED,POSITIVE MEDIAN BARRIER;DAYLIGHT;CLEAR;0;0;;STOP AND GO SIGNAL;SPORT UTILITY;VAN;NONE;NONE;;2016-01-17T12:17:00-05:00;2016;No;No;1;12
CARY;TWO-WAY,DIVIDED,UNPROTECTED MEDIAN;DARK - LIGHTED ROADWAY;CLEAR;0;0;;STOP AND GO SIGNAL;PASSENGER CAR;PASSENGER CAR;PASSENGER CAR;NONE;;2016-01-16T22:03:00-05:00;2016;No;No;1;22
30 FEET FROM PVA 1145 EXECUTIVE CIR;TWO-WAY,NOT DIVIDED;DAYLIGHT;CLEAR;0;0;;NO CONTROL PRESENT;NONE;SPORT UTILITY;NONE;NONE;;2016-01-19T11:13:00-05:00;2016;No;No;1;11
.4 MILES FROM US 1 SOUTH;TWO-WAY,DIVIDED,POSITIVE MEDIAN BARRIER;DAYLIGHT;CLEAR;0;0;;NO CONTROL PRESENT;PASSENGER CAR;SPORT UTILITY;NONE;NONE;;2016-01-19T12:11:00-05:00;2016;No;No;1;12
20 FEET FROM NC 55 HWY NC 55;TWO-WAY,DIVIDED,POSITIVE MEDIAN BARRIER;DAYLIGHT;CLEAR;0;0;;FLASHING STOP AND GO SIGNAL;SPORT UTILITY;SPORT UTILITY;NONE;NONE;;2016-01-12T15:05:43-05:00;2016;No;No;1;15
0 FEET FROM LAKE PINE DR;TWO-WAY,NOT DIVIDED;DARK - LIGHTED ROADWAY;CLEAR;0;0;;STOP SIGN;PASSENGER CAR;VAN;NONE;NONE;;2016-01-20T21:33:19-05:00;2016;No;No;1;21
275 FEET FROM PVA 107 EDINBURGH SOUTH DR;TWO-WAY,NOT DIVIDED;DARK - LIGHTED ROADWAY;CLOUDY;0;0;;NO CONTROL PRESENT;LIGHT TRUCK (MINI-VAN- PANEL);PASSENGER CAR;NONE;NONE;;2016-01-20T22:20:00-05:00;2016;No;No;1;22
100 FEET FROM PVA 200 WRENN DR;TWO-WAY,NOT DIVIDED;DAYLIGHT;CLEAR;0;0;;NO CONTROL PRESENT;PASSENGER CAR;PASSENGER CAR;NONE;NONE;;2016-01-20T07:56:09-05:00;2016;No;No;1;07
.08 MILES FROM PRIVATE DRIVE(134 CHATHAM WOO;TWO-WAY,NOT DIVIDED;DAYLIGHT;CLEAR;0;0;;NO CONTROL PRESENT;SPORT UTILITY;PASSENGER CAR;NONE;NONE;;2016-01-20T14:48:18-05:00;2016;No;No;1;14
0 FEET FROM SR 1313 (WALNUT ST);TWO-WAY,DIVIDED,UNPROTECTED MEDIAN;DAYLIGHT;CLEAR;0;0;;STOP AND GO SIGNAL;SPORT UTILITY;SPORT UTILITY;NONE;NONE;;2016-01-21T09:47:52-05:00;2016;No;No;1;09
CARY;TWO-WAY,NOT DIVIDED;DAYLIGHT;CLOUDY;0;4;;STOP AND GO SIGNAL;PASSENGER CAR;NONE;NONE;NONE;;2016-01-20T10:32:00-05:00;2016;No;Yes;1;10
200 FEET FROM U.S. 1 HWY;TWO-WAY,DIVIDED,POSITIVE MEDIAN BARRIER;DAYLIGHT;CLEAR;0;0;DARTING;NO CONTROL PRESENT;PASSENGER CAR;NONE;NONE;NONE;;2016-01-21T07:23:27-05:00;2016;No;No;1;07
.20 MILES FROM PVA 135 PARKWAY OFFICE CT;TWO-WAY,NOT DIVIDED;DAYLIGHT;CLEAR;0;0;;NO CONTROL PRESENT;PASSENGER CAR;NONE;NONE;NONE;;2016-01-21T13:39:27-05:00;2016;No;No;1;13