Location_Description;Road_Configuration;Light_Condition;Weather;Fatality;Injury;Contributing_Factor;Traffic_Control;Vehicle1;Vehicle2;Vehicle3;Vehicle4;Vehicle5;Crash_Date;year;Fatalities;Injuries;Month;Hour
15 FEET FROM SR 1009 (TRYON RD);TWO-WAY,DIVIDED,UNPROTECTED MEDIAN;DAYLIGHT;SNOW;0;0;COMING FROM BEHIND PARKED VEHICLE;NO CONTROL PRESENT;SPORT UTILITY;NONE;NONE;NONE;;2016-01-22T12:15:00-05:00;2016;No;No;1;12
245 FEET FROM US 64 HWY;TWO-WAY,DIVIDED,UNPROTECTED MEDIAN;DARK - ROADWAY NOT LIGHTED;CLEAR;0;2;;NO CONTROL PRESENT;PASSENGER CAR;PASSENGER CAR;SPORT UTILITY;VAN;VAN;2016-01-21T21:30:10-05:00;2016;No;Yes;1;21
.29 MILES FROM US 1 EXIT 98 RAMP SB;ONE-WAY,NOT DIVIDED;DAYLIGHT;CLEAR;0;0;;STOP AND GO SIGNAL;PASSENGER CAR;PASSENGER CAR;NONE;NONE;;2016-01-24T10:43:00-05:00;2016;No;No;1;10
.24 MILES FROM SR-1300 (KILDAIRE FARM RD);TWO-WAY,DIVIDED,UNPROTECTED MEDIAN;DARK - LIGHTED ROADWAY;CLEAR;0;0;;NO CONTROL PRESENT;PASSENGER CAR;PASSENGER CAR;NONE;NONE;;2016-01-24T21:07:39-05:00;2016;No;No;1;21
CARY;TWO-WAY,DIVIDED,POSITIVE MEDIAN BARRIER;DAYLIGHT;CLOUDY;0;1;;STOP AND GO SIGNAL;PASSENGER CAR;PASSENGER CAR;NONE;NONE;;2016-01-25T10:24:00-05:00;2016;No;Yes;1;10
CARY;TWO-WAY,DIVIDED,UNPROTECTED MEDIAN;DARK - LIGHTED ROADWAY;CLEAR;0;0;;STOP AND GO SIGNAL;PASSENGER CAR;PASSENGER CAR;NONE;NONE;;2016-01-26T20:32:12-05:00;2016;No;No;1;20
CARY;TWO-WAY,DIVIDED,UNPROTECTED MEDIAN;DAYLIGHT;CLOUDY;0;0;;STOP AND GO SIGNAL;PASSENGER CAR;PASSENGER CAR;NONE;NONE;;2016-01-27T08:26:27-05:00;2016;No;No;1;08
CARY;TWO-WAY,NOT DIVIDED;DAYLIGHT;CLOUDY;0;1;;STOP SIGN;SPORT UTILITY;PASSENGER CAR;NONE;NONE;;2016-01-27T11:07:00-05:00;2016;No;Yes;1;11
CARY;TWO-WAY,NOT DIVIDED;DAYLIGHT;CLEAR;0;0;;NO CONTROL PRESENT;SPORT UTILITY;SPORT UTILITY;NONE;NONE;;2016-01-27T20:02:23-05:00;2016;No;No;1;20
.10 MILES FROM LOCH HIGHLANDS DR;TWO-WAY,NOT DIVIDED;DARK - LIGHTED ROADWAY;CLEAR;0;0;;NO CONTROL PRESENT;PASSENGER CAR;NONE;NONE;NONE;;2016-01-27T21:22:20-05:00;2016;No;No;1;21
291 FEET FROM SR 3112 (NW CARY PKWY);TWO-WAY,DIVIDED,UNPROTECTED MEDIAN;DARK - LIGHTED ROADWAY;CLEAR;0;0;;NO CONTROL PRESENT;PICKUP;NONE;NONE;NONE;;2016-01-27T19:17:53-05:00;2016;No;No;1;19
200 FEET FROM SR-1010 (TEN TEN RD);TWO-WAY,NOT DIVIDED;DARK - ROADWAY NOT LIGHTED;CLOUDY;0;0;;NO CONTROL PRESENT;PASSENGER CAR;NONE;NONE;NONE;;2016-01-27T20:07:04-05:00;2016;No;No;1;20
20 FEET FROM US1 EXIT 96 RAMP SB;ONE-WAY,NOT DIVIDED;DAYLIGHT;CLEAR;0;0;;FLASHING STOP AND GO SIGNAL;PASSENGER CAR;VAN;NONE;NONE;;2016-01-27T13:30:19-05:00;2016;No;No;1;13
CARY;TWO-WAY,DIVIDED,UNPROTECTED MEDIAN;DARK - LIGHTED ROADWAY;CLEAR;0;1;FAILURE TO YIELD RIGHT OF WAY,FAILURE TO OBEY TRAFFIC SIGNS,SIGNALS;STOP AND GO SIGNAL;SPORT UTILITY;NONE;NONE;NONE;;2016-01-26T18:55:29-05:00;2016;No;Yes;1;18
350 FEET FROM P.V.A. (980 KILDAIRE FARM RD);TWO-WAY,NOT DIVIDED;DAYLIGHT;CLEAR;0;0;;NO CONTROL PRESENT;PASSENGER CAR;PASSENGER CAR;NONE;NONE;;2016-01-30T14:06:23-05:00;2016;No;No;1;14
.195 MILES FROM SR#1613 DAVIS DR;TWO-WAY,DIVIDED,UNPROTECTED MEDIAN;DARK - ROADWAY NOT LIGHTED;CLEAR;0;0;;NO CONTROL PRESENT;SPORT UTILITY;NONE;NONE;NONE;;2016-01-31T19:24:12-05:00;2016;No;No;1;19
.33 MILES FROM SR 3127 (MCCRIMMON PKWY);TWO-WAY,DIVIDED,POSITIVE MEDIAN BARRIER;DAYLIGHT;CLEAR;0;0;;NO CONTROL PRESENT;PICKUP;SPORT UTILITY;NONE;NONE;;2016-01-29T08:31:59-05:00;2016;No;No;1;08
CARY;TWO-WAY,DIVIDED,UNPROTECTED MEDIAN;DARK - ROADWAY NOT LIGHTED;CLEAR;0;1;;STOP SIGN;SPORT UTILITY;SPORT UTILITY;NONE;NONE;;2016-01-29T18:38:47-05:00;2016;No;Yes;1;18
150 FEET FROM [SR1300]KILDAIRE FARM RD;TWO-WAY,NOT DIVIDED;DAYLIGHT;CLEAR;0;0;;NO CONTROL PRESENT;VAN;SPORT UTILITY;NONE;NONE;;2016-01-29T22:29:00-05:00;2016;No;No;1;22
CARY;TWO-WAY,DIVIDED,UNPROTECTED MEDIAN;DARK - LIGHTED ROADWAY;CLEAR;0;0;;NO CONTROL PRESENT;PASSENGER CAR;SPORT UTILITY;NONE;NONE;;2016-01-28T19:29:33-05:00;2016;No;No;1;19
5 FEET FROM P.V.A.(885 WALNUT ST);TWO-WAY,NOT DIVIDED;DAYLIGHT;CLEAR;0;0;;STOP SIGN;PASSENGER CAR;PASSENGER CAR;NONE;NONE;;2016-02-01T11:55:00-05:00;2016;No;No;2;11
.5 MILES FROM EVANS ESTATES DR.;TWO-WAY,NOT DIVIDED;DAYLIGHT;CLEAR;0;0;;NO CONTROL PRESENT;SPORT UTILITY;LIGHT TRUCK (MINI-VAN- PANEL);NONE;NONE;;2016-02-01T15:11:51-05:00;2016;No;No;2;15
250 FEET FROM 864 SE MAYNARD RD;TWO-WAY,NOT DIVIDED;DARK - LIGHTED ROADWAY;CLEAR;0;0;;NO CONTROL PRESENT;PASSENGER CAR;PASSENGER CAR;NONE;NONE;;2016-02-01T21:28:16-05:00;2016;No;No;2;21
CARY;TWO-WAY,DIVIDED,UNPROTECTED MEDIAN;DARK - LIGHTED ROADWAY;CLOUDY;0;0;;STOP AND GO SIGNAL;MOPED;PASSENGER CAR;NONE;NONE;;2016-02-01T21:55:00-05:00;2016;No;No;2;21
90 FEET FROM RP 1628 (OKELLY CHAPEL RD);TWO-WAY,NOT DIVIDED;DAYLIGHT;CLEAR;0;0;;STOP AND GO SIGNAL;PASSENGER CAR;SPORT UTILITY;NONE;NONE;;2016-02-03T14:16:51-05:00;2016;No;No;2;14
CARY;NONE;NONE;NONE;0;0;;;NONE;NONE;NONE;NONE;;2016-02-04T10:01:00-05:00;2016;No;No;2;10
.1 MILES FROM NC 55 HWY;TWO-WAY,DIVIDED,POSITIVE MEDIAN BARRIER;DAYLIGHT;RAIN;0;0;;NO CONTROL PRESENT;PASSENGER CAR;PASSENGER CAR;NONE;NONE;;2016-02-03T08:36:23-05:00;2016;No;No;2;08
.02 MILES FROM PVA OF 237 CROSSROADS BLVD;ONE-WAY,NOT DIVIDED;DAYLIGHT;CLOUDY;0;0;;NO CONTROL PRESENT;SPORT UTILITY;SPORT UTILITY;NONE;NONE;;2016-02-04T13:40:48-05:00;2016;No;No;2;13
400 FEET FROM P.V.A. (801 BASS PRO LN);TWO-WAY,NOT DIVIDED;DAYLIGHT;CLEAR;0;0;;NO CONTROL PRESENT;PICKUP;PASSENGER CAR;NONE;NONE;;2016-02-05T12:28:00-05:00;2016;No;No;2;12
50 FEET FROM BROKENSHIRE ST;TWO-WAY,NOT DIVIDED;DARK - LIGHTED ROADWAY;RAIN;0;0;;NO CONTROL PRESENT;NONE;SPORT UTILITY;NONE;NONE;;2016-02-04T08:53:11-05:00;2016;No;No;2;08
150 FEET FROM SR 1011 (E CHATHAM ST);TWO-WAY,NOT DIVIDED;DAYLIGHT;CLEAR;0;0;;STOP AND GO SIGNAL;PASSENGER CAR;PASSENGER CAR;NONE;NONE;;2016-02-05T17:15:09-05:00;2016;No;No;2;17
350 FEET FROM 1200 VILLAGE GREENWAY;TWO-WAY,NOT DIVIDED;DAYLIGHT;CLEAR;0;0;;NO CONTROL PRESENT;PASSENGER CAR;NONE;NONE;NONE;;2016-02-06T21:58:46-05:00;2016;No;No;2;21
CARY;TWO-WAY,NOT DIVIDED;DARK - LIGHTED ROADWAY;CLOUDY;0;1;;STOP SIGN;PASSENGER CAR;NONE;NONE;NONE;;2016-02-07T03:32:07-05:00;2016;No;Yes;2;03
75 FEET FROM [SR1387]WEST LAKE RD;TWO-WAY,NOT DIVIDED;DARK - LIGHTED ROADWAY;CLOUDY;0;0;;NO CONTROL PRESENT;PASSENGER CAR;NONE;NONE;NONE;;2016-01-21T22:11:00-05:00;2016;No;No;1;22
.01 MILES FROM NW CARY PKWY;TWO-WAY,DIVIDED,UNPROTECTED MEDIAN;DAYLIGHT;RAIN;0;0;;NO CONTROL PRESENT;PASSENGER CAR;SPORT UTILITY;NONE;NONE;;2016-02-04T16:49:58-05:00;2016;No;No;2;16
CARY;TWO-WAY,DIVIDED,UNPROTECTED MEDIAN;DUSK;CLEAR;0;1;;STOP AND GO SIGNAL;PASSENGER CAR;PASSENGER CAR;NONE;NONE;;2016-02-06T16:50:58-05:00;2016;No;Yes;2;16
CARY;TWO-WAY,DIVIDED,POSITIVE MEDIAN BARRIER;DAYLIGHT;CLEAR;0;0;;STOP AND GO SIGNAL;PASSENGER CAR;PASSENGER CAR;NONE;NONE;;2016-02-08T02:18:16-05:00;2016;No;No;2;02
75 FEET FROM PVA 575 NEW WAERLY PLACE;TWO-WAY,NOT DIVIDED;DAYLIGHT;CLEAR;0;0;;NO CONTROL PRESENT;PASSENGER CAR;SINGLE UNIT TRUCK (2-AXLE- 6-TIRE);NONE;NONE;;2016-02-06T14:35:47-05:00;2016;No;No;2;14
.1 MILES FROM PVA 885 WALNUT ST;TWO-WAY,NOT DIVIDED;DAYLIGHT;CLEAR;0;0;;NO CONTROL PRESENT;PASSENGER CAR;PASSENGER CAR;NONE;NONE;;2016-02-05T15:26:53-05:00;2016;No;No;2;15
.25 MILES FROM SW CARY PARKWAY 3977;TWO-WAY,NOT DIVIDED;DAYLIGHT;CLEAR;0;1;;STOP AND GO SIGNAL;PASSENGER CAR;SPORT UTILITY;NONE;NONE;;2016-02-02T19:05:17-05:00;2016;No;Yes;2;19
250 FEET FROM PVA OF 2430 WALNUT ST;TWO-WAY,NOT DIVIDED;DAYLIGHT;CLEAR;0;0;;NO CONTROL PRESENT;SPORT UTILITY;PASSENGER CAR;NONE;NONE;;2016-02-06T12:42:00-05:00;2016;No;No;2;12
CARY;TWO-WAY,NOT DIVIDED;DAYLIGHT;CLOUDY;0;1;;STOP AND GO SIGNAL;PASSENGER CAR;PASSENGER CAR;NONE;NONE;;2016-02-07T15:30:15-05:00;2016;No;Yes;2;15
120 FEET FROM BARRET MANOR CT;TWO-WAY,NOT DIVIDED;DAYLIGHT;CLEAR;0;0;;NO CONTROL PRESENT;SPORT UTILITY;NONE;NONE;NONE;;2016-02-08T09:24:33-05:00;2016;No;No;2;09
400 FEET FROM (SR 1652) N HARRISON AVE;TWO-WAY,NOT DIVIDED;DARK - LIGHTED ROADWAY;CLEAR;0;0;;NO CONTROL PRESENT;SPORT UTILITY;NONE;NONE;NONE;;2016-02-07T23:26:00-05:00;2016;No;No;2;23
.19 MILES FROM SR-1307 (E CHATHAM ST);TWO-WAY,NOT DIVIDED;DAYLIGHT;CLOUDY;0;0;;STOP AND GO SIGNAL;PASSENGER CAR;PASSENGER CAR;NONE;NONE;;2016-02-08T16:52:31-05:00;2016;No;No;2;16
CARY;TWO-WAY,NOT DIVIDED;DAYLIGHT;CLOUDY;0;0;;NO CONTROL PRESENT;NONE;NONE;NONE;NONE;;2016-02-05T07:55:53-05:00;2016;No;No;2;07
CARY;TWO-WAY,NOT DIVIDED;DAYLIGHT;CLEAR;0;0;;NO CONTROL PRESENT;PASSENGER CAR;PASSENGER CAR;NONE;NONE;;2016-02-11T19:17:47-05:00;2016;No;No;2;19
100 FEET FROM US 1 HWY SB;TWO-WAY,DIVIDED,POSITIVE MEDIAN BARRIER;DAYLIGHT;CLEAR;0;1;;NO CONTROL PRESENT;PASSENGER CAR;PASSENGER CAR;SPORT UTILITY;NONE;;2016-02-11T16:01:32-05:00;2016;No;Yes;2;16
375 FEET FROM SR 3977 (SE CARY PKY);TWO-WAY,DIVIDED,UNPROTECTED MEDIAN;DAYLIGHT;CLEAR;0;0;;NO CONTROL PRESENT;SPORT UTILITY;PASSENGER CAR;NONE;NONE;;2016-02-12T13:40:48-05:00;2016;No;No;2;13
.2 MILES FROM (PVA) 2400 LAKESIDE VIEW CT;TWO-WAY,NOT DIVIDED;DARK - LIGHTED ROADWAY;CLEAR;0;0;;NO CONTROL PRESENT;PASSENGER CAR;PASSENGER CAR;NONE;NONE;;2016-02-12T01:30:25-05:00;2016;No;No;2;01
348 FEET FROM CROSSROADS BLVD;TWO-WAY,DIVIDED,POSITIVE MEDIAN BARRIER;DAYLIGHT;CLEAR;0;0;;NO CONTROL PRESENT;PASSENGER CAR;PASSENGER CAR;NONE;NONE;;2016-02-13T14:33:37-05:00;2016;No;No;2;14
75 FEET FROM US 64 HWY;TWO-WAY,DIVIDED,UNPROTECTED MEDIAN;DAYLIGHT;CLEAR;0;0;;STOP AND GO SIGNAL;VAN;VAN;NONE;NONE;;2016-02-13T17:21:10-05:00;2016;No;No;2;17
100 FEET FROM SR 3073 (NW MAYNARD RD);TWO-WAY,NOT DIVIDED;DAYLIGHT;CLOUDY;0;0;;NO CONTROL PRESENT;PASSENGER CAR;VAN;NONE;NONE;;2016-02-12T13:15:38-05:00;2016;No;No;2;13
CARY;TWO-WAY,DIVIDED,UNPROTECTED MEDIAN;DAYLIGHT;CLEAR;0;0;;STOP AND GO SIGNAL;PASSENGER CAR;PASSENGER CAR;NONE;NONE;;2016-02-12T16:29:50-05:00;2016;No;No;2;16
.5 MILES FROM US 1 N HWY;TWO-WAY,DIVIDED,POSITIVE MEDIAN BARRIER;DAYLIGHT;CLEAR;0;1;;NO CONTROL PRESENT;PASSENGER CAR;PICKUP;NONE;NONE;;2016-02-13T14:33:37-05:00;2016;No;Yes;2;14
25 FEET FROM P.V.A. (HARRIS TEETER);TWO-WAY,NOT DIVIDED;DAYLIGHT;CLEAR;0;0;;NO CONTROL PRESENT;SPORT UTILITY;PASSENGER CAR;NONE;NONE;;2016-02-14T17:54:15-05:00;2016;No;No;2;17
30 FEET FROM SR 1009 (TRYON RD);TWO-WAY,DIVIDED,UNPROTECTED MEDIAN;DAYLIGHT;SLEET, HAIL, FREEZING RAIN/DRIZZLE;0;0;;NO CONTROL PRESENT;PASSENGER CAR;NONE;NONE;NONE;;2016-02-15T08:56:09-05:00;2016;No;No;2;08
100 FEET FROM P.V.A. (300 SE CARY PKWY);ONE-WAY,NOT DIVIDED;DAYLIGHT;CLEAR;0;0;;NO CONTROL PRESENT;SINGLE UNIT TRUCK (2-AXLE- 6-TIRE);NONE;NONE;NONE;;2016-02-13T09:51:50-05:00;2016;No;No;2;09
25 FEET FROM PVA 150 TOWNE VILLAGE DR;TWO-WAY,NOT DIVIDED;DAYLIGHT;RAIN;0;0;;NO CONTROL PRESENT;PASSENGER CAR;NONE;NONE;NONE;;2016-02-04T08:26:51-05:00;2016;No;No;2;08
60 FEET FROM SR-1319 JONES FRANKLIN RD;TWO-WAY,NOT DIVIDED;DARK - LIGHTED ROADWAY;CLEAR;0;1;;NO CONTROL PRESENT;PASSENGER CAR;PASSENGER CAR;NONE;NONE;;2016-02-16T19:27:45-05:00;2016;No;Yes;2;19
235 FEET FROM BROOK MANOR CT;TWO-WAY,NOT DIVIDED;DAYLIGHT;CLEAR;0;0;;NO CONTROL PRESENT;PASSENGER CAR;NONE;NONE;NONE;;2016-02-17T13:25:41-05:00;2016;No;No;2;13
20 FEET FROM SR 1300 (KILDAIRE FARM RD);TWO-WAY,NOT DIVIDED;DAYLIGHT;CLEAR;0;0;;STOP AND GO SIGNAL;SPORT UTILITY;NONE;NONE;NONE;;2016-02-19T10:29:00-05:00;2016;No;No;2;10
.1 MILES FROM PVA OF 1931 HIGH HOUSE RD 1615;ONE-WAY,NOT DIVIDED;DAYLIGHT;CLEAR;0;0;;NO CONTROL PRESENT;PASSENGER CAR;PASSENGER CAR;NONE;NONE;;2016-02-19T16:26:12-05:00;2016;No;No;2;16
CARY;TWO-WAY,DIVIDED,UNPROTECTED MEDIAN;DAYLIGHT;CLEAR;0;0;;STOP SIGN;PASSENGER CAR;PASSENGER CAR;NONE;NONE;;2016-02-19T15:11:36-05:00;2016;No;No;2;15
1.06 MILES FROM HWY US 1 S;TWO-WAY,DIVIDED,POSITIVE MEDIAN BARRIER;DAYLIGHT;CLEAR;0;0;DARTING;NO CONTROL PRESENT;SPORT UTILITY;NONE;NONE;NONE;;2016-02-21T09:33:13-05:00;2016;No;No;2;09
200 FEET FROM PVA (119 AMBASSADOR LOOP);TWO-WAY,NOT DIVIDED;DARK - LIGHTED ROADWAY;CLEAR;0;0;;NO CONTROL PRESENT;PASSENGER CAR;PASSENGER CAR;NONE;NONE;;2016-02-18T03:42:39-05:00;2016;No;No;2;03
CARY;NONE;NONE;NONE;0;0;;;NONE;NONE;NONE;NONE;;2016-01-30T19:04:30-05:00;2016;No;No;1;19
CARY;TWO-WAY,NOT DIVIDED;DAYLIGHT;CLOUDY;0;0;;STOP SIGN;PASSENGER CAR;SPORT UTILITY;NONE;NONE;;2016-02-22T10:47:00-05:00;2016;No;No;2;10
.1 MILES FROM SR 1313 WALNUT ST;TWO-WAY,DIVIDED,UNPROTECTED MEDIAN;DAYLIGHT;CLEAR;0;0;;NO CONTROL PRESENT;PASSENGER CAR;SPORT UTILITY;PASSENGER CAR;NONE;;2016-02-21T13:08:30-05:00;2016;No;No;2;13
10 FEET FROM PAINTED TURTLE LN;TWO-WAY,NOT DIVIDED;DAYLIGHT;CLOUDY;0;0;;NO CONTROL PRESENT;LIGHT TRUCK (MINI-VAN- PANEL);PICKUP;NONE;NONE;;2016-02-22T14:10:49-05:00;2016;No;No;2;14
CARY;NONE;NONE;NONE;0;0;;;SINGLE UNIT TRUCK (2-AXLE- 6-TIRE);NONE;NONE;NONE;;2016-02-13T21:48:15-05:00;2016;No;No;2;21
.1 MILES FROM SR 1615;NONE;NONE;NONE;0;1;;;NONE;NONE;NONE;NONE;;2016-02-21T00:00:00-05:00;2016;No;Yes;2;00
.2 MILES FROM NC54 (NE MAYNARD RD);TWO-WAY,DIVIDED,UNPROTECTED MEDIAN;DAYLIGHT;CLOUDY;0;0;;NO CONTROL PRESENT;SPORT UTILITY;PASSENGER CAR;NONE;NONE;;2016-02-24T07:45:18-05:00;2016;No;No;2;07
25 FEET FROM 2500 CARPENTER UPCHURCH RD;TWO-WAY,NOT DIVIDED;DAYLIGHT;CLEAR;0;0;;STOP SIGN;PASSENGER CAR;SPORT UTILITY;NONE;NONE;;2016-02-24T13:04:48-05:00;2016;No;No;2;13
.42 MILES FROM NC 55 WHY;TWO-WAY,DIVIDED,UNPROTECTED MEDIAN;DAYLIGHT;RAIN;0;1;;FLASHING STOP AND GO SIGNAL;PASSENGER CAR;PASSENGER CAR;NONE;NONE;;2016-02-24T11:37:00-05:00;2016;No;Yes;2;11
35 FEET FROM P.P. (127 BEASLY CT);TWO-WAY,NOT DIVIDED;DUSK;CLOUDY;0;0;;NO CONTROL PRESENT;PASSENGER CAR;PASSENGER CAR;NONE;NONE;;2016-02-24T18:13:36-05:00;2016;No;No;2;18
352 FEET FROM US 1 HWY SB;NONE;NONE;NONE;0;0;;;NONE;NONE;NONE;NONE;;2016-02-05T10:40:00-05:00;2016;No;No;2;10
100 FEET FROM LACOSTE LN (LOCAL);TWO-WAY,NOT DIVIDED;DAYLIGHT;NONE;0;0;;NO CONTROL PRESENT;PASSENGER CAR;PASSENGER CAR;NONE;NONE;;2016-02-21T23:33:00-05:00;2016;No;No;2;23
.20 MILES FROM US 1 NORTH;TWO-WAY,DIVIDED,POSITIVE MEDIAN BARRIER;DAYLIGHT;CLEAR;0;0;;NO CONTROL PRESENT;PICKUP;PICKUP;NONE;NONE;;2016-02-25T23:48:00-05:00;2016;No;No;2;23
200 FEET FROM SR 1652 (N HARRISON AV);TWO-WAY,NOT DIVIDED;DAYLIGHT;CLEAR;0;0;;NO CONTROL PRESENT;PASSENGER CAR;SPORT UTILITY;NONE;NONE;;2016-02-26T09:18:04-05:00;2016;No;No;2;09
.1 MILES FROM PVA (238 GRANDE HEIGHTS DR);TWO-WAY,NOT DIVIDED;DAYLIGHT;CLEAR;0;0;;NO CONTROL PRESENT;SPORT UTILITY;SPORT UTILITY;NONE;NONE;;2016-02-26T19:41:56-05:00;2016;No;No;2;19
CARY;TWO-WAY,NOT DIVIDED;DAYLIGHT;CLEAR;0;0;;STOP AND GO SIGNAL;PASSENGER CAR;PASSENGER CAR;NONE;NONE;;2016-02-26T13:27:10-05:00;2016;No;No;2;13
0 FEET FROM SR 3977 (NW CARY PKWY);TWO-WAY,NOT DIVIDED;DUSK;CLEAR;0;0;;STOP SIGN;PASSENGER CAR;PASSENGER CAR;NONE;NONE;;2016-02-11T15:47:18-05:00;2016;No;No;2;15
.25 MILES FROM SR 3127 (MCCRIMMON PKWY);TWO-WAY,DIVIDED,UNPROTECTED MEDIAN;DAYLIGHT;CLEAR;0;0;;NO CONTROL PRESENT;SPORT UTILITY;PASSENGER CAR;NONE;NONE;;2016-02-26T15:45:02-05:00;2016;No;No;2;15
25 FEET FROM PVA AT 2000 CROSSROADS MANOR Q;TWO-WAY,NOT DIVIDED;DARK - LIGHTED ROADWAY;CLEAR;0;0;;NO CONTROL PRESENT;SPORT UTILITY;PASSENGER CAR;NONE;NONE;;2016-02-26T18:11:46-05:00;2016;No;No;2;18
.1 MILES FROM TRINITY GROVE DR;TWO-WAY,NOT DIVIDED;DAYLIGHT;CLEAR;0;0;;NO CONTROL PRESENT;PASSENGER CAR;VAN;NONE;NONE;;2016-02-26T19:23:00-05:00;2016;No;No;2;19
.18 MILES FROM US 1 HWY;ONE-WAY,NOT DIVIDED;DAYLIGHT;CLEAR;0;0;;STOP AND GO SIGNAL;PASSENGER CAR;PASSENGER CAR;NONE;NONE;;2016-02-27T14:53:20-05:00;2016;No;No;2;14
0 FEET FROM SW CARY PKWY;TWO-WAY,DIVIDED,UNPROTECTED MEDIAN;DARK - LIGHTED ROADWAY;CLEAR;0;0;;NO CONTROL PRESENT;PASSENGER CAR;NONE;NONE;NONE;;2016-02-27T23:58:00-05:00;2016;No;No;2;23
1.5 MILES FROM US 1 HWY;TWO-WAY,DIVIDED,POSITIVE MEDIAN BARRIER;DAYLIGHT;CLEAR;0;1;;NO CONTROL PRESENT;PASSENGER CAR;SPORT UTILITY;NONE;NONE;;2016-02-29T08:09:35-05:00;2016;No;Yes;2;08
75 FEET FROM PVA OF 1217 KILDAIRE FARM RD;TWO-WAY,NOT DIVIDED;DAYLIGHT;CLEAR;0;0;;NO CONTROL PRESENT;SPORT UTILITY;SPORT UTILITY;NONE;NONE;;2016-02-28T16:29:36-05:00;2016;No;No;2;16
499 FEET FROM PVA 6430 TRYON RD;TWO-WAY,NOT DIVIDED;DAYLIGHT;CLEAR;0;0;;NO CONTROL PRESENT;SPORT UTILITY;PASSENGER CAR;NONE;NONE;;2016-03-01T18:04:34-05:00;2016;No;No;3;18
150 FEET FROM PVA 1239 KILDAIRE FARM RD;TWO-WAY,NOT DIVIDED;DAYLIGHT;CLEAR;0;0;;NO CONTROL PRESENT;PASSENGER CAR;PASSENGER CAR;NONE;NONE;;2016-03-02T15:39:22-05:00;2016;No;No;3;15
CARY;TWO-WAY,NOT DIVIDED;DAYLIGHT;CLEAR;0;1;;STOP SIGN;SPORT UTILITY;SPORT UTILITY;NONE;NONE;;2016-03-01T13:03:28-05:00;2016;No;Yes;3;13
CARY;TWO-WAY,DIVIDED,POSITIVE MEDIAN BARRIER;DAYLIGHT;CLEAR;0;2;;STOP AND GO SIGNAL;SPORT UTILITY;PASSENGER CAR;PASSENGER CAR;PASSENGER CAR;;2016-03-01T17:24:44-05:00;2016;No;Yes;3;17
250 FEET FROM 638 WALNUT ST;TWO-WAY,NOT DIVIDED;DAYLIGHT;CLEAR;0;0;;NO CONTROL PRESENT;PASSENGER CAR;NONE;NONE;NONE;;2016-03-02T06:45:53-05:00;2016;No;No;3;06
.10 MILES FROM PVA 1273 NW MAYNARD RD;TWO-WAY,NOT DIVIDED;DARK - LIGHTED ROADWAY;CLEAR;0;0;;NO CONTROL PRESENT;PASSENGER CAR;NONE;NONE;NONE;;2016-03-02T21:05:37-05:00;2016;No;No;3;21
50 FEET FROM PVA 1513 WALNUT STREET;TWO-WAY,NOT DIVIDED;DAYLIGHT;CLEAR;0;0;;NO CONTROL PRESENT;SPORT UTILITY;SPORT UTILITY;NONE;NONE;;2016-03-02T13:56:31-05:00;2016;No;No;3;13
60 FEET FROM SR 3112 (NW CARY PKWY);TWO-WAY,DIVIDED,UNPROTECTED MEDIAN;DAYLIGHT;CLEAR;0;0;;NO CONTROL PRESENT;SPORT UTILITY;PASSENGER CAR;NONE;NONE;;2016-03-01T16:33:03-05:00;2016;No;No;3;16
100 FEET FROM US1;ONE-WAY,NOT DIVIDED;DAYLIGHT;CLEAR;0;1;;NO CONTROL PRESENT;SPORT UTILITY;PASSENGER CAR;NONE;NONE;;2016-03-03T11:21:00-05:00;2016;No;Yes;3;11
200 FEET FROM SR 1315 (BUCK JONES RD);TWO-WAY,DIVIDED,UNPROTECTED MEDIAN;DAYLIGHT;CLEAR;0;0;;NO CONTROL PRESENT;SPORT UTILITY;PASSENGER CAR;NONE;NONE;;2016-03-04T14:25:11-05:00;2016;No;No;3;14
351 FEET FROM PVA DAVE & BUSTERS (1105 WALNU;TWO-WAY,NOT DIVIDED;DARK - LIGHTED ROADWAY;CLEAR;0;0;;NO CONTROL PRESENT;PASSENGER CAR;PASSENGER CAR;NONE;NONE;;2016-03-04T22:34:00-05:00;2016;No;No;3;22
100 FEET FROM HIGH HOUSE RD (SR 1615);TWO-WAY,DIVIDED,POSITIVE MEDIAN BARRIER;DAYLIGHT;CLEAR;0;2;;STOP AND GO SIGNAL;PASSENGER CAR;SPORT UTILITY;NONE;NONE;;2016-03-06T11:46:00-05:00;2016;No;Yes;3;11
20 FEET FROM (SR1010) TEN TEN RD;TWO-WAY,NOT DIVIDED;DAYLIGHT;CLEAR;0;1;;NO CONTROL PRESENT;SPORT UTILITY;SPORT UTILITY;SPORT UTILITY;NONE;;2016-03-07T08:07:02-05:00;2016;No;Yes;3;08
30 FEET FROM S.R. 1415 (SE MAYNARD RD);TWO-WAY,NOT DIVIDED;DUSK;CLEAR;0;0;;STOP AND GO SIGNAL;PICKUP;SPORT UTILITY;NONE;NONE;;2016-03-07T17:51:36-05:00;2016;No;No;3;17
0 FEET FROM SR 3977 (CARY PARKWAY);TWO-WAY,DIVIDED,UNPROTECTED MEDIAN;DAYLIGHT;CLEAR;0;0;;STOP AND GO SIGNAL;PASSENGER CAR;VAN;NONE;NONE;;2016-03-08T11:44:00-05:00;2016;No;No;3;11