Location_Description;Road_Configuration;Light_Condition;Weather;Fatality;Injury;Contributing_Factor;Traffic_Control;Vehicle1;Vehicle2;Vehicle3;Vehicle4;Vehicle5;Crash_Date;year;Fatalities;Injuries;Month;Hour
50 FEET FROM US 64 HWY E;TWO-WAY,DIVIDED,UNPROTECTED MEDIAN;DAYLIGHT;CLOUDY;0;0;;STOP AND GO SIGNAL;SPORT UTILITY;SPORT UTILITY;SPORT UTILITY;NONE;;2016-03-04T11:05:00-05:00;2016;No;No;3;11
300 FEET FROM SR 1009 (TRYON RD);TWO-WAY,DIVIDED,POSITIVE MEDIAN BARRIER;DAYLIGHT;CLEAR;0;0;;NO CONTROL PRESENT;SPORT UTILITY;PASSENGER CAR;NONE;NONE;;2016-03-08T16:50:52-05:00;2016;No;No;3;16
CARY;NONE;NONE;NONE;0;0;;;NONE;NONE;NONE;NONE;;2016-03-09T06:20:54-05:00;2016;No;No;3;06
451 FEET FROM PLEASANT GROVE CHURCH RD;TWO-WAY,NOT DIVIDED;DAYLIGHT;CLEAR;0;0;;NO CONTROL PRESENT;PASSENGER CAR;NONE;NONE;NONE;;2016-03-10T12:02:00-05:00;2016;No;No;3;12
20 FEET FROM SR 1009 (TRYON RD);TWO-WAY,DIVIDED,UNPROTECTED MEDIAN;DAYLIGHT;CLEAR;0;2;;NO CONTROL PRESENT;PASSENGER CAR;PASSENGER CAR;SPORT UTILITY;VAN;;2016-03-09T20:01:13-05:00;2016;No;Yes;3;20
78 FEET FROM [SR1010]TEN TEN RD;TWO-WAY,NOT DIVIDED;DAYLIGHT;CLEAR;0;1;;NO CONTROL PRESENT;PASSENGER CAR;PASSENGER CAR;PASSENGER CAR;PASSENGER CAR;;2016-03-09T10:20:00-05:00;2016;No;Yes;3;10
.11 MILES FROM PVA AT 2350 WALNUT ST;TWO-WAY,NOT DIVIDED;DAYLIGHT;CLEAR;0;0;;NO CONTROL PRESENT;PICKUP;SPORT UTILITY;NONE;NONE;;2016-03-10T16:32:54-05:00;2016;No;No;3;16
20 FEET FROM SR-1009 TRYON RD;TWO-WAY,DIVIDED,UNPROTECTED MEDIAN;DAYLIGHT;CLEAR;0;0;;STOP AND GO SIGNAL;PASSENGER CAR;SPORT UTILITY;NONE;NONE;;2016-03-09T13:08:15-05:00;2016;No;No;3;13
35 FEET FROM US 1 SOUTH;ONE-WAY,NOT DIVIDED;DAYLIGHT;CLEAR;0;0;;STOP AND GO SIGNAL;PASSENGER CAR;PASSENGER CAR;NONE;NONE;;2016-03-11T07:37:49-05:00;2016;No;No;3;07
CARY;TWO-WAY,DIVIDED,UNPROTECTED MEDIAN;DARK - LIGHTED ROADWAY;CLOUDY;0;0;;STOP AND GO SIGNAL;PASSENGER CAR;PASSENGER CAR;NONE;NONE;;2016-03-05T23:38:00-05:00;2016;No;No;3;23
150 FEET FROM I-40 EAST ON RAMP;ONE-WAY,NOT DIVIDED;DAYLIGHT;CLEAR;0;0;;NO CONTROL PRESENT;PASSENGER CAR;PASSENGER CAR;NONE;NONE;;2016-03-03T18:16:16-05:00;2016;No;No;3;18
0 FEET FROM LAKE GROVE BLVD;TWO-WAY,NOT DIVIDED;DARK - LIGHTED ROADWAY;CLEAR;0;0;;STOP SIGN;PASSENGER CAR;PASSENGER CAR;NONE;NONE;;2016-03-10T19:47:29-05:00;2016;No;No;3;19
.1 MILES FROM NC 55 HWY;TWO-WAY,DIVIDED,UNPROTECTED MEDIAN;DAWN;CLOUDY;0;0;;NO CONTROL PRESENT;PASSENGER CAR;PASSENGER CAR;NONE;NONE;;2016-03-14T07:51:58-04:00;2016;No;No;3;07
220 FEET FROM SR-1152 (HOLLY SPRINGS RD);TWO-WAY,NOT DIVIDED;DAYLIGHT;CLEAR;0;0;;STOP AND GO SIGNAL;PICKUP;SPORT UTILITY;NONE;NONE;;2016-03-13T15:19:38-04:00;2016;No;No;3;15
300 FEET FROM US 1 HWY;TWO-WAY,DIVIDED,POSITIVE MEDIAN BARRIER;DAYLIGHT;CLEAR;0;0;;NO CONTROL PRESENT;PASSENGER CAR;PASSENGER CAR;NONE;NONE;;2016-03-16T10:52:00-04:00;2016;No;No;3;10
.10 MILES FROM US 64 HWY;TWO-WAY,DIVIDED,UNPROTECTED MEDIAN;DAYLIGHT;CLEAR;0;3;;NO CONTROL PRESENT;PASSENGER CAR;PASSENGER CAR;NONE;NONE;;2016-03-15T22:24:00-04:00;2016;No;Yes;3;22
3 FEET FROM US 1 OFF RAMP S B;ONE-WAY,NOT DIVIDED;DAYLIGHT;CLEAR;0;0;;STOP AND GO SIGNAL;PASSENGER CAR;NONE;NONE;NONE;;2016-03-17T14:12:59-04:00;2016;No;No;3;14
340 FEET FROM P.V.A. 2323 SR 1415 (NW MAYNAR;TWO-WAY,NOT DIVIDED;DAYLIGHT;CLEAR;0;0;;NO CONTROL PRESENT;PASSENGER CAR;PASSENGER CAR;NONE;NONE;;2016-03-17T15:08:27-04:00;2016;No;No;3;15
.12 MILES FROM PVA 2200 WATERFORD FOREST CIR;TWO-WAY,NOT DIVIDED;DAYLIGHT;CLOUDY;0;0;;NO CONTROL PRESENT;PICKUP;PASSENGER CAR;NONE;NONE;;2016-03-20T17:55:35-04:00;2016;No;No;3;17
25 FEET FROM SR#1379 (PENNY ROAD);TWO-WAY,DIVIDED,UNPROTECTED MEDIAN;DAYLIGHT;CLEAR;0;0;;NO CONTROL PRESENT;PASSENGER CAR;VAN;NONE;NONE;;2016-03-18T17:19:44-04:00;2016;No;No;3;17
400 FEET FROM LAKE GROVE BLVD;TWO-WAY,DIVIDED,UNPROTECTED MEDIAN;DARK - LIGHTED ROADWAY;CLEAR;0;0;;STOP SIGN;PASSENGER CAR;NONE;NONE;NONE;;2016-03-18T23:26:00-04:00;2016;No;No;3;23
300 FEET FROM P.V.A. 900 NE MAYNARD RD;TWO-WAY,NOT DIVIDED;DAYLIGHT;CLEAR;0;0;;NO CONTROL PRESENT;SPORT UTILITY;SPORT UTILITY;NONE;NONE;;2016-03-17T18:52:27-04:00;2016;No;No;3;18
4.82 MILES FROM NC HWY 55;TWO-WAY,DIVIDED,UNPROTECTED MEDIAN;DAYLIGHT;CLOUDY;0;1;;NO CONTROL PRESENT;PASSENGER CAR;PASSENGER CAR;NONE;NONE;;2016-03-20T10:26:00-04:00;2016;No;Yes;3;10
.29 MILES FROM US 1 EXIT 98 RAMP SB;ONE-WAY,NOT DIVIDED;DAYLIGHT;CLEAR;0;3;;STOP AND GO SIGNAL;SINGLE UNIT TRUCK (2-AXLE- 6-TIRE);PASSENGER CAR;NONE;NONE;;2016-03-21T11:17:00-04:00;2016;No;Yes;3;11
200 FEET FROM US 64 HWY;TWO-WAY,DIVIDED,UNPROTECTED MEDIAN;DAYLIGHT;CLEAR;0;0;;NO CONTROL PRESENT;PASSENGER CAR;SPORT UTILITY;PASSENGER CAR;NONE;;2016-03-22T16:29:51-04:00;2016;No;No;3;16
100 FEET FROM NC-54 (NW MAYNARD RD);TWO-WAY,NOT DIVIDED;DAYLIGHT;CLEAR;0;0;;NO CONTROL PRESENT;SPORT UTILITY;PASSENGER CAR;NONE;NONE;;2016-03-22T18:13:13-04:00;2016;No;No;3;18
.11 MILES FROM PVA 6770 MCCRIMMON PKWY;TWO-WAY,NOT DIVIDED;DAYLIGHT;CLEAR;0;0;;NO CONTROL PRESENT;PASSENGER CAR;PASSENGER CAR;NONE;NONE;;2016-03-22T06:56:42-04:00;2016;No;No;3;06
0 FEET FROM SR 1415 (SE MAYNARD RD);TWO-WAY,DIVIDED,UNPROTECTED MEDIAN;DAYLIGHT;CLEAR;0;0;;STOP AND GO SIGNAL;PASSENGER CAR;NONE;NONE;NONE;;2016-03-15T16:17:32-04:00;2016;No;No;3;16
150 FEET FROM PVA 1200 CRESCENT GREEN;TWO-WAY,NOT DIVIDED;DAYLIGHT;CLEAR;0;0;;NO CONTROL PRESENT;PASSENGER CAR;PASSENGER CAR;NONE;NONE;;2016-03-24T10:42:00-04:00;2016;No;No;3;10
CARY;TWO-WAY,DIVIDED,UNPROTECTED MEDIAN;DAYLIGHT;CLEAR;0;0;;STOP SIGN;PASSENGER CAR;PASSENGER CAR;NONE;NONE;;2016-03-23T15:46:13-04:00;2016;No;No;3;15
430 FEET FROM SR #1009 (TRYON RD);TWO-WAY,DIVIDED,UNPROTECTED MEDIAN;DAYLIGHT;CLEAR;0;2;;STOP AND GO SIGNAL;PASSENGER CAR;PASSENGER CAR;NONE;NONE;;2016-03-24T22:59:00-04:00;2016;No;Yes;3;22
50 FEET FROM PVA OF 11000 REGENCY PKWY;TWO-WAY,NOT DIVIDED;DAYLIGHT;CLOUDY;0;0;;NO CONTROL PRESENT;PICKUP;PASSENGER CAR;NONE;NONE;;2016-03-25T17:07:15-04:00;2016;No;No;3;17
150 FEET FROM SR 1009 (TRYON RD);TWO-WAY,DIVIDED,UNPROTECTED MEDIAN;DARK - LIGHTED ROADWAY;CLEAR;0;0;;STOP AND GO SIGNAL;PASSENGER CAR;PASSENGER CAR;NONE;NONE;;2016-03-25T01:11:58-04:00;2016;No;No;3;01
100 FEET FROM SR 1009 (TRYON RD);TWO-WAY,DIVIDED,UNPROTECTED MEDIAN;DAYLIGHT;CLEAR;0;0;;YIELD SIGN;PASSENGER CAR;SPORT UTILITY;NONE;NONE;;2016-03-26T11:31:00-04:00;2016;No;No;3;11
150 FEET FROM PVA (1904 NW MAYNARD RD);TWO-WAY,NOT DIVIDED;DAYLIGHT;CLEAR;0;0;;NO CONTROL PRESENT;PASSENGER CAR;PASSENGER CAR;NONE;NONE;;2016-03-26T16:09:04-04:00;2016;No;No;3;16
CARY;TWO-WAY,DIVIDED,UNPROTECTED MEDIAN;DAYLIGHT;CLEAR;0;1;;STOP AND GO SIGNAL;PASSENGER CAR;SPORT UTILITY;NONE;NONE;;2016-03-26T11:57:00-04:00;2016;No;Yes;3;11
CARY;TWO-WAY,DIVIDED,UNPROTECTED MEDIAN;DAYLIGHT;CLEAR;0;0;;STOP AND GO SIGNAL;PASSENGER CAR;PASSENGER CAR;PASSENGER CAR;NONE;;2016-03-26T12:18:00-04:00;2016;No;No;3;12
.11 MILES FROM PVA (2430 WALNUT ST.);TWO-WAY,NOT DIVIDED;DAYLIGHT;CLEAR;0;0;;NO CONTROL PRESENT;SPORT UTILITY;PASSENGER CAR;NONE;NONE;;2016-03-25T17:29:30-04:00;2016;No;No;3;17
150 FEET FROM COLONADES WAY;TWO-WAY,DIVIDED,POSITIVE MEDIAN BARRIER;DAYLIGHT;CLEAR;0;0;;NO CONTROL PRESENT;PASSENGER CAR;SPORT UTILITY;NONE;NONE;;2016-03-06T10:42:00-05:00;2016;No;No;3;10
200 FEET FROM SR 1009 (TRYON RD);TWO-WAY,DIVIDED,UNPROTECTED MEDIAN;DAYLIGHT;CLEAR;0;0;;STOP SIGN;PICKUP;PASSENGER CAR;NONE;NONE;;2016-03-23T18:01:49-04:00;2016;No;No;3;18
15 FEET FROM SR 1415 (SE MAYNARD RD);TWO-WAY,NOT DIVIDED;DAYLIGHT;CLEAR;0;0;;YIELD SIGN;PASSENGER CAR;PASSENGER CAR;NONE;NONE;;2016-03-24T17:33:22-04:00;2016;No;No;3;17
25 FEET FROM SR 3977 (CARY PKWY);TWO-WAY,DIVIDED,UNPROTECTED MEDIAN;DAYLIGHT;CLOUDY;0;1;;STOP AND GO SIGNAL;PASSENGER CAR;PASSENGER CAR;NONE;NONE;;2016-03-28T10:06:00-04:00;2016;No;Yes;3;10
50 FEET FROM PVA AT 5000 UNDERWOOD ARBOR PL;TWO-WAY,NOT DIVIDED;DAYLIGHT;CLEAR;0;0;;NO CONTROL PRESENT;PASSENGER CAR;PASSENGER CAR;NONE;NONE;;2016-03-29T07:45:30-04:00;2016;No;No;3;07
200 FEET FROM SR 1009 (TRYON RD);TWO-WAY,DIVIDED,UNPROTECTED MEDIAN;DAYLIGHT;CLEAR;0;0;;NO CONTROL PRESENT;PASSENGER CAR;SPORT UTILITY;NONE;NONE;;2016-03-28T14:36:28-04:00;2016;No;No;3;14
455 FEET FROM P.V.A. (KOHLS);TWO-WAY,NOT DIVIDED;DAYLIGHT;CLEAR;0;0;;NO CONTROL PRESENT;SPORT UTILITY;PASSENGER CAR;NONE;NONE;;2016-03-29T10:46:00-04:00;2016;No;No;3;10
CARY;TWO-WAY,DIVIDED,POSITIVE MEDIAN BARRIER;DAYLIGHT;CLEAR;0;0;;STOP AND GO SIGNAL;VAN;NONE;NONE;NONE;;2016-03-29T11:10:00-04:00;2016;No;No;3;11
10 FEET FROM PVA: 121 SW MAYNARD RD;TWO-WAY,NOT DIVIDED;DAYLIGHT;CLEAR;0;0;;NO CONTROL PRESENT;NONE;PASSENGER CAR;NONE;NONE;;2016-03-30T14:52:48-04:00;2016;No;No;3;14
100 FEET FROM P.V.A. 7000 AERIAL CENTER PKY;TWO-WAY,NOT DIVIDED;DAYLIGHT;CLEAR;0;0;;NO CONTROL PRESENT;SPORT UTILITY;PICKUP;NONE;NONE;;2016-03-30T21:28:21-04:00;2016;No;No;3;21
100 FEET FROM SR 1415 (SE MAYNARD RD);TWO-WAY,NOT DIVIDED;DAYLIGHT;CLEAR;0;0;;NO CONTROL PRESENT;PASSENGER CAR;SPORT UTILITY;NONE;NONE;;2016-03-30T22:09:00-04:00;2016;No;No;3;22
75 FEET FROM WALNUT ST TO US 1 RAMP NB;TWO-WAY,DIVIDED,UNPROTECTED MEDIAN;DAYLIGHT;CLEAR;0;0;;YIELD SIGN;PASSENGER CAR;SPORT UTILITY;NONE;NONE;;2016-03-31T15:46:31-04:00;2016;No;No;3;15
CARY;TWO-WAY,NOT DIVIDED;DARK - LIGHTED ROADWAY;CLOUDY;0;0;;STOP AND GO SIGNAL;PASSENGER CAR;PICKUP;NONE;NONE;;2016-03-31T20:46:33-04:00;2016;No;No;3;20
300 FEET FROM BRECKENWOOD DR;NONE;DAYLIGHT;CLEAR;0;0;;NO CONTROL PRESENT;PASSENGER CAR;PASSENGER CAR;NONE;NONE;;2016-03-29T09:14:09-04:00;2016;No;No;3;09
75 FEET FROM CRESCENT COMMONS;TWO-WAY,NOT DIVIDED;DUSK;CLOUDY;0;0;;NO CONTROL PRESENT;NONE;PICKUP;NONE;NONE;;2016-03-31T14:51:29-04:00;2016;No;No;3;14
.5 MILES FROM US 1 HWY SB;TWO-WAY,DIVIDED,POSITIVE MEDIAN BARRIER;DAYLIGHT;CLEAR;0;0;;NO CONTROL PRESENT;SPORT UTILITY;PASSENGER CAR;NONE;NONE;;2016-03-28T12:56:00-04:00;2016;No;No;3;12
10 FEET FROM US 1 EXIT 98 RAMP SB;ONE-WAY,NOT DIVIDED;DAYLIGHT;CLEAR;0;0;;STOP AND GO SIGNAL;SPORT UTILITY;PICKUP;NONE;NONE;;2016-03-31T18:05:41-04:00;2016;No;No;3;18
CARY;TWO-WAY,NOT DIVIDED;DAYLIGHT;CLOUDY;0;1;;STOP AND GO SIGNAL;SPORT UTILITY;SPORT UTILITY;NONE;NONE;;2016-04-01T14:51:02-04:00;2016;No;Yes;4;14
CARY;TWO-WAY,NOT DIVIDED;DAYLIGHT;CLOUDY;0;0;;STOP AND GO SIGNAL;SPORT UTILITY;PASSENGER CAR;PASSENGER CAR;NONE;;2016-04-01T17:05:53-04:00;2016;No;No;4;17
CARY;TWO-WAY,NOT DIVIDED;DAYLIGHT;CLEAR;0;0;;NO CONTROL PRESENT;PASSENGER CAR;SPORT UTILITY;NONE;NONE;;2016-04-02T10:20:00-04:00;2016;No;No;4;10
NEAR .2 MILES E OF E I 40 EXIT 291 RAMP WB;ONE-WAY,NOT DIVIDED;DARK - LIGHTED ROADWAY;CLEAR;0;0;;NO CONTROL PRESENT;PASSENGER CAR;NONE;NONE;NONE;;2016-04-05T01:47:45-04:00;2016;No;No;4;01
CARY;TWO-WAY,NOT DIVIDED;DAYLIGHT;CLEAR;0;0;;NO CONTROL PRESENT;PASSENGER CAR;PICKUP;NONE;NONE;;2016-04-04T18:12:17-04:00;2016;No;No;4;18
265 FEET FROM SR# 1010 (TEN-TEN RD);TWO-WAY,DIVIDED,UNPROTECTED MEDIAN;DAYLIGHT;CLEAR;0;0;;NO CONTROL PRESENT;PASSENGER CAR;EMS VEHICLE- AMBULANCE- RESCUE SQUAD;NONE;NONE;;2016-04-05T20:03:53-04:00;2016;No;No;4;20
.2 MILES FROM PVA (2020 HOSPITALITY CT);TWO-WAY,NOT DIVIDED;DAYLIGHT;CLEAR;0;0;;NO CONTROL PRESENT;VAN;PASSENGER CAR;NONE;NONE;;2016-04-06T10:25:00-04:00;2016;No;No;4;10
75 FEET FROM P.V.A. (BANYON GROVE LOOP);TWO-WAY,NOT DIVIDED;DAYLIGHT;CLEAR;0;0;;NO CONTROL PRESENT;PASSENGER CAR;NONE;NONE;NONE;;2016-04-06T07:14:59-04:00;2016;No;No;4;07
270 FEET FROM JONES FRANKLIN RD;TWO-WAY,NOT DIVIDED;DAYLIGHT;CLEAR;0;0;;STOP SIGN;PASSENGER CAR;SPORT UTILITY;NONE;NONE;;2016-04-06T10:34:00-04:00;2016;No;No;4;10
50 FEET FROM JIM VALVANO DR;TWO-WAY,NOT DIVIDED;DAYLIGHT;CLEAR;0;0;;STOP SIGN;PASSENGER CAR;PASSENGER CAR;NONE;NONE;;2016-04-07T11:57:00-04:00;2016;No;No;4;11
20 FEET FROM PVA (108 E CHATHAM ST);TWO-WAY,NOT DIVIDED;DAYLIGHT;CLEAR;0;0;;NO CONTROL PRESENT;PASSENGER CAR;SPORT UTILITY;NONE;NONE;;2016-04-07T12:35:00-04:00;2016;No;No;4;12
25 FEET FROM HWY US 64;TWO-WAY,DIVIDED,POSITIVE MEDIAN BARRIER;DAYLIGHT;CLOUDY;0;0;;STOP AND GO SIGNAL;SPORT UTILITY;PICKUP;NONE;NONE;;2016-04-07T10:05:00-04:00;2016;No;No;4;10
.20 MILES FROM S.R. 1315 (BUCK JONES RD);TWO-WAY,NOT DIVIDED;DAYLIGHT;CLEAR;0;0;;STOP SIGN;PASSENGER CAR;PASSENGER CAR;NONE;NONE;;2016-04-08T11:23:00-04:00;2016;No;No;4;11
.5 MILES FROM U.S. 1 HWY;TWO-WAY,DIVIDED,POSITIVE MEDIAN BARRIER;DAYLIGHT;CLOUDY;0;0;;NO CONTROL PRESENT;PASSENGER CAR;NONE;NONE;NONE;;2016-04-07T08:19:05-04:00;2016;No;No;4;08
0 MILES FROM PVA OF 410 W CHATHAM ST;ONE-WAY,NOT DIVIDED;DAYLIGHT;CLEAR;0;0;;NO CONTROL PRESENT;PASSENGER CAR;NONE;NONE;NONE;;2016-04-10T13:54:58-04:00;2016;No;No;4;13
.4 MILES FROM CROSSROADS BLVD.;TWO-WAY,DIVIDED,UNPROTECTED MEDIAN;DAYLIGHT;CLEAR;0;1;;STOP SIGN;PASSENGER CAR;PASSENGER CAR;NONE;NONE;;2016-04-09T13:20:38-04:00;2016;No;Yes;4;13
120 FEET FROM US 1 HWY;TWO-WAY,DIVIDED,POSITIVE MEDIAN BARRIER;DARK - LIGHTED ROADWAY;CLEAR;0;0;;NO CONTROL PRESENT;SINGLE UNIT TRUCK (3 OR MORE AXLES);SPORT UTILITY;PASSENGER CAR;NONE;;2016-04-10T20:58:47-04:00;2016;No;No;4;20
0 FEET FROM GREEN LEVEL CHURCH RD;TWO-WAY,DIVIDED,UNPROTECTED MEDIAN;DAYLIGHT;CLEAR;0;2;;STOP SIGN;PASSENGER CAR;SPORT UTILITY;NONE;NONE;;2016-04-08T11:48:00-04:00;2016;No;Yes;4;11
100 FEET FROM BLACK ANGUS RUN;TWO-WAY,NOT DIVIDED;DAYLIGHT;CLEAR;0;0;;NO CONTROL PRESENT;PASSENGER CAR;PASSENGER CAR;NONE;NONE;;2016-04-09T12:11:00-04:00;2016;No;No;4;12
.2 MILES FROM NC-54 NE MAYNARD;TWO-WAY,DIVIDED,UNPROTECTED MEDIAN;DAYLIGHT;CLEAR;0;0;;NO CONTROL PRESENT;PASSENGER CAR;PASSENGER CAR;NONE;NONE;;2016-04-11T17:32:16-04:00;2016;No;No;4;17
CARY;TWO-WAY,DIVIDED,POSITIVE MEDIAN BARRIER;DAYLIGHT;CLEAR;0;0;;STOP AND GO SIGNAL;SPORT UTILITY;SPORT UTILITY;NONE;NONE;;2016-04-11T18:28:31-04:00;2016;No;No;4;18
150 FEET FROM PVA (201 HIGH HOUSE RD);ONE-WAY,NOT DIVIDED;DAYLIGHT;CLEAR;0;0;;NO CONTROL PRESENT;LIGHT TRUCK (MINI-VAN- PANEL);VAN;NONE;NONE;;2016-04-08T11:11:00-04:00;2016;No;No;4;11
CARY;TWO-WAY,NOT DIVIDED;DAYLIGHT;CLOUDY;0;0;;NO CONTROL PRESENT;PASSENGER CAR;PASSENGER CAR;NONE;NONE;;2016-04-12T10:52:00-04:00;2016;No;No;4;10
.15 MILES FROM US 1 HWY SOUTH;NONE;NONE;NONE;0;0;;;NONE;NONE;NONE;NONE;;2016-03-15T12:49:00-04:00;2016;No;No;3;12
50 FEET FROM P.V.A. (801 SE MAYNARD RD);TWO-WAY,NOT DIVIDED;DAYLIGHT;CLEAR;0;0;;NO CONTROL PRESENT;PASSENGER CAR;NONE;NONE;NONE;;2016-04-13T22:13:00-04:00;2016;No;No;4;22
0 FEET FROM SR 1628 (OKELLY CHAPEL RD);TWO-WAY,NOT DIVIDED;DAYLIGHT;RAIN;0;0;;STOP SIGN;PICKUP;PICKUP;NONE;NONE;;2016-04-12T15:30:42-04:00;2016;No;No;4;15
300 FEET FROM PVA 6770 MCCRIMMOM PKWY;TWO-WAY,NOT DIVIDED;DAYLIGHT;CLEAR;0;0;;NO CONTROL PRESENT;PASSENGER CAR;PASSENGER CAR;NONE;NONE;;2016-04-11T07:27:24-04:00;2016;No;No;4;07
40 FEET FROM P.V.A. (1401 SE MAYNARD RD);TWO-WAY,NOT DIVIDED;DAYLIGHT;CLEAR;0;0;;NO CONTROL PRESENT;PASSENGER CAR;PASSENGER CAR;NONE;NONE;;2016-04-14T18:50:48-04:00;2016;No;No;4;18
0 FEET FROM SR 1370 (TRYON RD);TWO-WAY,DIVIDED,POSITIVE MEDIAN BARRIER;DAYLIGHT;CLEAR;0;0;;STOP SIGN;PASSENGER CAR;PASSENGER CAR;NONE;NONE;;2016-04-14T18:06:41-04:00;2016;No;No;4;18
CARY;TWO-WAY,DIVIDED,UNPROTECTED MEDIAN;DAYLIGHT;CLEAR;0;0;;STOP AND GO SIGNAL;PASSENGER CAR;PASSENGER CAR;NONE;NONE;;2016-04-13T17:35:00-04:00;2016;No;No;4;17
200 FEET FROM SR 1313 (KILDAIRE FARM RD);TWO-WAY,NOT DIVIDED;DAYLIGHT;CLEAR;0;0;;STOP AND GO SIGNAL;SPORT UTILITY;PASSENGER CAR;NONE;NONE;;2016-04-14T19:40:08-04:00;2016;No;No;4;19
CARY;TWO-WAY,NOT DIVIDED;DAYLIGHT;CLEAR;0;0;;STOP SIGN;PASSENGER CAR;SPORT UTILITY;NONE;NONE;;2016-04-16T17:41:54-04:00;2016;No;No;4;17
CARY;TWO-WAY,DIVIDED,UNPROTECTED MEDIAN;DARK - LIGHTED ROADWAY;CLEAR;0;0;;STOP AND GO SIGNAL;VAN;PASSENGER CAR;NONE;NONE;;2016-04-17T20:19:21-04:00;2016;No;No;4;20
0 FEET FROM SR 1300 (KILDAIRE FARM RD);TWO-WAY,DIVIDED,UNPROTECTED MEDIAN;DAYLIGHT;CLEAR;0;1;;STOP AND GO SIGNAL;VAN;VAN;NONE;NONE;;2016-04-15T13:37:40-04:00;2016;No;Yes;4;13
CARY;TWO-WAY,NOT DIVIDED;DAYLIGHT;CLEAR;0;0;;STOP AND GO SIGNAL;SPORT UTILITY;SPORT UTILITY;NONE;NONE;;2016-04-15T17:54:01-04:00;2016;No;No;4;17
150 FEET FROM CAITBOO AVE.;TWO-WAY,NOT DIVIDED;DARK - LIGHTED ROADWAY;CLEAR;0;0;;NO CONTROL PRESENT;PICKUP;PASSENGER CAR;NONE;NONE;;2016-04-14T20:10:26-04:00;2016;No;No;4;20
CARY;TWO-WAY,DIVIDED,UNPROTECTED MEDIAN;DAYLIGHT;CLEAR;0;0;;STOP AND GO SIGNAL;SPORT UTILITY;PASSENGER CAR;PASSENGER CAR;NONE;;2016-04-17T07:55:43-04:00;2016;No;No;4;07
4.82 MILES FROM NC HWY 55;NONE;NONE;NONE;0;0;;;NONE;NONE;NONE;NONE;;2016-04-19T01:31:21-04:00;2016;No;No;4;01
CARY;TWO-WAY,DIVIDED,UNPROTECTED MEDIAN;DUSK;CLEAR;0;0;;STOP AND GO SIGNAL;PASSENGER CAR;SPORT UTILITY;NONE;NONE;;2016-04-17T19:41:20-04:00;2016;No;No;4;19
41 FEET FROM  P.V.A.  ( 2041 WALNUTST);TWO-WAY,DIVIDED,UNPROTECTED MEDIAN;DAYLIGHT;CLEAR;0;0;;STOP SIGN;PASSENGER CAR;SPORT UTILITY;NONE;NONE;;2016-04-19T11:39:00-04:00;2016;No;No;4;11
50 FEET FROM MICHIGAN AV;TWO-WAY,NOT DIVIDED;DAYLIGHT;CLEAR;0;0;;NO CONTROL PRESENT;PASSENGER CAR;NONE;NONE;NONE;;2016-04-14T16:42:05-04:00;2016;No;No;4;16
30 FEET FROM SR 3977 (SE CARY PKY);TWO-WAY,DIVIDED,UNPROTECTED MEDIAN;DAYLIGHT;CLEAR;0;2;;STOP SIGN;PASSENGER CAR;PASSENGER CAR;NONE;NONE;;2016-04-19T09:49:31-04:00;2016;No;Yes;4;09
297 FEET FROM SR 1300 (KILDAIRE FARM RD);TWO-WAY,DIVIDED,UNPROTECTED MEDIAN;DAYLIGHT;CLEAR;0;0;;NO CONTROL PRESENT;PASSENGER CAR;SPORT UTILITY;NONE;NONE;;2016-04-21T20:40:57-04:00;2016;No;No;4;20
100 FEET FROM PVA 3025 WINSTON HILL DR;TWO-WAY,NOT DIVIDED;DAYLIGHT;CLOUDY;0;0;;STOP SIGN;PASSENGER CAR;PICKUP;NONE;NONE;;2016-04-22T11:08:00-04:00;2016;No;No;4;11
100 FEET FROM LONDON PLAIN CT;TWO-WAY,NOT DIVIDED;NONE;CLEAR;0;0;;NO CONTROL PRESENT;PASSENGER CAR;PASSENGER CAR;NONE;NONE;;2016-04-24T11:09:00-04:00;2016;No;No;4;11
250 FEET FROM SR-1009 TRYON RD;TWO-WAY,DIVIDED,UNPROTECTED MEDIAN;DAYLIGHT;RAIN;0;0;;NO CONTROL PRESENT;PASSENGER CAR;PASSENGER CAR;NONE;NONE;;2016-04-22T15:56:22-04:00;2016;No;No;4;15
75 FEET FROM SR 1613 DAVIS DR;TWO-WAY,DIVIDED,UNPROTECTED MEDIAN;DAYLIGHT;CLOUDY;0;0;;STOP AND GO SIGNAL;SPORT UTILITY;PASSENGER CAR;NONE;NONE;;2016-04-22T19:10:15-04:00;2016;No;No;4;19
100 FEET FROM P.V.A. OF 1800 WALNUT ST;TWO-WAY,NOT DIVIDED;DAYLIGHT;CLEAR;0;0;;NO CONTROL PRESENT;SPORT UTILITY;SPORT UTILITY;NONE;NONE;;2016-04-23T08:52:21-04:00;2016;No;No;4;08
CARY;TWO-WAY,DIVIDED,POSITIVE MEDIAN BARRIER;DAYLIGHT;CLEAR;0;0;;STOP SIGN;SPORT UTILITY;SPORT UTILITY;PASSENGER CAR;NONE;;2016-04-23T17:19:15-04:00;2016;No;No;4;17
CARY;TWO-WAY,DIVIDED,UNPROTECTED MEDIAN;DAYLIGHT;CLEAR;0;0;;STOP AND GO SIGNAL;SPORT UTILITY;PASSENGER CAR;NONE;NONE;;2016-04-24T08:54:20-04:00;2016;No;No;4;08
CARY;TWO-WAY,DIVIDED,UNPROTECTED MEDIAN;DAYLIGHT;CLEAR;0;0;;STOP SIGN;PASSENGER CAR;NONE;NONE;NONE;;2016-04-24T04:45:00-04:00;2016;No;No;4;04