Location_Description;Road_Configuration;Light_Condition;Weather;Fatality;Injury;Contributing_Factor;Traffic_Control;Vehicle1;Vehicle2;Vehicle3;Vehicle4;Vehicle5;Crash_Date;year;Fatalities;Injuries;Month;Hour
25 FEET FROM RYAN RD;TWO-WAY,NOT DIVIDED;DAYLIGHT;CLEAR;0;0;;NO CONTROL PRESENT;PASSENGER CAR;PASSENGER CAR;NONE;NONE;;2016-05-31T21:53:54-04:00;2016;No;No;5;21
65 FEET FROM US-1 NB ON RAMP;ONE-WAY,NOT DIVIDED;DAYLIGHT;CLEAR;0;0;;YIELD SIGN;PICKUP;PASSENGER CAR;NONE;NONE;;2016-06-03T21:31:09-04:00;2016;No;No;6;21
25 FEET FROM WALNUT ST;TWO-WAY,DIVIDED,POSITIVE MEDIAN BARRIER;DAYLIGHT;CLEAR;0;0;;STOP SIGN;PASSENGER CAR;PASSENGER CAR;NONE;NONE;;2016-06-04T11:17:00-04:00;2016;No;No;6;11
CARY;TWO-WAY,NOT DIVIDED;DUSK;RAIN;0;0;;STOP AND GO SIGNAL;PASSENGER CAR;PASSENGER CAR;NONE;NONE;;2016-06-05T19:20:58-04:00;2016;No;No;6;19
100 FEET FROM SR 1010 (TEN TEN RD);TWO-WAY,DIVIDED,UNPROTECTED MEDIAN;DAYLIGHT;CLEAR;0;1;;STOP AND GO SIGNAL;SPORT UTILITY;PASSENGER CAR;NONE;NONE;;2016-06-06T08:20:37-04:00;2016;No;Yes;6;08
175 FEET FROM TALON REST WAY;TWO-WAY,NOT DIVIDED;DAYLIGHT;CLEAR;0;0;;NO CONTROL PRESENT;VAN;SINGLE UNIT TRUCK (2-AXLE- 6-TIRE);NONE;NONE;;2016-06-06T14:38:35-04:00;2016;No;No;6;14
CARY;TWO-WAY,NOT DIVIDED;DAYLIGHT;CLEAR;0;0;;STOP AND GO SIGNAL;PASSENGER CAR;PASSENGER CAR;NONE;NONE;;2016-06-06T14:01:26-04:00;2016;No;No;6;14
CARY;TWO-WAY,DIVIDED,UNPROTECTED MEDIAN;DAYLIGHT;CLEAR;0;0;;STOP AND GO SIGNAL;SPORT UTILITY;PICKUP;NONE;NONE;;2016-06-07T16:33:51-04:00;2016;No;No;6;16
NEAR .05 MILES N OF N US 1 HWY;TWO-WAY,DIVIDED,POSITIVE MEDIAN BARRIER;DAYLIGHT;CLEAR;0;0;;NO CONTROL PRESENT;PICKUP;PICKUP;NONE;NONE;;2016-06-08T09:12:01-04:00;2016;No;No;6;09
10 FEET FROM CRESCENT GREEN DR;TWO-WAY,DIVIDED,UNPROTECTED MEDIAN;DAYLIGHT;CLEAR;0;0;;STOP SIGN;PASSENGER CAR;PASSENGER CAR;NONE;NONE;;2016-06-07T13:53:40-04:00;2016;No;No;6;13
145 FEET FROM GOOD HOPE CHURCH RD 1633;TWO-WAY,NOT DIVIDED;DAYLIGHT;CLEAR;0;0;;NO CONTROL PRESENT;PASSENGER CAR;PASSENGER CAR;NONE;NONE;;2016-06-08T12:11:00-04:00;2016;No;No;6;12
100 FEET FROM SR1652 (N HARRISON AVE);TWO-WAY,DIVIDED,UNPROTECTED MEDIAN;DAYLIGHT;CLEAR;0;0;;NO CONTROL PRESENT;PASSENGER CAR;PASSENGER CAR;NONE;NONE;;2016-06-08T17:36:23-04:00;2016;No;No;6;17
300 FEET FROM PVA AT 2000 WALNUT ST;TWO-WAY,NOT DIVIDED;DAYLIGHT;CLEAR;0;0;;NO CONTROL PRESENT;SPORT UTILITY;VAN;NONE;NONE;;2016-06-08T18:06:35-04:00;2016;No;No;6;18
100 FEET FROM N LAKE ST;TWO-WAY,NOT DIVIDED;DARK - ROADWAY NOT LIGHTED;CLEAR;0;0;;NO CONTROL PRESENT;PASSENGER CAR;NONE;NONE;NONE;;2016-06-09T23:08:00-04:00;2016;No;No;6;23
.02 MILES FROM SR-1300 (KILDAIRE FARM RD);TWO-WAY,DIVIDED,UNPROTECTED MEDIAN;DAYLIGHT;CLEAR;0;0;;STOP AND GO SIGNAL;PASSENGER CAR;PASSENGER CAR;NONE;NONE;;2016-06-09T13:35:51-04:00;2016;No;No;6;13
.10 MILES FROM PVA OF ( 973 N. HARRISON AVE );TWO-WAY,NOT DIVIDED;DAYLIGHT;CLEAR;0;0;;NO CONTROL PRESENT;SPORT UTILITY;PICKUP;NONE;NONE;;2016-06-09T16:35:24-04:00;2016;No;No;6;16
CARY;TWO-WAY,NOT DIVIDED;DAYLIGHT;CLEAR;0;2;;STOP AND GO SIGNAL;PASSENGER CAR;SPORT UTILITY;NONE;NONE;;2016-06-09T21:12:41-04:00;2016;No;Yes;6;21
300 FEET FROM SR1613 (DAVIS DR);TWO-WAY,DIVIDED,UNPROTECTED MEDIAN;DAYLIGHT;CLEAR;0;0;;STOP AND GO SIGNAL;PASSENGER CAR;SPORT UTILITY;NONE;NONE;;2016-06-07T19:07:26-04:00;2016;No;No;6;19
75 FEET FROM SR 1652 (N HARRISON AVE);TWO-WAY,NOT DIVIDED;DAYLIGHT;CLEAR;0;0;;NO CONTROL PRESENT;PICKUP;PASSENGER CAR;NONE;NONE;;2016-06-10T07:40:45-04:00;2016;No;No;6;07
25 FEET FROM SR 3977 (SE CARY PKWY);TWO-WAY,DIVIDED,UNPROTECTED MEDIAN;DAYLIGHT;CLEAR;0;0;;STOP AND GO SIGNAL;PASSENGER CAR;PASSENGER CAR;NONE;NONE;;2016-06-10T06:44:45-04:00;2016;No;No;6;06
CARY;TWO-WAY,DIVIDED,UNPROTECTED MEDIAN;DAYLIGHT;CLEAR;0;0;;STOP AND GO SIGNAL;PICKUP;PASSENGER CAR;NONE;NONE;;2016-06-10T13:38:14-04:00;2016;No;No;6;13
200 FEET FROM US 64 HWY;TWO-WAY,DIVIDED,UNPROTECTED MEDIAN;DAYLIGHT;CLEAR;0;0;;NO CONTROL PRESENT;PASSENGER CAR;PASSENGER CAR;NONE;NONE;;2016-06-07T20:44:49-04:00;2016;No;No;6;20
.8 MILES FROM US 1 HWY NB;TWO-WAY,DIVIDED,POSITIVE MEDIAN BARRIER;DARK - LIGHTED ROADWAY;CLEAR;0;1;;NO CONTROL PRESENT;PASSENGER CAR;PASSENGER CAR;NONE;NONE;;2016-06-09T22:15:00-04:00;2016;No;Yes;6;22
150 FEET FROM PVA 150 PARKWAY OFFICE COURT;TWO-WAY,NOT DIVIDED;DAYLIGHT;CLEAR;0;0;;NO CONTROL PRESENT;PASSENGER CAR;VAN;NONE;NONE;;2016-06-10T13:53:31-04:00;2016;No;No;6;13
10 FEET FROM SR 1011 (W CHATHAM ST);ONE-WAY,NOT DIVIDED;DAYLIGHT;CLEAR;0;0;;YIELD SIGN;PASSENGER CAR;NONE;NONE;NONE;;2016-06-10T18:10:50-04:00;2016;No;No;6;18
30 FEET FROM PVA OF 3480 KILDAIRE FARM RD;TWO-WAY,NOT DIVIDED;DAYLIGHT;CLEAR;0;0;;NO CONTROL PRESENT;PASSENGER CAR;PASSENGER CAR;NONE;NONE;;2016-06-12T12:46:00-04:00;2016;No;No;6;12
150 FEET FROM (SR1379) PENNY RD;TWO-WAY,NOT DIVIDED;DAYLIGHT;CLEAR;0;1;;NO CONTROL PRESENT;PASSENGER CAR;PASSENGER CAR;NONE;NONE;;2016-06-12T11:15:00-04:00;2016;No;Yes;6;11
0 FEET FROM E DURHAM RD;TWO-WAY,NOT DIVIDED;DAYLIGHT;CLEAR;0;2;;STOP SIGN;PICKUP;PICKUP;NONE;NONE;;2016-06-13T14:54:34-04:00;2016;No;Yes;6;14
460 FEET FROM PVA (2021 WALNUT ST);TWO-WAY,NOT DIVIDED;DAYLIGHT;CLEAR;0;0;;NO CONTROL PRESENT;PASSENGER CAR;PASSENGER CAR;NONE;NONE;;2016-06-14T16:28:20-04:00;2016;No;No;6;16
.5 MILES FROM U.S. 1 HWY;TWO-WAY,DIVIDED,POSITIVE MEDIAN BARRIER;DAYLIGHT;CLEAR;0;1;;NO CONTROL PRESENT;PICKUP;PASSENGER CAR;NONE;NONE;;2016-06-07T20:44:49-04:00;2016;No;Yes;6;20
15 FEET FROM SILVERCLIFF DR;TWO-WAY,NOT DIVIDED;DAYLIGHT;CLEAR;0;0;;NO CONTROL PRESENT;PASSENGER CAR;VAN;NONE;NONE;;2016-06-15T12:01:00-04:00;2016;No;No;6;12
CARY;TWO-WAY,NOT DIVIDED;DAYLIGHT;CLEAR;0;0;;NO CONTROL PRESENT;PASSENGER CAR;PASSENGER CAR;NONE;NONE;;2016-06-14T18:46:41-04:00;2016;No;No;6;18
200 FEET FROM SR 3112 (NW CARY PKWY);TWO-WAY,DIVIDED,UNPROTECTED MEDIAN;DAYLIGHT;CLEAR;0;2;;STOP SIGN;PASSENGER CAR;PASSENGER CAR;NONE;NONE;;2016-06-14T09:04:20-04:00;2016;No;Yes;6;09
180 FEET FROM PVA 1315 KILDAIRE FARM RD;TWO-WAY,NOT DIVIDED;DAYLIGHT;CLEAR;0;0;;STOP SIGN;SPORT UTILITY;PASSENGER CAR;NONE;NONE;;2016-06-16T11:38:00-04:00;2016;No;No;6;11
200 FEET FROM SR 1011 (E CHATHAM ST);TWO-WAY,NOT DIVIDED;DARK - LIGHTED ROADWAY;RAIN;0;0;;HUMAN CONTROL;PASSENGER CAR;SPORT UTILITY;NONE;NONE;;2016-06-15T20:35:57-04:00;2016;No;No;6;20
CARY;TWO-WAY,NOT DIVIDED;DAYLIGHT;CLEAR;0;0;;STOP SIGN;PASSENGER CAR;PASSENGER CAR;NONE;NONE;;2016-06-16T14:12:30-04:00;2016;No;No;6;14
320 FEET FROM CAITBOO AV;TWO-WAY,DIVIDED,UNPROTECTED MEDIAN;DAYLIGHT;CLEAR;0;0;;NO CONTROL PRESENT;SPORT UTILITY;SPORT UTILITY;NONE;NONE;;2016-06-16T16:29:43-04:00;2016;No;No;6;16
50 FEET FROM DILLARD DR (SR 1349);TWO-WAY,DIVIDED,UNPROTECTED MEDIAN;DAYLIGHT;CLEAR;0;0;;STOP AND GO SIGNAL;PASSENGER CAR;SPORT UTILITY;NONE;NONE;;2016-06-17T12:31:00-04:00;2016;No;No;6;12
0 FEET FROM SR 3977 (NW CARY PKWY);TWO-WAY,DIVIDED,UNPROTECTED MEDIAN;DAYLIGHT;CLOUDY;0;1;;STOP AND GO SIGNAL;SPORT UTILITY;PASSENGER CAR;PASSENGER CAR;NONE;;2016-06-15T09:52:52-04:00;2016;No;Yes;6;09
200 FEET FROM SAS CAMPUS DR;TWO-WAY,NOT DIVIDED;DAYLIGHT;CLOUDY;0;1;;NO CONTROL PRESENT;PASSENGER CAR;PASSENGER CAR;NONE;NONE;;2016-06-15T07:35:39-04:00;2016;No;Yes;6;07
0 FEET FROM SR 1152 (HOLLY SPRINGS RD);TWO-WAY,DIVIDED,UNPROTECTED MEDIAN;DAYLIGHT;CLEAR;0;0;;STOP AND GO SIGNAL;PASSENGER CAR;PICKUP;NONE;NONE;;2016-06-14T12:46:00-04:00;2016;No;No;6;12
.10 MILES FROM CROSSROADS BLVD;TWO-WAY,NOT DIVIDED;DAYLIGHT;CLEAR;0;0;;NO CONTROL PRESENT;VAN;SPORT UTILITY;NONE;NONE;;2016-06-18T10:50:00-04:00;2016;No;No;6;10
10 FEET FROM P.V.A. (590 E CHATHAM ST);TWO-WAY,NOT DIVIDED;DARK - LIGHTED ROADWAY;CLEAR;0;0;;NO CONTROL PRESENT;PASSENGER CAR;PASSENGER CAR;NONE;NONE;;2016-06-18T22:37:00-04:00;2016;No;No;6;22
300 FEET FROM (SR-1415) SE MAYNARD RD;TWO-WAY,DIVIDED,UNPROTECTED MEDIAN;DAYLIGHT;CLEAR;0;0;;NO CONTROL PRESENT;PASSENGER CAR;PASSENGER CAR;NONE;NONE;;2016-06-18T15:08:17-04:00;2016;No;No;6;15
350 FEET FROM PRESTON EXECUTIVE DR;TWO-WAY,NOT DIVIDED;DAYLIGHT;CLEAR;0;0;;NO CONTROL PRESENT;PASSENGER CAR;PASSENGER CAR;NONE;NONE;;2016-06-20T16:48:02-04:00;2016;No;No;6;16
.1 MILES FROM PVA OF 107 EDINBURGH SOUTH DR;TWO-WAY,NOT DIVIDED;DAYLIGHT;CLEAR;0;0;;NO CONTROL PRESENT;PASSENGER CAR;PICKUP;NONE;NONE;;2016-06-20T15:42:45-04:00;2016;No;No;6;15
CARY;TWO-WAY,NOT DIVIDED;DAYLIGHT;CLEAR;0;1;;NO CONTROL PRESENT;PASSENGER CAR;SPORT UTILITY;NONE;NONE;;2016-06-20T08:56:31-04:00;2016;No;Yes;6;08
0.11 MILES FROM PVA (150 PARKWAY OFFICE CT);TWO-WAY,NOT DIVIDED;DAYLIGHT;CLOUDY;0;0;;NO CONTROL PRESENT;PASSENGER CAR;SPORT UTILITY;NONE;NONE;;2016-06-21T17:10:22-04:00;2016;No;No;6;17
CARY;TWO-WAY,DIVIDED,UNPROTECTED MEDIAN;DAYLIGHT;CLEAR;0;0;;STOP AND GO SIGNAL;PASSENGER CAR;PASSENGER CAR;NONE;NONE;;2016-06-21T16:49:19-04:00;2016;No;No;6;16
29 FEET FROM 202 MEADOW BEAUTY DR.;TWO-WAY,NOT DIVIDED;DAYLIGHT;CLEAR;0;0;;NO CONTROL PRESENT;SPORT UTILITY;NONE;NONE;NONE;;2016-06-23T21:58:10-04:00;2016;No;No;6;21
100 FEET FROM SR 3977 (NW CARY PARKWAY);TWO-WAY,DIVIDED,UNPROTECTED MEDIAN;DAYLIGHT;CLEAR;0;1;;NO CONTROL PRESENT;PASSENGER CAR;PASSENGER CAR;NONE;NONE;;2016-06-23T08:15:18-04:00;2016;No;Yes;6;08
50 FEET FROM E CEDAR ST;TWO-WAY,NOT DIVIDED;DAYLIGHT;CLOUDY;0;0;;NO CONTROL PRESENT;PASSENGER CAR;PASSENGER CAR;NONE;NONE;;2016-06-23T16:21:40-04:00;2016;No;No;6;16
10 FEET FROM NC54;TWO-WAY,DIVIDED,UNPROTECTED MEDIAN;DAYLIGHT;CLEAR;0;0;;FLASHING STOP AND GO SIGNAL;PASSENGER CAR;NONE;NONE;NONE;;2016-06-23T10:09:00-04:00;2016;No;No;6;10
35 FEET FROM 1607 WALNUT ST. (PVA);ONE-WAY,NOT DIVIDED;DAYLIGHT;CLEAR;0;0;;NO CONTROL PRESENT;NONE;SPORT UTILITY;NONE;NONE;;2016-06-25T15:19:18-04:00;2016;No;No;6;15
10 FEET FROM SR 1415 (SE MAYNARD RD);TWO-WAY,DIVIDED,UNPROTECTED MEDIAN;DAYLIGHT;CLEAR;0;0;;STOP AND GO SIGNAL;SPORT UTILITY;PASSENGER CAR;NONE;NONE;;2016-06-24T18:08:54-04:00;2016;No;No;6;18
30 FEET FROM SR 1300 (KILDAIRE FARM RD);TWO-WAY,DIVIDED,UNPROTECTED MEDIAN;DAYLIGHT;CLOUDY;0;1;;STOP AND GO SIGNAL;PASSENGER CAR;PASSENGER CAR;NONE;NONE;;2016-06-25T13:07:50-04:00;2016;No;Yes;6;13
323 FEET FROM SR 1298 (BUCK JONES RD);TWO-WAY,DIVIDED,UNPROTECTED MEDIAN;DAYLIGHT;CLEAR;0;2;;NO CONTROL PRESENT;SPORT UTILITY;PASSENGER CAR;NONE;NONE;;2016-06-26T15:34:53-04:00;2016;No;Yes;6;15
5 FEET FROM COORSDALE DR;TWO-WAY,NOT DIVIDED;DAYLIGHT;CLEAR;0;0;;NO CONTROL PRESENT;VAN;SPORT UTILITY;NONE;NONE;;2016-06-27T09:52:51-04:00;2016;No;No;6;09
CARY;TWO-WAY,NOT DIVIDED;DARK - ROADWAY NOT LIGHTED;CLEAR;0;0;;NO CONTROL PRESENT;PASSENGER CAR;NONE;NONE;NONE;;2016-06-26T18:48:16-04:00;2016;No;No;6;18
.05 MILES FROM US 1 HWY OFF RAMP;TWO-WAY,NOT DIVIDED;DAYLIGHT;CLEAR;0;0;;STOP AND GO SIGNAL;SPORT UTILITY;VAN;NONE;NONE;;2016-06-27T17:55:22-04:00;2016;No;No;6;17
.1 MILES FROM US 64;TWO-WAY,DIVIDED,UNPROTECTED MEDIAN;DAYLIGHT;CLOUDY;0;0;;NO CONTROL PRESENT;PASSENGER CAR;PASSENGER CAR;NONE;NONE;;2016-06-28T19:16:43-04:00;2016;No;No;6;19
10 FEET FROM SR 1379  (PENNY RD.);TWO-WAY,NOT DIVIDED;DAYLIGHT;CLEAR;0;0;;NO CONTROL PRESENT;VAN;NONE;NONE;NONE;;2016-06-30T19:44:46-04:00;2016;No;No;6;19
0 FEET FROM SR 3112 NW MAYNARD RD;TWO-WAY,DIVIDED,UNPROTECTED MEDIAN;DAYLIGHT;CLEAR;0;0;;NO CONTROL PRESENT;SPORT UTILITY;PASSENGER CAR;NONE;NONE;;2016-06-29T13:56:56-04:00;2016;No;No;6;13
CARY;TWO-WAY,NOT DIVIDED;DAYLIGHT;CLEAR;0;0;;STOP AND GO SIGNAL;SPORT UTILITY;SPORT UTILITY;NONE;NONE;;2016-06-29T22:57:00-04:00;2016;No;No;6;22
.13 MILES FROM P.V.A. 210 HYDE PARK CT;TWO-WAY,NOT DIVIDED;DUSK;CLEAR;0;0;;NO CONTROL PRESENT;PASSENGER CAR;PICKUP;NONE;NONE;;2016-06-30T20:16:07-04:00;2016;No;No;6;20
CARY;TWO-WAY,DIVIDED,UNPROTECTED MEDIAN;DARK - LIGHTED ROADWAY;RAIN;0;0;;STOP AND GO SIGNAL;PASSENGER CAR;PASSENGER CAR;NONE;NONE;;2016-06-29T21:56:05-04:00;2016;No;No;6;21
10 FEET FROM US 1 OFF RAMP TO US 64 HWY;ONE-WAY,NOT DIVIDED;DAYLIGHT;CLEAR;0;0;;STOP AND GO SIGNAL;SPORT UTILITY;PASSENGER CAR;NONE;NONE;;2016-06-29T10:18:00-04:00;2016;No;No;6;10
114 FEET FROM P.V.A. (100 W CHATHAM ST);TWO-WAY,NOT DIVIDED;DAYLIGHT;CLEAR;0;0;;NO CONTROL PRESENT;PASSENGER CAR;NONE;NONE;NONE;;2016-06-30T14:41:35-04:00;2016;No;No;6;14
450 FEET FROM PVA OF 409 CROSSROADS BLV;TWO-WAY,NOT DIVIDED;DAYLIGHT;CLEAR;0;0;;NO CONTROL PRESENT;PASSENGER CAR;PASSENGER CAR;NONE;NONE;;2016-07-01T12:08:00-04:00;2016;No;No;7;12
0 FEET FROM SR 3112 (NW CARY PKWY);TWO-WAY,DIVIDED,POSITIVE MEDIAN BARRIER;DAYLIGHT;CLEAR;0;0;;NO CONTROL PRESENT;PASSENGER CAR;PASSENGER CAR;NONE;NONE;;2016-06-28T17:52:56-04:00;2016;No;No;6;17
0 FEET FROM SR1624 CARPENTER FIRE STATION;TWO-WAY,DIVIDED,UNPROTECTED MEDIAN;DAYLIGHT;RAIN;0;0;;STOP SIGN;PASSENGER CAR;PICKUP;NONE;NONE;;2016-06-29T18:52:41-04:00;2016;No;No;6;18
50 FEET FROM CASTLE BAY CT;TWO-WAY,NOT DIVIDED;DUSK;CLEAR;0;0;;NO CONTROL PRESENT;PICKUP;PASSENGER CAR;NONE;NONE;;2016-07-01T20:38:10-04:00;2016;No;No;7;20
50 FEET FROM SR-1415 (NE MAYNARD RD);TWO-WAY,DIVIDED,UNPROTECTED MEDIAN;DAYLIGHT;CLEAR;0;1;;STOP AND GO SIGNAL;VAN;PICKUP;NONE;NONE;;2016-07-04T16:06:52-04:00;2016;No;Yes;7;16
150 FEET FROM 2010 KILDAIRE FARM RD (PVA);TWO-WAY,NOT DIVIDED;DARK - LIGHTED ROADWAY;RAIN;0;0;;NO CONTROL PRESENT;NONE;PASSENGER CAR;NONE;NONE;;2016-07-02T14:01:57-04:00;2016;No;No;7;14
0 FEET FROM RP 3977 (SW CARY PKWY);TWO-WAY,DIVIDED,UNPROTECTED MEDIAN;DAYLIGHT;RAIN;0;0;;STOP AND GO SIGNAL;PASSENGER CAR;VAN;NONE;NONE;;2016-06-29T20:16:46-04:00;2016;No;No;6;20
0 FEET FROM SR 1300 (WALNUT ST);TWO-WAY,DIVIDED,UNPROTECTED MEDIAN;DAYLIGHT;CLEAR;0;0;;STOP AND GO SIGNAL;PASSENGER CAR;SPORT UTILITY;NONE;NONE;;2016-06-30T20:11:26-04:00;2016;No;No;6;20
5 FEET FROM CONVENIENCE LN;TWO-WAY,NOT DIVIDED;DUSK;RAIN;0;0;;STOP SIGN;PASSENGER CAR;SPORT UTILITY;NONE;NONE;;2016-07-05T17:49:34-04:00;2016;No;No;7;17
CARY;TWO-WAY,NOT DIVIDED;DAYLIGHT;CLEAR;0;0;;NO CONTROL PRESENT;NONE;NONE;NONE;NONE;;2016-07-05T09:20:42-04:00;2016;No;No;7;09
100 FEET FROM SR 1650 (REEDY CREEK RD);TWO-WAY,NOT DIVIDED;DAYLIGHT;CLEAR;0;0;;NO CONTROL PRESENT;PASSENGER CAR;NONE;NONE;NONE;;2016-07-07T09:18:43-04:00;2016;No;No;7;09
0 FEET FROM SR1600 GREEN LEVEL CHURCH RD;TWO-WAY,DIVIDED,UNPROTECTED MEDIAN;DAYLIGHT;CLEAR;0;3;;STOP SIGN;PASSENGER CAR;PASSENGER CAR;NONE;NONE;;2016-07-05T18:07:57-04:00;2016;No;Yes;7;18
0 FEET FROM FRANCES GREEN LN;TWO-WAY,NOT DIVIDED;DAYLIGHT;CLEAR;0;0;;NO CONTROL PRESENT;PASSENGER CAR;NONE;NONE;NONE;;2016-07-07T17:55:58-04:00;2016;No;No;7;17
CARY;TWO-WAY,DIVIDED,UNPROTECTED MEDIAN;DAYLIGHT;CLEAR;0;0;;STOP AND GO SIGNAL;SPORT UTILITY;SPORT UTILITY;NONE;NONE;;2016-07-08T18:17:28-04:00;2016;No;No;7;18
.1 MILES FROM US 1 S EXIT RAMP;ONE-WAY,NOT DIVIDED;DAYLIGHT;CLEAR;0;0;;STOP AND GO SIGNAL;PASSENGER CAR;PASSENGER CAR;NONE;NONE;;2016-07-11T12:56:00-04:00;2016;No;No;7;12
.3 MILES FROM SR 1628 (OKELLY CHAPEL RD);TWO-WAY,DIVIDED,UNPROTECTED MEDIAN;DAYLIGHT;CLEAR;0;0;;STOP AND GO SIGNAL;PASSENGER CAR;PASSENGER CAR;NONE;NONE;;2016-07-11T00:51:00-04:00;2016;No;No;7;00
250 FEET FROM PVA OF 201 CROSSROADS BLVD;TWO-WAY,NOT DIVIDED;DAYLIGHT;CLEAR;0;0;;NO CONTROL PRESENT;PASSENGER CAR;PASSENGER CAR;NONE;NONE;;2016-07-12T12:45:00-04:00;2016;No;No;7;12
CARY;TWO-WAY,NOT DIVIDED;DAYLIGHT;CLEAR;0;0;;STOP SIGN;PASSENGER CAR;LIGHT TRUCK (MINI-VAN- PANEL);NONE;NONE;;2016-07-12T20:58:07-04:00;2016;No;No;7;20
15 FEET FROM TRYON VILLAGE DR;TWO-WAY,NOT DIVIDED;DAYLIGHT;CLEAR;0;0;;NO CONTROL PRESENT;PASSENGER CAR;PASSENGER CAR;NONE;NONE;;2016-07-14T19:28:44-04:00;2016;No;No;7;19
CARY;TWO-WAY,NOT DIVIDED;DUSK;CLEAR;0;0;;NO CONTROL PRESENT;PICKUP;SPORT UTILITY;NONE;NONE;;2016-07-13T21:47:34-04:00;2016;No;No;7;21
79 FEET FROM YATES STORE RD;TWO-WAY,DIVIDED,UNPROTECTED MEDIAN;DAYLIGHT;CLEAR;0;0;;NO CONTROL PRESENT;SPORT UTILITY;NONE;NONE;NONE;;2016-07-15T16:19:48-04:00;2016;No;No;7;16
25 FEET FROM PVA OF 2185 DAVIS DR;TWO-WAY,NOT DIVIDED;DAYLIGHT;CLEAR;0;0;;NO CONTROL PRESENT;SPORT UTILITY;LIGHT TRUCK (MINI-VAN- PANEL);NONE;NONE;;2016-07-14T16:48:40-04:00;2016;No;No;7;16
498 FEET FROM SR#3977 (SW CARY PKWY);TWO-WAY,DIVIDED,UNPROTECTED MEDIAN;DAYLIGHT;CLEAR;0;0;;NO CONTROL PRESENT;PICKUP;PASSENGER CAR;NONE;NONE;;2016-07-18T15:19:27-04:00;2016;No;No;7;15
CARY;TWO-WAY,DIVIDED,UNPROTECTED MEDIAN;DAYLIGHT;CLEAR;0;0;;STOP AND GO SIGNAL;PASSENGER CAR;PASSENGER CAR;NONE;NONE;;2016-07-18T15:20:49-04:00;2016;No;No;7;15
25 FEET FROM SR 1307 (E CHATHAM ST);TWO-WAY,NOT DIVIDED;DARK - LIGHTED ROADWAY;RAIN;0;0;;NO CONTROL PRESENT;PASSENGER CAR;PASSENGER CAR;NONE;NONE;;2016-07-16T01:30:01-04:00;2016;No;No;7;01
100 FEET FROM NC 54 (CHAPEL HILL RD);TWO-WAY,DIVIDED,UNPROTECTED MEDIAN;DAYLIGHT;CLEAR;0;0;;NO CONTROL PRESENT;PASSENGER CAR;PASSENGER CAR;NONE;NONE;;2016-07-17T17:50:17-04:00;2016;No;No;7;17
200 FEET FROM PVA (114 HIDDEN OAKS DR);TWO-WAY,NOT DIVIDED;DARK - LIGHTED ROADWAY;CLEAR;0;0;;NO CONTROL PRESENT;NONE;PASSENGER CAR;NONE;NONE;;2016-07-13T11:59:00-04:00;2016;No;No;7;11
250 FEET FROM P.V.A. KROGER (1273 SR 3073);TWO-WAY,NOT DIVIDED;DAYLIGHT;CLEAR;0;0;;NO CONTROL PRESENT;SPORT UTILITY;PASSENGER CAR;NONE;NONE;;2016-07-20T14:53:50-04:00;2016;No;No;7;14
.1 MILES FROM SR 1011 (E CHATHAM ST);TWO-WAY,NOT DIVIDED;DAYLIGHT;CLEAR;0;0;;NO CONTROL PRESENT;PASSENGER CAR;PASSENGER CAR;NONE;NONE;;2016-07-21T12:34:00-04:00;2016;No;No;7;12
9 FEET FROM SR-1423 PINEY PLAINS RD;TWO-WAY,NOT DIVIDED;DAYLIGHT;CLEAR;0;0;;STOP AND GO SIGNAL;PASSENGER CAR;SPORT UTILITY;NONE;NONE;;2016-07-21T16:33:58-04:00;2016;No;No;7;16
103 FEET FROM SR 3977 (CARY PARKWAY);TWO-WAY,DIVIDED,UNPROTECTED MEDIAN;DAYLIGHT;CLEAR;0;0;;STOP SIGN;PASSENGER CAR;SPORT UTILITY;PASSENGER CAR;NONE;;2016-07-19T07:58:19-04:00;2016;No;No;7;07
.2 MILES FROM KEYTHORPE LN;TWO-WAY,NOT DIVIDED;DAYLIGHT;CLEAR;0;0;;NO CONTROL PRESENT;LIGHT TRUCK (MINI-VAN- PANEL);NONE;NONE;NONE;;2016-07-20T11:19:00-04:00;2016;No;No;7;11
499 FEET FROM PVA (575 NEW WAVERLY PL);TWO-WAY,NOT DIVIDED;DAYLIGHT;CLEAR;0;0;;NO CONTROL PRESENT;PASSENGER CAR;SPORT UTILITY;NONE;NONE;;2016-07-21T12:31:00-04:00;2016;No;No;7;12
CARY;TWO-WAY,NOT DIVIDED;NONE;CLEAR;0;0;;STOP SIGN;PASSENGER CAR;PASSENGER CAR;NONE;NONE;;2016-07-22T11:29:00-04:00;2016;No;No;7;11
.3 MILES FROM 7129 OKELLY CHAPEL RD;TWO-WAY,NOT DIVIDED;DAYLIGHT;CLEAR;0;0;;NO CONTROL PRESENT;PASSENGER CAR;PASSENGER CAR;NONE;NONE;;2016-07-24T14:36:07-04:00;2016;No;No;7;14
125 FEET FROM 204 CROSSROADS BLVD #212;TWO-WAY,NOT DIVIDED;DAYLIGHT;CLEAR;0;0;;NO CONTROL PRESENT;PASSENGER CAR;SPORT UTILITY;NONE;NONE;;2016-07-21T19:22:16-04:00;2016;No;No;7;19
.25 MILES FROM UPCHURCH FARM RD;TWO-WAY,NOT DIVIDED;DARK - LIGHTED ROADWAY;CLEAR;0;1;;NO CONTROL PRESENT;SPORT UTILITY;SPORT UTILITY;NONE;NONE;;2016-07-23T01:22:16-04:00;2016;No;Yes;7;01