Location_Description;Road_Configuration;Light_Condition;Weather;Fatality;Injury;Contributing_Factor;Traffic_Control;Vehicle1;Vehicle2;Vehicle3;Vehicle4;Vehicle5;Crash_Date;year;Fatalities;Injuries;Month;Hour
250 FEET FROM PVA (651 CARY TOWNE BLVD);TWO-WAY,NOT DIVIDED;DAYLIGHT;CLOUDY;0;0;COMING FROM BEHIND PARKED VEHICLE;NO CONTROL PRESENT;PICKUP;PICKUP;NONE;NONE;;2016-09-01T16:34:04-04:00;2016;No;No;9;16
20 FEET FROM SR 1521 (LAKE PINE DR);TWO-WAY,NOT DIVIDED;DAYLIGHT;CLEAR;0;0;;STOP AND GO SIGNAL;PASSENGER CAR;NONE;NONE;NONE;;2016-09-01T16:53:25-04:00;2016;No;No;9;16
200 FEET FROM WOODFIELD LAKE RD;TWO-WAY,NOT DIVIDED;DAYLIGHT;CLEAR;0;0;;NO CONTROL PRESENT;SPORT UTILITY;NONE;NONE;NONE;;2016-09-04T16:47:28-04:00;2016;No;No;9;16
300 FEET FROM PVA OF 7109 O`KELLY CHAPEL RD.;TWO-WAY,NOT DIVIDED;DAYLIGHT;CLEAR;0;0;;NO CONTROL PRESENT;PICKUP;SPORT UTILITY;NONE;NONE;;2016-08-31T15:15:01-04:00;2016;No;No;8;15
0 FEET FROM CROSSROADS BLVD;TWO-WAY,DIVIDED,UNPROTECTED MEDIAN;DARK - LIGHTED ROADWAY;RAIN;0;0;;STOP AND GO SIGNAL;PASSENGER CAR;PASSENGER CAR;NONE;NONE;;2016-09-02T20:09:57-04:00;2016;No;No;9;20
499 FEET FROM NC 55 HWY;TWO-WAY,DIVIDED,UNPROTECTED MEDIAN;DAYLIGHT;RAIN;0;0;COMING FROM BEHIND PARKED VEHICLE;NO CONTROL PRESENT;PASSENGER CAR;PASSENGER CAR;NONE;NONE;;2016-09-02T10:58:00-04:00;2016;No;No;9;10
300 FEET FROM VISHAY CT;TWO-WAY,NOT DIVIDED;DAYLIGHT;CLEAR;0;0;;NO CONTROL PRESENT;SPORT UTILITY;PASSENGER CAR;NONE;NONE;;2016-09-05T15:22:34-04:00;2016;No;No;9;15
20 FEET FROM SR 1349 (DILLARD DR);TWO-WAY,DIVIDED,UNPROTECTED MEDIAN;DAYLIGHT;CLEAR;0;0;;STOP AND GO SIGNAL;SPORT UTILITY;PASSENGER CAR;NONE;NONE;;2016-09-05T13:21:51-04:00;2016;No;No;9;13
200 FEET FROM PVA 2010 KILDAIRE FARM RD;TWO-WAY,NOT DIVIDED;DAYLIGHT;CLEAR;0;0;;NO CONTROL PRESENT;PASSENGER CAR;PASSENGER CAR;NONE;NONE;;2016-09-05T18:03:41-04:00;2016;No;No;9;18
15 FEET FROM PVA 102 HIDDEN OAKS DR;TWO-WAY,NOT DIVIDED;DUSK;CLOUDY;0;0;;NO CONTROL PRESENT;PASSENGER CAR;NONE;NONE;NONE;;2016-09-03T18:55:21-04:00;2016;No;No;9;18
402 FEET FROM P.V.A. 1611 WALNUT ST;TWO-WAY,NOT DIVIDED;DAYLIGHT;CLEAR;0;0;;NO CONTROL PRESENT;PASSENGER CAR;PASSENGER CAR;NONE;NONE;;2016-09-04T16:22:41-04:00;2016;No;No;9;16
.39 MILES FROM PVA OF 219 CROSSROADS BLVD;TWO-WAY,NOT DIVIDED;DARK - LIGHTED ROADWAY;CLEAR;0;0;;NO CONTROL PRESENT;SPORT UTILITY;SPORT UTILITY;NONE;NONE;;2016-09-03T04:37:47-04:00;2016;No;No;9;04
CARY;TWO-WAY,DIVIDED,POSITIVE MEDIAN BARRIER;DAYLIGHT;CLEAR;0;0;;STOP SIGN;SPORT UTILITY;PASSENGER CAR;NONE;NONE;;2016-09-04T22:07:00-04:00;2016;No;No;9;22
250 FEET FROM P.V.A. (KOHL`S);TWO-WAY,NOT DIVIDED;DAYLIGHT;CLEAR;0;0;;NO CONTROL PRESENT;VAN;SPORT UTILITY;NONE;NONE;;2016-09-04T17:09:29-04:00;2016;No;No;9;17
250 FEET FROM P.V.A. (1115 WALNUT ST);TWO-WAY,NOT DIVIDED;DAYLIGHT;CLEAR;0;0;;NO CONTROL PRESENT;PASSENGER CAR;PASSENGER CAR;NONE;NONE;;2016-09-06T17:07:09-04:00;2016;No;No;9;17
25 FEET FROM SR 1624 (CARPENTER FIRE STATIO;TWO-WAY,NOT DIVIDED;DAYLIGHT;CLEAR;0;2;;NO CONTROL PRESENT;SPORT UTILITY;SPORT UTILITY;NONE;NONE;;2016-09-06T07:16:40-04:00;2016;No;Yes;9;07
50 FEET FROM NC-54;TWO-WAY,NOT DIVIDED;DAYLIGHT;CLEAR;0;0;;STOP AND GO SIGNAL;PICKUP;PASSENGER CAR;NONE;NONE;;2016-09-07T13:12:18-04:00;2016;No;No;9;13
60 FEET FROM PVA CARY FOOD MART 602 W CHATH;TWO-WAY,NOT DIVIDED;DAYLIGHT;CLEAR;0;0;;NO CONTROL PRESENT;PASSENGER CAR;PASSENGER CAR;NONE;NONE;;2016-09-07T16:21:54-04:00;2016;No;No;9;16
150 FEET FROM P.V.A. 2303 NW MAYNARD RD;TWO-WAY,NOT DIVIDED;DAYLIGHT;CLEAR;0;0;;NO CONTROL PRESENT;PASSENGER CAR;PICKUP;NONE;NONE;;2016-09-07T15:53:41-04:00;2016;No;No;9;15
475 FEET FROM PVA (1105 WALNUT ST);ONE-WAY,NOT DIVIDED;DAYLIGHT;CLEAR;0;0;;NO CONTROL PRESENT;PASSENGER CAR;PASSENGER CAR;NONE;NONE;;2016-09-07T15:32:56-04:00;2016;No;No;9;15
10 FEET FROM SR 1613 (DAVIS DR);TWO-WAY,DIVIDED,UNPROTECTED MEDIAN;DARK - LIGHTED ROADWAY;CLEAR;0;0;;STOP AND GO SIGNAL;PASSENGER CAR;SPORT UTILITY;NONE;NONE;;2016-09-08T20:59:45-04:00;2016;No;No;9;20
25 FEET FROM STONEWATER GLEN LN;TWO-WAY,NOT DIVIDED;DAYLIGHT;CLEAR;0;0;;STOP SIGN;SPORT UTILITY;PASSENGER CAR;NONE;NONE;;2016-09-09T08:38:02-04:00;2016;No;No;9;08
75 FEET FROM SR 1349 (DILLARD DR);TWO-WAY,DIVIDED,UNPROTECTED MEDIAN;DAYLIGHT;CLEAR;0;0;;NO CONTROL PRESENT;PASSENGER CAR;SPORT UTILITY;NONE;NONE;;2016-09-09T15:18:18-04:00;2016;No;No;9;15
.109 MILES FROM SR 3977 (SE CARY PKY);TWO-WAY,DIVIDED,UNPROTECTED MEDIAN;DAYLIGHT;CLEAR;0;1;;NO CONTROL PRESENT;PICKUP;NONE;NONE;NONE;;2016-09-06T20:51:12-04:00;2016;No;Yes;9;20
CARY;TWO-WAY,NOT DIVIDED;DAYLIGHT;CLEAR;0;0;;NO CONTROL PRESENT;PASSENGER CAR;PASSENGER CAR;NONE;NONE;;2016-09-05T17:41:56-04:00;2016;No;No;9;17
150 FEET FROM P.V.A. (930 HIGH HOUSE RD);TWO-WAY,NOT DIVIDED;DAYLIGHT;CLOUDY;0;0;;NO CONTROL PRESENT;SPORT UTILITY;PASSENGER CAR;NONE;NONE;;2016-09-03T15:34:40-04:00;2016;No;No;9;15
15 FEET FROM SR 1655 (TRINITY RD);TWO-WAY,NOT DIVIDED;DAYLIGHT;CLEAR;0;0;;STOP AND GO SIGNAL;PASSENGER CAR;SPORT UTILITY;NONE;NONE;;2016-09-07T08:28:53-04:00;2016;No;No;9;08
.5 MILES FROM I40;TWO-WAY,DIVIDED,POSITIVE MEDIAN BARRIER;DAYLIGHT;CLEAR;0;0;;NO CONTROL PRESENT;PASSENGER CAR;PASSENGER CAR;NONE;NONE;;2016-09-12T17:56:25-04:00;2016;No;No;9;17
100 FEET FROM SR 1009 (TRYON RD);TWO-WAY,DIVIDED,UNPROTECTED MEDIAN;DAYLIGHT;CLEAR;0;1;;STOP AND GO SIGNAL;SPORT UTILITY;SPORT UTILITY;NONE;NONE;;2016-09-12T17:42:38-04:00;2016;No;Yes;9;17
.2 MILES FROM S.R. 1415 (SE MAYNARD RD);TWO-WAY,NOT DIVIDED;DAYLIGHT;CLEAR;0;0;;SCHOOL ZONE SIGNS;PASSENGER CAR;SPORT UTILITY;NONE;NONE;;2016-09-12T09:25:16-04:00;2016;No;No;9;09
200 FEET FROM PVA AT 228 CROSSROADS BLVD;TWO-WAY,NOT DIVIDED;DAYLIGHT;CLEAR;0;0;;NO CONTROL PRESENT;PASSENGER CAR;PASSENGER CAR;NONE;NONE;;2016-09-09T12:48:00-04:00;2016;No;No;9;12
300 FEET FROM PVA (2420 SW  CARY PKWY);TWO-WAY,NOT DIVIDED;DAYLIGHT;CLEAR;0;0;;NO CONTROL PRESENT;PICKUP;VAN;NONE;NONE;;2016-09-05T14:57:40-04:00;2016;No;No;9;14
0.12 MILES FROM SR 1300 (KILDAIRE FARM RD);TWO-WAY,DIVIDED,UNPROTECTED MEDIAN;DAYLIGHT;CLEAR;0;0;;NO CONTROL PRESENT;SPORT UTILITY;SPORT UTILITY;NONE;NONE;;2016-09-13T17:48:12-04:00;2016;No;No;9;17
.09 MILES FROM SW CARY PKWY;TWO-WAY,DIVIDED,UNPROTECTED MEDIAN;DARK - LIGHTED ROADWAY;CLEAR;0;0;;NO CONTROL PRESENT;PASSENGER CAR;NONE;NONE;NONE;;2016-09-14T01:06:57-04:00;2016;No;No;9;01
400 FEET FROM 1200 WATERFORD LAKE DR;TWO-WAY,NOT DIVIDED;DAYLIGHT;CLEAR;0;1;;NO CONTROL PRESENT;PASSENGER CAR;NONE;NONE;NONE;;2016-09-14T18:51:18-04:00;2016;No;Yes;9;18
35 FEET FROM [SR1613]DAVIS DRIVE;TWO-WAY,DIVIDED,UNPROTECTED MEDIAN;DAYLIGHT;CLEAR;0;0;;STOP AND GO SIGNAL;PASSENGER CAR;PASSENGER CAR;NONE;NONE;;2016-09-14T20:05:43-04:00;2016;No;No;9;20
15 FEET FROM SR 3112 NW CARY PKY;TWO-WAY,DIVIDED,UNPROTECTED MEDIAN;DAYLIGHT;CLEAR;0;0;;NO CONTROL PRESENT;PASSENGER CAR;SPORT UTILITY;NONE;NONE;;2016-09-14T15:54:18-04:00;2016;No;No;9;15
100 FEET FROM SR3081 (CHAPEL HILL RD);TWO-WAY,NOT DIVIDED;DAYLIGHT;CLEAR;0;0;;NO CONTROL PRESENT;PASSENGER CAR;PASSENGER CAR;NONE;NONE;;2016-09-14T18:11:07-04:00;2016;No;No;9;18
CARY;TWO-WAY,NOT DIVIDED;DAYLIGHT;CLEAR;0;0;;STOP AND GO SIGNAL;SPORT UTILITY;PASSENGER CAR;NONE;NONE;;2016-09-14T18:37:47-04:00;2016;No;No;9;18
0 FEET FROM SR 1613 DAVIS DR;TWO-WAY,DIVIDED,UNPROTECTED MEDIAN;DAYLIGHT;CLEAR;0;0;;STOP SIGN;PASSENGER CAR;PASSENGER CAR;NONE;NONE;;2016-09-12T07:29:31-04:00;2016;No;No;9;07
CARY;TWO-WAY,DIVIDED,UNPROTECTED MEDIAN;DARK - LIGHTED ROADWAY;CLEAR;0;0;;STOP AND GO SIGNAL;SPORT UTILITY;PASSENGER CAR;NONE;NONE;;2016-09-16T20:46:03-04:00;2016;No;No;9;20
.56 MILES FROM CROSSROADS BLVD;TWO-WAY,DIVIDED,POSITIVE MEDIAN BARRIER;DAYLIGHT;CLEAR;0;0;;STOP AND GO SIGNAL;PASSENGER CAR;PASSENGER CAR;NONE;NONE;;2016-09-17T15:05:07-04:00;2016;No;No;9;15
70 FEET FROM PVA (BRADFORD PLAZA WAY);TWO-WAY,NOT DIVIDED;DAYLIGHT;CLEAR;0;0;;STOP SIGN;PASSENGER CAR;SPORT UTILITY;NONE;NONE;;2016-09-16T12:41:00-04:00;2016;No;No;9;12
125 FEET FROM PVA OF 300 KEISLER DR (LOCAL);TWO-WAY,NOT DIVIDED;DAYLIGHT;CLEAR;0;0;;NO CONTROL PRESENT;PASSENGER CAR;PASSENGER CAR;NONE;NONE;;2016-09-16T15:17:06-04:00;2016;No;No;9;15
300 FEET FROM SR1300(KILDAIRE FARM RD);TWO-WAY,DIVIDED,UNPROTECTED MEDIAN;DARK - LIGHTED ROADWAY;CLEAR;0;0;;NO CONTROL PRESENT;PASSENGER CAR;PASSENGER CAR;NONE;NONE;;2016-09-18T20:07:36-04:00;2016;No;No;9;20
30 FEET FROM SR 1010 (TEN TEN RD);TWO-WAY,NOT DIVIDED;DAYLIGHT;CLOUDY;0;1;COMING FROM BEHIND PARKED VEHICLE;NO CONTROL PRESENT;PASSENGER CAR;PICKUP;SPORT UTILITY;NONE;;2016-09-19T15:27:07-04:00;2016;No;Yes;9;15
30 FEET FROM US1 SOUTH HWY OFF RAMP;TWO-WAY,DIVIDED,UNPROTECTED MEDIAN;DAYLIGHT;CLEAR;0;0;;STOP AND GO SIGNAL;SPORT UTILITY;PASSENGER CAR;NONE;NONE;;2016-09-19T18:08:20-04:00;2016;No;No;9;18
200 FEET FROM PVA 1721 WALNUT ST;TWO-WAY,NOT DIVIDED;DARK - LIGHTED ROADWAY;CLEAR;0;0;;NO CONTROL PRESENT;PASSENGER CAR;NONE;NONE;NONE;;2016-09-17T19:39:17-04:00;2016;No;No;9;19
.4 MILES FROM US 1 HWY;ONE-WAY,NOT DIVIDED;DAYLIGHT;RAIN;0;1;;NO CONTROL PRESENT;PASSENGER CAR;NONE;NONE;NONE;;2016-09-19T09:25:33-04:00;2016;No;Yes;9;09
30 FEET FROM P.V.A. (CHIC-FIL-A);TWO-WAY,NOT DIVIDED;DAYLIGHT;CLOUDY;0;0;;NO CONTROL PRESENT;SPORT UTILITY;PASSENGER CAR;NONE;NONE;;2016-09-20T09:20:12-04:00;2016;No;No;9;09
70 FEET FROM PVA 8921 HOLLY SPRINGS RD;TWO-WAY,NOT DIVIDED;DAYLIGHT;CLOUDY;0;0;;NO CONTROL PRESENT;NONE;PASSENGER CAR;NONE;NONE;;2016-09-20T12:18:00-04:00;2016;No;No;9;12
.1 MILES FROM SR 1415 (SE MAYNARD RD);TWO-WAY,NOT DIVIDED;DAYLIGHT;RAIN;0;0;FAILURE TO YIELD RIGHT OF WAY;NO CONTROL PRESENT;PASSENGER CAR;NONE;NONE;NONE;;2016-09-19T00:00:00-04:00;2016;No;No;9;00
CARY;TWO-WAY,NOT DIVIDED;DAYLIGHT;RAIN;0;0;;STOP SIGN;VAN;PASSENGER CAR;NONE;NONE;;2016-09-20T14:42:15-04:00;2016;No;No;9;14
50 FEET FROM 638 WALNUT ST;ONE-WAY,NOT DIVIDED;DAYLIGHT;CLOUDY;0;0;;NO CONTROL PRESENT;PASSENGER CAR;PASSENGER CAR;NONE;NONE;;2016-09-20T13:13:25-04:00;2016;No;No;9;13
100 FEET FROM US 64 HWY;TWO-WAY,DIVIDED,UNPROTECTED MEDIAN;DAYLIGHT;CLOUDY;0;0;;STOP AND GO SIGNAL;SPORT UTILITY;PASSENGER CAR;NONE;NONE;;2016-09-22T10:20:00-04:00;2016;No;No;9;10
150 FEET FROM PVA 620 CROSSROADS BLVD;TWO-WAY,NOT DIVIDED;DAYLIGHT;RAIN;0;0;;NO CONTROL PRESENT;PASSENGER CAR;SPORT UTILITY;PASSENGER CAR;NONE;;2016-09-22T09:47:50-04:00;2016;No;No;9;09
30 FEET FROM SR 1415 (MAYNARD RD);TWO-WAY,DIVIDED,UNPROTECTED MEDIAN;DAYLIGHT;CLOUDY;0;1;;NO CONTROL PRESENT;PASSENGER CAR;PASSENGER CAR;NONE;NONE;;2016-09-20T14:36:04-04:00;2016;No;Yes;9;14
10 FEET FROM S.R. 3977 (S.E. CARY PKWY);TWO-WAY,DIVIDED,UNPROTECTED MEDIAN;DAYLIGHT;CLEAR;0;0;;STOP AND GO SIGNAL;PASSENGER CAR;PASSENGER CAR;NONE;NONE;;2016-09-22T12:05:00-04:00;2016;No;No;9;12
30 FEET FROM SR 1300 (KILDAIRE FARM RD);TWO-WAY,DIVIDED,UNPROTECTED MEDIAN;DAYLIGHT;CLEAR;0;0;;STOP AND GO SIGNAL;PASSENGER CAR;SPORT UTILITY;NONE;NONE;;2016-09-22T12:11:00-04:00;2016;No;No;9;12
.2 MILES FROM S.R. 3977 (CARY PARKWAY);TWO-WAY,DIVIDED,UNPROTECTED MEDIAN;DAYLIGHT;CLEAR;0;0;;STOP AND GO SIGNAL;PASSENGER CAR;SPORT UTILITY;NONE;NONE;;2016-09-24T11:49:00-04:00;2016;No;No;9;11
50 FEET FROM PVA AT 5859 TRYON RD;TWO-WAY,NOT DIVIDED;DAYLIGHT;CLOUDY;0;0;;NO CONTROL PRESENT;PASSENGER CAR;PASSENGER CAR;NONE;NONE;;2016-09-22T12:10:00-04:00;2016;No;No;9;12
0 FEET FROM [SR3112]NW CARY PKWY;TWO-WAY,DIVIDED,UNPROTECTED MEDIAN;DARK - LIGHTED ROADWAY;CLOUDY;0;0;;NO CONTROL PRESENT;PASSENGER CAR;PASSENGER CAR;NONE;NONE;;2016-09-22T14:54:34-04:00;2016;No;No;9;14
.15 MILES FROM U.S. HWY 1 SOUTHBOUND;TWO-WAY,DIVIDED,POSITIVE MEDIAN BARRIER;DAYLIGHT;RAIN;0;0;;NO CONTROL PRESENT;PASSENGER CAR;NONE;NONE;NONE;;2016-09-19T17:56:32-04:00;2016;No;No;9;17
40 FEET FROM NW CARY PKWY;TWO-WAY,NOT DIVIDED;DAYLIGHT;CLEAR;0;0;;NO CONTROL PRESENT;PASSENGER CAR;SPORT UTILITY;NONE;NONE;;2016-09-23T17:30:18-04:00;2016;No;No;9;17
.1 MILES FROM SR1652 (N. HARRISON AVE);TWO-WAY,NOT DIVIDED;DAYLIGHT;CLEAR;0;0;;NO CONTROL PRESENT;PASSENGER CAR;PASSENGER CAR;NONE;NONE;;2016-09-23T18:14:12-04:00;2016;No;No;9;18
100 FEET FROM PVA OF KOKA BOOTH AMPHITHEATER;NONE;DAYLIGHT;CLOUDY;0;0;;NO CONTROL PRESENT;SPORT UTILITY;PASSENGER CAR;NONE;NONE;;2016-09-25T14:07:23-04:00;2016;No;No;9;14
CARY;NONE;NONE;NONE;0;0;;;NONE;NONE;NONE;NONE;;2016-09-02T12:23:00-04:00;2016;No;No;9;12
72 FEET FROM SWAN QUARTER DR;TWO-WAY,NOT DIVIDED;DAYLIGHT;CLOUDY;0;0;;NO CONTROL PRESENT;SINGLE UNIT TRUCK (2-AXLE- 6-TIRE);PASSENGER CAR;NONE;NONE;;2016-09-25T14:12:01-04:00;2016;No;No;9;14
10 FEET FROM N.C. 54 (NW MAYNARD RD);TWO-WAY,NOT DIVIDED;DAYLIGHT;CLEAR;0;0;;STOP AND GO SIGNAL;PASSENGER CAR;LIGHT TRUCK (MINI-VAN- PANEL);NONE;NONE;;2016-09-24T12:50:00-04:00;2016;No;No;9;12
100 FEET FROM SR 1415 (MAYNARD RD);TWO-WAY,DIVIDED,UNPROTECTED MEDIAN;DAYLIGHT;CLOUDY;0;0;;NO CONTROL PRESENT;PASSENGER CAR;NONE;NONE;NONE;;2016-09-21T13:12:54-04:00;2016;No;No;9;13
200 FEET FROM PVA (1105 WALNUT ST);TWO-WAY,NOT DIVIDED;DAYLIGHT;CLOUDY;0;2;;STOP SIGN;SPORT UTILITY;NONE;NONE;NONE;;2016-09-26T15:46:36-04:00;2016;No;Yes;9;15
.10 MILES FROM IVY LN;TWO-WAY,NOT DIVIDED;DARK - ROADWAY NOT LIGHTED;CLEAR;0;0;;NO CONTROL PRESENT;PASSENGER CAR;PICKUP;PASSENGER CAR;NONE;;2016-09-07T04:51:27-04:00;2016;No;No;9;04
32 FEET FROM DEL WEBB AVENUE;TWO-WAY,NOT DIVIDED;DAYLIGHT;CLOUDY;0;0;;STOP SIGN;SPORT UTILITY;PICKUP;NONE;NONE;;2016-09-27T18:39:48-04:00;2016;No;No;9;18
0 FEET FROM 1330 OLD APEX RD;ONE-WAY,NOT DIVIDED;DAYLIGHT;CLEAR;0;0;;NO CONTROL PRESENT;PASSENGER CAR;PASSENGER CAR;NONE;NONE;;2016-09-27T14:43:05-04:00;2016;No;No;9;14
CARY;TWO-WAY,DIVIDED,UNPROTECTED MEDIAN;DAYLIGHT;CLEAR;0;0;;NO CONTROL PRESENT;SPORT UTILITY;NONE;NONE;NONE;;2016-09-27T13:12:07-04:00;2016;No;No;9;13
15 FEET FROM SHELDON DR;TWO-WAY,DIVIDED,UNPROTECTED MEDIAN;DAYLIGHT;CLEAR;0;0;;STOP SIGN;SPORT UTILITY;PASSENGER CAR;NONE;NONE;;2016-09-27T17:21:11-04:00;2016;No;No;9;17
400 FEET FROM SEDGEMORE DR;TWO-WAY,NOT DIVIDED;DAYLIGHT;CLEAR;0;0;;NO CONTROL PRESENT;PICKUP;PASSENGER CAR;NONE;NONE;;2016-09-27T10:16:00-04:00;2016;No;No;9;10
0 FEET FROM NC 55 HWY;TWO-WAY,NOT DIVIDED;DUSK;RAIN;0;0;FAILURE TO YIELD RIGHT OF WAY;NO CONTROL PRESENT;PICKUP;PASSENGER CAR;NONE;NONE;;2016-09-28T17:40:22-04:00;2016;No;No;9;17
.25 MILES FROM NC 55 HWY;TWO-WAY,DIVIDED,UNPROTECTED MEDIAN;DAYLIGHT;CLEAR;0;0;;STOP AND GO SIGNAL;LIGHT TRUCK (MINI-VAN- PANEL);PASSENGER CAR;NONE;NONE;;2016-09-27T17:16:03-04:00;2016;No;No;9;17
.1 MILES FROM US 64 HWY;TWO-WAY,DIVIDED,POSITIVE MEDIAN BARRIER;DAYLIGHT;RAIN;0;0;;NO CONTROL PRESENT;PASSENGER CAR;VAN;NONE;NONE;;2016-09-29T07:27:09-04:00;2016;No;No;9;07
200 FEET FROM (PVA) 10140 GREEN LEVEL CHURCH;TWO-WAY,NOT DIVIDED;DAYLIGHT;CLEAR;0;0;;NO CONTROL PRESENT;PASSENGER CAR;SPORT UTILITY;NONE;NONE;;2016-09-29T17:08:05-04:00;2016;No;No;9;17
CARY;TWO-WAY,DIVIDED,POSITIVE MEDIAN BARRIER;DAYLIGHT;CLEAR;0;0;;STOP AND GO SIGNAL;PASSENGER CAR;PASSENGER CAR;NONE;NONE;;2016-07-23T15:36:22-04:00;2016;No;No;7;15
100 FEET FROM SR#1313(WALNUT ST);TWO-WAY,DIVIDED,UNPROTECTED MEDIAN;DAYLIGHT;CLEAR;0;0;;STOP AND GO SIGNAL;PICKUP;PASSENGER CAR;NONE;NONE;;2016-09-30T12:24:00-04:00;2016;No;No;9;12
100 FEET FROM P.V.A. (869 SE MAYNARD RD);TWO-WAY,NOT DIVIDED;DAYLIGHT;CLEAR;0;0;;NO CONTROL PRESENT;SPORT UTILITY;SPORT UTILITY;SPORT UTILITY;NONE;;2016-09-30T18:06:18-04:00;2016;No;No;9;18
80 FEET FROM NC 54 (CHAPEL HILL RD);TWO-WAY,DIVIDED,POSITIVE MEDIAN BARRIER;DAYLIGHT;CLEAR;0;0;;NO CONTROL PRESENT;PASSENGER CAR;PASSENGER CAR;NONE;NONE;;2016-09-30T12:53:00-04:00;2016;No;No;9;12
10 FEET FROM HIGH HOUSE RD SR 1615;TWO-WAY,NOT DIVIDED;DAYLIGHT;RAIN;0;0;;NO CONTROL PRESENT;PASSENGER CAR;PASSENGER CAR;NONE;NONE;;2016-09-30T17:58:11-04:00;2016;No;No;9;17
25 FEET FROM PVA (2000 TEACHING DR);TWO-WAY,NOT DIVIDED;DAYLIGHT;CLEAR;0;0;;NO CONTROL PRESENT;PASSENGER CAR;SPORT UTILITY;NONE;NONE;;2016-10-02T12:54:00-04:00;2016;No;No;10;12
100 FEET FROM P.V.A. (1014 RYAN RD);TWO-WAY,NOT DIVIDED;DAYLIGHT;CLOUDY;0;0;;NO CONTROL PRESENT;VAN;SPORT UTILITY;NONE;NONE;;2016-09-30T16:55:16-04:00;2016;No;No;9;16
250 FEET FROM SR 1313 (WALNUT ST);TWO-WAY,DIVIDED,UNPROTECTED MEDIAN;DAYLIGHT;CLEAR;0;2;;NO CONTROL PRESENT;PASSENGER CAR;PASSENGER CAR;NONE;NONE;;2016-09-28T10:10:00-04:00;2016;No;Yes;9;10
25 FEET FROM US 1 NORTH ON RAMP;ONE-WAY,NOT DIVIDED;DAYLIGHT;CLEAR;0;0;;NO CONTROL PRESENT;PASSENGER CAR;PASSENGER CAR;NONE;NONE;;2016-09-23T01:19:27-04:00;2016;No;No;9;01
CARY;NONE;NONE;NONE;0;1;;;NONE;NONE;NONE;NONE;;2016-10-03T18:03:05-04:00;2016;No;Yes;10;18
30 FEET FROM DOWELL DR;TWO-WAY,NOT DIVIDED;DAYLIGHT;CLEAR;0;1;;NO CONTROL PRESENT;NONE;VAN;NONE;NONE;;2016-09-30T07:47:15-04:00;2016;No;Yes;9;07
493 FEET FROM PVA (1515 SW CARY PKWY);TWO-WAY,NOT DIVIDED;DAYLIGHT;CLOUDY;0;0;;NO CONTROL PRESENT;PICKUP;SPORT UTILITY;NONE;NONE;;2016-10-04T12:08:00-04:00;2016;No;No;10;12
.25 MILES FROM MORRISVILLE PKWY;TWO-WAY,DIVIDED,UNPROTECTED MEDIAN;DAYLIGHT;CLEAR;0;0;;STOP AND GO SIGNAL;PASSENGER CAR;LIGHT TRUCK (MINI-VAN- PANEL);NONE;NONE;;2016-10-04T18:05:49-04:00;2016;No;No;10;18
300 FEET FROM US 1 HWY;TWO-WAY,DIVIDED,POSITIVE MEDIAN BARRIER;DAYLIGHT;CLOUDY;0;1;;NO CONTROL PRESENT;PASSENGER CAR;SPORT UTILITY;NONE;NONE;;2016-10-05T13:52:23-04:00;2016;No;Yes;10;13
CARY;TWO-WAY,DIVIDED,UNPROTECTED MEDIAN;DAYLIGHT;CLEAR;0;1;;STOP SIGN;PASSENGER CAR;NONE;NONE;NONE;;2016-10-04T20:18:04-04:00;2016;No;Yes;10;20
.14 MILES FROM PVA OF 197 BOND PARK DR;TWO-WAY,NOT DIVIDED;DAYLIGHT;CLOUDY;0;0;;NO CONTROL PRESENT;PASSENGER CAR;NONE;NONE;NONE;;2016-10-06T13:17:21-04:00;2016;No;No;10;13
100 FEET FROM SR 1300 KILDAIRE FARM RD;TWO-WAY,DIVIDED,UNPROTECTED MEDIAN;DAYLIGHT;CLEAR;0;0;;STOP AND GO SIGNAL;PICKUP;PASSENGER CAR;NONE;NONE;;2016-10-09T11:27:00-04:00;2016;No;No;10;11
35 FEET FROM SR-1319 JONES FRANKLIN RD;TWO-WAY,NOT DIVIDED;DAYLIGHT;RAIN;0;0;;STOP AND GO SIGNAL;PASSENGER CAR;PASSENGER CAR;NONE;NONE;;2016-10-07T17:17:00-04:00;2016;No;No;10;17
0 FEET FROM SR 3073 (NW MAYNARD RD);TWO-WAY,NOT DIVIDED;DUSK;RAIN;0;0;;STOP AND GO SIGNAL;PASSENGER CAR;PASSENGER CAR;NONE;NONE;;2016-10-07T18:38:08-04:00;2016;No;No;10;18
100 FEET FROM NC 54 (CHAPEL HILL RD);TWO-WAY,DIVIDED,UNPROTECTED MEDIAN;DAYLIGHT;RAIN;0;0;;NO CONTROL PRESENT;SPORT UTILITY;NONE;NONE;NONE;;2016-10-08T16:05:07-04:00;2016;No;No;10;16
30 FEET FROM US 1 SOUTH HWY OFF RAMP;TWO-WAY,DIVIDED,UNPROTECTED MEDIAN;DAYLIGHT;CLEAR;0;0;;STOP AND GO SIGNAL;SPORT UTILITY;PASSENGER CAR;NONE;NONE;;2016-10-10T11:49:00-04:00;2016;No;No;10;11
CARY;NONE;NONE;NONE;0;0;;;NONE;NONE;NONE;NONE;;2016-10-10T17:04:55-04:00;2016;No;No;10;17
10 FEET FROM MADISON AVE;TWO-WAY,NOT DIVIDED;DARK - LIGHTED ROADWAY;CLEAR;0;0;;NO CONTROL PRESENT;NONE;NONE;NONE;NONE;;2016-10-11T01:34:11-04:00;2016;No;No;10;01