Location_Description;Road_Configuration;Light_Condition;Weather;Fatality;Injury;Contributing_Factor;Traffic_Control;Vehicle1;Vehicle2;Vehicle3;Vehicle4;Vehicle5;Crash_Date;year;Fatalities;Injuries;Month;Hour
75 FEET FROM PVA OF 300 SE CARY PKWY;ONE-WAY,NOT DIVIDED;DARK - LIGHTED ROADWAY;CLEAR;0;0;;NO CONTROL PRESENT;VAN;NONE;NONE;NONE;;2016-12-14T18:56:02-05:00;2016;No;No;12;18
1 MILES FROM US 1;TWO-WAY,DIVIDED,POSITIVE MEDIAN BARRIER;DARK - ROADWAY NOT LIGHTED;CLEAR;0;0;;NO CONTROL PRESENT;PASSENGER CAR;PASSENGER CAR;NONE;NONE;;2016-12-15T17:45:32-05:00;2016;No;No;12;17
300 FEET FROM SR 1652 (N. HARRISON AVE.);TWO-WAY,NOT DIVIDED;DAYLIGHT;CLEAR;0;0;;NO CONTROL PRESENT;PASSENGER CAR;NONE;NONE;NONE;;2016-12-16T08:32:34-05:00;2016;No;No;12;08
.1 MILES FROM SR 1415 (SE MAYNARD RD);TWO-WAY,NOT DIVIDED;DARK - LIGHTED ROADWAY;CLEAR;0;0;;NO CONTROL PRESENT;PASSENGER CAR;SPORT UTILITY;NONE;NONE;;2016-12-15T21:54:09-05:00;2016;No;No;12;21
50 FEET FROM US 1 NORTH (ENTRANCE);ONE-WAY,NOT DIVIDED;DAYLIGHT;CLEAR;0;0;;YIELD SIGN;PASSENGER CAR;SPORT UTILITY;NONE;NONE;;2016-12-16T18:28:42-05:00;2016;No;No;12;18
15 FEET FROM VENTNOR PL;TWO-WAY,NOT DIVIDED;DAYLIGHT;CLEAR;0;0;;NO CONTROL PRESENT;PASSENGER CAR;NONE;NONE;NONE;;2016-12-15T21:46:19-05:00;2016;No;No;12;21
NEAR .1 MILES N OF N I40;TWO-WAY,DIVIDED,POSITIVE MEDIAN BARRIER;DARK - ROADWAY NOT LIGHTED;SLEET, HAIL, FREEZING RAIN/DRIZZLE;0;1;;NO CONTROL PRESENT;NONE;PASSENGER CAR;NONE;NONE;;2016-12-17T02:17:46-05:00;2016;No;Yes;12;02
.1 MILES FROM US 1;ONE-WAY,NOT DIVIDED;DAYLIGHT;CLOUDY;0;0;COMING FROM BEHIND PARKED VEHICLE;NO CONTROL PRESENT;PASSENGER CAR;NONE;NONE;NONE;;2016-12-17T07:50:19-05:00;2016;No;No;12;07
75 FEET FROM SR 1313 (WALNUT ST);TWO-WAY,DIVIDED,UNPROTECTED MEDIAN;DAYLIGHT;CLOUDY;0;0;;STOP AND GO SIGNAL;PICKUP;MOTOR HOME/RECREATIONAL VEHICLE;NONE;NONE;;2016-12-16T13:09:27-05:00;2016;No;No;12;13
25 FEET FROM [SR1615]HIGH HOUSE RD;TWO-WAY,DIVIDED,UNPROTECTED MEDIAN;DAYLIGHT;CLOUDY;0;0;;STOP AND GO SIGNAL;PASSENGER CAR;VAN;NONE;NONE;;2016-12-14T15:05:33-05:00;2016;No;No;12;15
180 FEET FROM URBAN DR;TWO-WAY,NOT DIVIDED;DARK - LIGHTED ROADWAY;SLEET, HAIL, FREEZING RAIN/DRIZZLE;0;0;;NO CONTROL PRESENT;PASSENGER CAR;NONE;NONE;NONE;;2016-12-17T01:00:56-05:00;2016;No;No;12;01
.1 MILES FROM CROSSROADS BLVD;TWO-WAY,DIVIDED,POSITIVE MEDIAN BARRIER;DAYLIGHT;CLOUDY;0;0;;NO CONTROL PRESENT;SPORT UTILITY;VAN;NONE;NONE;;2016-12-17T12:35:00-05:00;2016;No;No;12;12
.1 MILES FROM SR 1152 (HOLLY SPRINGS RD);TWO-WAY,DIVIDED,POSITIVE MEDIAN BARRIER;DUSK;CLEAR;0;0;;NO CONTROL PRESENT;SPORT UTILITY;NONE;NONE;NONE;;2016-12-17T16:49:20-05:00;2016;No;No;12;16
CARY;NONE;NONE;NONE;0;0;;;SPORT UTILITY;NONE;NONE;NONE;;2016-12-12T12:55:00-05:00;2016;No;No;12;12
CARY;TWO-WAY,DIVIDED,UNPROTECTED MEDIAN;DAYLIGHT;CLEAR;0;0;;FLASHING STOP AND GO SIGNAL;PASSENGER CAR;PASSENGER CAR;NONE;NONE;;2016-12-18T11:38:00-05:00;2016;No;No;12;11
.25 MILES FROM PVA (1105 WALNUT ST);ONE-WAY,NOT DIVIDED;DAYLIGHT;RAIN;0;0;;NO CONTROL PRESENT;PASSENGER CAR;PASSENGER CAR;NONE;NONE;;2016-12-19T13:52:18-05:00;2016;No;No;12;13
.20 MILES FROM SR-1387 (WEST LAKE RD);TWO-WAY,NOT DIVIDED;DAYLIGHT;CLOUDY;0;0;;NO CONTROL PRESENT;PICKUP;PASSENGER CAR;NONE;NONE;;2016-12-18T10:24:00-05:00;2016;No;No;12;10
.31 MILES FROM MACKENAN DR;TWO-WAY,NOT DIVIDED;DAYLIGHT;CLOUDY;0;0;;NO CONTROL PRESENT;PASSENGER CAR;NONE;NONE;NONE;;2016-12-19T15:32:24-05:00;2016;No;No;12;15
.1 MILES FROM US 1;TWO-WAY,DIVIDED,POSITIVE MEDIAN BARRIER;DARK - LIGHTED ROADWAY;CLEAR;0;0;;NO CONTROL PRESENT;PASSENGER CAR;PASSENGER CAR;NONE;NONE;;2016-12-19T17:25:39-05:00;2016;No;No;12;17
40 FEET FROM SR 1009 (TRYON RD);TWO-WAY,DIVIDED,UNPROTECTED MEDIAN;DARK - LIGHTED ROADWAY;CLOUDY;0;0;;STOP AND GO SIGNAL;PICKUP;PASSENGER CAR;NONE;NONE;;2016-12-19T18:11:01-05:00;2016;No;No;12;18
.5 MILES FROM SR 1315 (BUCK JONES RD);TWO-WAY,NOT DIVIDED;DARK - LIGHTED ROADWAY;CLOUDY;0;0;;NO CONTROL PRESENT;PASSENGER CAR;PASSENGER CAR;NONE;NONE;;2016-12-19T21:36:45-05:00;2016;No;No;12;21
60 FEET FROM US 1 SB;TWO-WAY,DIVIDED,POSITIVE MEDIAN BARRIER;DARK - ROADWAY NOT LIGHTED;SLEET, HAIL, FREEZING RAIN/DRIZZLE;0;0;;NO CONTROL PRESENT;SPORT UTILITY;SPORT UTILITY;NONE;NONE;;2016-12-17T01:14:41-05:00;2016;No;No;12;01
50 FEET FROM JONES FRANKLIN RD(SR#5039);TWO-WAY,NOT DIVIDED;DAYLIGHT;CLOUDY;0;0;;STOP AND GO SIGNAL;PICKUP;PASSENGER CAR;NONE;NONE;;2016-12-16T13:08:26-05:00;2016;No;No;12;13
80 FEET FROM PVA (12102 BRADFORD GREEN SQ);TWO-WAY,NOT DIVIDED;DAYLIGHT;CLOUDY;0;0;;STOP SIGN;PASSENGER CAR;PASSENGER CAR;NONE;NONE;;2016-12-20T13:04:26-05:00;2016;No;No;12;13
10 FEET FROM US 1 HWY;TWO-WAY,DIVIDED,POSITIVE MEDIAN BARRIER;DARK - LIGHTED ROADWAY;RAIN;0;0;COMING FROM BEHIND PARKED VEHICLE;NO CONTROL PRESENT;SPORT UTILITY;PASSENGER CAR;NONE;NONE;;2016-12-17T14:42:48-05:00;2016;No;No;12;14
100 FEET FROM 2350 WALNUT ST;TWO-WAY,NOT DIVIDED;DAYLIGHT;CLEAR;0;2;;STOP SIGN;PASSENGER CAR;PASSENGER CAR;NONE;NONE;;2016-12-21T20:29:01-05:00;2016;No;Yes;12;20
100 FEET FROM SR 1615 (HIGH HOUSE RD);TWO-WAY,NOT DIVIDED;DARK - LIGHTED ROADWAY;CLEAR;0;0;;NO CONTROL PRESENT;PASSENGER CAR;PASSENGER CAR;NONE;NONE;;2016-12-21T17:45:32-05:00;2016;No;No;12;17
CARY;TWO-WAY,DIVIDED,UNPROTECTED MEDIAN;DUSK;CLEAR;0;0;;STOP AND GO SIGNAL;SPORT UTILITY;PASSENGER CAR;NONE;NONE;;2016-12-21T21:13:03-05:00;2016;No;No;12;21
CARY;TWO-WAY,DIVIDED,UNPROTECTED MEDIAN;DAYLIGHT;CLEAR;0;0;;STOP AND GO SIGNAL;PASSENGER CAR;SINGLE UNIT TRUCK (2-AXLE- 6-TIRE);NONE;NONE;;2016-12-21T14:36:36-05:00;2016;No;No;12;14
100 FEET FROM P.V.A. (973 N HARRISON AVE);TWO-WAY,NOT DIVIDED;DAYLIGHT;CLEAR;0;0;;NO CONTROL PRESENT;VAN;SPORT UTILITY;NONE;NONE;;2016-12-23T11:43:00-05:00;2016;No;No;12;11
100 FEET FROM CHATSWORTH ST;TWO-WAY,NOT DIVIDED;DARK - ROADWAY NOT LIGHTED;CLEAR;0;0;;NO CONTROL PRESENT;SPORT UTILITY;PASSENGER CAR;NONE;NONE;;2016-12-23T18:29:46-05:00;2016;No;No;12;18
.75 MILES FROM SR # 1747 (NW MAYNARD RD);TWO-WAY,DIVIDED,POSITIVE MEDIAN BARRIER;DAYLIGHT;CLOUDY;0;1;;WARNING SIGN;PICKUP;SPORT UTILITY;NONE;NONE;;2016-12-26T15:47:46-05:00;2016;No;Yes;12;15
CARY;TWO-WAY,DIVIDED,UNPROTECTED MEDIAN;DAYLIGHT;CLOUDY;0;0;;STOP AND GO SIGNAL;SINGLE UNIT TRUCK (2-AXLE- 6-TIRE);PASSENGER CAR;NONE;NONE;;2016-12-26T14:43:05-05:00;2016;No;No;12;14
50 FEET FROM SR 1652 (N HARRISON AV);TWO-WAY,NOT DIVIDED;DARK - LIGHTED ROADWAY;CLOUDY;0;2;;NO CONTROL PRESENT;PASSENGER CAR;PASSENGER CAR;NONE;NONE;;2016-12-27T20:29:33-05:00;2016;No;Yes;12;20
85 FEET FROM SR 1349 (DILLARD DR);TWO-WAY,DIVIDED,UNPROTECTED MEDIAN;DAYLIGHT;CLEAR;0;0;;STOP AND GO SIGNAL;PICKUP;PASSENGER CAR;NONE;NONE;;2016-12-23T10:58:00-05:00;2016;No;No;12;10
100 FEET FROM SR 1300 (KILDAIRE FARM RD);TWO-WAY,DIVIDED,UNPROTECTED MEDIAN;DAYLIGHT;CLEAR;0;0;;STOP AND GO SIGNAL;SPORT UTILITY;PASSENGER CAR;NONE;NONE;;2016-12-23T11:30:00-05:00;2016;No;No;12;11
0 FEET FROM SR 1300 (KILDAIRE FARM RD);TWO-WAY,DIVIDED,UNPROTECTED MEDIAN;DAYLIGHT;CLEAR;0;1;;STOP AND GO SIGNAL;NONE;NONE;NONE;NONE;;2016-12-23T13:13:30-05:00;2016;No;Yes;12;13
.1 MILES FROM SR#1313 (WALNUT STREET);TWO-WAY,DIVIDED,POSITIVE MEDIAN BARRIER;DAYLIGHT;CLEAR;0;0;;NO CONTROL PRESENT;PASSENGER CAR;PASSENGER CAR;NONE;NONE;;2016-12-23T13:13:58-05:00;2016;No;No;12;13
200 FEET FROM NC 55 HWY;TWO-WAY,NOT DIVIDED;DAYLIGHT;CLEAR;0;0;;NO CONTROL PRESENT;PICKUP;SPORT UTILITY;NONE;NONE;;2016-12-22T13:15:16-05:00;2016;No;No;12;13
CARY;TWO-WAY,DIVIDED,UNPROTECTED MEDIAN;DARK - LIGHTED ROADWAY;CLOUDY;0;0;;STOP SIGN;PASSENGER CAR;PASSENGER CAR;NONE;NONE;;2016-12-19T17:25:58-05:00;2016;No;No;12;17
.10 MILES FROM PVA (1207 VILLAGE GREENWAY);TWO-WAY,NOT DIVIDED;DAYLIGHT;CLEAR;0;0;;NO CONTROL PRESENT;PASSENGER CAR;VAN;NONE;NONE;;2016-12-23T15:41:48-05:00;2016;No;No;12;15
CARY;TWO-WAY,NOT DIVIDED;DAYLIGHT;CLEAR;0;0;;STOP AND GO SIGNAL;SPORT UTILITY;PICKUP;NONE;NONE;;2016-12-23T14:12:27-05:00;2016;No;No;12;14
CARY;TWO-WAY,DIVIDED,UNPROTECTED MEDIAN;DAYLIGHT;CLEAR;0;0;;STOP SIGN;PASSENGER CAR;SPORT UTILITY;NONE;NONE;;2016-12-27T16:42:51-05:00;2016;No;No;12;16
CARY;TWO-WAY,NOT DIVIDED;DAYLIGHT;CLEAR;0;1;;STOP AND GO SIGNAL;SPORT UTILITY;PASSENGER CAR;NONE;NONE;;2016-12-22T15:30:56-05:00;2016;No;Yes;12;15
25 FEET FROM SR 1009 TRYON RD;TWO-WAY,DIVIDED,UNPROTECTED MEDIAN;DAYLIGHT;CLEAR;0;0;;STOP AND GO SIGNAL;PASSENGER CAR;SPORT UTILITY;NONE;NONE;;2016-12-22T15:10:42-05:00;2016;No;No;12;15
10 FEET FROM SR 1613 (HIGH HOUSE RD);TWO-WAY,DIVIDED,POSITIVE MEDIAN BARRIER;DARK - LIGHTED ROADWAY;CLEAR;0;0;;FLASHING STOP AND GO SIGNAL;PASSENGER CAR;SPORT UTILITY;NONE;NONE;;2016-12-22T18:49:46-05:00;2016;No;No;12;18
490 FEET FROM GARENDON DR;TWO-WAY,NOT DIVIDED;DARK - LIGHTED ROADWAY;CLEAR;0;0;;NO CONTROL PRESENT;PASSENGER CAR;SPORT UTILITY;NONE;NONE;;2016-12-23T22:35:00-05:00;2016;No;No;12;22
200 FEET FROM 427 CROSSROADS BLVD;TWO-WAY,NOT DIVIDED;DAYLIGHT;CLEAR;0;0;;NO CONTROL PRESENT;PASSENGER CAR;SPORT UTILITY;NONE;NONE;;2016-12-22T20:59:47-05:00;2016;No;No;12;20
.2841 MILES FROM US 1 HWY;TWO-WAY,DIVIDED,POSITIVE MEDIAN BARRIER;DAYLIGHT;CLEAR;0;0;;NO CONTROL PRESENT;LIGHT TRUCK (MINI-VAN- PANEL);SPORT UTILITY;PASSENGER CAR;NONE;;2016-12-28T09:19:38-05:00;2016;No;No;12;09
300 FEET FROM SR1655 (TRINITY RD);TWO-WAY,DIVIDED,UNPROTECTED MEDIAN;DARK - LIGHTED ROADWAY;CLEAR;0;0;;NO CONTROL PRESENT;VAN;NONE;NONE;NONE;;2016-12-28T00:46:00-05:00;2016;No;No;12;00
21 FEET FROM I-40 EXIT RAMP 287 EB;ONE-WAY,NOT DIVIDED;DAYLIGHT;CLEAR;0;0;;STOP AND GO SIGNAL;PASSENGER CAR;PASSENGER CAR;NONE;NONE;;2016-12-28T18:19:06-05:00;2016;No;No;12;18
200 FEET FROM CRESCENT GREEN;TWO-WAY,DIVIDED,POSITIVE MEDIAN BARRIER;DAYLIGHT;CLEAR;0;0;;NO CONTROL PRESENT;PASSENGER CAR;SPORT UTILITY;NONE;NONE;;2016-12-29T13:56:10-05:00;2016;No;No;12;13
15 FEET FROM SR1300 KILDAIRE FARM RD;TWO-WAY,DIVIDED,UNPROTECTED MEDIAN;DAYLIGHT;CLEAR;0;0;;STOP AND GO SIGNAL;SPORT UTILITY;SPORT UTILITY;NONE;NONE;;2016-12-29T14:09:38-05:00;2016;No;No;12;14
.10 MILES FROM FELSPAR WAY;TWO-WAY,DIVIDED,UNPROTECTED MEDIAN;DAYLIGHT;CLEAR;0;0;;NO CONTROL PRESENT;PICKUP;NONE;NONE;NONE;;2016-12-30T11:08:00-05:00;2016;No;No;12;11
250 FEET FROM P.V.A. (TARGET CORP.);TWO-WAY,NOT DIVIDED;DAYLIGHT;CLEAR;0;0;;NO CONTROL PRESENT;VAN;PASSENGER CAR;NONE;NONE;;2016-12-31T14:28:46-05:00;2016;No;No;12;14
127 FEET FROM PVA 200 DOMINION OAK CIR;TWO-WAY,NOT DIVIDED;DARK - LIGHTED ROADWAY;RAIN;0;0;;NO CONTROL PRESENT;NONE;PASSENGER CAR;NONE;NONE;;2017-01-02T00:07:00-05:00;2017;No;No;1;00
.2 MILES FROM SR-3081 (CHAPIL HILL RD);TWO-WAY,DIVIDED,UNPROTECTED MEDIAN;DARK - LIGHTED ROADWAY;FOG, SMOG, SMOKE;0;0;;;PICKUP;PASSENGER CAR;NONE;NONE;;2017-01-02T21:25:19-05:00;2017;No;No;1;21
300 FEET FROM MEETING ST;TWO-WAY,NOT DIVIDED;DARK - LIGHTED ROADWAY;CLEAR;0;0;;STOP AND GO SIGNAL;PASSENGER CAR;PASSENGER CAR;NONE;NONE;;2016-12-30T18:58:42-05:00;2016;No;No;12;18
.26 MILES FROM SR 1002 (AVIATION PKWY);TWO-WAY,NOT DIVIDED;DAYLIGHT;CLEAR;0;0;;NO CONTROL PRESENT;LIGHT TRUCK (MINI-VAN- PANEL);TAXICAB;NONE;NONE;;2016-12-30T16:49:42-05:00;2016;No;No;12;16
0 FEET FROM SR 1011 (CHATHAM ST);TWO-WAY,DIVIDED,UNPROTECTED MEDIAN;DAYLIGHT;CLOUDY;0;1;;STOP AND GO SIGNAL;PASSENGER CAR;NONE;NONE;NONE;;2016-12-30T13:55:30-05:00;2016;No;Yes;12;13
.1 MILES FROM SR 1652 (N HARRISON AV);TWO-WAY,DIVIDED,UNPROTECTED MEDIAN;DARK - LIGHTED ROADWAY;CLOUDY;0;1;;NO CONTROL PRESENT;SPORT UTILITY;PASSENGER CAR;NONE;NONE;;2017-01-03T17:16:17-05:00;2017;No;Yes;1;17
200 FEET FROM SR 1613 (DAVIS DR);TWO-WAY,DIVIDED,UNPROTECTED MEDIAN;DAYLIGHT;CLEAR;0;1;;NO CONTROL PRESENT;PASSENGER CAR;SPORT UTILITY;NONE;NONE;;2017-01-04T08:03:55-05:00;2017;No;Yes;1;08
CARY;TWO-WAY,NOT DIVIDED;DAYLIGHT;CLEAR;0;0;;STOP AND GO SIGNAL;PASSENGER CAR;PICKUP;NONE;NONE;;2017-01-04T15:44:07-05:00;2017;No;No;1;15
80 FEET FROM PVA STATE EMPLOYEES CREDIT UNI;TWO-WAY,NOT DIVIDED;DAYLIGHT;CLOUDY;0;0;;NO CONTROL PRESENT;PASSENGER CAR;PICKUP;NONE;NONE;;2017-01-05T13:34:00-05:00;2017;No;No;1;13
0 FEET FROM NW CARY PKWY;TWO-WAY,NOT DIVIDED;DUSK;CLEAR;0;3;;STOP SIGN;PASSENGER CAR;PASSENGER CAR;NONE;NONE;;2017-01-04T23:55:00-05:00;2017;No;Yes;1;23
100 FEET FROM SR 1619 (WALDO ROOD BLVD);TWO-WAY,NOT DIVIDED;DARK - LIGHTED ROADWAY;CLEAR;0;0;;NO CONTROL PRESENT;SPORT UTILITY;PASSENGER CAR;NONE;NONE;;2017-01-05T00:24:00-05:00;2017;No;No;1;00
30 FEET FROM SR 1313 (WALNUT ST);TWO-WAY,DIVIDED,UNPROTECTED MEDIAN;DUSK;RAIN;0;0;;NO CONTROL PRESENT;SPORT UTILITY;SPORT UTILITY;NONE;NONE;;2017-01-06T18:17:20-05:00;2017;No;No;1;18
.15 MILES FROM US 1 SOUTH;TWO-WAY,DIVIDED,POSITIVE MEDIAN BARRIER;DAYLIGHT;CLEAR;0;0;;NO CONTROL PRESENT;PICKUP;PASSENGER CAR;NONE;NONE;;2017-01-06T14:29:36-05:00;2017;No;No;1;14
300 FEET FROM SR1415 (SE MAYNARD RD);TWO-WAY,NOT DIVIDED;DARK - LIGHTED ROADWAY;RAIN;0;0;;NO CONTROL PRESENT;PICKUP;PASSENGER CAR;NONE;NONE;;2017-01-06T18:08:43-05:00;2017;No;No;1;18
.1 MILES FROM S.R. 1010 (TEN TEN RD);TWO-WAY,NOT DIVIDED;DAYLIGHT;CLEAR;0;0;COMING FROM BEHIND PARKED VEHICLE;NO CONTROL PRESENT;PASSENGER CAR;PASSENGER CAR;NONE;NONE;;2017-01-08T13:15:41-05:00;2017;No;No;1;13
.1 MILES FROM S.R. 1010 (TEN TEN RD);TWO-WAY,NOT DIVIDED;DAYLIGHT;CLEAR;0;1;COMING FROM BEHIND PARKED VEHICLE;NO CONTROL PRESENT;PASSENGER CAR;PASSENGER CAR;NONE;NONE;;2017-01-08T15:42:50-05:00;2017;No;Yes;1;15
100 FEET FROM FREEPORT DR;TWO-WAY,NOT DIVIDED;DAYLIGHT;CLOUDY;0;0;;NO CONTROL PRESENT;SPORT UTILITY;PASSENGER CAR;NONE;NONE;;2017-01-07T23:07:00-05:00;2017;No;No;1;23
159 FEET FROM SR 3977 (CARY PKWY);TWO-WAY,DIVIDED,UNPROTECTED MEDIAN;DARK - LIGHTED ROADWAY;CLOUDY;0;0;;NO CONTROL PRESENT;PICKUP;NONE;NONE;NONE;;2017-01-06T16:12:06-05:00;2017;No;No;1;16
5 FEET FROM REED ST;TWO-WAY,NOT DIVIDED;DAYLIGHT;CLEAR;0;0;;STOP SIGN;PASSENGER CAR;PICKUP;NONE;NONE;;2017-01-08T07:58:13-05:00;2017;No;No;1;07
350 FEET FROM PVA 316 N ACADEMY ST;TWO-WAY,NOT DIVIDED;NONE;CLEAR;0;0;;NO CONTROL PRESENT;NONE;NONE;NONE;NONE;;2017-01-09T18:20:18-05:00;2017;No;No;1;18
.2 MILES FROM P.V.A. (113 COLLIER PL);TWO-WAY,NOT DIVIDED;DAYLIGHT;SLEET, HAIL, FREEZING RAIN/DRIZZLE;0;0;COMING FROM BEHIND PARKED VEHICLE;NO CONTROL PRESENT;PASSENGER CAR;NONE;NONE;NONE;;2017-01-10T19:35:11-05:00;2017;No;No;1;19
0 FEET FROM SR 1615 (HIGH HOUSE RD);TWO-WAY,DIVIDED,POSITIVE MEDIAN BARRIER;DAYLIGHT;CLEAR;0;0;;NO CONTROL PRESENT;PASSENGER CAR;NONE;NONE;NONE;;2017-01-11T13:22:16-05:00;2017;No;No;1;13
200 FEET FROM P.V.A. (1300 CRESECENT GREEN);TWO-WAY,NOT DIVIDED;DAYLIGHT;CLEAR;0;0;COMING FROM BEHIND PARKED VEHICLE;NO CONTROL PRESENT;PASSENGER CAR;PASSENGER CAR;NONE;NONE;;2017-01-10T12:06:00-05:00;2017;No;No;1;12
430 FEET FROM W CHATHAM ST/;TWO-WAY,NOT DIVIDED;DAYLIGHT;CLEAR;0;0;;NO CONTROL PRESENT;PASSENGER CAR;SPORT UTILITY;NONE;NONE;;2017-01-12T14:01:14-05:00;2017;No;No;1;14
230 FEET FROM PARK VILLAGE DR;TWO-WAY,NOT DIVIDED;DAYLIGHT;CLOUDY;0;0;;NO CONTROL PRESENT;PICKUP;NONE;NONE;NONE;;2017-01-11T14:01:14-05:00;2017;No;No;1;14
25 FEET FROM SR1624 (CARPENTER FIRE STATION;TWO-WAY,DIVIDED,UNPROTECTED MEDIAN;DARK - LIGHTED ROADWAY;CLOUDY;0;1;COMING FROM BEHIND PARKED VEHICLE;STOP AND GO SIGNAL;PICKUP;SPORT UTILITY;NONE;NONE;;2017-01-11T19:15:51-05:00;2017;No;Yes;1;19
100 FEET FROM 200 WATERFORD LAKE DR;NONE;NONE;NONE;0;0;;;NONE;NONE;NONE;NONE;;2016-01-13T09:43:51-05:00;2016;No;No;1;09
300 FEET FROM CARY PKWY TO US1 SB RAMP;ONE-WAY,NOT DIVIDED;DAYLIGHT;CLEAR;0;0;;NO CONTROL PRESENT;PASSENGER CAR;NONE;NONE;NONE;;2017-01-15T15:23:10-05:00;2017;No;No;1;15
225 FEET FROM SR# 1313 (WALNUT ST);TWO-WAY,DIVIDED,UNPROTECTED MEDIAN;DAYLIGHT;CLEAR;0;0;;NO CONTROL PRESENT;PASSENGER CAR;PASSENGER CAR;NONE;NONE;;2017-01-13T16:41:40-05:00;2017;No;No;1;16
320 FEET FROM SR 1009 (TRYON RD);TWO-WAY,DIVIDED,UNPROTECTED MEDIAN;DARK - LIGHTED ROADWAY;CLEAR;0;0;;NO CONTROL PRESENT;PASSENGER CAR;PASSENGER CAR;NONE;NONE;;2017-01-13T18:08:29-05:00;2017;No;No;1;18
75 FEET FROM 2052 RENAISSANCE PARK PL;ONE-WAY,NOT DIVIDED;DARK - LIGHTED ROADWAY;CLEAR;0;0;;NO CONTROL PRESENT;PASSENGER CAR;PASSENGER CAR;NONE;NONE;;2017-01-13T19:03:37-05:00;2017;No;No;1;19
0.5 MILES FROM US 1 HWY;TWO-WAY,DIVIDED,POSITIVE MEDIAN BARRIER;DAYLIGHT;CLEAR;0;0;;NO CONTROL PRESENT;PASSENGER CAR;PASSENGER CAR;NONE;NONE;;2017-01-13T19:28:30-05:00;2017;No;No;1;19
81 FEET FROM SR 1616 (OLD APEX RD);TWO-WAY,NOT DIVIDED;DAYLIGHT;CLOUDY;0;0;;NO CONTROL PRESENT;SPORT UTILITY;PASSENGER CAR;NONE;NONE;;2017-01-16T15:30:20-05:00;2017;No;No;1;15
CARY;TWO-WAY,DIVIDED,POSITIVE MEDIAN BARRIER;DARK - LIGHTED ROADWAY;CLEAR;0;0;;STOP AND GO SIGNAL;PASSENGER CAR;PASSENGER CAR;NONE;NONE;;2017-01-14T18:44:13-05:00;2017;No;No;1;18
300 FEET FROM WALNUT ST;TWO-WAY,DIVIDED,POSITIVE MEDIAN BARRIER;DAYLIGHT;CLOUDY;0;0;;NO CONTROL PRESENT;PASSENGER CAR;SPORT UTILITY;NONE;NONE;;2017-01-16T11:37:00-05:00;2017;No;No;1;11
80 FEET FROM P.P. (RESIDENCE, 303 YORK ST);NONE;DARK - ROADWAY NOT LIGHTED;FOG, SMOG, SMOKE;0;0;;NO CONTROL PRESENT;PASSENGER CAR;NONE;NONE;NONE;;2017-01-17T05:45:39-05:00;2017;No;No;1;05
41 FEET FROM LAKE GROVE BLVD;TWO-WAY,NOT DIVIDED;DARK - LIGHTED ROADWAY;CLEAR;0;0;;NO CONTROL PRESENT;PASSENGER CAR;NONE;NONE;NONE;;2017-01-17T05:22:38-05:00;2017;No;No;1;05
78 FEET FROM E CEDAR ST;TWO-WAY,NOT DIVIDED;DAYLIGHT;CLEAR;0;0;;NO CONTROL PRESENT;PICKUP;PASSENGER CAR;NONE;NONE;;2017-01-09T11:41:00-05:00;2017;No;No;1;11
2 MILES FROM US 1  HWY;TWO-WAY,DIVIDED,POSITIVE MEDIAN BARRIER;DARK - LIGHTED ROADWAY;CLEAR;0;2;;NO CONTROL PRESENT;PASSENGER CAR;PASSENGER CAR;NONE;NONE;;2017-01-18T17:55:04-05:00;2017;No;Yes;1;17
CARY;TWO-WAY,DIVIDED,UNPROTECTED MEDIAN;DUSK;CLEAR;0;0;;STOP SIGN;VAN;PICKUP;NONE;NONE;;2017-01-18T17:11:20-05:00;2017;No;No;1;17
0 FEET FROM SR 3081 (CHAPEL HILL RD);TWO-WAY,NOT DIVIDED;DAYLIGHT;CLEAR;0;0;;STOP AND GO SIGNAL;SPORT UTILITY;PASSENGER CAR;SPORT UTILITY;NONE;;2017-01-18T15:28:28-05:00;2017;No;No;1;15
CARY;TWO-WAY,NOT DIVIDED;DAYLIGHT;CLEAR;0;0;;STOP SIGN;PASSENGER CAR;PICKUP;NONE;NONE;;2017-01-19T08:00:36-05:00;2017;No;No;1;08
CARY;TWO-WAY,DIVIDED,UNPROTECTED MEDIAN;DAYLIGHT;CLEAR;0;1;;STOP AND GO SIGNAL;PASSENGER CAR;PASSENGER CAR;NONE;NONE;;2017-01-19T07:43:10-05:00;2017;No;Yes;1;07
.2525 MILES FROM SR 1315 (BUCK JONES RD);TWO-WAY,NOT DIVIDED;DAYLIGHT;CLEAR;0;0;;STOP SIGN;PASSENGER CAR;PASSENGER CAR;NONE;NONE;;2017-01-18T13:57:09-05:00;2017;No;No;1;13
0 FEET FROM SR 1370 (TRYON RD);TWO-WAY,DIVIDED,POSITIVE MEDIAN BARRIER;DAYLIGHT;CLEAR;0;0;;STOP AND GO SIGNAL;PASSENGER CAR;PASSENGER CAR;NONE;NONE;;2017-01-19T12:28:00-05:00;2017;No;No;1;12
.2 MILES FROM US1;TWO-WAY,DIVIDED,POSITIVE MEDIAN BARRIER;DAYLIGHT;CLEAR;0;0;;NO CONTROL PRESENT;PASSENGER CAR;SPORT UTILITY;NONE;NONE;;2017-01-18T17:02:19-05:00;2017;No;No;1;17