Location_Description;Road_Configuration;Light_Condition;Weather;Fatality;Injury;Contributing_Factor;Traffic_Control;Vehicle1;Vehicle2;Vehicle3;Vehicle4;Vehicle5;Crash_Date;year;Fatalities;Injuries;Month;Hour
.12 MILES FROM PVA OF 1931 HIGH HOUSE RD;TWO-WAY,NOT DIVIDED;DAYLIGHT;CLEAR;0;0;;STOP SIGN;PASSENGER CAR;NONE;NONE;NONE;;2017-01-19T17:02:39-05:00;2017;No;No;1;17
18 FEET FROM SR 3090 (WESTON PKWY);TWO-WAY,DIVIDED,UNPROTECTED MEDIAN;DAYLIGHT;CLEAR;0;1;;NO CONTROL PRESENT;PASSENGER CAR;SPORT UTILITY;NONE;NONE;;2017-01-19T17:07:37-05:00;2017;No;Yes;1;17
.15 MILES FROM PVA (187 HIGH HOUSE RD);NONE;NONE;NONE;0;0;;;NONE;NONE;NONE;NONE;;2017-01-12T15:24:16-05:00;2017;No;No;1;15
.1 MILES FROM PVA 237 CROSSROADS BLVD;TWO-WAY,NOT DIVIDED;DAYLIGHT;CLOUDY;0;0;;NO CONTROL PRESENT;PICKUP;SPORT UTILITY;NONE;NONE;;2017-01-21T12:14:00-05:00;2017;No;No;1;12
10 FEET FROM US1;TWO-WAY,DIVIDED,POSITIVE MEDIAN BARRIER;DAYLIGHT;CLOUDY;0;0;;STOP AND GO SIGNAL;PASSENGER CAR;PASSENGER CAR;NONE;NONE;;2017-01-20T12:55:00-05:00;2017;No;No;1;12
200 FEET FROM CAITBOO AV;TWO-WAY,NOT DIVIDED;DARK - LIGHTED ROADWAY;RAIN;0;0;;STOP AND GO SIGNAL;SPORT UTILITY;PASSENGER CAR;NONE;NONE;;2017-01-21T17:21:26-05:00;2017;No;No;1;17
200 FEET FROM SR 1615 (HIGH HOUSE RD);TWO-WAY,DIVIDED,POSITIVE MEDIAN BARRIER;DAYLIGHT;CLOUDY;0;0;;STOP AND GO SIGNAL;VAN;VAN;NONE;NONE;;2017-01-22T14:40:37-05:00;2017;No;No;1;14
100 FEET FROM SR 3977 (SW CARY PARKWAY);TWO-WAY,DIVIDED,POSITIVE MEDIAN BARRIER;DAYLIGHT;CLEAR;0;0;;STOP AND GO SIGNAL;PICKUP;SPORT UTILITY;NONE;NONE;;2017-01-23T10:33:00-05:00;2017;No;No;1;10
100 FEET FROM PVA (805 CARY TOWNE BLVD);TWO-WAY,NOT DIVIDED;DAYLIGHT;CLOUDY;0;0;;NO CONTROL PRESENT;PASSENGER CAR;SPORT UTILITY;NONE;NONE;;2017-01-23T14:38:36-05:00;2017;No;No;1;14
CARY;ONE-WAY,NOT DIVIDED;DAYLIGHT;CLEAR;0;0;;STOP AND GO SIGNAL;PICKUP;PASSENGER CAR;NONE;NONE;;2017-01-23T15:29:58-05:00;2017;No;No;1;15
.1 MILES FROM WESTON PKWY;TWO-WAY,DIVIDED,UNPROTECTED MEDIAN;DAYLIGHT;CLEAR;0;0;;STOP SIGN;PASSENGER CAR;PICKUP;NONE;NONE;;2017-01-24T08:36:21-05:00;2017;No;No;1;08
239 FEET FROM NC 54 (CHAPEL HILL RD);TWO-WAY,DIVIDED,UNPROTECTED MEDIAN;DAYLIGHT;CLEAR;0;0;;NO CONTROL PRESENT;PASSENGER CAR;PICKUP;NONE;NONE;;2017-01-24T13:22:53-05:00;2017;No;No;1;13
200 FEET FROM CRESCENT GREEN;NONE;NONE;NONE;0;0;;;NONE;NONE;NONE;NONE;;2016-10-29T10:56:00-04:00;2016;No;No;10;10
20 FEET FROM SR 3977 (SE CARY PKWY);TWO-WAY,NOT DIVIDED;DAYLIGHT;CLEAR;0;0;;STOP AND GO SIGNAL;PASSENGER CAR;SPORT UTILITY;NONE;NONE;;2017-01-24T16:20:36-05:00;2017;No;No;1;16
100 FEET FROM WALNUT ST(SR#1313);TWO-WAY,DIVIDED,UNPROTECTED MEDIAN;DAYLIGHT;CLEAR;0;0;;STOP AND GO SIGNAL;SPORT UTILITY;SCHOOL BUS;NONE;NONE;;2017-01-24T16:35:11-05:00;2017;No;No;1;16
107 FEET FROM P.V.A. (NORTHWOODS VILLAGE DR);TWO-WAY,NOT DIVIDED;DAYLIGHT;CLEAR;0;0;;NO CONTROL PRESENT;LIGHT TRUCK (MINI-VAN- PANEL);PASSENGER CAR;NONE;NONE;;2017-01-24T14:21:58-05:00;2017;No;No;1;14
150 FEET FROM SR-1300 (KILDAIRE FARM RD);TWO-WAY,DIVIDED,UNPROTECTED MEDIAN;DAYLIGHT;CLEAR;0;0;;STOP AND GO SIGNAL;PASSENGER CAR;SPORT UTILITY;NONE;NONE;;2017-01-25T12:40:00-05:00;2017;No;No;1;12
75 FEET FROM SR-1300 KILDAIRE FARM RD;TWO-WAY,NOT DIVIDED;DAYLIGHT;CLEAR;0;0;;STOP AND GO SIGNAL;SPORT UTILITY;PICKUP;NONE;NONE;;2017-01-25T07:21:44-05:00;2017;No;No;1;07
.172 MILES FROM SR1613(DAVIS DR);TWO-WAY,DIVIDED,UNPROTECTED MEDIAN;DARK - LIGHTED ROADWAY;CLEAR;0;0;;STOP AND GO SIGNAL;PASSENGER CAR;SPORT UTILITY;NONE;NONE;;2017-01-20T15:11:10-05:00;2017;No;No;1;15
75 FEET FROM SR3081 (CHAPEL HILL RD);TWO-WAY,DIVIDED,UNPROTECTED MEDIAN;DARK - LIGHTED ROADWAY;CLEAR;0;0;;NO CONTROL PRESENT;PASSENGER CAR;PASSENGER CAR;NONE;NONE;;2017-01-26T18:23:19-05:00;2017;No;No;1;18
100 FEET FROM WALNUT ST(SR#1313);TWO-WAY,DIVIDED,UNPROTECTED MEDIAN;DAYLIGHT;CLEAR;0;0;;STOP AND GO SIGNAL;SPORT UTILITY;SCHOOL BUS;NONE;NONE;;2017-01-24T15:48:55-05:00;2017;No;No;1;15
480 FEET FROM P.V.A. (123 MIDDLE CREEK PARK;TWO-WAY,NOT DIVIDED;DAYLIGHT;CLEAR;0;0;;NO CONTROL PRESENT;SPORT UTILITY;PASSENGER CAR;NONE;NONE;;2017-01-27T12:55:00-05:00;2017;No;No;1;12
200 FEET FROM PVA AT 210 NOTTINGHAM DR;TWO-WAY,NOT DIVIDED;DARK - LIGHTED ROADWAY;CLEAR;0;0;;NO CONTROL PRESENT;PASSENGER CAR;PASSENGER CAR;NONE;NONE;;2017-01-27T21:15:18-05:00;2017;No;No;1;21
CARY;TWO-WAY,DIVIDED,POSITIVE MEDIAN BARRIER;DAYLIGHT;CLEAR;0;0;;NO CONTROL PRESENT;PASSENGER CAR;PASSENGER CAR;NONE;NONE;;2017-01-28T11:17:00-05:00;2017;No;No;1;11
20 FEET FROM WALNUT ST;TWO-WAY,DIVIDED,UNPROTECTED MEDIAN;DARK - LIGHTED ROADWAY;CLEAR;0;0;;STOP AND GO SIGNAL;PASSENGER CAR;PASSENGER CAR;NONE;NONE;;2017-01-29T20:10:03-05:00;2017;No;No;1;20
430 FEET FROM REEDY CREEK RD;TWO-WAY,NOT DIVIDED;DARK - ROADWAY NOT LIGHTED;CLEAR;0;0;;OTHER *;PICKUP;NONE;NONE;NONE;;2017-01-29T13:49:23-05:00;2017;No;No;1;13
0 FEET FROM SR 3977 (SW CARY PKWY);TWO-WAY,DIVIDED,UNPROTECTED MEDIAN;DAYLIGHT;CLEAR;0;1;;STOP AND GO SIGNAL;PASSENGER CAR;SPORT UTILITY;NONE;NONE;;2017-01-31T06:49:24-05:00;2017;No;Yes;1;06
.15 MILES FROM NC 55 HWY;TWO-WAY,NOT DIVIDED;DAYLIGHT;CLEAR;0;0;;NO CONTROL PRESENT;PASSENGER CAR;PASSENGER CAR;PASSENGER CAR;NONE;;2017-02-01T09:04:50-05:00;2017;No;No;2;09
205 FEET FROM P.V.A. (RENAISSANCE PARK PL);ONE-WAY,NOT DIVIDED;DAYLIGHT;CLEAR;0;0;;NO CONTROL PRESENT;SPORT UTILITY;SPORT UTILITY;NONE;NONE;;2017-01-31T13:21:04-05:00;2017;No;No;1;13
300 FEET FROM SR1010 (WALNUT ST);TWO-WAY,NOT DIVIDED;DAYLIGHT;CLOUDY;0;0;;NO CONTROL PRESENT;PASSENGER CAR;SPORT UTILITY;NONE;NONE;;2017-02-01T07:16:47-05:00;2017;No;No;2;07
100 FEET FROM SR 1600 (GREEN LEVEL CHURCH RD;TWO-WAY,NOT DIVIDED;DAYLIGHT;CLEAR;0;0;;NO CONTROL PRESENT;PASSENGER CAR;SPORT UTILITY;NONE;NONE;;2017-02-01T16:03:31-05:00;2017;No;No;2;16
0 FEET FROM SW CARY PKWY;TWO-WAY,DIVIDED,UNPROTECTED MEDIAN;DARK - LIGHTED ROADWAY;CLEAR;0;1;;STOP AND GO SIGNAL;PASSENGER CAR;SPORT UTILITY;NONE;NONE;;2017-01-27T01:31:34-05:00;2017;No;Yes;1;01
135 FEET FROM SR1613 (DAVIS DR);TWO-WAY,DIVIDED,UNPROTECTED MEDIAN;DAYLIGHT;CLEAR;0;0;;NO CONTROL PRESENT;PICKUP;PASSENGER CAR;NONE;NONE;;2017-02-02T08:21:14-05:00;2017;No;No;2;08
450 FEET FROM SR 1300 (KILDAIRE FARM RD);TWO-WAY,NOT DIVIDED;DAYLIGHT;CLEAR;0;0;;NO CONTROL PRESENT;PASSENGER CAR;PASSENGER CAR;NONE;NONE;;2017-02-01T17:02:31-05:00;2017;No;No;2;17
20 FEET FROM SR 1652 ( N HARRISON AVE);TWO-WAY,DIVIDED,UNPROTECTED MEDIAN;DAYLIGHT;CLEAR;0;0;;STOP AND GO SIGNAL;PASSENGER CAR;SINGLE UNIT TRUCK (2-AXLE- 6-TIRE);NONE;NONE;;2017-02-02T08:42:32-05:00;2017;No;No;2;08
150 FEET FROM P.V.A. (2060 RENAISSANCE PARK);TWO-WAY,NOT DIVIDED;DAYLIGHT;CLOUDY;0;0;;NO CONTROL PRESENT;SPORT UTILITY;SPORT UTILITY;NONE;NONE;;2017-02-03T13:38:00-05:00;2017;No;No;2;13
300 FEET FROM P.V.A. 911 W CHATHAM ST;TWO-WAY,NOT DIVIDED;NONE;NONE;0;0;;NO CONTROL PRESENT;PICKUP;NONE;NONE;NONE;;2017-02-05T16:24:40-05:00;2017;No;No;2;16
5 MILES FROM US 1;ONE-WAY,NOT DIVIDED;DAYLIGHT;CLEAR;0;0;;STOP AND GO SIGNAL;SPORT UTILITY;SPORT UTILITY;NONE;NONE;;2017-02-04T12:09:00-05:00;2017;No;No;2;12
10 FEET FROM SR1415 (SE MAYNARD RD);TWO-WAY,DIVIDED,UNPROTECTED MEDIAN;DAYLIGHT;CLEAR;0;0;;YIELD SIGN;PASSENGER CAR;SPORT UTILITY;NONE;NONE;;2017-02-05T15:44:36-05:00;2017;No;No;2;15
.5 MILES FROM PARKSIDE GREEN ST;TWO-WAY,NOT DIVIDED;DARK - ROADWAY NOT LIGHTED;CLEAR;0;0;FAILURE TO YIELD RIGHT OF WAY;NO CONTROL PRESENT;PICKUP;NONE;NONE;NONE;;2017-02-02T13:44:18-05:00;2017;No;No;2;13
453 FEET FROM PVA 7129 SR1628 (OKELLY CHAPE;TWO-WAY,NOT DIVIDED;DAYLIGHT;CLEAR;0;0;;;PASSENGER CAR;PASSENGER CAR;NONE;NONE;;2017-02-05T12:07:00-05:00;2017;No;No;2;12
.3977 MILES FROM US 1 HWY;TWO-WAY,DIVIDED,POSITIVE MEDIAN BARRIER;DARK - LIGHTED ROADWAY;RAIN;0;1;;NO CONTROL PRESENT;PICKUP;PASSENGER CAR;NONE;NONE;;2017-02-03T06:00:25-05:00;2017;No;Yes;2;06
.5 MILES FROM US 1 SOUTH;ONE-WAY,NOT DIVIDED;DARK - LIGHTED ROADWAY;RAIN;0;1;;NO CONTROL PRESENT;PASSENGER CAR;NONE;NONE;NONE;;2017-02-03T05:07:05-05:00;2017;No;Yes;2;05
5 FEET FROM MIDDLETON AV;TWO-WAY,NOT DIVIDED;DAWN;CLEAR;0;0;;NO CONTROL PRESENT;PASSENGER CAR;SPORT UTILITY;NONE;NONE;;2017-02-06T06:55:37-05:00;2017;No;No;2;06
2 MILES FROM SR 1370 TRYON RD;TWO-WAY,DIVIDED,UNPROTECTED MEDIAN;DAYLIGHT;CLEAR;0;0;;NO CONTROL PRESENT;POLICE;PASSENGER CAR;NONE;NONE;;2017-02-06T14:10:50-05:00;2017;No;No;2;14
450 FEET FROM P.V.A. 1510 N HARRISON AV;TWO-WAY,NOT DIVIDED;DAYLIGHT;CLEAR;0;0;;NO CONTROL PRESENT;SPORT UTILITY;PASSENGER CAR;NONE;NONE;;2017-02-06T16:45:49-05:00;2017;No;No;2;16
100 FEET FROM SR 3977 SE CARY PKWY;TWO-WAY,DIVIDED,UNPROTECTED MEDIAN;DAYLIGHT;CLEAR;0;0;;NO CONTROL PRESENT;PASSENGER CAR;SPORT UTILITY;NONE;NONE;;2017-02-06T11:55:00-05:00;2017;No;No;2;11
0 FEET FROM SR 1613 (DAVIS DR);TWO-WAY,DIVIDED,UNPROTECTED MEDIAN;DAYLIGHT;CLEAR;0;0;;STOP AND GO SIGNAL;PASSENGER CAR;NONE;NONE;NONE;;2017-02-07T09:38:30-05:00;2017;No;No;2;09
50 FEET FROM SR 1009 (TRYON RD);TWO-WAY,DIVIDED,UNPROTECTED MEDIAN;DAYLIGHT;CLEAR;0;0;;STOP AND GO SIGNAL;PASSENGER CAR;PASSENGER CAR;NONE;NONE;;2017-02-07T16:00:40-05:00;2017;No;No;2;16
.1 MILES FROM SR 3081 (CHAPEL HILL RD);TWO-WAY,DIVIDED,UNPROTECTED MEDIAN;DAYLIGHT;CLOUDY;0;0;;NO CONTROL PRESENT;PASSENGER CAR;PASSENGER CAR;NONE;NONE;;2017-02-08T16:48:38-05:00;2017;No;No;2;16
100 FEET FROM PVA OF 2476 WALNUT ST;TWO-WAY,NOT DIVIDED;DAYLIGHT;CLEAR;0;0;;NO CONTROL PRESENT;PASSENGER CAR;PASSENGER CAR;NONE;NONE;;2017-02-09T13:29:00-05:00;2017;No;No;2;13
0 FEET FROM P.V.A. 3480 KILDAIRE FARM RD;TWO-WAY,NOT DIVIDED;DAYLIGHT;CLEAR;0;0;;STOP SIGN;SPORT UTILITY;PASSENGER CAR;NONE;NONE;;2017-02-09T15:27:54-05:00;2017;No;No;2;15
CARY;TWO-WAY,DIVIDED,POSITIVE MEDIAN BARRIER;DAYLIGHT;CLEAR;0;0;;NO CONTROL PRESENT;PASSENGER CAR;PASSENGER CAR;PASSENGER CAR;NONE;;2017-02-09T07:44:29-05:00;2017;No;No;2;07
.02 MILES FROM US HWY 64;TWO-WAY,DIVIDED,UNPROTECTED MEDIAN;DAYLIGHT;CLEAR;0;0;;NO CONTROL PRESENT;PASSENGER CAR;SPORT UTILITY;NONE;NONE;;2017-02-09T15:56:16-05:00;2017;No;No;2;15
75 FEET FROM 104 NORTHWOODS VILLAGE;TWO-WAY,NOT DIVIDED;DARK - LIGHTED ROADWAY;CLEAR;0;0;DARTING,NOT VISIBLE (DARK CLOTHING,ETC.);NO CONTROL PRESENT;PASSENGER CAR;NONE;NONE;NONE;;2017-02-09T07:45:21-05:00;2017;No;No;2;07
.5 MILES FROM US1;TWO-WAY,DIVIDED,POSITIVE MEDIAN BARRIER;DAYLIGHT;CLEAR;0;0;;NO CONTROL PRESENT;VAN;VAN;NONE;NONE;;2017-02-08T10:37:00-05:00;2017;No;No;2;10
100 FEET FROM SR1415 (SE MAYNARD RD);TWO-WAY,NOT DIVIDED;DAYLIGHT;CLEAR;0;0;;NO CONTROL PRESENT;PASSENGER CAR;PASSENGER CAR;NONE;NONE;;2017-02-09T08:52:18-05:00;2017;No;No;2;08
20 FEET FROM SR1624 (CARPENTER FIRE STATION;TWO-WAY,NOT DIVIDED;DAYLIGHT;CLEAR;0;0;;STOP AND GO SIGNAL;PASSENGER CAR;SPORT UTILITY;NONE;NONE;;2017-02-10T08:21:14-05:00;2017;No;No;2;08
320 FEET FROM PVA (1105 WALNUT ST);ONE-WAY,NOT DIVIDED;DARK - LIGHTED ROADWAY;CLEAR;0;0;;NO CONTROL PRESENT;NONE;PASSENGER CAR;NONE;NONE;;2017-02-11T22:22:00-05:00;2017;No;No;2;22
20 FEET FROM CRESCENT ARBORS LN;TWO-WAY,DIVIDED,UNPROTECTED MEDIAN;DAYLIGHT;CLEAR;0;0;;NO CONTROL PRESENT;VAN;NONE;NONE;NONE;;2017-02-09T14:28:03-05:00;2017;No;No;2;14
50 FEET FROM SR 3977 (SE CARY PKWY);TWO-WAY,DIVIDED,UNPROTECTED MEDIAN;DAYLIGHT;CLEAR;0;0;;NO CONTROL PRESENT;SPORT UTILITY;NONE;NONE;NONE;;2017-02-10T16:49:14-05:00;2017;No;No;2;16
.1 MILES FROM PVA OF 1207 KILDAIRE FARM RD;NONE;DAYLIGHT;CLEAR;0;0;;NO CONTROL PRESENT;PASSENGER CAR;PASSENGER CAR;NONE;NONE;;2017-02-12T17:11:45-05:00;2017;No;No;2;17
.2 MILES FROM EASTON GREY LOOP;TWO-WAY,NOT DIVIDED;DARK - UNKNOWN LIGHTING;RAIN;0;0;;NO CONTROL PRESENT;PASSENGER CAR;NONE;NONE;NONE;;2017-02-13T10:02:00-05:00;2017;No;No;2;10
.1 MILES FROM PVA 440 CROSSROADS BLVD;TWO-WAY,NOT DIVIDED;DAYLIGHT;CLEAR;0;0;;NO CONTROL PRESENT;PASSENGER CAR;PASSENGER CAR;NONE;NONE;;2017-02-13T12:28:00-05:00;2017;No;No;2;12
.19 MILES FROM US 1 HWY;TWO-WAY,DIVIDED,POSITIVE MEDIAN BARRIER;DARK - LIGHTED ROADWAY;CLEAR;0;2;;NO CONTROL PRESENT;SPORT UTILITY;SPORT UTILITY;NONE;NONE;;2017-01-31T18:18:47-05:00;2017;No;Yes;1;18
100 FEET FROM P.V.A. (421 E CHATHAM ST);TWO-WAY,NOT DIVIDED;DARK - LIGHTED ROADWAY;CLEAR;0;0;;NO CONTROL PRESENT;PASSENGER CAR;PASSENGER CAR;NONE;NONE;;2017-02-10T18:21:15-05:00;2017;No;No;2;18
75 FEET FROM US 64 HWY;TWO-WAY,DIVIDED,UNPROTECTED MEDIAN;DAYLIGHT;CLEAR;0;0;;NO CONTROL PRESENT;PASSENGER CAR;SPORT UTILITY;NONE;NONE;;2017-02-14T17:04:58-05:00;2017;No;No;2;17
CARY;TWO-WAY,DIVIDED,UNPROTECTED MEDIAN;DUSK;CLEAR;0;0;;NO CONTROL PRESENT;PASSENGER CAR;PASSENGER CAR;NONE;NONE;;2017-02-14T17:13:13-05:00;2017;No;No;2;17
40 FEET FROM NC 55 HWY;NONE;DARK - LIGHTED ROADWAY;CLEAR;0;0;;STOP AND GO SIGNAL;SPORT UTILITY;SPORT UTILITY;NONE;NONE;;2017-02-14T18:42:27-05:00;2017;No;No;2;18
20 FEET FROM SR1633 (GOOD HOPE CHURCH RD);TWO-WAY,NOT DIVIDED;DAYLIGHT;CLEAR;0;0;;STOP SIGN;PASSENGER CAR;SPORT UTILITY;NONE;NONE;;2017-02-14T12:02:00-05:00;2017;No;No;2;12
200 FEET FROM PVA OF 1515 SW CARY PKWY;TWO-WAY,NOT DIVIDED;DAYLIGHT;CLEAR;0;0;;NO CONTROL PRESENT;PASSENGER CAR;SPORT UTILITY;NONE;NONE;;2017-02-16T13:12:59-05:00;2017;No;No;2;13
.85 MILES FROM US 1 HWY;TWO-WAY,DIVIDED,POSITIVE MEDIAN BARRIER;DAYLIGHT;CLEAR;0;0;;NO CONTROL PRESENT;SPORT UTILITY;PASSENGER CAR;PASSENGER CAR;NONE;;2017-02-15T17:13:50-05:00;2017;No;No;2;17
.10 MILES FROM PVA 6770 MCCRIMMON PKWY;TWO-WAY,NOT DIVIDED;DAYLIGHT;CLEAR;0;0;;NO CONTROL PRESENT;PASSENGER CAR;PASSENGER CAR;NONE;NONE;;2017-02-17T12:08:00-05:00;2017;No;No;2;12
300 FEET FROM SR 1617 (CARPENTER UPCHURCH RD;TWO-WAY,NOT DIVIDED;DAYLIGHT;CLEAR;0;0;;NO CONTROL PRESENT;VAN;SPORT UTILITY;NONE;NONE;;2017-02-16T15:10:13-05:00;2017;No;No;2;15
100 FEET FROM PVA (924 KILDAIRE FARM RD);TWO-WAY,NOT DIVIDED;DAYLIGHT;CLEAR;0;1;;NO CONTROL PRESENT;PASSENGER CAR;NONE;NONE;NONE;;2017-02-18T16:04:31-05:00;2017;No;Yes;2;16
300 FEET FROM PVA (1000 AERIAL CENTER PKWY);ONE-WAY,NOT DIVIDED;DAYLIGHT;CLEAR;0;0;;NO CONTROL PRESENT;PASSENGER CAR;NONE;NONE;NONE;;2017-02-16T17:23:20-05:00;2017;No;No;2;17
.1143 MILES FROM SR1600(GREEN LEVEL CHURCH RD);TWO-WAY,NOT DIVIDED;DAYLIGHT;CLEAR;0;0;;NO CONTROL PRESENT;SPORT UTILITY;PICKUP;NONE;NONE;;2017-02-18T14:58:23-05:00;2017;No;No;2;14
.2 MILES FROM SR 1615 (HIGH HOUSE RD);TWO-WAY,DIVIDED,POSITIVE MEDIAN BARRIER;DARK - LIGHTED ROADWAY;CLEAR;0;0;;NO CONTROL PRESENT;PASSENGER CAR;NONE;NONE;NONE;;2017-02-20T04:36:51-05:00;2017;No;No;2;04
0 FEET FROM NC 54 NW MAYNARD RD;TWO-WAY,DIVIDED,UNPROTECTED MEDIAN;DAYLIGHT;CLEAR;0;2;;STOP AND GO SIGNAL;PASSENGER CAR;PASSENGER CAR;NONE;NONE;;2017-02-21T09:06:35-05:00;2017;No;Yes;2;09
15 FEET FROM SR 3122 HIGH HOUSE RD;NONE;NONE;NONE;0;0;;;PASSENGER CAR;NONE;NONE;NONE;;2016-03-21T21:27:09-04:00;2016;No;No;3;21
100 FEET FROM SR 1152 TRYON RD;TWO-WAY,DIVIDED,POSITIVE MEDIAN BARRIER;DARK - LIGHTED ROADWAY;CLEAR;0;1;;STOP AND GO SIGNAL;PICKUP;SPORT UTILITY;NONE;NONE;;2017-02-22T22:24:00-05:00;2017;No;Yes;2;22
15 FEET FROM SR 1300 (KILDAIRE FARM RD);TWO-WAY,NOT DIVIDED;DAYLIGHT;CLEAR;0;0;;STOP AND GO SIGNAL;SPORT UTILITY;VAN;SPORT UTILITY;NONE;;2017-02-22T12:20:00-05:00;2017;No;No;2;12
35 FEET FROM [SR1009]TRYON RD;TWO-WAY,DIVIDED,UNPROTECTED MEDIAN;DAYLIGHT;CLEAR;0;0;;STOP AND GO SIGNAL;PASSENGER CAR;SPORT UTILITY;NONE;NONE;;2017-02-23T14:12:43-05:00;2017;No;No;2;14
200 FEET FROM US 1 ON RAMP NB;ONE-WAY,NOT DIVIDED;DARK - LIGHTED ROADWAY;CLEAR;0;0;;YIELD SIGN;PASSENGER CAR;SPORT UTILITY;NONE;NONE;;2017-02-21T19:07:57-05:00;2017;No;No;2;19
85 FEET FROM [SR1300]KILDAIRE FARM RD;TWO-WAY,DIVIDED,UNPROTECTED MEDIAN;DAYLIGHT;CLEAR;0;0;;STOP AND GO SIGNAL;SPORT UTILITY;EMS VEHICLE- AMBULANCE- RESCUE SQUAD;NONE;NONE;;2017-02-23T17:57:16-05:00;2017;No;No;2;17
CARY;TWO-WAY,DIVIDED,POSITIVE MEDIAN BARRIER;DARK - LIGHTED ROADWAY;CLEAR;0;0;;FLASHING STOP AND GO SIGNAL;SPORT UTILITY;SPORT UTILITY;NONE;NONE;;2017-02-23T18:34:44-05:00;2017;No;No;2;18
400 FEET FROM PVA OF 128 KILMAYNE DR;ONE-WAY,NOT DIVIDED;DAYLIGHT;CLEAR;0;0;;NO CONTROL PRESENT;PASSENGER CAR;PASSENGER CAR;NONE;NONE;;2017-02-25T16:38:44-05:00;2017;No;No;2;16
0 FEET FROM 421 E CHATHAM ST;TWO-WAY,NOT DIVIDED;DARK - LIGHTED ROADWAY;CLEAR;0;0;;NO CONTROL PRESENT;LIGHT TRUCK (MINI-VAN- PANEL);SINGLE UNIT TRUCK (2-AXLE- 6-TIRE);NONE;NONE;;2017-02-25T19:01:00-05:00;2017;No;No;2;19
100 FEET FROM PVA (1273 NW MAYNARD RD);TWO-WAY,NOT DIVIDED;DAYLIGHT;CLEAR;0;0;;NO CONTROL PRESENT;PASSENGER CAR;PASSENGER CAR;SPORT UTILITY;NONE;;2017-02-26T14:27:06-05:00;2017;No;No;2;14
100 FEET FROM (SR 1652) N HARRISON AVE;TWO-WAY,DIVIDED,UNPROTECTED MEDIAN;DAYLIGHT;CLEAR;0;0;FAILURE TO OBEY TRAFFIC SIGNS,SIGNALS;RR GATE AND FLASHER;PASSENGER CAR;NONE;NONE;NONE;;2017-02-25T12:03:00-05:00;2017;No;No;2;12
CARY;TWO-WAY,DIVIDED,POSITIVE MEDIAN BARRIER;DAYLIGHT;CLEAR;0;0;;STOP AND GO SIGNAL;PASSENGER CAR;SPORT UTILITY;NONE;NONE;;2017-02-25T11:15:00-05:00;2017;No;No;2;11
.2 MILES FROM PVA OF 2500 CARPENTER UPCHURCH;TWO-WAY,NOT DIVIDED;DARK - LIGHTED ROADWAY;CLEAR;0;0;;NO CONTROL PRESENT;NONE;NONE;NONE;NONE;;2017-02-23T19:31:03-05:00;2017;No;No;2;19
.1 MILES FROM US 64 HWY W;TWO-WAY,DIVIDED,UNPROTECTED MEDIAN;DAYLIGHT;CLEAR;0;0;;STOP AND GO SIGNAL;PASSENGER CAR;PICKUP;NONE;NONE;;2017-02-25T13:27:28-05:00;2017;No;No;2;13
25 FEET FROM CROSSROADS BLVD;TWO-WAY,DIVIDED,POSITIVE MEDIAN BARRIER;DARK - LIGHTED ROADWAY;CLEAR;0;0;;NO CONTROL PRESENT;PASSENGER CAR;PICKUP;NONE;NONE;;2017-02-23T21:13:18-05:00;2017;No;No;2;21
250 FEET FROM SR 3081 (CHAPEL HILL RD);TWO-WAY,NOT DIVIDED;DAYLIGHT;CLEAR;0;0;;NO CONTROL PRESENT;SPORT UTILITY;PICKUP;NONE;NONE;;2017-02-24T14:46:40-05:00;2017;No;No;2;14
20 FEET FROM PVA CHRIST THE KING LUTHERAN C;TWO-WAY,NOT DIVIDED;DAYLIGHT;CLEAR;0;0;;STOP SIGN;SPORT UTILITY;PASSENGER CAR;NONE;NONE;;2017-02-24T14:42:28-05:00;2017;No;No;2;14
.2 MILES FROM NC 55 HWY;TWO-WAY,NOT DIVIDED;DUSK;CLEAR;0;0;;NO CONTROL PRESENT;PASSENGER CAR;PASSENGER CAR;NONE;NONE;;2017-02-24T17:58:24-05:00;2017;No;No;2;17
0 FEET FROM CAITBOO AVE;TWO-WAY,NOT DIVIDED;DAYLIGHT;CLEAR;0;1;;STOP AND GO SIGNAL;PASSENGER CAR;PASSENGER CAR;SPORT UTILITY;NONE;;2017-02-23T07:10:00-05:00;2017;No;Yes;2;07
0 FEET FROM SR 1613 DAVIS DR;TWO-WAY,DIVIDED,UNPROTECTED MEDIAN;DAYLIGHT;CLEAR;0;1;;STOP AND GO SIGNAL;PASSENGER CAR;SPORT UTILITY;NONE;NONE;;2017-02-24T15:00:19-05:00;2017;No;Yes;2;15
20 FEET FROM TATE ST;TWO-WAY,NOT DIVIDED;DAYLIGHT;CLEAR;0;0;;STOP SIGN;PASSENGER CAR;SPORT UTILITY;NONE;NONE;;2017-02-28T06:59:49-05:00;2017;No;No;2;06
.10 MILES FROM SR 1315 BUCK JONES RD;TWO-WAY,DIVIDED,POSITIVE MEDIAN BARRIER;DAYLIGHT;CLEAR;0;0;;NO CONTROL PRESENT;SPORT UTILITY;PASSENGER CAR;NONE;NONE;;2017-02-28T18:31:57-05:00;2017;No;No;2;18
400 FEET FROM SR1613 (DAVIS DR);TWO-WAY,DIVIDED,UNPROTECTED MEDIAN;DAYLIGHT;CLEAR;0;0;;STOP AND GO SIGNAL;PASSENGER CAR;PASSENGER CAR;NONE;NONE;;2017-02-28T08:38:59-05:00;2017;No;No;2;08