Location_Description;Road_Configuration;Light_Condition;Weather;Fatality;Injury;Contributing_Factor;Traffic_Control;Vehicle1;Vehicle2;Vehicle3;Vehicle4;Vehicle5;Crash_Date;year;Fatalities;Injuries;Month;Hour
.10 MILES FROM 885 WALNUT ST (PVA);NONE;DAYLIGHT;CLEAR;0;1;;NO CONTROL PRESENT;SPORT UTILITY;NONE;NONE;NONE;;2017-07-08T15:08:18-04:00;2017;No;Yes;7;15
75 FEET FROM SR 1652 (N. HARRISON AVE.);TWO-WAY,NOT DIVIDED;DUSK;CLEAR;0;0;;NO CONTROL PRESENT;SPORT UTILITY;NONE;NONE;NONE;;2017-07-09T20:38:17-04:00;2017;No;No;7;20
75 FEET FROM PVA (2000 SNAP TURTLE DR);TWO-WAY,NOT DIVIDED;DUSK;CLEAR;0;0;;NO CONTROL PRESENT;PASSENGER CAR;PASSENGER CAR;NONE;NONE;;2017-07-10T20:20:38-04:00;2017;No;No;7;20
60 FEET FROM NC 55 HWY;TWO-WAY,DIVIDED,UNPROTECTED MEDIAN;DARK - LIGHTED ROADWAY;CLEAR;0;1;;STOP AND GO SIGNAL;PASSENGER CAR;SPORT UTILITY;NONE;NONE;;2017-07-07T09:36:33-04:00;2017;No;Yes;7;09
200 FEET FROM 3434 KILDAIRE FARM RD;TWO-WAY,NOT DIVIDED;DAYLIGHT;CLEAR;0;0;;NO CONTROL PRESENT;PASSENGER CAR;PASSENGER CAR;NONE;NONE;;2017-07-12T09:12:08-04:00;2017;No;No;7;09
.13 MILES FROM SR #3081 (CHAPEL HILL RD);TWO-WAY,NOT DIVIDED;DAYLIGHT;CLEAR;0;0;;NO CONTROL PRESENT;PASSENGER CAR;NONE;NONE;NONE;;2017-07-12T15:13:28-04:00;2017;No;No;7;15
100 FEET FROM KILARNEY DR;TWO-WAY,NOT DIVIDED;DARK - ROADWAY NOT LIGHTED;CLEAR;0;0;;NO CONTROL PRESENT;PASSENGER CAR;NONE;NONE;NONE;;2017-07-06T11:19:00-04:00;2017;No;No;7;11
500 FEET FROM PVA OF 107 EDINBURGH SOUTH DR;TWO-WAY,NOT DIVIDED;DAYLIGHT;CLEAR;0;0;;NO CONTROL PRESENT;PASSENGER CAR;PICKUP;NONE;NONE;;2017-07-13T12:50:00-04:00;2017;No;No;7;12
CARY;TWO-WAY,DIVIDED,UNPROTECTED MEDIAN;DAYLIGHT;CLEAR;0;0;;STOP AND GO SIGNAL;SPORT UTILITY;SPORT UTILITY;PICKUP;NONE;;2017-07-12T16:57:00-04:00;2017;No;No;7;16
0 MILES FROM SR 1009 TRYON RD;TWO-WAY,NOT DIVIDED;DAYLIGHT;CLEAR;0;1;;STOP AND GO SIGNAL;PASSENGER CAR;SPORT UTILITY;NONE;NONE;;2017-07-11T16:27:32-04:00;2017;No;Yes;7;16
150 FEET FROM 885 WALNUT ST (PVA);TWO-WAY,NOT DIVIDED;DAYLIGHT;CLEAR;0;0;;STOP SIGN;PICKUP;SPORT UTILITY;NONE;NONE;;2017-07-13T11:04:00-04:00;2017;No;No;7;11
CARY;TWO-WAY,NOT DIVIDED;DAYLIGHT;CLEAR;0;0;;STOP SIGN;SPORT UTILITY;PASSENGER CAR;NONE;NONE;;2017-07-14T09:41:38-04:00;2017;No;No;7;09
300 FEET FROM SR 1423 (PINEY PLAINS RD);TWO-WAY,NOT DIVIDED;DAYLIGHT;CLEAR;0;0;;NO CONTROL PRESENT;PASSENGER CAR;VAN;NONE;NONE;;2017-07-08T13:43:33-04:00;2017;No;No;7;13
CARY;NONE;NONE;NONE;0;0;;;NONE;NONE;NONE;NONE;;2017-07-16T19:26:05-04:00;2017;No;No;7;19
CARY;TWO-WAY,NOT DIVIDED;DAYLIGHT;CLEAR;0;0;;NO CONTROL PRESENT;SPORT UTILITY;NONE;NONE;NONE;;2017-07-13T16:07:55-04:00;2017;No;No;7;16
200 FEET FROM GALSWORTHY ST;TWO-WAY,NOT DIVIDED;DAWN;CLEAR;0;0;;NO CONTROL PRESENT;PASSENGER CAR;SPORT UTILITY;NONE;NONE;;2017-07-09T07:52:39-04:00;2017;No;No;7;07
.24 MILES FROM SR-1152 (HOLLY SPRINGS RD);TWO-WAY,NOT DIVIDED;DAYLIGHT;CLEAR;0;1;;STOP AND GO SIGNAL;SPORT UTILITY;SPORT UTILITY;NONE;NONE;;2017-07-15T10:37:00-04:00;2017;No;Yes;7;10
100 FEET FROM PVA (2810 NC 55 HWY);TWO-WAY,NOT DIVIDED;DAYLIGHT;CLEAR;0;0;;NO CONTROL PRESENT;NONE;PASSENGER CAR;NONE;NONE;;2017-07-08T13:54:16-04:00;2017;No;No;7;13
200 FEET FROM CAITBOO AVE;TWO-WAY,NOT DIVIDED;DAYLIGHT;CLEAR;0;0;;STOP AND GO SIGNAL;SPORT UTILITY;SPORT UTILITY;NONE;NONE;;2017-07-08T13:17:09-04:00;2017;No;No;7;13
CARY;TWO-WAY,NOT DIVIDED;DAYLIGHT;CLEAR;0;0;;STOP AND GO SIGNAL;PICKUP;SPORT UTILITY;NONE;NONE;;2017-07-08T14:37:40-04:00;2017;No;No;7;14
15 FEET FROM SR 1313 (WALNUT ST);TWO-WAY,DIVIDED,UNPROTECTED MEDIAN;DAYLIGHT;CLEAR;0;0;;STOP AND GO SIGNAL;PASSENGER CAR;PASSENGER CAR;NONE;NONE;;2017-07-14T15:37:41-04:00;2017;No;No;7;15
.2 MILES FROM SR1613 DAVIS DR;TWO-WAY,DIVIDED,UNPROTECTED MEDIAN;DARK - LIGHTED ROADWAY;CLEAR;0;0;;STOP AND GO SIGNAL;SPORT UTILITY;NONE;NONE;NONE;;2017-07-14T01:57:13-04:00;2017;No;No;7;01
100 FEET FROM 7145 OKELLY CHAPEL RD;TWO-WAY,NOT DIVIDED;DAYLIGHT;CLEAR;0;0;;NO CONTROL PRESENT;NONE;PASSENGER CAR;NONE;NONE;;2017-06-29T11:33:00-04:00;2017;No;No;6;11
.10 MILES FROM PVA OF 2010 KILDAIRE FARM RD;ONE-WAY,NOT DIVIDED;DAYLIGHT;CLEAR;0;0;;NO CONTROL PRESENT;PASSENGER CAR;PASSENGER CAR;NONE;NONE;;2017-07-16T16:19:47-04:00;2017;No;No;7;16
213 FEET FROM PVA 100 RIDGEVIEW DR;TWO-WAY,NOT DIVIDED;DAYLIGHT;CLOUDY;0;0;;NO CONTROL PRESENT;SPORT UTILITY;PASSENGER CAR;NONE;NONE;;2017-07-17T14:58:47-04:00;2017;No;No;7;14
CARY;TWO-WAY,DIVIDED,UNPROTECTED MEDIAN;DAYLIGHT;CLOUDY;0;0;;STOP SIGN;PASSENGER CAR;PASSENGER CAR;NONE;NONE;;2017-07-17T16:53:32-04:00;2017;No;No;7;16
70 FEET FROM SR-1009 (TRYON RD);TWO-WAY,DIVIDED,UNPROTECTED MEDIAN;DAYLIGHT;CLOUDY;0;1;;STOP AND GO SIGNAL;PASSENGER CAR;PICKUP;NONE;NONE;;2017-07-18T08:19:16-04:00;2017;No;Yes;7;08
1 MILES FROM US 1 HWY;TWO-WAY,DIVIDED,POSITIVE MEDIAN BARRIER;DAYLIGHT;CLEAR;0;0;;NO CONTROL PRESENT;SPORT UTILITY;PASSENGER CAR;NONE;NONE;;2017-07-19T08:06:11-04:00;2017;No;No;7;08
.2 MILES FROM US 1 HWY;TWO-WAY,DIVIDED,POSITIVE MEDIAN BARRIER;DAYLIGHT;CLEAR;0;0;;NO CONTROL PRESENT;PASSENGER CAR;VAN;NONE;NONE;;2017-07-18T15:18:38-04:00;2017;No;No;7;15
100 FEET FROM NC 54 (NE MAYNARD RD);TWO-WAY,DIVIDED,UNPROTECTED MEDIAN;DARK - ROADWAY NOT LIGHTED;CLEAR;0;0;;NO CONTROL PRESENT;PICKUP;PASSENGER CAR;NONE;NONE;;2017-07-19T23:24:00-04:00;2017;No;No;7;23
60 FEET FROM CRESCENT GREEN LN;TWO-WAY,DIVIDED,UNPROTECTED MEDIAN;DAYLIGHT;CLEAR;0;1;;STOP SIGN;NONE;SPORT UTILITY;NONE;NONE;;2017-07-19T18:50:10-04:00;2017;No;Yes;7;18
10 FEET FROM NC 54 (NE MAYNARD RD);TWO-WAY,NOT DIVIDED;DAYLIGHT;CLEAR;0;1;;STOP AND GO SIGNAL;PASSENGER CAR;PASSENGER CAR;PASSENGER CAR;SPORT UTILITY;;2017-07-20T08:04:00-04:00;2017;No;Yes;7;08
10 FEET FROM MADISON SQUARE LN;TWO-WAY,NOT DIVIDED;DAYLIGHT;CLEAR;0;0;;STOP SIGN;NONE;NONE;NONE;NONE;;2017-07-17T10:11:00-04:00;2017;No;No;7;10
100 FEET FROM HUNTER ST;TWO-WAY,NOT DIVIDED;DAYLIGHT;CLEAR;0;0;;NO CONTROL PRESENT;SPORT UTILITY;SPORT UTILITY;NONE;NONE;;2017-07-19T12:41:00-04:00;2017;No;No;7;12
350 FEET FROM P.V.A. 1105 WALNUT ST;ONE-WAY,NOT DIVIDED;DARK - LIGHTED ROADWAY;CLEAR;0;0;;NO CONTROL PRESENT;PASSENGER CAR;PASSENGER CAR;NONE;NONE;;2017-07-08T13:58:00-04:00;2017;No;No;7;13
CARY;NONE;NONE;NONE;0;0;;;NONE;NONE;NONE;NONE;;2017-07-21T08:23:39-04:00;2017;No;No;7;08
.3 MILES FROM NC 55 HWY;TWO-WAY,DIVIDED,UNPROTECTED MEDIAN;DAYLIGHT;CLEAR;0;0;;NO CONTROL PRESENT;PICKUP;PASSENGER CAR;NONE;NONE;;2017-07-21T16:47:22-04:00;2017;No;No;7;16
200 FEET FROM US 1 HWY;TWO-WAY,DIVIDED,POSITIVE MEDIAN BARRIER;DAYLIGHT;CLEAR;0;0;;NO CONTROL PRESENT;PASSENGER CAR;PASSENGER CAR;NONE;NONE;;2017-07-21T16:13:47-04:00;2017;No;No;7;16
45 FEET FROM SR#1010 (TEN TEN RD);TWO-WAY,DIVIDED,UNPROTECTED MEDIAN;DAYLIGHT;CLOUDY;0;0;;NO CONTROL PRESENT;VAN;SPORT UTILITY;NONE;NONE;;2017-07-22T13:32:45-04:00;2017;No;No;7;13
.066 MILES FROM GRANDE VALLEY CIR (PVA);TWO-WAY,NOT DIVIDED;DAYLIGHT;CLEAR;0;0;;NO CONTROL PRESENT;PASSENGER CAR;PASSENGER CAR;PASSENGER CAR;NONE;;2017-07-23T07:21:35-04:00;2017;No;No;7;07
20 FEET FROM US 1 SB RAMP;ONE-WAY,NOT DIVIDED;DAYLIGHT;CLOUDY;0;0;;NO CONTROL PRESENT;VAN;PICKUP;NONE;NONE;;2017-07-24T10:05:00-04:00;2017;No;No;7;10
230 FEET FROM SR 1497 (CARY TOWNE BLVD);TWO-WAY,NOT DIVIDED;DARK - LIGHTED ROADWAY;CLEAR;0;0;;STOP SIGN;PASSENGER CAR;PASSENGER CAR;NONE;NONE;;2017-07-24T21:31:51-04:00;2017;No;No;7;21
NEAR .007 MILES E OF E SR 1789 (PLEASANT GROVE CH RD);TWO-WAY,NOT DIVIDED;DAYLIGHT;CLOUDY;0;0;;NO CONTROL PRESENT;PICKUP;VAN;NONE;NONE;;2017-07-24T11:06:00-04:00;2017;No;No;7;11
240 FEET FROM PVA (2426 SW CARY PKWY);TWO-WAY,NOT DIVIDED;DAYLIGHT;CLEAR;0;0;;NO CONTROL PRESENT;PASSENGER CAR;PASSENGER CAR;NONE;NONE;;2017-07-24T18:15:17-04:00;2017;No;No;7;18
100 FEET FROM S.R. 1152 (HOLLY SPRINGS RD);TWO-WAY,NOT DIVIDED;DAYLIGHT;CLEAR;0;0;;NO CONTROL PRESENT;PASSENGER CAR;VAN;VAN;NONE;;2017-07-24T19:23:19-04:00;2017;No;No;7;19
60 FEET FROM NC 55 HWY;TWO-WAY,NOT DIVIDED;DAYLIGHT;CLEAR;0;0;;NO CONTROL PRESENT;PASSENGER CAR;PASSENGER CAR;NONE;NONE;;2017-07-24T17:46:33-04:00;2017;No;No;7;17
100 FEET FROM P.V.A. (980 KILDAIRE FARM RD);TWO-WAY,NOT DIVIDED;DAYLIGHT;CLEAR;0;0;;NO CONTROL PRESENT;PASSENGER CAR;PASSENGER CAR;NONE;NONE;;2017-07-25T19:04:13-04:00;2017;No;No;7;19
10 FEET FROM 1390 NW MAYNARD RD (PVA);TWO-WAY,NOT DIVIDED;DAYLIGHT;CLEAR;0;0;;NO CONTROL PRESENT;SPORT UTILITY;PASSENGER CAR;NONE;NONE;;2017-07-26T10:51:00-04:00;2017;No;No;7;10
CARY;TWO-WAY,DIVIDED,UNPROTECTED MEDIAN;DAYLIGHT;CLEAR;0;0;;YIELD SIGN;SINGLE UNIT TRUCK (2-AXLE- 6-TIRE);PICKUP;VAN;NONE;;2017-07-26T09:56:35-04:00;2017;No;No;7;09
CARY;TWO-WAY,NOT DIVIDED;DAYLIGHT;CLEAR;0;0;;NO CONTROL PRESENT;PASSENGER CAR;SPORT UTILITY;NONE;NONE;;2017-07-25T19:29:24-04:00;2017;No;No;7;19
50 FEET FROM SR 1300 (KILDAIRE FARM RD);TWO-WAY,NOT DIVIDED;DAYLIGHT;CLEAR;0;0;;NO CONTROL PRESENT;VAN;SPORT UTILITY;NONE;NONE;;2017-07-26T15:26:49-04:00;2017;No;No;7;15
.15 MILES FROM SR 1497 (WALNUT ST);TWO-WAY,DIVIDED,UNPROTECTED MEDIAN;DAYLIGHT;CLEAR;0;1;;NO CONTROL PRESENT;PASSENGER CAR;PASSENGER CAR;NONE;NONE;;2017-07-26T16:17:05-04:00;2017;No;Yes;7;16
100 FEET FROM 117 TRAFLAGAR LN;TWO-WAY,NOT DIVIDED;DARK - LIGHTED ROADWAY;CLEAR;0;0;;NO CONTROL PRESENT;PICKUP;PASSENGER CAR;NONE;NONE;;2017-07-29T00:07:00-04:00;2017;No;No;7;00
.25 MILES FROM US 1 HWY;TWO-WAY,DIVIDED,POSITIVE MEDIAN BARRIER;DAYLIGHT;RAIN;0;1;COMING FROM BEHIND PARKED VEHICLE;NO CONTROL PRESENT;PASSENGER CAR;PASSENGER CAR;PICKUP;NONE;;2017-07-28T17:35:54-04:00;2017;No;Yes;7;17
35 FEET FROM PVA (301 N HARRISON AV);TWO-WAY,NOT DIVIDED;DARK - LIGHTED ROADWAY;CLEAR;0;0;;NO CONTROL PRESENT;SPORT UTILITY;PASSENGER CAR;NONE;NONE;;2017-07-30T03:12:46-04:00;2017;No;No;7;03
300 FEET FROM SR#3977 (SW CARY PKWY);TWO-WAY,DIVIDED,UNPROTECTED MEDIAN;DAYLIGHT;CLEAR;0;0;;NO CONTROL PRESENT;PASSENGER CAR;SPORT UTILITY;NONE;NONE;;2017-07-08T10:17:00-04:00;2017;No;No;7;10
275 FEET FROM GOOD HOPE CHURCH RD;TWO-WAY,DIVIDED,UNPROTECTED MEDIAN;DUSK;CLEAR;0;0;;NO CONTROL PRESENT;PASSENGER CAR;VAN;NONE;NONE;;2017-07-30T20:26:32-04:00;2017;No;No;7;20
200 FEET FROM SOLSTICE CIR;TWO-WAY,NOT DIVIDED;DAYLIGHT;CLEAR;0;0;;NO CONTROL PRESENT;VAN;PASSENGER CAR;NONE;NONE;;2017-07-28T13:58:14-04:00;2017;No;No;7;13
CARY;TWO-WAY,DIVIDED,UNPROTECTED MEDIAN;DAYLIGHT;CLEAR;0;1;;STOP AND GO SIGNAL;PASSENGER CAR;PASSENGER CAR;NONE;NONE;;2017-07-31T10:53:00-04:00;2017;No;Yes;7;10
.11 MILES FROM SR 1623 (MORRISVILLE CARPENTER;TWO-WAY,NOT DIVIDED;DAYLIGHT;CLEAR;0;0;;NO CONTROL PRESENT;PICKUP;NONE;NONE;NONE;;2017-07-30T08:42:56-04:00;2017;No;No;7;08
300 FEET FROM P.V.A. 2740-100 NC 55 HWY;TWO-WAY,NOT DIVIDED;DAYLIGHT;CLEAR;0;0;;NO CONTROL PRESENT;PASSENGER CAR;PASSENGER CAR;NONE;NONE;;2017-07-30T16:47:26-04:00;2017;No;No;7;16
250 FEET FROM P.V.A. (8003 REGENCY PKWY);TWO-WAY,NOT DIVIDED;DAYLIGHT;CLEAR;0;0;WRONG SIDE OF ROAD;NO CONTROL PRESENT;SPORT UTILITY;VAN;NONE;NONE;;2017-07-29T18:23:38-04:00;2017;No;No;7;18
0 FEET FROM SR 3977 (SW CARY PKWY);TWO-WAY,DIVIDED,UNPROTECTED MEDIAN;DAYLIGHT;CLEAR;0;0;;NO CONTROL PRESENT;LIGHT TRUCK (MINI-VAN- PANEL);PASSENGER CAR;NONE;NONE;;2017-08-01T14:35:17-04:00;2017;No;No;8;14
.2 MILES FROM NC 55 HWY;TWO-WAY,DIVIDED,UNPROTECTED MEDIAN;DAYLIGHT;CLEAR;0;0;;NO CONTROL PRESENT;PASSENGER CAR;PASSENGER CAR;NONE;NONE;;2017-08-02T10:53:00-04:00;2017;No;No;8;10
.20 MILES FROM PVA OF 2350 WALNUT ST;TWO-WAY,NOT DIVIDED;DAYLIGHT;CLEAR;0;0;;NO CONTROL PRESENT;SPORT UTILITY;SPORT UTILITY;NONE;NONE;;2017-08-01T12:02:00-04:00;2017;No;No;8;12
300 FEET FROM PVA OF 11000 REGENCY PKWY;TWO-WAY,NOT DIVIDED;DAYLIGHT;CLOUDY;0;0;;NO CONTROL PRESENT;PASSENGER CAR;PASSENGER CAR;NONE;NONE;;2017-08-02T10:38:00-04:00;2017;No;No;8;10
CARY;TWO-WAY,DIVIDED,UNPROTECTED MEDIAN;DAYLIGHT;CLEAR;0;0;;NO CONTROL PRESENT;SPORT UTILITY;SPORT UTILITY;NONE;NONE;;2017-08-02T08:51:37-04:00;2017;No;No;8;08
CARY;TWO-WAY,NOT DIVIDED;DAYLIGHT;CLEAR;0;1;;NO CONTROL PRESENT;PASSENGER CAR;POLICE;NONE;NONE;;2017-08-01T13:28:53-04:00;2017;No;Yes;8;13
NEAR .01 MILES S OF S US 1 HWY;TWO-WAY,DIVIDED,POSITIVE MEDIAN BARRIER;DARK - ROADWAY NOT LIGHTED;CLEAR;0;0;;NO CONTROL PRESENT;PASSENGER CAR;SPORT UTILITY;NONE;NONE;;2017-08-03T00:15:00-04:00;2017;No;No;8;00
CARY;TWO-WAY,DIVIDED,UNPROTECTED MEDIAN;DARK - LIGHTED ROADWAY;CLEAR;0;0;;FLASHING STOP AND GO SIGNAL;PASSENGER CAR;PASSENGER CAR;NONE;NONE;;2017-08-01T14:18:01-04:00;2017;No;No;8;14
CARY;TWO-WAY,NOT DIVIDED;DAYLIGHT;CLEAR;0;5;;STOP AND GO SIGNAL;PASSENGER CAR;SPORT UTILITY;NONE;NONE;;2017-08-02T19:20:40-04:00;2017;No;Yes;8;19
.2 MILES FROM CROSSROADS BLVD;TWO-WAY,DIVIDED,UNPROTECTED MEDIAN;DAYLIGHT;CLEAR;0;0;;STOP SIGN;PASSENGER CAR;SPORT UTILITY;NONE;NONE;;2017-08-04T17:12:05-04:00;2017;No;No;8;17
20 FEET FROM LAKE PINE DR;TWO-WAY,NOT DIVIDED;DAYLIGHT;CLEAR;0;0;;NO CONTROL PRESENT;PASSENGER CAR;NONE;NONE;NONE;;2017-08-05T10:03:00-04:00;2017;No;No;8;10
CARY;TWO-WAY,NOT DIVIDED;DAYLIGHT;CLOUDY;0;0;;NO CONTROL PRESENT;PASSENGER CAR;PASSENGER CAR;NONE;NONE;;2017-08-07T19:41:29-04:00;2017;No;No;8;19
350 FEET FROM SR 1011 (E CHATHAM ST);TWO-WAY,DIVIDED,UNPROTECTED MEDIAN;DAYLIGHT;RAIN;0;1;;STOP AND GO SIGNAL;PASSENGER CAR;PASSENGER CAR;NONE;NONE;;2017-08-08T08:00:46-04:00;2017;No;Yes;8;08
50 MILES FROM SR 1152 WALNUT ST;TWO-WAY,DIVIDED,POSITIVE MEDIAN BARRIER;DAYLIGHT;RAIN;0;0;;STOP AND GO SIGNAL;SPORT UTILITY;PASSENGER CAR;NONE;NONE;;2017-08-08T18:51:55-04:00;2017;No;No;8;18
200 FEET FROM SR 1497 (1105 WALNUT ST);TWO-WAY,NOT DIVIDED;DAYLIGHT;CLOUDY;0;0;;NO CONTROL PRESENT;SPORT UTILITY;SPORT UTILITY;NONE;NONE;;2017-08-08T13:39:37-04:00;2017;No;No;8;13
10 FEET FROM US 64 HWY;TWO-WAY,DIVIDED,UNPROTECTED MEDIAN;DAYLIGHT;CLOUDY;0;0;;STOP AND GO SIGNAL;PASSENGER CAR;VAN;NONE;NONE;;2017-08-08T08:33:14-04:00;2017;No;No;8;08
100 FEET FROM NC 55 HWY;TWO-WAY,NOT DIVIDED;DUSK;RAIN;0;1;;NO CONTROL PRESENT;PASSENGER CAR;PASSENGER CAR;NONE;NONE;;2017-08-08T19:24:58-04:00;2017;No;Yes;8;19
.1 MILES FROM 3511 SR 1300 (KILDAIRE FARM RD;TWO-WAY,NOT DIVIDED;DAYLIGHT;CLEAR;0;0;;NO CONTROL PRESENT;SPORT UTILITY;VAN;NONE;NONE;;2017-08-09T11:11:00-04:00;2017;No;No;8;11
.02 MILES FROM US 64 HWY;TWO-WAY,DIVIDED,UNPROTECTED MEDIAN;DAYLIGHT;CLEAR;0;0;DARTING;NO CONTROL PRESENT;SPORT UTILITY;NONE;NONE;NONE;;2017-08-10T14:48:14-04:00;2017;No;No;8;14
.3 MILES FROM US 64 HWY;TWO-WAY,DIVIDED,POSITIVE MEDIAN BARRIER;DAYLIGHT;CLEAR;0;0;;NO CONTROL PRESENT;PASSENGER CAR;SPORT UTILITY;NONE;NONE;;2017-08-10T19:01:24-04:00;2017;No;No;8;19
.03 MILES FROM US 1 HWY;TWO-WAY,DIVIDED,POSITIVE MEDIAN BARRIER;DARK - LIGHTED ROADWAY;CLOUDY;0;0;;NO CONTROL PRESENT;PASSENGER CAR;NONE;NONE;NONE;;2017-08-09T20:51:23-04:00;2017;No;No;8;20
CARY;ONE-WAY,NOT DIVIDED;DAYLIGHT;CLEAR;0;0;;STOP AND GO SIGNAL;PASSENGER CAR;PASSENGER CAR;NONE;NONE;;2017-08-11T07:52:45-04:00;2017;No;No;8;07
20 FEET FROM HELMSDALE DR;TWO-WAY,NOT DIVIDED;DAYLIGHT;CLEAR;0;0;;NO CONTROL PRESENT;PASSENGER CAR;PASSENGER CAR;NONE;NONE;;2017-08-13T11:00:00-04:00;2017;No;No;8;11
20 FEET FROM U.S. 1 HWY;ONE-WAY,NOT DIVIDED;DAYLIGHT;CLEAR;0;0;;STOP AND GO SIGNAL;PASSENGER CAR;PICKUP;NONE;NONE;;2017-08-12T11:35:00-04:00;2017;No;No;8;11
5 FEET FROM (SR1747) NE MAYNARD RD;TWO-WAY,DIVIDED,UNPROTECTED MEDIAN;DAYLIGHT;CLEAR;0;1;;NO CONTROL PRESENT;PASSENGER CAR;VAN;NONE;NONE;;2017-08-10T18:10:06-04:00;2017;No;Yes;8;18
194 FEET FROM LOCHMERE DR;TWO-WAY,DIVIDED,UNPROTECTED MEDIAN;DAYLIGHT;CLEAR;0;1;FAILURE TO YIELD RIGHT OF WAY;HUMAN CONTROL;PASSENGER CAR;PICKUP;NONE;NONE;;2017-08-09T12:20:00-04:00;2017;No;Yes;8;12
350 FEET FROM NC 54 (E CHAPEL HILL RD);TWO-WAY,DIVIDED,UNPROTECTED MEDIAN;DAYLIGHT;CLOUDY;0;0;;NO CONTROL PRESENT;PASSENGER CAR;SPORT UTILITY;NONE;NONE;;2017-08-15T09:22:30-04:00;2017;No;No;8;09
200 FEET FROM 1015 PARKSIDE MAIN ST;TWO-WAY,NOT DIVIDED;DAYLIGHT;CLEAR;0;0;;STOP AND GO SIGNAL;NONE;SINGLE UNIT TRUCK (2-AXLE- 6-TIRE);NONE;NONE;;2017-08-11T08:11:05-04:00;2017;No;No;8;08
50 FEET FROM SR 1652 (N HARRISON AVE);TWO-WAY,DIVIDED,UNPROTECTED MEDIAN;DAYLIGHT;CLEAR;0;0;;NO CONTROL PRESENT;SPORT UTILITY;PICKUP;NONE;NONE;;2017-08-11T15:07:10-04:00;2017;No;No;8;15
CARY;TWO-WAY,NOT DIVIDED;DAYLIGHT;CLEAR;0;0;;STOP SIGN;PASSENGER CAR;NONE;NONE;NONE;;2017-08-15T19:52:07-04:00;2017;No;No;8;19
100 FEET FROM NC 55 HWY;TWO-WAY,DIVIDED,UNPROTECTED MEDIAN;DAYLIGHT;CLEAR;0;0;;NO CONTROL PRESENT;PICKUP;PASSENGER CAR;NONE;NONE;;2017-08-16T15:29:45-04:00;2017;No;No;8;15
10 FEET FROM NC 55 HWY NC 55;TWO-WAY,DIVIDED,UNPROTECTED MEDIAN;DARK - LIGHTED ROADWAY;CLEAR;0;0;;NO CONTROL PRESENT;SPORT UTILITY;SPORT UTILITY;NONE;NONE;;2017-08-16T20:26:10-04:00;2017;No;No;8;20
100 FEET FROM NC 54 (CHAPEL HILL RD);TWO-WAY,DIVIDED,UNPROTECTED MEDIAN;DAYLIGHT;CLEAR;0;0;;NO CONTROL PRESENT;PICKUP;PASSENGER CAR;NONE;NONE;;2017-08-17T10:24:00-04:00;2017;No;No;8;10
267 FEET FROM EDINBURGH SOUTH DR;TWO-WAY,NOT DIVIDED;DAYLIGHT;CLEAR;0;0;;NO CONTROL PRESENT;SPORT UTILITY;SPORT UTILITY;NONE;NONE;;2017-08-17T13:17:07-04:00;2017;No;No;8;13
.1288 MILES FROM PVA 1177 BUCK JONES RD;TWO-WAY,NOT DIVIDED;DAYLIGHT;CLEAR;0;0;;NO CONTROL PRESENT;SPORT UTILITY;SPORT UTILITY;NONE;NONE;;2017-08-16T14:38:13-04:00;2017;No;No;8;14
250 FEET FROM PVA OF 100 KUMAR CT;ONE-WAY,NOT DIVIDED;DAYLIGHT;CLEAR;0;0;;NO CONTROL PRESENT;PASSENGER CAR;NONE;NONE;NONE;;2017-08-20T07:35:52-04:00;2017;No;No;8;07
CARY;TWO-WAY,NOT DIVIDED;DAYLIGHT;CLEAR;0;0;;STOP AND GO SIGNAL;SPORT UTILITY;SPORT UTILITY;NONE;NONE;;2017-08-18T08:49:08-04:00;2017;No;No;8;08
CARY;TWO-WAY,NOT DIVIDED;DAYLIGHT;CLEAR;0;0;;STOP AND GO SIGNAL;PASSENGER CAR;SPORT UTILITY;NONE;NONE;;2017-08-17T20:07:48-04:00;2017;No;No;8;20
100 FEET FROM SR 1613 (DAVIS DR);TWO-WAY,DIVIDED,UNPROTECTED MEDIAN;DAYLIGHT;CLEAR;0;0;;STOP AND GO SIGNAL;PASSENGER CAR;SPORT UTILITY;NONE;NONE;;2017-08-18T12:56:00-04:00;2017;No;No;8;12
100 FEET FROM SR 1652 (1711 N HARRISON AV0;TWO-WAY,DIVIDED,UNPROTECTED MEDIAN;DAYLIGHT;CLEAR;0;0;;STOP AND GO SIGNAL;PASSENGER CAR;PASSENGER CAR;NONE;NONE;;2017-08-18T11:17:00-04:00;2017;No;No;8;11
.25 MILES FROM CARPENTER UPCHURCH RD SR 1617;TWO-WAY,NOT DIVIDED;DAYLIGHT;CLEAR;0;0;;NO CONTROL PRESENT;PASSENGER CAR;PASSENGER CAR;NONE;NONE;;2017-08-18T15:19:38-04:00;2017;No;No;8;15
40 FEET FROM PVA AT 1393 KILDAIRE FARM RD;TWO-WAY,NOT DIVIDED;DAYLIGHT;CLEAR;0;0;;NO CONTROL PRESENT;PASSENGER CAR;PASSENGER CAR;NONE;NONE;;2017-08-18T12:19:00-04:00;2017;No;No;8;12
CARY;TWO-WAY,NOT DIVIDED;DAYLIGHT;CLEAR;0;0;;STOP SIGN;PASSENGER CAR;PASSENGER CAR;NONE;NONE;;2017-08-18T17:10:25-04:00;2017;No;No;8;17
CARY;TWO-WAY,NOT DIVIDED;DARK - LIGHTED ROADWAY;RAIN;0;0;;NO CONTROL PRESENT;NONE;PASSENGER CAR;NONE;NONE;;2017-08-19T03:39:02-04:00;2017;No;No;8;03