Location_Description;Road_Configuration;Light_Condition;Weather;Fatality;Injury;Contributing_Factor;Traffic_Control;Vehicle1;Vehicle2;Vehicle3;Vehicle4;Vehicle5;Crash_Date;year;Fatalities;Injuries;Month;Hour
10 FEET FROM SR 1615 (HIGH HOUSE RD);TWO-WAY,DIVIDED,POSITIVE MEDIAN BARRIER;DAYLIGHT;CLEAR;0;0;;STOP AND GO SIGNAL;SPORT UTILITY;SINGLE UNIT TRUCK (2-AXLE- 6-TIRE);PASSENGER CAR;NONE;;2017-09-27T10:56:00-04:00;2017;No;No;9;10
100 FEET FROM SR-1300 (KILDAIRE FARM RD);TWO-WAY,DIVIDED,UNPROTECTED MEDIAN;DAYLIGHT;CLEAR;0;0;;NO CONTROL PRESENT;PASSENGER CAR;PASSENGER CAR;NONE;NONE;;2017-09-28T15:27:39-04:00;2017;No;No;9;15
100 FEET FROM BARGATE DR;TWO-WAY,NOT DIVIDED;DAYLIGHT;CLEAR;0;0;;NO CONTROL PRESENT;PICKUP;PASSENGER CAR;NONE;NONE;;2017-09-27T14:23:29-04:00;2017;No;No;9;14
200 FEET FROM PVA APPARTMENTS AT THE ARBORET;TWO-WAY,NOT DIVIDED;DAYLIGHT;CLOUDY;0;0;;NO CONTROL PRESENT;PASSENGER CAR;PASSENGER CAR;PASSENGER CAR;NONE;;2017-09-29T12:44:00-04:00;2017;No;No;9;12
5 FEET FROM 910 GREENWOOD CIR;TWO-WAY,NOT DIVIDED;DAYLIGHT;CLEAR;0;0;;NO CONTROL PRESENT;PASSENGER CAR;NONE;NONE;NONE;;2017-09-30T14:43:15-04:00;2017;No;No;9;14
10 FEET FROM SR 1415 (SE MAYNARD RD);TWO-WAY,NOT DIVIDED;DARK - LIGHTED ROADWAY;CLEAR;0;0;;STOP AND GO SIGNAL;PASSENGER CAR;SPORT UTILITY;NONE;NONE;;2017-09-29T20:01:14-04:00;2017;No;No;9;20
CARY;TWO-WAY,DIVIDED,UNPROTECTED MEDIAN;DARK - LIGHTED ROADWAY;CLEAR;0;0;;STOP AND GO SIGNAL;PASSENGER CAR;SPORT UTILITY;NONE;NONE;;2017-09-29T22:37:00-04:00;2017;No;No;9;22
.7 MILES FROM NC 55 HWY;TWO-WAY,DIVIDED,POSITIVE MEDIAN BARRIER;DARK - LIGHTED ROADWAY;CLEAR;0;1;;STOP AND GO SIGNAL;PASSENGER CAR;PASSENGER CAR;NONE;NONE;;2017-09-29T22:22:00-04:00;2017;No;Yes;9;22
80 FEET FROM P.V.A. 100 E CHALFONT WAY;TWO-WAY,NOT DIVIDED;DAYLIGHT;CLEAR;0;0;;NO CONTROL PRESENT;PASSENGER CAR;SPORT UTILITY;NONE;NONE;;2017-09-28T16:46:41-04:00;2017;No;No;9;16
0 FEET FROM S.R. 1415 (SE MAYNARD RD);TWO-WAY,NOT DIVIDED;DAYLIGHT;CLEAR;0;0;;STOP SIGN;PASSENGER CAR;SPORT UTILITY;NONE;NONE;;2017-09-30T12:05:00-04:00;2017;No;No;9;12
80 FEET FROM PVA 869 SE MAYNARD RD;TWO-WAY,NOT DIVIDED;DAYLIGHT;CLEAR;0;0;;NO CONTROL PRESENT;SPORT UTILITY;PASSENGER CAR;NONE;NONE;;2017-10-01T09:54:47-04:00;2017;No;No;10;09
83 FEET FROM HWY 54;TWO-WAY,NOT DIVIDED;DAYLIGHT;CLEAR;0;0;;NO CONTROL PRESENT;PASSENGER CAR;SPORT UTILITY;NONE;NONE;;2017-10-02T07:56:39-04:00;2017;No;No;10;07
.45 MILES FROM NC 55 HWY;TWO-WAY,DIVIDED,UNPROTECTED MEDIAN;DAYLIGHT;CLEAR;0;0;;STOP AND GO SIGNAL;PASSENGER CAR;PASSENGER CAR;NONE;NONE;;2017-10-02T16:46:50-04:00;2017;No;No;10;16
.20 MILES FROM US 1 HWY;TWO-WAY,DIVIDED,POSITIVE MEDIAN BARRIER;DAYLIGHT;CLEAR;0;0;;NO CONTROL PRESENT;PASSENGER CAR;PASSENGER CAR;PASSENGER CAR;NONE;;2017-10-03T17:56:30-04:00;2017;No;No;10;17
60 FEET FROM P.V.A. (5201 NELSON RD);TWO-WAY,NOT DIVIDED;DAYLIGHT;CLEAR;0;0;;NO CONTROL PRESENT;PASSENGER CAR;PASSENGER CAR;NONE;NONE;;2017-10-03T13:48:22-04:00;2017;No;No;10;13
0 FEET FROM SR 1009 (TRYON RD);TWO-WAY,NOT DIVIDED;DAYLIGHT;CLEAR;0;1;;STOP AND GO SIGNAL;PASSENGER CAR;SPORT UTILITY;NONE;NONE;;2017-10-03T17:29:11-04:00;2017;No;Yes;10;17
100 FEET FROM WALNUT ST(SR#1313);TWO-WAY,NOT DIVIDED;DAYLIGHT;CLEAR;0;0;;NO CONTROL PRESENT;SPORT UTILITY;NONE;NONE;NONE;;2017-09-29T18:04:55-04:00;2017;No;No;9;18
CARY;TWO-WAY,NOT DIVIDED;DAYLIGHT;CLOUDY;0;1;;NO CONTROL PRESENT;PASSENGER CAR;VAN;NONE;NONE;;2017-10-04T08:28:20-04:00;2017;No;Yes;10;08
.1 MILES FROM PVA (3700 NW CARY PKWY);NONE;NONE;NONE;0;0;;;NONE;NONE;NONE;NONE;;2017-10-04T15:20:10-04:00;2017;No;No;10;15
100 FEET FROM PVA PURE GOLD 301 N HARRISON A;TWO-WAY,NOT DIVIDED;DARK - LIGHTED ROADWAY;CLEAR;0;0;;NO CONTROL PRESENT;SPORT UTILITY;PASSENGER CAR;NONE;NONE;;2017-10-05T23:55:00-04:00;2017;No;No;10;23
.78 MILES FROM SR 1617 (CAREPENTER UPCHURCH);TWO-WAY,NOT DIVIDED;DAYLIGHT;CLEAR;0;0;;NO CONTROL PRESENT;PASSENGER CAR;PASSENGER CAR;NONE;NONE;;2017-10-06T08:02:37-04:00;2017;No;No;10;08
CARY;TWO-WAY,NOT DIVIDED;DAYLIGHT;CLEAR;0;0;;NO CONTROL PRESENT;PASSENGER CAR;SPORT UTILITY;NONE;NONE;;2017-10-05T09:24:15-04:00;2017;No;No;10;09
0 FEET FROM P.V.A. 204 CROSSROADS BLVD;TWO-WAY,NOT DIVIDED;DUSK;RAIN;0;0;;NO CONTROL PRESENT;SPORT UTILITY;NONE;NONE;NONE;;2017-10-07T21:08:32-04:00;2017;No;No;10;21
200 FEET FROM 1401 BUCK JONES RD (PVA);TWO-WAY,NOT DIVIDED;NONE;CLOUDY;0;0;;NO CONTROL PRESENT;NONE;PICKUP;NONE;NONE;;2017-10-08T16:32:23-04:00;2017;No;No;10;16
CARY;TWO-WAY,DIVIDED,POSITIVE MEDIAN BARRIER;DAYLIGHT;CLEAR;0;0;;NO CONTROL PRESENT;SPORT UTILITY;SPORT UTILITY;NONE;NONE;;2017-10-06T17:27:23-04:00;2017;No;No;10;17
.25 MILES FROM US 64 HWY;TWO-WAY,DIVIDED,POSITIVE MEDIAN BARRIER;DAYLIGHT;CLEAR;0;0;;STOP AND GO SIGNAL;SPORT UTILITY;SPORT UTILITY;NONE;NONE;;2017-10-06T16:24:41-04:00;2017;No;No;10;16
50 FEET FROM SR# 1613 (DAVIS DR);TWO-WAY,DIVIDED,UNPROTECTED MEDIAN;DAYLIGHT;CLEAR;0;0;;STOP AND GO SIGNAL;PASSENGER CAR;SPORT UTILITY;NONE;NONE;;2017-10-03T16:25:26-04:00;2017;No;No;10;16
.109 MILES FROM SR1152 (HOLLY SRPINGS RD);TWO-WAY,NOT DIVIDED;DAYLIGHT;RAIN;0;0;;NO CONTROL PRESENT;SPORT UTILITY;SPORT UTILITY;NONE;NONE;;2017-10-07T21:28:37-04:00;2017;No;No;10;21
.25 MILES FROM SR 1315 (BUCK JONES RD);TWO-WAY,NOT DIVIDED;DAYLIGHT;RAIN;0;0;;NO CONTROL PRESENT;PASSENGER CAR;SPORT UTILITY;NONE;NONE;;2017-10-07T15:33:27-04:00;2017;No;No;10;15
.28 MILES FROM SR 5808 (E CHATHAM ST);TWO-WAY,NOT DIVIDED;DUSK;CLOUDY;0;0;;NO CONTROL PRESENT;PASSENGER CAR;PASSENGER CAR;NONE;NONE;;2017-10-08T19:34:44-04:00;2017;No;No;10;19
CARY;TWO-WAY,NOT DIVIDED;DAYLIGHT;CLEAR;0;0;;STOP AND GO SIGNAL;PASSENGER CAR;SPORT UTILITY;NONE;NONE;;2017-10-05T17:11:18-04:00;2017;No;No;10;17
CARY;NONE;NONE;NONE;0;0;;;NONE;NONE;NONE;NONE;;2017-10-01T12:05:00-04:00;2017;No;No;10;12
0 FEET FROM (NC 54) CHAPEL HILL RD;TWO-WAY,DIVIDED,POSITIVE MEDIAN BARRIER;DAYLIGHT;CLEAR;0;0;;STOP AND GO SIGNAL;PASSENGER CAR;PASSENGER CAR;NONE;NONE;;2017-10-07T09:55:12-04:00;2017;No;No;10;09
179 FEET FROM SR 1010 (TEN TEN RD);TWO-WAY,DIVIDED,UNPROTECTED MEDIAN;DAYLIGHT;CLEAR;0;1;;NO CONTROL PRESENT;PASSENGER CAR;PASSENGER CAR;PASSENGER CAR;SPORT UTILITY;PICKUP;2017-10-04T09:28:14-04:00;2017;No;Yes;10;09
CARY;TWO-WAY,DIVIDED,POSITIVE MEDIAN BARRIER;DAYLIGHT;CLEAR;0;2;;STOP AND GO SIGNAL;PICKUP;PASSENGER CAR;PASSENGER CAR;NONE;;2017-10-05T16:08:28-04:00;2017;No;Yes;10;16
230 FEET FROM P.V.A. (1315 KILDAIRE FARM RD);TWO-WAY,NOT DIVIDED;DAYLIGHT;CLOUDY;0;0;;NO CONTROL PRESENT;SPORT UTILITY;PASSENGER CAR;NONE;NONE;;2017-10-09T17:48:02-04:00;2017;No;No;10;17
10 FEET FROM MEETING ST;TWO-WAY,NOT DIVIDED;DARK - LIGHTED ROADWAY;CLOUDY;0;0;;NO CONTROL PRESENT;PICKUP;PASSENGER CAR;NONE;NONE;;2017-10-09T19:36:42-04:00;2017;No;No;10;19
CARY;TWO-WAY,DIVIDED,POSITIVE MEDIAN BARRIER;DAYLIGHT;CLEAR;0;1;;STOP AND GO SIGNAL;SPORT UTILITY;PASSENGER CAR;SPORT UTILITY;NONE;;2017-10-09T16:36:09-04:00;2017;No;Yes;10;16
CARY;TWO-WAY,DIVIDED,UNPROTECTED MEDIAN;DAYLIGHT;CLEAR;0;0;;STOP AND GO SIGNAL;PASSENGER CAR;SPORT UTILITY;NONE;NONE;;2017-10-10T12:54:00-04:00;2017;No;No;10;12
100 FEET FROM SR 1300 (KILDAIRE FARM RD);TWO-WAY,DIVIDED,UNPROTECTED MEDIAN;DARK - LIGHTED ROADWAY;CLEAR;0;1;;NO CONTROL PRESENT;PASSENGER CAR;NONE;NONE;NONE;;2017-10-11T03:37:39-04:00;2017;No;Yes;10;03
CARY;TWO-WAY,DIVIDED,UNPROTECTED MEDIAN;DAYLIGHT;CLOUDY;0;0;;STOP AND GO SIGNAL;SPORT UTILITY;PASSENGER CAR;NONE;NONE;;2017-10-11T08:00:10-04:00;2017;No;No;10;08
.3 MILES FROM SR 1613 (DAVIS DR);TWO-WAY,DIVIDED,UNPROTECTED MEDIAN;DAYLIGHT;CLEAR;0;0;;NO CONTROL PRESENT;SPORT UTILITY;PASSENGER CAR;NONE;NONE;;2017-10-11T15:55:21-04:00;2017;No;No;10;15
10 FEET FROM LEDSOME LN;TWO-WAY,DIVIDED,POSITIVE MEDIAN BARRIER;DARK - LIGHTED ROADWAY;RAIN;0;0;;FLASHING STOP AND GO SIGNAL;PASSENGER CAR;SPORT UTILITY;NONE;NONE;;2017-10-11T20:16:51-04:00;2017;No;No;10;20
75 FEET FROM SR1010 (TEN TEN RD);TWO-WAY,DIVIDED,UNPROTECTED MEDIAN;DAYLIGHT;CLEAR;0;1;;NO CONTROL PRESENT;PASSENGER CAR;PASSENGER CAR;NONE;NONE;;2017-10-11T08:38:29-04:00;2017;No;Yes;10;08
200 FEET FROM PVA OF 2316 TRELLIS GREEN;TWO-WAY,NOT DIVIDED;DAYLIGHT;CLOUDY;0;0;;NO CONTROL PRESENT;PASSENGER CAR;NONE;NONE;NONE;;2017-10-12T12:48:00-04:00;2017;No;No;10;12
.1 MILES FROM SR 1300 (KILDAIRE FARM RD);TWO-WAY,DIVIDED,UNPROTECTED MEDIAN;DAYLIGHT;CLEAR;0;1;;HUMAN CONTROL;SPORT UTILITY;VAN;NONE;NONE;;2017-10-11T11:35:00-04:00;2017;No;Yes;10;11
1 MILES FROM US 1;TWO-WAY,DIVIDED,POSITIVE MEDIAN BARRIER;DARK - ROADWAY NOT LIGHTED;CLOUDY;0;0;;NO CONTROL PRESENT;PASSENGER CAR;NONE;NONE;NONE;;2017-10-13T02:16:43-04:00;2017;No;No;10;02
150 FEET FROM SR# 1415 (MAYNARD RD);TWO-WAY,DIVIDED,UNPROTECTED MEDIAN;DAYLIGHT;CLOUDY;0;0;;NO CONTROL PRESENT;PASSENGER CAR;NONE;NONE;NONE;;2017-10-12T16:20:15-04:00;2017;No;No;10;16
23 FEET FROM SR 1652 (N HARRISON AVE);TWO-WAY,NOT DIVIDED;DAYLIGHT;CLOUDY;0;0;;STOP AND GO SIGNAL;SINGLE UNIT TRUCK (2-AXLE- 6-TIRE);PASSENGER CAR;NONE;NONE;;2017-10-13T09:42:16-04:00;2017;No;No;10;09
.15 MILES FROM US HWY 1;TWO-WAY,DIVIDED,POSITIVE MEDIAN BARRIER;DAYLIGHT;CLEAR;0;0;;NO CONTROL PRESENT;SPORT UTILITY;PICKUP;NONE;NONE;;2017-10-13T09:39:07-04:00;2017;No;No;10;09
20 FEET FROM  SR 1349 (DILLARD DR);TWO-WAY,DIVIDED,UNPROTECTED MEDIAN;DAYLIGHT;CLEAR;0;0;;NO CONTROL PRESENT;PICKUP;PASSENGER CAR;NONE;NONE;;2017-10-12T11:00:00-04:00;2017;No;No;10;11
300 FEET FROM PVA OF 6051 TRYON RD;ONE-WAY,NOT DIVIDED;DAYLIGHT;CLEAR;0;0;;NO CONTROL PRESENT;SPORT UTILITY;PASSENGER CAR;NONE;NONE;;2017-10-15T12:19:00-04:00;2017;No;No;10;12
CARY;TWO-WAY,DIVIDED,UNPROTECTED MEDIAN;DAYLIGHT;RAIN;0;0;;STOP AND GO SIGNAL;SPORT UTILITY;SPORT UTILITY;NONE;NONE;;2017-10-16T14:17:31-04:00;2017;No;No;10;14
.26 MILES FROM SR 1313 (WALNUT ST);TWO-WAY,DIVIDED,UNPROTECTED MEDIAN;DAYLIGHT;CLEAR;0;0;;STOP AND GO SIGNAL;VAN;SPORT UTILITY;SPORT UTILITY;NONE;;2017-10-10T14:39:37-04:00;2017;No;No;10;14
.408 MILES FROM US 1 HWY;TWO-WAY,DIVIDED,UNPROTECTED MEDIAN;DARK - ROADWAY NOT LIGHTED;CLEAR;0;1;;NO CONTROL PRESENT;SPORT UTILITY;PASSENGER CAR;NONE;NONE;;2017-10-17T00:12:00-04:00;2017;No;Yes;10;00
CARY;TWO-WAY,DIVIDED,POSITIVE MEDIAN BARRIER;DAYLIGHT;CLEAR;0;0;;STOP AND GO SIGNAL;PASSENGER CAR;PASSENGER CAR;NONE;NONE;;2017-10-15T10:48:00-04:00;2017;No;No;10;10
.2 MILES FROM US 1 (MILE MARKER 101);TWO-WAY,DIVIDED,POSITIVE MEDIAN BARRIER;DAWN;CLEAR;0;0;;NO CONTROL PRESENT;SPORT UTILITY;PASSENGER CAR;NONE;NONE;;2017-10-17T07:04:45-04:00;2017;No;No;10;07
0 FEET FROM (SR 1415) NW MAYNARD RD;TWO-WAY,DIVIDED,UNPROTECTED MEDIAN;DAYLIGHT;CLEAR;0;1;;STOP AND GO SIGNAL;PASSENGER CAR;PASSENGER CAR;NONE;NONE;;2017-10-17T09:49:03-04:00;2017;No;Yes;10;09
CARY;TWO-WAY,DIVIDED,UNPROTECTED MEDIAN;DAYLIGHT;CLEAR;0;0;;STOP SIGN;PASSENGER CAR;SPORT UTILITY;NONE;NONE;;2017-10-17T15:00:04-04:00;2017;No;No;10;15
234 FEET FROM E CORNWALL RD;TWO-WAY,NOT DIVIDED;DAYLIGHT;CLEAR;0;0;;NO CONTROL PRESENT;PICKUP;PASSENGER CAR;NONE;NONE;;2017-10-18T15:13:38-04:00;2017;No;No;10;15
1 MILES FROM   US 1 HWY;TWO-WAY,DIVIDED,POSITIVE MEDIAN BARRIER;DAYLIGHT;CLEAR;0;0;;NO CONTROL PRESENT;PASSENGER CAR;NONE;NONE;NONE;;2017-10-18T16:47:51-04:00;2017;No;No;10;16
0 FEET FROM SR 1313 (WALNUT ST);TWO-WAY,NOT DIVIDED;DAYLIGHT;CLEAR;0;2;;STOP SIGN;SPORT UTILITY;PASSENGER CAR;NONE;NONE;;2017-10-19T13:58:25-04:00;2017;No;Yes;10;13
.5 MILES FROM US1;TWO-WAY,DIVIDED,POSITIVE MEDIAN BARRIER;DAYLIGHT;CLEAR;0;0;;NO CONTROL PRESENT;PICKUP;SPORT UTILITY;NONE;NONE;;2017-10-18T07:50:08-04:00;2017;No;No;10;07
CARY;NONE;NONE;NONE;0;0;;;NONE;NONE;NONE;NONE;;2017-10-13T13:06:10-04:00;2017;No;No;10;13
.5 MILES FROM VALLEYSTONE DR;TWO-WAY,NOT DIVIDED;DARK - LIGHTED ROADWAY;CLEAR;0;0;;NO CONTROL PRESENT;PASSENGER CAR;PASSENGER CAR;NONE;NONE;;2017-10-20T15:11:49-04:00;2017;No;No;10;15
20 FEET FROM SR3977 (SE CARY PKWY);TWO-WAY,DIVIDED,UNPROTECTED MEDIAN;DAYLIGHT;CLEAR;0;2;;NO CONTROL PRESENT;SPORT UTILITY;PASSENGER CAR;NONE;NONE;;2017-10-21T21:30:12-04:00;2017;No;Yes;10;21
400 FEET FROM (NC 54) CHAPEL HILL RD;TWO-WAY,DIVIDED,UNPROTECTED MEDIAN;DAYLIGHT;CLEAR;0;0;FAILURE TO YIELD RIGHT OF WAY;DOUBLE YELLOW LINE, NO PASSING ZONE;PASSENGER CAR;PASSENGER CAR;NONE;NONE;;2017-10-21T09:42:42-04:00;2017;No;No;10;09
65 FEET FROM PVA 3025 WINSTON HILL DR;TWO-WAY,NOT DIVIDED;DAYLIGHT;CLEAR;0;0;;NO CONTROL PRESENT;SPORT UTILITY;SPORT UTILITY;NONE;NONE;;2017-10-22T14:18:37-04:00;2017;No;No;10;14
20 FEET FROM SR1615 (HIGH HOUSE RD;TWO-WAY,DIVIDED,UNPROTECTED MEDIAN;DARK - LIGHTED ROADWAY;CLEAR;0;0;;NO CONTROL PRESENT;SPORT UTILITY;PASSENGER CAR;NONE;NONE;;2017-10-22T21:20:45-04:00;2017;No;No;10;21
0 FEET FROM 300 KILDAIRE WOODS DR;TWO-WAY,NOT DIVIDED;DAYLIGHT;CLEAR;0;0;;NO CONTROL PRESENT;PASSENGER CAR;NONE;NONE;NONE;;2017-10-19T09:28:20-04:00;2017;No;No;10;09
.1 MILES FROM 1253 BUCK JONES RD (PVA);TWO-WAY,NOT DIVIDED;DAYLIGHT;CLEAR;0;0;;NO CONTROL PRESENT;PASSENGER CAR;NONE;NONE;NONE;;2017-10-21T15:17:04-04:00;2017;No;No;10;15
CARY;TWO-WAY,NOT DIVIDED;DAYLIGHT;CLEAR;0;2;;STOP AND GO SIGNAL;PASSENGER CAR;SPORT UTILITY;NONE;NONE;;2017-10-22T13:45:44-04:00;2017;No;Yes;10;13
0 FEET FROM INTERSTATE 40;ONE-WAY,NOT DIVIDED;DAYLIGHT;CLEAR;0;0;;STOP AND GO SIGNAL;PASSENGER CAR;PASSENGER CAR;NONE;NONE;;2017-10-22T08:58:26-04:00;2017;No;No;10;08
CARY;TWO-WAY,DIVIDED,UNPROTECTED MEDIAN;DAYLIGHT;CLOUDY;0;0;;STOP AND GO SIGNAL;PASSENGER CAR;SPORT UTILITY;NONE;NONE;;2017-10-23T12:57:00-04:00;2017;No;No;10;12
62 FEET FROM S ACADEMY ST;TWO-WAY,NOT DIVIDED;DARK - LIGHTED ROADWAY;CLEAR;0;0;;STOP AND GO SIGNAL;PASSENGER CAR;PASSENGER CAR;NONE;NONE;;2017-10-22T00:48:00-04:00;2017;No;No;10;00
50 FEET FROM SR 1616 (OLD APEX RD);TWO-WAY,NOT DIVIDED;DAYLIGHT;CLOUDY;0;0;;STOP AND GO SIGNAL;SPORT UTILITY;PASSENGER CAR;PASSENGER CAR;NONE;;2017-10-23T15:53:13-04:00;2017;No;No;10;15
100 FEET FROM SR 1319 (JONES FRANKLIN ST);TWO-WAY,NOT DIVIDED;DARK - LIGHTED ROADWAY;RAIN;0;0;;STOP AND GO SIGNAL;PASSENGER CAR;PASSENGER CAR;NONE;NONE;;2017-10-23T22:08:00-04:00;2017;No;No;10;22
400 FEET FROM GREEN LEVEL CHURCH RD;TWO-WAY,DIVIDED,UNPROTECTED MEDIAN;DAYLIGHT;CLEAR;0;0;;NO CONTROL PRESENT;PASSENGER CAR;NONE;NONE;NONE;;2017-10-24T18:24:09-04:00;2017;No;No;10;18
150 FEET FROM P.V.A. CIRCLE K (1101 SR 1313);TWO-WAY,NOT DIVIDED;DAYLIGHT;CLEAR;0;0;;NO CONTROL PRESENT;PASSENGER CAR;PICKUP;NONE;NONE;;2017-10-24T12:07:00-04:00;2017;No;No;10;12
50 FEET FROM GRANDE HEIGHTS DR;TWO-WAY,NOT DIVIDED;DAYLIGHT;CLEAR;0;0;;STOP SIGN;SPORT UTILITY;PASSENGER CAR;NONE;NONE;;2017-10-25T08:45:21-04:00;2017;No;No;10;08
CARY;TWO-WAY,NOT DIVIDED;DARK - ROADWAY NOT LIGHTED;CLEAR;0;0;;NO CONTROL PRESENT;PICKUP;NONE;NONE;NONE;;2017-10-24T20:22:38-04:00;2017;No;No;10;20
15 FEET FROM SR 1613 (DAVIS DR);TWO-WAY,DIVIDED,UNPROTECTED MEDIAN;DAYLIGHT;CLEAR;0;0;;STOP AND GO SIGNAL;PASSENGER CAR;PICKUP;NONE;NONE;;2017-10-27T08:22:11-04:00;2017;No;No;10;08
.20 MILES FROM SR1010 (WALNUT ST);TWO-WAY,NOT DIVIDED;DAYLIGHT;CLEAR;0;0;;NO CONTROL PRESENT;PASSENGER CAR;PICKUP;NONE;NONE;;2017-10-27T13:14:54-04:00;2017;No;No;10;13
200 FEET FROM PVA- 7145 OKELLY CHAPEL RD;TWO-WAY,NOT DIVIDED;DAYLIGHT;CLEAR;0;0;;NO CONTROL PRESENT;SPORT UTILITY;PASSENGER CAR;NONE;NONE;;2017-10-26T16:06:34-04:00;2017;No;No;10;16
CARY;TWO-WAY,NOT DIVIDED;DAYLIGHT;CLEAR;0;0;;STOP SIGN;PICKUP;VAN;NONE;NONE;;2017-10-27T15:52:43-04:00;2017;No;No;10;15
400 FEET FROM PVA-7129 OKELLY CHAPEL RD;TWO-WAY,NOT DIVIDED;DAYLIGHT;CLEAR;0;0;;NO CONTROL PRESENT;SPORT UTILITY;PASSENGER CAR;NONE;NONE;;2017-10-26T17:15:20-04:00;2017;No;No;10;17
.1212 MILES FROM P.V.A. (1300 CRESCENT GREEN);TWO-WAY,NOT DIVIDED;DAYLIGHT;CLEAR;0;0;;NO CONTROL PRESENT;PASSENGER CAR;PASSENGER CAR;NONE;NONE;;2017-10-28T14:54:12-04:00;2017;No;No;10;14
.25 MILES FROM 1615 SR 1313 (WALNUT ST);TWO-WAY,NOT DIVIDED;DUSK;CLEAR;0;0;;NO CONTROL PRESENT;PASSENGER CAR;PASSENGER CAR;NONE;NONE;;2017-10-27T18:48:27-04:00;2017;No;No;10;18
.1 MILES FROM P.V.A. (117 CROSSROADS BLVD);TWO-WAY,NOT DIVIDED;DAYLIGHT;CLEAR;0;0;;NO CONTROL PRESENT;PASSENGER CAR;SPORT UTILITY;NONE;NONE;;2017-10-28T15:35:41-04:00;2017;No;No;10;15
.1 MILES FROM PVA OF 123 MIDDLE CREEK PK AV;TWO-WAY,NOT DIVIDED;DARK - LIGHTED ROADWAY;RAIN;0;0;;NO CONTROL PRESENT;POLICE;PASSENGER CAR;NONE;NONE;;2017-10-28T01:26:52-04:00;2017;No;No;10;01
CARY;TWO-WAY,NOT DIVIDED;DARK - LIGHTED ROADWAY;CLEAR;0;0;;STOP AND GO SIGNAL;PASSENGER CAR;PASSENGER CAR;NONE;NONE;;2017-10-28T17:57:12-04:00;2017;No;No;10;17
CARY;ONE-WAY,NOT DIVIDED;DARK - LIGHTED ROADWAY;CLEAR;0;0;;NO CONTROL PRESENT;PASSENGER CAR;NONE;NONE;NONE;;2017-10-30T20:51:42-04:00;2017;No;No;10;20
CARY;TWO-WAY,NOT DIVIDED;DAYLIGHT;CLEAR;0;1;;STOP AND GO SIGNAL;VAN;PASSENGER CAR;NONE;NONE;;2017-10-30T18:19:38-04:00;2017;No;Yes;10;18
260 FEET FROM GREEN LEVEL WEST RD;TWO-WAY,NOT DIVIDED;DAYLIGHT;CLEAR;0;0;;NO CONTROL PRESENT;PICKUP;SPORT UTILITY;NONE;NONE;;2017-10-30T16:09:51-04:00;2017;No;No;10;16
CARY;TWO-WAY,DIVIDED,POSITIVE MEDIAN BARRIER;DARK - LIGHTED ROADWAY;CLEAR;0;0;;STOP AND GO SIGNAL;PASSENGER CAR;NONE;NONE;NONE;;2017-10-27T20:00:21-04:00;2017;No;No;10;20
0 FEET FROM PVA 973 N HARRISON AVE;TWO-WAY,NOT DIVIDED;DAYLIGHT;CLEAR;0;0;;NO CONTROL PRESENT;PASSENGER CAR;PASSENGER CAR;NONE;NONE;;2017-10-30T06:02:44-04:00;2017;No;No;10;06
0 FEET FROM SR 1415 (SW MAYNARD RD);TWO-WAY,NOT DIVIDED;DAYLIGHT;CLEAR;0;0;;STOP AND GO SIGNAL;PASSENGER CAR;PASSENGER CAR;NONE;NONE;;2017-10-30T14:30:33-04:00;2017;No;No;10;14
CARY;NONE;NONE;NONE;0;0;;;NONE;NONE;NONE;NONE;;2017-08-01T00:00:00-04:00;2017;No;No;8;00
2 FEET FROM SR 3073 NW MAYNARD RD;TWO-WAY,DIVIDED,UNPROTECTED MEDIAN;DAYLIGHT;CLEAR;0;1;;STOP AND GO SIGNAL;SPORT UTILITY;VAN;NONE;NONE;;2017-10-31T15:28:31-04:00;2017;No;Yes;10;15
1.3 MILES FROM US 1 HWY;TWO-WAY,DIVIDED,POSITIVE MEDIAN BARRIER;DAYLIGHT;CLEAR;0;0;;NO CONTROL PRESENT;PICKUP;PICKUP;NONE;NONE;;2017-10-31T09:17:47-04:00;2017;No;No;10;09
.11 MILES FROM P.V.A. (2010 KILDAIRE FARM RD);ONE-WAY,NOT DIVIDED;DAYLIGHT;CLEAR;0;0;;NO CONTROL PRESENT;SPORT UTILITY;SPORT UTILITY;NONE;NONE;;2017-10-31T12:14:00-04:00;2017;No;No;10;12
400 FEET FROM SR1615 (HIGH HOUSE RD);TWO-WAY,DIVIDED,UNPROTECTED MEDIAN;DAYLIGHT;CLEAR;0;0;;NO CONTROL PRESENT;PASSENGER CAR;PASSENGER CAR;NONE;NONE;;2017-10-27T07:43:05-04:00;2017;No;No;10;07
350 FEET FROM SR1638(KIT CREEK RD);TWO-WAY,NOT DIVIDED;DAYLIGHT;CLEAR;0;0;;NO CONTROL PRESENT;VAN;PASSENGER CAR;NONE;NONE;;2017-11-01T10:55:00-04:00;2017;No;No;11;10
0 FEET FROM OKELLY CHAPEL RD;TWO-WAY,DIVIDED,UNPROTECTED MEDIAN;DAYLIGHT;CLEAR;0;0;;STOP AND GO SIGNAL;SPORT UTILITY;PASSENGER CAR;NONE;NONE;;2017-11-01T15:05:18-04:00;2017;No;No;11;15