Location_Description;Road_Configuration;Light_Condition;Weather;Fatality;Injury;Contributing_Factor;Traffic_Control;Vehicle1;Vehicle2;Vehicle3;Vehicle4;Vehicle5;Crash_Date;year;Fatalities;Injuries;Month;Hour
.1 MILES FROM SR 1650 (REEDY CREEK RD);TWO-WAY,NOT DIVIDED;DAYLIGHT;CLEAR;0;1;;NO CONTROL PRESENT;SPORT UTILITY;NONE;NONE;NONE;;2018-01-19T13:13:54-05:00;2018;No;Yes;1;13
20 FEET FROM SR1009 (TRYON RD);NONE;NONE;NONE;0;0;;;SPORT UTILITY;SPORT UTILITY;NONE;NONE;;2018-01-06T15:04:19-05:00;2018;No;No;1;15
.1 MILES FROM PVA (187 HIGH HOUSE RD);TWO-WAY,NOT DIVIDED;DAYLIGHT;CLEAR;0;0;;NO CONTROL PRESENT;SPORT UTILITY;PASSENGER CAR;NONE;NONE;;2018-01-20T11:23:00-05:00;2018;No;No;1;11
CARY;TWO-WAY,DIVIDED,UNPROTECTED MEDIAN;DAYLIGHT;CLEAR;0;0;;STOP AND GO SIGNAL;PASSENGER CAR;SPORT UTILITY;NONE;NONE;;2018-01-19T16:09:47-05:00;2018;No;No;1;16
50 FEET FROM PVA 508 OLD APEX RD;TWO-WAY,NOT DIVIDED;DUSK;CLEAR;0;0;;NO CONTROL PRESENT;VAN;PASSENGER CAR;NONE;NONE;;2018-01-19T17:23:07-05:00;2018;No;No;1;17
20 FEET FROM CROSSROADS BLVD;TWO-WAY,DIVIDED,UNPROTECTED MEDIAN;DARK - LIGHTED ROADWAY;CLEAR;0;0;;STOP AND GO SIGNAL;PICKUP;PASSENGER CAR;NONE;NONE;;2018-01-19T19:44:41-05:00;2018;No;No;1;19
.09 MILES FROM PVA (802 E CHATHAM ST);TWO-WAY,NOT DIVIDED;DAYLIGHT;CLEAR;0;0;;NO CONTROL PRESENT;PASSENGER CAR;PASSENGER CAR;NONE;NONE;;2018-01-20T12:01:00-05:00;2018;No;No;1;12
400 FEET FROM CROSSROADS BLVD;TWO-WAY,DIVIDED,UNPROTECTED MEDIAN;DARK - LIGHTED ROADWAY;CLEAR;0;0;;STOP SIGN;PASSENGER CAR;PASSENGER CAR;NONE;NONE;;2018-01-20T06:13:27-05:00;2018;No;No;1;06
100 FEET FROM US 1;TWO-WAY,DIVIDED,POSITIVE MEDIAN BARRIER;DAYLIGHT;CLEAR;0;0;;NO CONTROL PRESENT;VAN;PASSENGER CAR;NONE;NONE;;2018-01-22T10:34:00-05:00;2018;No;No;1;10
CARY;TWO-WAY,DIVIDED,POSITIVE MEDIAN BARRIER;DARK - LIGHTED ROADWAY;CLEAR;0;2;;STOP AND GO SIGNAL;SPORT UTILITY;PASSENGER CAR;NONE;NONE;;2018-01-22T23:26:00-05:00;2018;No;Yes;1;23
CARY;TWO-WAY,DIVIDED,UNPROTECTED MEDIAN;DAYLIGHT;CLEAR;0;0;;STOP AND GO SIGNAL;PICKUP;SPORT UTILITY;NONE;NONE;;2018-01-22T13:52:28-05:00;2018;No;No;1;13
280 FEET FROM P.V.A. (PIANO BAR);ONE-WAY,NOT DIVIDED;DARK - LIGHTED ROADWAY;CLEAR;0;0;;NO CONTROL PRESENT;PASSENGER CAR;PASSENGER CAR;NONE;NONE;;2018-01-22T18:47:14-05:00;2018;No;No;1;18
20 FEET FROM US 1 HWY;TWO-WAY,DIVIDED,POSITIVE MEDIAN BARRIER;DAYLIGHT;RAIN;0;0;;NO CONTROL PRESENT;PASSENGER CAR;PASSENGER CAR;NONE;NONE;;2018-01-23T08:42:21-05:00;2018;No;No;1;08
20 FEET FROM SR 1010 TEN TEN RD;TWO-WAY,NOT DIVIDED;DAYLIGHT;CLEAR;0;0;;NO CONTROL PRESENT;SPORT UTILITY;PASSENGER CAR;NONE;NONE;;2018-01-23T18:42:42-05:00;2018;No;No;1;18
346 FEET FROM 1009 SR (TRYON RD);TWO-WAY,DIVIDED,UNPROTECTED MEDIAN;DAWN;CLEAR;0;1;;NO CONTROL PRESENT;SPORT UTILITY;PASSENGER CAR;NONE;NONE;;2018-01-23T17:17:55-05:00;2018;No;Yes;1;17
CARY;TWO-WAY,DIVIDED,UNPROTECTED MEDIAN;DARK - LIGHTED ROADWAY;RAIN;0;0;;STOP AND GO SIGNAL;PASSENGER CAR;NONE;NONE;NONE;;2018-01-23T06:25:18-05:00;2018;No;No;1;06
CARY;TWO-WAY,DIVIDED,POSITIVE MEDIAN BARRIER;DAYLIGHT;CLEAR;0;0;;STOP AND GO SIGNAL;SPORT UTILITY;PASSENGER CAR;NONE;NONE;;2018-01-25T08:57:56-05:00;2018;No;No;1;08
20 FEET FROM PVA AT 103 SW MAYNARD RD;TWO-WAY,NOT DIVIDED;DAYLIGHT;CLEAR;0;0;;NO CONTROL PRESENT;SPORT UTILITY;SPORT UTILITY;NONE;NONE;;2018-01-26T12:09:00-05:00;2018;No;No;1;12
.292 MILES FROM US 1 HWY;TWO-WAY,DIVIDED,POSITIVE MEDIAN BARRIER;DARK - LIGHTED ROADWAY;RAIN;0;0;;NO CONTROL PRESENT;PASSENGER CAR;NONE;NONE;NONE;;2018-01-28T18:16:21-05:00;2018;No;No;1;18
.5 MILES FROM US 1 HWY;TWO-WAY,DIVIDED,POSITIVE MEDIAN BARRIER;DARK - ROADWAY NOT LIGHTED;RAIN;0;0;;NO CONTROL PRESENT;PICKUP;NONE;NONE;NONE;;2018-01-29T02:25:04-05:00;2018;No;No;1;02
1 MILES FROM US 1;TWO-WAY,DIVIDED,POSITIVE MEDIAN BARRIER;DUSK;CLEAR;0;0;;NO CONTROL PRESENT;PASSENGER CAR;PASSENGER CAR;NONE;NONE;;2018-01-26T17:56:37-05:00;2018;No;No;1;17
200 FEET FROM 1299 SR 1300 (KILDARE FARM RD);TWO-WAY,NOT DIVIDED;DAYLIGHT;CLEAR;0;0;;NO CONTROL PRESENT;PASSENGER CAR;SPORT UTILITY;NONE;NONE;;2018-01-26T07:23:33-05:00;2018;No;No;1;07
150 FEET FROM HYDON DAWN LN;TWO-WAY,NOT DIVIDED;DARK - LIGHTED ROADWAY;RAIN;0;0;;NO CONTROL PRESENT;NONE;NONE;NONE;NONE;;2018-01-29T19:24:13-05:00;2018;No;No;1;19
67 FEET FROM P.V.A. (1809 WALNUT ST);TWO-WAY,NOT DIVIDED;DARK - LIGHTED ROADWAY;CLOUDY;0;0;;NO CONTROL PRESENT;PICKUP;PASSENGER CAR;NONE;NONE;;2018-01-29T20:57:45-05:00;2018;No;No;1;20
.10 MILES FROM PVA 1105 WALNUT ST;TWO-WAY,NOT DIVIDED;DAYLIGHT;CLEAR;0;0;;NO CONTROL PRESENT;PASSENGER CAR;PASSENGER CAR;NONE;NONE;;2018-01-30T08:41:05-05:00;2018;No;No;1;08
.1 MILES FROM US 64 HWY;TWO-WAY,DIVIDED,UNPROTECTED MEDIAN;DAYLIGHT;CLEAR;0;0;;NO CONTROL PRESENT;PICKUP;PASSENGER CAR;NONE;NONE;;2018-01-31T08:39:14-05:00;2018;No;No;1;08
0.1 MILES FROM SR 1300 (KILDAIRE FARM RD);TWO-WAY,DIVIDED,UNPROTECTED MEDIAN;DAYLIGHT;CLEAR;0;0;;STOP AND GO SIGNAL;SPORT UTILITY;SPORT UTILITY;NONE;NONE;;2018-01-31T14:33:02-05:00;2018;No;No;1;14
CARY;TWO-WAY,NOT DIVIDED;DARK - LIGHTED ROADWAY;CLEAR;0;0;;STOP AND GO SIGNAL;PASSENGER CAR;SPORT UTILITY;NONE;NONE;;2018-01-30T20:04:09-05:00;2018;No;No;1;20
10 FEET FROM US HWY #1 RAMP;TWO-WAY,NOT DIVIDED;DAYLIGHT;CLEAR;0;0;;STOP AND GO SIGNAL;PICKUP;VAN;NONE;NONE;;2018-01-31T12:21:00-05:00;2018;No;No;1;12
CARY;ONE-WAY,NOT DIVIDED;DAYLIGHT;CLEAR;0;0;;NO CONTROL PRESENT;PASSENGER CAR;NONE;NONE;NONE;;2018-01-19T14:02:08-05:00;2018;No;No;1;14
.1 MILES FROM PVA (98 CORNERSTONE DR);TWO-WAY,NOT DIVIDED;DAYLIGHT;CLEAR;0;0;;NO CONTROL PRESENT;PASSENGER CAR;SPORT UTILITY;NONE;NONE;;2018-02-01T12:53:00-05:00;2018;No;No;2;12
50 FEET FROM SR 3090 (WESTON PKWY);TWO-WAY,DIVIDED,UNPROTECTED MEDIAN;DAYLIGHT;CLEAR;0;0;;STOP AND GO SIGNAL;SPORT UTILITY;PASSENGER CAR;NONE;NONE;;2018-02-02T13:46:32-05:00;2018;No;No;2;13
320 FEET FROM CHAPEL HILL RD (SR3081);TWO-WAY,NOT DIVIDED;DARK - LIGHTED ROADWAY;CLEAR;0;0;;NO CONTROL PRESENT;PASSENGER CAR;NONE;NONE;NONE;;2018-02-02T22:20:00-05:00;2018;No;No;2;22
CARY;TWO-WAY,DIVIDED,UNPROTECTED MEDIAN;DAYLIGHT;RAIN;0;2;;STOP AND GO SIGNAL;VAN;PICKUP;SPORT UTILITY;NONE;;2018-02-04T12:44:00-05:00;2018;No;Yes;2;12
0 FEET FROM CRESCENT GREEN;TWO-WAY,DIVIDED,UNPROTECTED MEDIAN;DAYLIGHT;CLEAR;0;1;;NO CONTROL PRESENT;VAN;PASSENGER CAR;NONE;NONE;;2018-02-01T09:30:17-05:00;2018;No;Yes;2;09
80 FEET FROM OLDE WEATHERSTONE WAY;TWO-WAY,NOT DIVIDED;DAYLIGHT;CLEAR;0;1;;NO CONTROL PRESENT;PASSENGER CAR;NONE;NONE;NONE;;2018-02-02T15:36:55-05:00;2018;No;Yes;2;15
100 FEET FROM S.R. 1415 (S.E. MAYNARD RD);TWO-WAY,NOT DIVIDED;DUSK;CLEAR;0;0;;STOP AND GO SIGNAL;SPORT UTILITY;PASSENGER CAR;NONE;NONE;;2018-02-02T17:39:31-05:00;2018;No;No;2;17
0.53 MILES FROM SR1635 (MCCRIMMON PKWY);TWO-WAY,DIVIDED,UNPROTECTED MEDIAN;DAYLIGHT;CLEAR;0;0;;STOP SIGN;VAN;PASSENGER CAR;NONE;NONE;;2020-01-24T18:56:22-05:00;2020;No;No;1;18
200 FEET FROM S.R. 1 (US 1 HWY );TWO-WAY,DIVIDED,UNPROTECTED MEDIAN;DAYLIGHT;CLEAR;0;0;;NO CONTROL PRESENT;PASSENGER CAR;PASSENGER CAR;NONE;NONE;;2020-01-29T07:25:16-05:00;2020;No;No;1;07
0.15 MILES FROM SR 4067 (REGENCY PKWY);TWO-WAY,DIVIDED,UNPROTECTED MEDIAN;DAYLIGHT;CLEAR;0;0;;NO CONTROL PRESENT;PASSENGER CAR;NONE;NONE;NONE;;2020-01-27T11:57:00-05:00;2020;No;No;1;11
.09 MILES FROM SR 1300 (KILDAIRE FARM RD);TWO-WAY,DIVIDED,POSITIVE MEDIAN BARRIER;DAYLIGHT;CLOUDY;0;0;;NO CONTROL PRESENT;PASSENGER CAR;SPORT UTILITY;VAN;NONE;;2020-01-29T10:29:00-05:00;2020;No;No;1;10
15 FEET FROM SR 1415 (SW MAYNARD RD);TWO-WAY,NOT DIVIDED;DAYLIGHT;CLEAR;0;0;;STOP AND GO SIGNAL;SPORT UTILITY;PICKUP;NONE;NONE;;2020-01-29T13:39:04-05:00;2020;No;No;1;13
.5 MILES FROM S.R. 1 (US 1 HWY);TWO-WAY,DIVIDED,UNPROTECTED MEDIAN;DAYLIGHT;CLEAR;0;0;;NO CONTROL PRESENT;SPORT UTILITY;SPORT UTILITY;NONE;NONE;;2020-01-30T07:15:39-05:00;2020;No;No;1;07
230 FEET FROM P.V.A.(103 MAYNARD CROSSING CT;TWO-WAY,NOT DIVIDED;DAYLIGHT;CLEAR;0;0;;STOP SIGN;PASSENGER CAR;NONE;NONE;NONE;;2020-01-30T10:24:00-05:00;2020;No;No;1;10
CARY;TWO-WAY,DIVIDED,UNPROTECTED MEDIAN;DAYLIGHT;CLEAR;0;0;;STOP AND GO SIGNAL;PASSENGER CAR;SPORT UTILITY;NONE;NONE;;2020-01-30T10:23:00-05:00;2020;No;No;1;10
325 FEET FROM P.V.A. (651 CARY TOWNE BLVD);TWO-WAY,NOT DIVIDED;DAYLIGHT;CLEAR;0;0;;NO CONTROL PRESENT;PASSENGER CAR;PASSENGER CAR;NONE;NONE;;2020-01-29T21:10:48-05:00;2020;No;No;1;21
.3 MILES FROM US 64 HWY;TWO-WAY,DIVIDED,UNPROTECTED MEDIAN;DAYLIGHT;RAIN;0;0;;STOP AND GO SIGNAL;PASSENGER CAR;PICKUP;NONE;NONE;;2020-01-31T16:48:51-05:00;2020;No;No;1;16
1 MILES FROM US 1 HWY;TWO-WAY,DIVIDED,POSITIVE MEDIAN BARRIER;DAYLIGHT;RAIN;0;0;DARTING;NO CONTROL PRESENT;PASSENGER CAR;NONE;NONE;NONE;;2020-01-31T15:06:07-05:00;2020;No;No;1;15
CARY;TWO-WAY,DIVIDED,UNPROTECTED MEDIAN;DAYLIGHT;CLEAR;0;0;;STOP AND GO SIGNAL;PASSENGER CAR;PASSENGER CAR;NONE;NONE;;2020-01-30T17:49:04-05:00;2020;No;No;1;17
30 FEET FROM SR 1615 (HIGH HOUSE RD);TWO-WAY,NOT DIVIDED;DAYLIGHT;CLEAR;0;0;;STOP AND GO SIGNAL;PICKUP;PASSENGER CAR;NONE;NONE;;2020-02-03T14:31:31-05:00;2020;No;No;2;14
50 FEET FROM SR 1652 (N HARRISON AVE);TWO-WAY,NOT DIVIDED;DAYLIGHT;CLEAR;0;0;;NO CONTROL PRESENT;SPORT UTILITY;NONE;NONE;NONE;;2020-01-25T19:31:48-05:00;2020;No;No;1;19
300 FEET FROM SR 3014 (MORRISVILLE CARPENTER;TWO-WAY,NOT DIVIDED;DAYLIGHT;RAIN;0;1;;NO CONTROL PRESENT;SPORT UTILITY;VAN;NONE;NONE;;2020-02-05T17:11:25-05:00;2020;No;Yes;2;17
.3 MILES FROM US 64 HWY;TWO-WAY,DIVIDED,UNPROTECTED MEDIAN;DAYLIGHT;RAIN;0;0;;STOP AND GO SIGNAL;PASSENGER CAR;PASSENGER CAR;NONE;NONE;;2020-02-05T17:17:23-05:00;2020;No;No;2;17
25 FEET FROM US 64 HWY;TWO-WAY,DIVIDED,UNPROTECTED MEDIAN;DAYLIGHT;RAIN;0;0;;NO CONTROL PRESENT;PASSENGER CAR;PASSENGER CAR;PASSENGER CAR;NONE;;2020-02-05T16:43:21-05:00;2020;No;No;2;16
.01 MILES FROM SR 1615 (HIGH HOUSE RD);TWO-WAY,DIVIDED,UNPROTECTED MEDIAN;DAYLIGHT;CLEAR;0;0;;NO CONTROL PRESENT;PASSENGER CAR;NONE;NONE;NONE;;2020-02-07T17:19:07-05:00;2020;No;No;2;17
200 FEET FROM SR# 1315 (BUCK JONES RD);TWO-WAY,DIVIDED,UNPROTECTED MEDIAN;DAYLIGHT;CLEAR;0;0;;NO CONTROL PRESENT;SPORT UTILITY;SPORT UTILITY;NONE;NONE;;2020-02-07T16:17:00-05:00;2020;No;No;2;16
100 FEET FROM SR3014 MORRISVILLE CARPENTER R;TWO-WAY,NOT DIVIDED;DARK - ROADWAY NOT LIGHTED;RAIN;0;0;;NO CONTROL PRESENT;SPORT UTILITY;NONE;NONE;NONE;;2020-02-06T04:16:26-05:00;2020;No;No;2;04
30 FEET FROM US 1 EXIT 98 RAMP SB;ONE-WAY,NOT DIVIDED;DAYLIGHT;CLOUDY;0;0;;STOP AND GO SIGNAL;PASSENGER CAR;PASSENGER CAR;NONE;NONE;;2020-02-08T13:10:53-05:00;2020;No;No;2;13
138 FEET FROM P.V.A.HARRIS TEETER(1151 TRYON;TWO-WAY,NOT DIVIDED;DAYLIGHT;CLEAR;0;0;;NO CONTROL PRESENT;NONE;PASSENGER CAR;NONE;NONE;;2020-02-08T13:31:15-05:00;2020;No;No;2;13
0 FEET FROM SR1313 (WALNUT ST);TWO-WAY,NOT DIVIDED;DAYLIGHT;CLEAR;0;0;;STOP AND GO SIGNAL;PASSENGER CAR;VAN;NONE;NONE;;2020-02-09T07:38:57-05:00;2020;No;No;2;07
50 FEET FROM SR1632 (LOUIS STEPHENS DR);TWO-WAY,DIVIDED,UNPROTECTED MEDIAN;DAYLIGHT;CLEAR;0;0;;NO CONTROL PRESENT;PASSENGER CAR;NONE;NONE;NONE;;2020-02-08T14:48:34-05:00;2020;No;No;2;14
NEAR .25 MILES E OF E NC 540 HWY;TWO-WAY,DIVIDED,POSITIVE MEDIAN BARRIER;DAYLIGHT;CLEAR;0;0;;NO CONTROL PRESENT;PICKUP;VAN;NONE;NONE;;2020-02-10T07:45:59-05:00;2020;No;No;2;07
CARY;TWO-WAY,DIVIDED,UNPROTECTED MEDIAN;DAYLIGHT;CLEAR;0;0;;STOP AND GO SIGNAL;PASSENGER CAR;VAN;NONE;NONE;;2020-02-10T16:38:23-05:00;2020;No;No;2;16
431 FEET FROM SR 1300 (KILDAIRE FARM RD);TWO-WAY,DIVIDED,UNPROTECTED MEDIAN;DARK - LIGHTED ROADWAY;CLEAR;0;0;;STOP AND GO SIGNAL;SPORT UTILITY;VAN;NONE;NONE;;2020-02-09T18:39:57-05:00;2020;No;No;2;18
480 FEET FROM MCCRIMMON PKWY;TWO-WAY,DIVIDED,POSITIVE MEDIAN BARRIER;DAYLIGHT;RAIN;0;2;;NO CONTROL PRESENT;PASSENGER CAR;PASSENGER CAR;SPORT UTILITY;NONE;;2020-02-10T07:25:52-05:00;2020;No;Yes;2;07
.34 MILES FROM SR 1010 (TEN TEN RD);TWO-WAY,DIVIDED,UNPROTECTED MEDIAN;DAYLIGHT;CLEAR;0;0;FAILURE TO OBEY TRAFFIC SIGNS,SIGNALS;STOP AND GO SIGNAL;PASSENGER CAR;PICKUP;NONE;NONE;;2020-02-07T07:43:11-05:00;2020;No;No;2;07
400 FEET FROM PVA 10010 GREEN LEVEL CHURCH R;TWO-WAY,NOT DIVIDED;DAYLIGHT;CLOUDY;0;0;;NO CONTROL PRESENT;PASSENGER CAR;PICKUP;NONE;NONE;;2020-02-07T06:20:50-05:00;2020;No;No;2;06
483 FEET FROM SR 1521 (LAKE PINE DR);TWO-WAY,DIVIDED,UNPROTECTED MEDIAN;DARK - LIGHTED ROADWAY;CLEAR;0;0;;NO CONTROL PRESENT;PASSENGER CAR;NONE;NONE;NONE;;2020-01-31T04:32:59-05:00;2020;No;No;1;04
150 FEET FROM SR1625 (GREEN LEVEL CHURCH RD);TWO-WAY,NOT DIVIDED;DAYLIGHT;CLEAR;0;0;;NO CONTROL PRESENT;PASSENGER CAR;SPORT UTILITY;NONE;NONE;;2020-02-12T10:08:00-05:00;2020;No;No;2;10
CARY;TWO-WAY,NOT DIVIDED;DARK - LIGHTED ROADWAY;CLEAR;0;0;;STOP SIGN;SPORT UTILITY;PASSENGER CAR;NONE;NONE;;2020-02-11T18:02:25-05:00;2020;No;No;2;18
0 FEET FROM NC 54 (CHAPEL HILL RD);TWO-WAY,DIVIDED,UNPROTECTED MEDIAN;DAYLIGHT;RAIN;0;0;;STOP AND GO SIGNAL;SPORT UTILITY;SPORT UTILITY;NONE;NONE;;2020-02-05T15:55:33-05:00;2020;No;No;2;15
.1 MILES FROM US 1;TWO-WAY,DIVIDED,POSITIVE MEDIAN BARRIER;DAYLIGHT;RAIN;0;2;;NO CONTROL PRESENT;PASSENGER CAR;SPORT UTILITY;SPORT UTILITY;NONE;;2020-02-06T10:58:00-05:00;2020;No;Yes;2;10
10 FEET FROM COOPER BLUFF PL;TWO-WAY,NOT DIVIDED;DAYLIGHT;CLOUDY;0;0;;NO CONTROL PRESENT;PASSENGER CAR;NONE;NONE;NONE;;2020-02-13T09:29:35-05:00;2020;No;No;2;09
10 FEET FROM S.R. 1652 (HARRISON AVE);TWO-WAY,NOT DIVIDED;DAYLIGHT;CLOUDY;0;0;;NO CONTROL PRESENT;PASSENGER CAR;SPORT UTILITY;NONE;NONE;;2020-02-13T07:47:16-05:00;2020;No;No;2;07
100 FEET FROM SR 1313 (WALNUT ST);TWO-WAY,DIVIDED,UNPROTECTED MEDIAN;DAYLIGHT;RAIN;0;0;;NO CONTROL PRESENT;PASSENGER CAR;NONE;NONE;NONE;;2020-02-11T11:03:00-05:00;2020;No;No;2;11
100 FEET FROM NC 55 HWY;TWO-WAY,DIVIDED,UNPROTECTED MEDIAN;DAYLIGHT;CLEAR;0;0;;STOP AND GO SIGNAL;PASSENGER CAR;PASSENGER CAR;NONE;NONE;;2020-02-14T12:06:00-05:00;2020;No;No;2;12
CARY;TWO-WAY,NOT DIVIDED;DAYLIGHT;CLEAR;0;1;;STOP AND GO SIGNAL;SPORT UTILITY;PASSENGER CAR;NONE;NONE;;2020-02-15T10:12:00-05:00;2020;No;Yes;2;10
293 FEET FROM P.V.A. (3494 KILDAIRE FARM RD);TWO-WAY,NOT DIVIDED;DUSK;CLOUDY;0;0;;OTHER *;PASSENGER CAR;PASSENGER CAR;NONE;NONE;;2020-02-15T17:01:04-05:00;2020;No;No;2;17
.25 MILES FROM SR 1613 (DAVIS DRIVE);TWO-WAY,DIVIDED,UNPROTECTED MEDIAN;DARK - LIGHTED ROADWAY;CLEAR;0;0;;STOP AND GO SIGNAL;SPORT UTILITY;PASSENGER CAR;NONE;NONE;;2020-02-15T20:50:22-05:00;2020;No;No;2;20
50 FEET FROM S.R. 1620 (GREEN LEVEL CH);TWO-WAY,NOT DIVIDED;DAYLIGHT;CLEAR;0;0;;NO CONTROL PRESENT;PASSENGER CAR;NONE;NONE;NONE;;2020-02-08T14:54:22-05:00;2020;No;No;2;14
33 FEET FROM SR 1300 (KILDAIRE FARM RD);TWO-WAY,NOT DIVIDED;DAYLIGHT;CLEAR;0;0;;NO CONTROL PRESENT;PASSENGER CAR;NONE;NONE;NONE;;2020-02-17T20:24:26-05:00;2020;No;No;2;20
30 FEET FROM US 1 EXIT 98 RAMP SB;ONE-WAY,NOT DIVIDED;DAYLIGHT;CLEAR;0;0;;STOP AND GO SIGNAL;PASSENGER CAR;VAN;NONE;NONE;;2020-02-17T12:51:00-05:00;2020;No;No;2;12
200 FEET FROM 221 N HARRISON AVE;TWO-WAY,NOT DIVIDED;DARK - ROADWAY NOT LIGHTED;RAIN;0;0;;RR GATE AND FLASHER;PASSENGER CAR;NONE;NONE;NONE;;2020-02-17T17:59:44-05:00;2020;No;No;2;17
.60 MILES FROM US1 N;TWO-WAY,DIVIDED,POSITIVE MEDIAN BARRIER;DAYLIGHT;CLEAR;0;0;;NO CONTROL PRESENT;PASSENGER CAR;PASSENGER CAR;PASSENGER CAR;NONE;;2020-02-14T16:15:01-05:00;2020;No;No;2;16
CARY;ONE-WAY,NOT DIVIDED;DAYLIGHT;CLEAR;0;0;;NO CONTROL PRESENT;PASSENGER CAR;SPORT UTILITY;NONE;NONE;;2020-02-14T14:24:22-05:00;2020;No;No;2;14
50 FEET FROM SR 1313 (WALNUT ST);TWO-WAY,DIVIDED,POSITIVE MEDIAN BARRIER;DAYLIGHT;CLOUDY;0;0;FAILURE TO YIELD RIGHT OF WAY;STOP AND GO SIGNAL;PASSENGER CAR;SPORT UTILITY;NONE;NONE;;2020-02-18T18:15:40-05:00;2020;No;No;2;18
0 FEET FROM SR 1010 (TENTEN RD);TWO-WAY,DIVIDED,UNPROTECTED MEDIAN;DAYLIGHT;RAIN;0;0;;STOP SIGN;PASSENGER CAR;NONE;NONE;NONE;;2020-02-19T11:50:00-05:00;2020;No;No;2;11
12 FEET FROM JAMES JACKSON AV;TWO-WAY,NOT DIVIDED;DAYLIGHT;RAIN;0;0;COMING FROM BEHIND PARKED VEHICLE;STOP AND GO SIGNAL;SPORT UTILITY;SPORT UTILITY;NONE;NONE;;2020-02-19T07:08:46-05:00;2020;No;No;2;07
20 FEET FROM US 1 HWY;ONE-WAY,NOT DIVIDED;DAYLIGHT;CLOUDY;0;0;;STOP AND GO SIGNAL;PASSENGER CAR;SPORT UTILITY;NONE;NONE;;2020-02-20T08:30:08-05:00;2020;No;No;2;08
75 FEET FROM US 1 HWY (ENTRY NB);ONE-WAY,NOT DIVIDED;DAYLIGHT;CLEAR;0;1;;YIELD SIGN;SPORT UTILITY;PASSENGER CAR;NONE;NONE;;2020-02-19T22:12:00-05:00;2020;No;Yes;2;22
55 FEET FROM P.V.A. (1120 SE CARY PKWY);TWO-WAY,NOT DIVIDED;DAYLIGHT;CLEAR;0;0;;NO CONTROL PRESENT;PASSENGER CAR;PASSENGER CAR;NONE;NONE;;2020-02-20T13:05:12-05:00;2020;No;No;2;13
75 FEET FROM SR 1613 (DAVIS DR);TWO-WAY,DIVIDED,UNPROTECTED MEDIAN;DAYLIGHT;CLEAR;0;1;;STOP AND GO SIGNAL;PASSENGER CAR;PASSENGER CAR;NONE;NONE;;2020-02-21T10:08:00-05:00;2020;No;Yes;2;10
0 FEET FROM SR 3977 (SW CARY PKWY);TWO-WAY,DIVIDED,UNPROTECTED MEDIAN;DUSK;CLOUDY;0;1;;NO CONTROL PRESENT;PASSENGER CAR;SPORT UTILITY;SPORT UTILITY;NONE;;2020-02-19T17:07:23-05:00;2020;No;Yes;2;17
CARY;TWO-WAY,NOT DIVIDED;DAYLIGHT;CLOUDY;0;0;;NO CONTROL PRESENT;POLICE;NONE;NONE;NONE;;2020-02-21T13:22:44-05:00;2020;No;No;2;13
250 FEET FROM SR 3977 (SE CARY PKWY);TWO-WAY,DIVIDED,UNPROTECTED MEDIAN;DARK - LIGHTED ROADWAY;SNOW;0;0;COMING FROM BEHIND PARKED VEHICLE;NO CONTROL PRESENT;PICKUP;NONE;NONE;NONE;;2020-02-20T18:07:22-05:00;2020;No;No;2;18
.25 MILES FROM SR 1152 (HOLLY SPRINGS RD);TWO-WAY,NOT DIVIDED;DARK - ROADWAY NOT LIGHTED;SNOW;0;1;;NO CONTROL PRESENT;SPORT UTILITY;NONE;NONE;NONE;;2020-02-21T03:57:29-05:00;2020;No;Yes;2;03
0 FEET FROM SR 1435 (OLD RALEIGH RD);TWO-WAY,NOT DIVIDED;DARK - ROADWAY NOT LIGHTED;SNOW;0;1;;STOP SIGN;PASSENGER CAR;PASSENGER CAR;NONE;NONE;;2020-02-20T18:00:02-05:00;2020;No;Yes;2;18
.289 MILES FROM GATEWAY CENTRE BLVD;TWO-WAY,NOT DIVIDED;DAYLIGHT;CLEAR;0;1;;STOP SIGN;PASSENGER CAR;SPORT UTILITY;NONE;NONE;;2020-02-21T15:35:15-05:00;2020;No;Yes;2;15
100 FEET FROM SR 3977 (SE CARY PKWY);TWO-WAY,DIVIDED,UNPROTECTED MEDIAN;DAYLIGHT;CLEAR;0;0;;NO CONTROL PRESENT;SPORT UTILITY;SPORT UTILITY;NONE;NONE;;2020-02-21T15:55:34-05:00;2020;No;No;2;15
50 FEET FROM MEETING ST;TWO-WAY,DIVIDED,POSITIVE MEDIAN BARRIER;DAYLIGHT;CLEAR;0;0;;STOP AND GO SIGNAL;SPORT UTILITY;SPORT UTILITY;NONE;NONE;;2020-02-22T13:47:02-05:00;2020;No;No;2;13
200 FEET FROM P.V.A. HARRIS TEETER;TWO-WAY,NOT DIVIDED;DARK - LIGHTED ROADWAY;CLEAR;0;0;;NO CONTROL PRESENT;PASSENGER CAR;PASSENGER CAR;NONE;NONE;;2020-02-23T04:00:18-05:00;2020;No;No;2;04
CARY;TWO-WAY,DIVIDED,UNPROTECTED MEDIAN;DAYLIGHT;RAIN;0;0;;STOP AND GO SIGNAL;VAN;PASSENGER CAR;NONE;NONE;;2020-02-24T16:17:08-05:00;2020;No;No;2;16
21 FEET FROM CROSSROADS BLVD;TWO-WAY,DIVIDED,UNPROTECTED MEDIAN;DARK - LIGHTED ROADWAY;RAIN;0;0;;NO CONTROL PRESENT;PASSENGER CAR;NONE;NONE;NONE;;2020-02-25T00:16:00-05:00;2020;No;No;2;00