Location_Description;Road_Configuration;Light_Condition;Weather;Fatality;Injury;Contributing_Factor;Traffic_Control;Vehicle1;Vehicle2;Vehicle3;Vehicle4;Vehicle5;Crash_Date;year;Fatalities;Injuries;Month;Hour
CARY;TWO-WAY,DIVIDED,UNPROTECTED MEDIAN;DARK - LIGHTED ROADWAY;CLEAR;0;2;;STOP AND GO SIGNAL;PASSENGER CAR;PASSENGER CAR;NONE;NONE;;2020-02-25T21:03:42-05:00;2020;No;Yes;2;21
100 FEET FROM PVA - MIDDLE CREEK HIGH SCHOOL;TWO-WAY,NOT DIVIDED;DAYLIGHT;CLOUDY;0;0;;NO CONTROL PRESENT;PASSENGER CAR;PASSENGER CAR;NONE;NONE;;2020-02-25T09:49:58-05:00;2020;No;No;2;09
CARY;TWO-WAY,NOT DIVIDED;DAYLIGHT;CLOUDY;0;0;;NO CONTROL PRESENT;SPORT UTILITY;SPORT UTILITY;NONE;NONE;;2020-02-24T13:14:43-05:00;2020;No;No;2;13
50 FEET FROM SR 3112 (NW CARY PKWY);TWO-WAY,NOT DIVIDED;DAYLIGHT;CLOUDY;0;0;;NO CONTROL PRESENT;PASSENGER CAR;SPORT UTILITY;VAN;NONE;;2020-02-24T08:25:20-05:00;2020;No;No;2;08
.2 MILES FROM P.P. (1 QUALITY LN);TWO-WAY,NOT DIVIDED;DAYLIGHT;CLEAR;0;0;;NO CONTROL PRESENT;NONE;NONE;NONE;NONE;;2020-02-25T11:09:00-05:00;2020;No;No;2;11
66 FEET FROM US 1 HWY S;ONE-WAY,NOT DIVIDED;DAYLIGHT;CLEAR;0;0;;STOP AND GO SIGNAL;PASSENGER CAR;PASSENGER CAR;NONE;NONE;;2020-02-26T16:02:51-05:00;2020;No;No;2;16
70 FEET FROM P.V.A. (LIDL);TWO-WAY,NOT DIVIDED;DAYLIGHT;CLEAR;0;0;COMING FROM BEHIND PARKED VEHICLE;NO CONTROL PRESENT;PASSENGER CAR;NONE;NONE;NONE;;2020-02-23T14:18:29-05:00;2020;No;No;2;14
50 FEET FROM SR 1630 (GREEN LEVEL CHURCH RD;TWO-WAY,DIVIDED,UNPROTECTED MEDIAN;DARK - LIGHTED ROADWAY;CLEAR;1;0;;NO CONTROL PRESENT;PASSENGER CAR;SPORT UTILITY;NONE;NONE;;2020-02-22T21:13:02-05:00;2020;Yes;No;2;21
.10 MILES FROM P.V.A. PANTHER CREEK HIGH SCHO;TWO-WAY,NOT DIVIDED;DAYLIGHT;CLEAR;0;0;;NO CONTROL PRESENT;PICKUP;PASSENGER CAR;NONE;NONE;;2020-02-28T07:11:55-05:00;2020;No;No;2;07
.34 MILES FROM US 1 HWY;TWO-WAY,DIVIDED,POSITIVE MEDIAN BARRIER;DAYLIGHT;CLEAR;0;0;;NO CONTROL PRESENT;SPORT UTILITY;PICKUP;NONE;NONE;;2020-02-27T14:36:27-05:00;2020;No;No;2;14
350 FEET FROM SR 3112 (NW CARY PKWY);TWO-WAY,DIVIDED,UNPROTECTED MEDIAN;DAYLIGHT;CLEAR;0;0;;NO CONTROL PRESENT;SPORT UTILITY;PASSENGER CAR;NONE;NONE;;2020-02-29T14:16:28-05:00;2020;No;No;2;14
CARY;TWO-WAY,NOT DIVIDED;DAYLIGHT;CLEAR;0;1;;STOP AND GO SIGNAL;SPORT UTILITY;VAN;NONE;NONE;;2020-03-02T11:47:00-05:00;2020;No;Yes;3;11
250 FEET FROM SR 1615 (HIGH HOUSE RD);TWO-WAY,DIVIDED,UNPROTECTED MEDIAN;DAYLIGHT;CLOUDY;0;0;;STOP AND GO SIGNAL;SPORT UTILITY;SPORT UTILITY;NONE;NONE;;2020-03-02T15:15:57-05:00;2020;No;No;3;15
0.16 MILES FROM U.S. 1 NB HWY;TWO-WAY,DIVIDED,POSITIVE MEDIAN BARRIER;DAYLIGHT;CLEAR;0;0;;STOP AND GO SIGNAL;PICKUP;PASSENGER CAR;NONE;NONE;;2020-03-02T12:11:00-05:00;2020;No;No;3;12
.38 MILES FROM P.V.A. (301 METLIFE WAY);TWO-WAY,NOT DIVIDED;DAYLIGHT;CLEAR;0;0;;NO CONTROL PRESENT;PASSENGER CAR;SPORT UTILITY;NONE;NONE;;2020-03-02T19:30:07-05:00;2020;No;No;3;19
30 FEET FROM SR 1010 (TEN TEN RD);TWO-WAY,DIVIDED,UNPROTECTED MEDIAN;DAYLIGHT;CLEAR;0;2;;STOP SIGN;PASSENGER CAR;PASSENGER CAR;NONE;NONE;;2020-02-29T11:46:00-05:00;2020;No;Yes;2;11
21 FEET FROM US 1 ON RAMP;ONE-WAY,NOT DIVIDED;DAYLIGHT;CLEAR;0;1;;YIELD SIGN;PASSENGER CAR;PASSENGER CAR;NONE;NONE;;2020-02-26T17:13:41-05:00;2020;No;Yes;2;17
1 MILES FROM NC 54 (NE MAYNARD RD);TWO-WAY,DIVIDED,UNPROTECTED MEDIAN;DAYLIGHT;CLEAR;0;0;;NO CONTROL PRESENT;PASSENGER CAR;PASSENGER CAR;NONE;NONE;;2020-03-02T16:05:46-05:00;2020;No;No;3;16
200 FEET FROM SR 1313 (JONES FRANKLIN RD);TWO-WAY,NOT DIVIDED;DAYLIGHT;CLOUDY;0;0;;NO CONTROL PRESENT;SPORT UTILITY;PASSENGER CAR;NONE;NONE;;2020-03-03T12:01:00-05:00;2020;No;No;3;12
200 FEET FROM P.V.A. (823 BASS PRO LN);ONE-WAY,NOT DIVIDED;DAYLIGHT;CLOUDY;0;0;;NO CONTROL PRESENT;NONE;SPORT UTILITY;NONE;NONE;;2020-03-03T13:14:27-05:00;2020;No;No;3;13
0.13 MILES FROM P.V.A. (MIDDLE CREEK PARK AVE);ONE-WAY,NOT DIVIDED;DAYLIGHT;CLEAR;0;0;;NO CONTROL PRESENT;PASSENGER CAR;NONE;NONE;NONE;;2020-02-26T11:18:00-05:00;2020;No;No;2;11
50 FEET FROM SR 1613 (DAVIS DR);TWO-WAY,DIVIDED,UNPROTECTED MEDIAN;DAYLIGHT;RAIN;0;0;;NO CONTROL PRESENT;PASSENGER CAR;SPORT UTILITY;NONE;NONE;;2020-03-03T14:54:13-05:00;2020;No;No;3;14
489 FEET FROM SR 1415 (SE MAYNARD RD);TWO-WAY,NOT DIVIDED;DAYLIGHT;RAIN;0;0;;NO CONTROL PRESENT;PASSENGER CAR;PASSENGER CAR;NONE;NONE;;2020-03-03T15:48:51-05:00;2020;No;No;3;15
15 FEET FROM WALDO ROOD BLVD;TWO-WAY,NOT DIVIDED;DAYLIGHT;CLEAR;0;0;;STOP AND GO SIGNAL;PASSENGER CAR;PASSENGER CAR;NONE;NONE;;2020-03-04T11:22:00-05:00;2020;No;No;3;11
25 FEET FROM US 1 RAMP;ONE-WAY,NOT DIVIDED;DAYLIGHT;CLEAR;0;1;;STOP AND GO SIGNAL;VAN;PASSENGER CAR;NONE;NONE;;2020-02-27T14:40:00-05:00;2020;No;Yes;2;14
150 FEET FROM SR 3081 (CHAPEL HILL RD);TWO-WAY,NOT DIVIDED;DAYLIGHT;CLEAR;0;3;;NO CONTROL PRESENT;VAN;PICKUP;PASSENGER CAR;NONE;;2020-03-05T14:04:29-05:00;2020;No;Yes;3;14
335 FEET FROM PVA (2010 KILDAIRE FARM RD);TWO-WAY,NOT DIVIDED;DAYLIGHT;CLOUDY;0;0;;NO CONTROL PRESENT;PICKUP;PASSENGER CAR;NONE;NONE;;2020-03-05T13:41:47-05:00;2020;No;No;3;13
.10 MILES FROM P.V.A. PANTHER CREEK HIGH SCHO;TWO-WAY,NOT DIVIDED;DAYLIGHT;CLEAR;0;0;;NO CONTROL PRESENT;PASSENGER CAR;SPORT UTILITY;NONE;NONE;;2020-02-28T14:27:58-05:00;2020;No;No;2;14
CARY;TWO-WAY,NOT DIVIDED;DAYLIGHT;CLEAR;0;1;;STOP AND GO SIGNAL;SPORT UTILITY;PASSENGER CAR;NONE;NONE;;2020-03-05T07:34:32-05:00;2020;No;Yes;3;07
CARY;TWO-WAY,DIVIDED,UNPROTECTED MEDIAN;DAYLIGHT;CLEAR;0;0;;STOP AND GO SIGNAL;PICKUP;PASSENGER CAR;NONE;NONE;;2020-03-06T11:11:00-05:00;2020;No;No;3;11
10 FEET FROM US 64;TWO-WAY,DIVIDED,POSITIVE MEDIAN BARRIER;DAYLIGHT;CLOUDY;0;1;;STOP AND GO SIGNAL;PASSENGER CAR;SPORT UTILITY;NONE;NONE;;2020-03-06T16:17:21-05:00;2020;No;Yes;3;16
1.9 MILES FROM US 1 HWY S;TWO-WAY,DIVIDED,POSITIVE MEDIAN BARRIER;DAYLIGHT;CLEAR;0;0;;NO CONTROL PRESENT;PASSENGER CAR;PASSENGER CAR;NONE;NONE;;2020-03-06T15:46:19-05:00;2020;No;No;3;15
CARY;TWO-WAY,DIVIDED,UNPROTECTED MEDIAN;DAYLIGHT;CLEAR;0;0;;STOP SIGN;VAN;PASSENGER CAR;NONE;NONE;;2020-03-06T14:13:40-05:00;2020;No;No;3;14
10 FEET FROM SR3081 (CHAPEL HILL RD);TWO-WAY,DIVIDED,UNPROTECTED MEDIAN;DAYLIGHT;CLEAR;0;1;;STOP AND GO SIGNAL;PASSENGER CAR;PASSENGER CAR;NONE;NONE;;2020-03-09T10:22:00-04:00;2020;No;Yes;3;10
50 FEET FROM PVA S& K PARTNERSHIP;TWO-WAY,DIVIDED,UNPROTECTED MEDIAN;DAYLIGHT;CLEAR;0;1;;NO CONTROL PRESENT;PASSENGER CAR;SPORT UTILITY;NONE;NONE;;2020-03-09T13:52:48-04:00;2020;No;Yes;3;13
CARY;TWO-WAY,DIVIDED,UNPROTECTED MEDIAN;DAYLIGHT;CLEAR;0;0;;STOP AND GO SIGNAL;PASSENGER CAR;SPORT UTILITY;NONE;NONE;;2020-03-09T16:08:09-04:00;2020;No;No;3;16
CARY;TWO-WAY,DIVIDED,UNPROTECTED MEDIAN;DAYLIGHT;CLEAR;0;0;;FLASHING STOP AND GO SIGNAL;PASSENGER CAR;PASSENGER CAR;NONE;NONE;;2020-03-10T12:30:00-04:00;2020;No;No;3;12
1.0 MILES FROM SR 1497 (CARY TOWNE BLVD);TWO-WAY,DIVIDED,POSITIVE MEDIAN BARRIER;DAYLIGHT;CLEAR;0;0;;NO CONTROL PRESENT;PASSENGER CAR;NONE;NONE;NONE;;2020-03-10T16:38:16-04:00;2020;No;No;3;16
10 FEET FROM LAURA DUNCAN RD;TWO-WAY,NOT DIVIDED;DAYLIGHT;RAIN;0;1;;STOP SIGN;PASSENGER CAR;PASSENGER CAR;NONE;NONE;;2020-03-10T13:17:08-04:00;2020;No;Yes;3;13
CARY;NONE;NONE;NONE;0;0;;;NONE;NONE;NONE;NONE;;2020-03-10T21:56:33-04:00;2020;No;No;3;21
122 FEET FROM NC 54 (CHAPEL HILL RD);TWO-WAY,NOT DIVIDED;DUSK;CLEAR;0;1;;NO CONTROL PRESENT;PASSENGER CAR;SPORT UTILITY;NONE;NONE;;2020-03-06T16:33:23-05:00;2020;No;Yes;3;16
CARY;TWO-WAY,DIVIDED,UNPROTECTED MEDIAN;DAYLIGHT;RAIN;0;0;;FLASHING STOP AND GO SIGNAL;SPORT UTILITY;PASSENGER CAR;NONE;NONE;;2020-03-10T13:11:30-04:00;2020;No;No;3;13
280 FEET FROM PVA 3200 GATEWAY CENTRE BLVD;TWO-WAY,NOT DIVIDED;DAYLIGHT;CLEAR;0;0;;NO CONTROL PRESENT;VAN;PASSENGER CAR;NONE;NONE;;2020-03-12T17:07:23-04:00;2020;No;No;3;17
246 FEET FROM P.V.A. 1731 WALNUT ST;NONE;DAYLIGHT;CLEAR;0;0;;NO CONTROL PRESENT;POLICE;SPORT UTILITY;NONE;NONE;;2020-03-12T13:55:31-04:00;2020;No;No;3;13
50 FEET FROM P.V.A. (2007 WALNUT ST);TWO-WAY,NOT DIVIDED;DAYLIGHT;CLOUDY;0;0;;NO CONTROL PRESENT;PASSENGER CAR;PASSENGER CAR;NONE;NONE;;2020-03-13T10:55:00-04:00;2020;No;No;3;10
CARY;NONE;NONE;NONE;0;0;;;PASSENGER CAR;NONE;NONE;NONE;;2020-03-13T14:03:33-04:00;2020;No;No;3;14
15 FEET FROM SR 1313 (WALNUT ST);TWO-WAY,DIVIDED,UNPROTECTED MEDIAN;DAYLIGHT;CLEAR;0;2;;NO CONTROL PRESENT;PASSENGER CAR;PASSENGER CAR;NONE;NONE;;2020-03-13T18:36:56-04:00;2020;No;Yes;3;18
20 FEET FROM SR1009 (TRYON RD);TWO-WAY,DIVIDED,UNPROTECTED MEDIAN;DARK - LIGHTED ROADWAY;CLEAR;0;0;;YIELD SIGN;PASSENGER CAR;PASSENGER CAR;NONE;NONE;;2020-03-16T06:34:26-04:00;2020;No;No;3;06
.50 MILES FROM US 1 HWY OFF RAMP;ONE-WAY,NOT DIVIDED;DAYLIGHT;CLEAR;0;0;;NO CONTROL PRESENT;PASSENGER CAR;PASSENGER CAR;NONE;NONE;;2020-03-18T17:15:38-04:00;2020;No;No;3;17
CARY;TWO-WAY,DIVIDED,UNPROTECTED MEDIAN;DAYLIGHT;CLEAR;0;0;;STOP SIGN;SPORT UTILITY;VAN;NONE;NONE;;2020-03-19T11:05:00-04:00;2020;No;No;3;11
200 FEET FROM PVA OF 885 WALNUT ST;TWO-WAY,NOT DIVIDED;DAYLIGHT;CLEAR;0;0;;NO CONTROL PRESENT;PICKUP;PASSENGER CAR;NONE;NONE;;2020-03-18T15:04:45-04:00;2020;No;No;3;15
300 FEET FROM P.V.A. (411 COLONADES WAY);ONE-WAY,NOT DIVIDED;DAYLIGHT;CLOUDY;0;0;;NO CONTROL PRESENT;SPORT UTILITY;PASSENGER CAR;NONE;NONE;;2020-03-19T14:50:33-04:00;2020;No;No;3;14
13 FEET FROM HYCLIFF RD;TWO-WAY,NOT DIVIDED;DAYLIGHT;CLEAR;0;0;;NO CONTROL PRESENT;PASSENGER CAR;NONE;NONE;NONE;;2020-03-18T09:06:30-04:00;2020;No;No;3;09
0 FEET FROM SR 1313 (WALNUT ST);TWO-WAY,NOT DIVIDED;DAYLIGHT;CLEAR;0;0;;STOP AND GO SIGNAL;PASSENGER CAR;PASSENGER CAR;NONE;NONE;;2020-03-19T08:38:12-04:00;2020;No;No;3;08
0 FEET FROM SR 3112 (NW CARY PKWY);TWO-WAY,DIVIDED,POSITIVE MEDIAN BARRIER;DAYLIGHT;CLOUDY;0;1;;NO CONTROL PRESENT;SPORT UTILITY;SPORT UTILITY;NONE;NONE;;2020-03-19T09:34:02-04:00;2020;No;Yes;3;09
150 FEET FROM SR 1650 (REEDY CREEK RD);TWO-WAY,NOT DIVIDED;DAYLIGHT;CLOUDY;0;2;;DOUBLE YELLOW LINE, NO PASSING ZONE;PASSENGER CAR;NONE;NONE;NONE;;2020-03-22T07:56:27-04:00;2020;No;Yes;3;07
CARY;TWO-WAY,NOT DIVIDED;DAYLIGHT;CLOUDY;0;0;;STOP SIGN;PASSENGER CAR;PASSENGER CAR;NONE;NONE;;2020-03-22T11:24:00-04:00;2020;No;No;3;11
200 FEET FROM NOTTINGHAM DR;TWO-WAY,NOT DIVIDED;DAYLIGHT;CLOUDY;0;0;;NO CONTROL PRESENT;PASSENGER CAR;PICKUP;NONE;NONE;;2020-03-25T11:27:00-04:00;2020;No;No;3;11
0 FEET FROM SR 1300 (KILDAIRE FARM RD);TWO-WAY,DIVIDED,UNPROTECTED MEDIAN;DAYLIGHT;CLEAR;0;1;;STOP AND GO SIGNAL;PASSENGER CAR;PASSENGER CAR;NONE;NONE;;2020-03-25T14:58:04-04:00;2020;No;Yes;3;14
200 FEET FROM SR 1009 TRYON RD;TWO-WAY,DIVIDED,UNPROTECTED MEDIAN;DARK - LIGHTED ROADWAY;CLEAR;0;0;;NO CONTROL PRESENT;SPORT UTILITY;PASSENGER CAR;NONE;NONE;;2020-03-26T22:49:00-04:00;2020;No;No;3;22
CARY;NONE;NONE;NONE;0;0;;;NONE;NONE;NONE;NONE;;2020-03-25T22:56:00-04:00;2020;No;No;3;22
250 FEET FROM 1001 N HARRISON AVE;TWO-WAY,NOT DIVIDED;DAYLIGHT;CLEAR;0;0;;NO CONTROL PRESENT;PASSENGER CAR;PASSENGER CAR;NONE;NONE;;2020-03-29T14:28:16-04:00;2020;No;No;3;14
190 FEET FROM P.V.A. NY PIZZA (831 BASS PRO;TWO-WAY,NOT DIVIDED;DAYLIGHT;CLEAR;0;0;;NO CONTROL PRESENT;PICKUP;PASSENGER CAR;NONE;NONE;;2020-03-03T10:25:00-05:00;2020;No;No;3;10
0 FEET FROM WESTON PKWY;TWO-WAY,DIVIDED,UNPROTECTED MEDIAN;DAYLIGHT;CLEAR;0;1;;STOP AND GO SIGNAL;PASSENGER CAR;PASSENGER CAR;NONE;NONE;;2020-03-09T14:38:14-04:00;2020;No;Yes;3;14
44 FEET FROM P.V.A CARYWOOD DR;TWO-WAY,NOT DIVIDED;DARK - LIGHTED ROADWAY;CLEAR;0;0;;NO CONTROL PRESENT;SPORT UTILITY;PASSENGER CAR;NONE;NONE;;2020-03-14T19:32:26-04:00;2020;No;No;3;19
50 FEET FROM SR1300 (KILDAIRE FARM RD);TWO-WAY,DIVIDED,UNPROTECTED MEDIAN;DAYLIGHT;CLEAR;0;0;;NO CONTROL PRESENT;PASSENGER CAR;SPORT UTILITY;NONE;NONE;;2020-03-29T14:43:51-04:00;2020;No;No;3;14
20 FEET FROM ST ANDREWS LN;TWO-WAY,NOT DIVIDED;DARK - LIGHTED ROADWAY;CLEAR;0;0;;NO CONTROL PRESENT;PASSENGER CAR;NONE;NONE;NONE;;2020-04-01T02:53:54-04:00;2020;No;No;4;02
250 FEET FROM PVA (2000 WALNUT ST);TWO-WAY,NOT DIVIDED;DAYLIGHT;CLEAR;0;0;;NO CONTROL PRESENT;NONE;PICKUP;NONE;NONE;;2020-04-02T14:53:48-04:00;2020;No;No;4;14
100 FEET FROM PVA OF 103 KEMWOOD DR;TWO-WAY,NOT DIVIDED;NONE;CLEAR;0;0;;NO CONTROL PRESENT;PASSENGER CAR;PASSENGER CAR;NONE;NONE;;2020-04-02T16:45:08-04:00;2020;No;No;4;16
0.1 MILES FROM YORK ST;TWO-WAY,NOT DIVIDED;DARK - ROADWAY NOT LIGHTED;CLEAR;0;0;;NO CONTROL PRESENT;PASSENGER CAR;PASSENGER CAR;NONE;NONE;;2020-04-06T16:39:42-04:00;2020;No;No;4;16
CARY;TWO-WAY,NOT DIVIDED;DAYLIGHT;CLEAR;0;0;;NO CONTROL PRESENT;SPORT UTILITY;SPORT UTILITY;PICKUP;NONE;;2020-04-09T17:32:06-04:00;2020;No;No;4;17
300 FEET FROM ARBORDALE CT;TWO-WAY,NOT DIVIDED;DAWN;RAIN;0;0;;NO CONTROL PRESENT;PASSENGER CAR;PASSENGER CAR;NONE;NONE;;2020-04-09T08:19:21-04:00;2020;No;No;4;08
0.31 MILES FROM BUCK JONES RD;TWO-WAY,NOT DIVIDED;DAYLIGHT;CLEAR;0;0;;NO CONTROL PRESENT;PASSENGER CAR;PASSENGER CAR;NONE;NONE;;2020-04-09T13:05:08-04:00;2020;No;No;4;13
258 FEET FROM 829 BASS PRO LN;TWO-WAY,NOT DIVIDED;DARK - LIGHTED ROADWAY;CLEAR;0;0;;NO CONTROL PRESENT;PASSENGER CAR;NONE;NONE;NONE;;2020-04-09T22:53:00-04:00;2020;No;No;4;22
448 FEET FROM P.V.A 301 CHESWICK PL;TWO-WAY,NOT DIVIDED;DAYLIGHT;CLEAR;0;0;;NO CONTROL PRESENT;PASSENGER CAR;PASSENGER CAR;NONE;NONE;;2020-04-08T08:58:00-04:00;2020;No;No;4;08
100 FEET FROM P.V.A. (425 EMISSARY DR);ONE-WAY,NOT DIVIDED;DAYLIGHT;CLEAR;0;0;;NO CONTROL PRESENT;SPORT UTILITY;PASSENGER CAR;NONE;NONE;;2020-04-11T20:51:08-04:00;2020;No;No;4;20
1 MILES FROM US 1;TWO-WAY,DIVIDED,POSITIVE MEDIAN BARRIER;DAYLIGHT;CLEAR;0;0;;NO CONTROL PRESENT;PASSENGER CAR;NONE;NONE;NONE;;2020-04-13T15:40:34-04:00;2020;No;No;4;15
0 FEET FROM SR 3081 (CHAPEL HILL RD);TWO-WAY,DIVIDED,UNPROTECTED MEDIAN;DAYLIGHT;CLEAR;0;1;;STOP AND GO SIGNAL;VAN;PASSENGER CAR;NONE;NONE;;2020-04-16T18:41:33-04:00;2020;No;Yes;4;18
.11 MILES FROM P.P. (309 N DIXON AV);TWO-WAY,NOT DIVIDED;DARK - LIGHTED ROADWAY;CLEAR;0;0;;NO CONTROL PRESENT;NONE;NONE;NONE;NONE;;2020-04-16T20:13:23-04:00;2020;No;No;4;20
150 FEET FROM SR 1613 (DAVIS DR);TWO-WAY,DIVIDED,UNPROTECTED MEDIAN;DARK - LIGHTED ROADWAY;CLEAR;0;0;;NO CONTROL PRESENT;SPORT UTILITY;NONE;NONE;NONE;;2020-04-17T21:02:21-04:00;2020;No;No;4;21
00 FEET FROM SR 1152 (HOLLY SPRINGS RD);TWO-WAY,NOT DIVIDED;DAYLIGHT;CLEAR;0;0;;STOP SIGN;SPORT UTILITY;SPORT UTILITY;NONE;NONE;;2020-04-17T18:23:48-04:00;2020;No;No;4;18
10 FEET FROM SR 1300 (KILDAIRE FARM RD);TWO-WAY,DIVIDED,UNPROTECTED MEDIAN;DAYLIGHT;CLOUDY;0;0;;STOP AND GO SIGNAL;SPORT UTILITY;PICKUP;NONE;NONE;;2020-04-20T10:49:00-04:00;2020;No;No;4;10
10 FEET FROM SR3014 MORRISVILLE CARPENTER;TWO-WAY,NOT DIVIDED;DAYLIGHT;RAIN;0;0;;STOP AND GO SIGNAL;PASSENGER CAR;PASSENGER CAR;NONE;NONE;;2020-04-20T14:08:36-04:00;2020;No;No;4;14
200 FEET FROM P.V.A (108 HIDDEN OAKS DR);TWO-WAY,NOT DIVIDED;NONE;CLEAR;0;0;;NO CONTROL PRESENT;NONE;SPORT UTILITY;NONE;NONE;;2020-04-18T07:45:28-04:00;2020;No;No;4;07
0.25 MILES FROM NC 54 (NW MAYNARD RD);TWO-WAY,DIVIDED,UNPROTECTED MEDIAN;DAYLIGHT;CLEAR;0;0;;NO CONTROL PRESENT;PASSENGER CAR;NONE;NONE;NONE;;2020-04-18T17:37:07-04:00;2020;No;No;4;17
0.13 MILES FROM SR 1624 (CARPENTER FIRE STATIO;TWO-WAY,DIVIDED,UNPROTECTED MEDIAN;DAYLIGHT;CLEAR;0;0;;NO CONTROL PRESENT;PASSENGER CAR;PASSENGER CAR;NONE;NONE;;2020-04-20T15:18:14-04:00;2020;No;No;4;15
0 FEET FROM SR1625 GREEN LEVEL CHURCH RD;TWO-WAY,NOT DIVIDED;DARK - LIGHTED ROADWAY;CLEAR;0;0;;STOP SIGN;PASSENGER CAR;SPORT UTILITY;NONE;NONE;;2020-04-24T22:28:00-04:00;2020;No;No;4;22
60 FEET FROM P.V.A. LOUBEN VALLEY COURT;TWO-WAY,NOT DIVIDED;DAYLIGHT;CLEAR;0;0;;NO CONTROL PRESENT;PASSENGER CAR;PASSENGER CAR;NONE;NONE;;2020-04-20T14:29:48-04:00;2020;No;No;4;14
400 FEET FROM SR1313 (WALNUT ST);NONE;NONE;NONE;0;0;;;NONE;NONE;NONE;NONE;;2020-04-17T14:35:39-04:00;2020;No;No;4;14
0 FEET FROM MAPLE AV;TWO-WAY,NOT DIVIDED;DARK - LIGHTED ROADWAY;CLEAR;0;0;;STOP SIGN;PASSENGER CAR;PICKUP;NONE;NONE;;2020-04-29T16:20:12-04:00;2020;No;No;4;16
400 FEET FROM P.V.A.(2031 WALNUT ST);TWO-WAY,NOT DIVIDED;DAYLIGHT;CLEAR;0;0;;NO CONTROL PRESENT;NONE;PASSENGER CAR;NONE;NONE;;2020-05-03T11:14:00-04:00;2020;No;No;5;11
0.17 MILES FROM SR 1009 (TRYON RD);TWO-WAY,DIVIDED,UNPROTECTED MEDIAN;DAYLIGHT;CLEAR;0;0;;STOP SIGN;PASSENGER CAR;PASSENGER CAR;NONE;NONE;;2020-05-02T19:30:45-04:00;2020;No;No;5;19
CARY;TWO-WAY,DIVIDED,POSITIVE MEDIAN BARRIER;DAYLIGHT;CLEAR;0;0;;STOP AND GO SIGNAL;PASSENGER CAR;SPORT UTILITY;NONE;NONE;;2020-05-04T09:53:15-04:00;2020;No;No;5;09
0 FEET FROM SR 1652 (N HARRISON AV);TWO-WAY,NOT DIVIDED;DAYLIGHT;CLEAR;0;0;;STOP AND GO SIGNAL;PASSENGER CAR;PASSENGER CAR;NONE;NONE;;2020-05-04T08:15:01-04:00;2020;No;No;5;08
0 FEET FROM SR 1313 (WALNUT ST);NONE;NONE;NONE;0;0;;;NONE;NONE;NONE;NONE;;2020-04-27T00:39:00-04:00;2020;No;No;4;00
50 FEET FROM PVA (1722 WALNUT ST);TWO-WAY,NOT DIVIDED;DARK - LIGHTED ROADWAY;CLEAR;0;0;;NO CONTROL PRESENT;PASSENGER CAR;PASSENGER CAR;NONE;NONE;;2020-05-07T00:21:00-04:00;2020;No;No;5;00
.1 MILES FROM P.V.A. OF 4900 SR 1387 (WEST L;TWO-WAY,NOT DIVIDED;DAYLIGHT;NONE;0;0;;NO CONTROL PRESENT;NONE;NONE;NONE;NONE;;2020-04-29T16:41:15-04:00;2020;No;No;4;16
10 FEET FROM THURSTON DR;TWO-WAY,NOT DIVIDED;DAYLIGHT;CLEAR;0;0;;STOP SIGN;PICKUP;PASSENGER CAR;NONE;NONE;;2020-05-08T10:38:00-04:00;2020;No;No;5;10
0 FEET FROM SR 3977 (SE CARY PKWY);TWO-WAY,DIVIDED,UNPROTECTED MEDIAN;DAYLIGHT;CLEAR;0;0;;STOP AND GO SIGNAL;SPORT UTILITY;PASSENGER CAR;NONE;NONE;;2020-05-08T13:46:40-04:00;2020;No;No;5;13
0 FEET FROM SR 1300 (KILDAIRE FARM RD);TWO-WAY,DIVIDED,UNPROTECTED MEDIAN;DAYLIGHT;CLEAR;0;1;;STOP AND GO SIGNAL;SPORT UTILITY;PASSENGER CAR;NONE;NONE;;2020-05-07T11:22:00-04:00;2020;No;Yes;5;11
100 FEET FROM P.V.A. (665 CARY TOWNE BLVD);TWO-WAY,NOT DIVIDED;DAYLIGHT;CLEAR;0;0;;NO CONTROL PRESENT;SPORT UTILITY;PICKUP;NONE;NONE;;2020-05-04T12:30:00-04:00;2020;No;No;5;12
100 FEET FROM P.V.A. 202 BYRUM ST;TWO-WAY,NOT DIVIDED;DUSK;CLEAR;0;0;LYING AND/OR ILLEGALLY IN ROADWAY;NO CONTROL PRESENT;PASSENGER CAR;NONE;NONE;NONE;;2020-05-10T00:38:00-04:00;2020;No;No;5;00
50 FEET FROM JAMES JACKSON AVE;TWO-WAY,NOT DIVIDED;DARK - LIGHTED ROADWAY;CLEAR;0;0;;NO CONTROL PRESENT;POLICE;NONE;NONE;NONE;;2020-05-14T04:58:00-04:00;2020;No;No;5;04
15 FEET FROM SR 3073 (NW MAYNARD RD);TWO-WAY,DIVIDED,POSITIVE MEDIAN BARRIER;DAYLIGHT;CLEAR;0;1;;NO CONTROL PRESENT;PASSENGER CAR;SPORT UTILITY;NONE;NONE;;2020-05-13T16:00:05-04:00;2020;No;Yes;5;16
0.11 MILES FROM P.V.A. (2430 WALNUT STREET);TWO-WAY,NOT DIVIDED;DAYLIGHT;CLEAR;0;0;;NO CONTROL PRESENT;PASSENGER CAR;PASSENGER CAR;NONE;NONE;;2020-05-14T16:41:37-04:00;2020;No;No;5;16