Location_Description;Road_Configuration;Light_Condition;Weather;Fatality;Injury;Contributing_Factor;Traffic_Control;Vehicle1;Vehicle2;Vehicle3;Vehicle4;Vehicle5;Crash_Date;year;Fatalities;Injuries;Month;Hour
20 FEET FROM MEETING ST;TWO-WAY,DIVIDED,POSITIVE MEDIAN BARRIER;DAYLIGHT;CLEAR;0;0;;NO CONTROL PRESENT;PASSENGER CAR;SPORT UTILITY;NONE;NONE;;2020-05-16T13:32:16-04:00;2020;No;No;5;13
NEAR .01 MILES W OF W SR1002 (AVIATION PKWY);TWO-WAY,DIVIDED,UNPROTECTED MEDIAN;DAYLIGHT;CLOUDY;0;0;;YIELD SIGN;SPORT UTILITY;PICKUP;NONE;NONE;;2020-05-18T14:11:42-04:00;2020;No;No;5;14
10 FEET FROM SR 1415 (NW MAYNARD RD);TWO-WAY,DIVIDED,UNPROTECTED MEDIAN;DAYLIGHT;RAIN;0;0;;NO CONTROL PRESENT;PASSENGER CAR;PASSENGER CAR;NONE;NONE;;2020-05-19T19:34:29-04:00;2020;No;No;5;19
20 FEET FROM P.V.A.OF 6000 VILLAGE CROSS WA;TWO-WAY,NOT DIVIDED;DAYLIGHT;CLOUDY;0;0;;NO CONTROL PRESENT;PASSENGER CAR;PASSENGER CAR;NONE;NONE;;2020-05-19T10:25:00-04:00;2020;No;No;5;10
0 FEET FROM SR 1415 (NE MAYNARD RD);NONE;DAYLIGHT;RAIN;0;0;;STOP AND GO SIGNAL;PASSENGER CAR;PICKUP;NONE;NONE;;2020-05-19T18:13:52-04:00;2020;No;No;5;18
0.1 MILES FROM P.V.A. (KILDAIRE FARM RD);ONE-WAY,NOT DIVIDED;DAYLIGHT;RAIN;0;0;;NO CONTROL PRESENT;SPORT UTILITY;PASSENGER CAR;NONE;NONE;;2020-05-20T12:38:00-04:00;2020;No;No;5;12
NEAR .01 MILES  OF NC 55 HWY;TWO-WAY,DIVIDED,UNPROTECTED MEDIAN;DAYLIGHT;RAIN;0;5;;STOP AND GO SIGNAL;SPORT UTILITY;PASSENGER CAR;NONE;NONE;;2020-05-19T12:32:00-04:00;2020;No;Yes;5;12
.1 MILES FROM US 1;ONE-WAY,NOT DIVIDED;DAYLIGHT;CLEAR;0;1;;STOP AND GO SIGNAL;PICKUP;PASSENGER CAR;NONE;NONE;;2020-05-23T11:41:00-04:00;2020;No;Yes;5;11
.1 MILES FROM P.V.A. OF 241 CROSSROADS BLVD;TWO-WAY,NOT DIVIDED;DAYLIGHT;CLEAR;0;0;;NO CONTROL PRESENT;SPORT UTILITY;PASSENGER CAR;NONE;NONE;;2020-05-23T17:28:54-04:00;2020;No;No;5;17
450 FEET FROM SR 3120 (MORRISVILLE PKWY);TWO-WAY,DIVIDED,UNPROTECTED MEDIAN;DAYLIGHT;CLEAR;0;0;;NO CONTROL PRESENT;PASSENGER CAR;SPORT UTILITY;NONE;NONE;;2020-05-24T12:32:00-04:00;2020;No;No;5;12
95 FEET FROM NC 55 HWY;TWO-WAY,NOT DIVIDED;DAYLIGHT;CLEAR;0;0;;NO CONTROL PRESENT;PASSENGER CAR;PASSENGER CAR;NONE;NONE;;2020-05-25T17:15:01-04:00;2020;No;No;5;17
100 FEET FROM PVA 150 WRENN DR;ONE-WAY,NOT DIVIDED;DAYLIGHT;CLOUDY;0;0;;NO CONTROL PRESENT;SINGLE UNIT TRUCK (2-AXLE- 6-TIRE);NONE;NONE;NONE;;2020-05-26T16:45:32-04:00;2020;No;No;5;16
50 FEET FROM SR-1300 KILDAIRE FARM RD;TWO-WAY,NOT DIVIDED;DARK - LIGHTED ROADWAY;CLEAR;0;0;;NO CONTROL PRESENT;PASSENGER CAR;NONE;NONE;NONE;;2020-05-26T23:12:00-04:00;2020;No;No;5;23
275 FEET FROM P.V.A. (1 QUALITY LN);TWO-WAY,NOT DIVIDED;DAYLIGHT;CLOUDY;0;0;;NO CONTROL PRESENT;NONE;SPORT UTILITY;NONE;NONE;;2020-05-27T17:26:28-04:00;2020;No;No;5;17
200 FEET FROM P.V.A. 2101 SR 1615;TWO-WAY,NOT DIVIDED;DAYLIGHT;CLOUDY;0;0;;NO CONTROL PRESENT;FIRETRUCK;NONE;NONE;NONE;;2020-05-28T14:41:52-04:00;2020;No;No;5;14
.06 MILES FROM SR 3977 (SW CARY PKWY);TWO-WAY,DIVIDED,POSITIVE MEDIAN BARRIER;DAYLIGHT;CLEAR;0;0;;STOP AND GO SIGNAL;PASSENGER CAR;PASSENGER CAR;NONE;NONE;;2020-05-26T14:58:02-04:00;2020;No;No;5;14
30 FEET FROM SR 1313 (WALNUT ST);TWO-WAY,DIVIDED,POSITIVE MEDIAN BARRIER;DAYLIGHT;CLOUDY;0;0;;STOP AND GO SIGNAL;SPORT UTILITY;VAN;NONE;NONE;;2020-05-28T19:31:22-04:00;2020;No;No;5;19
50 FEET FROM P.V.A. APPLEDOWN DR;TWO-WAY,NOT DIVIDED;DARK - ROADWAY NOT LIGHTED;CLEAR;0;0;;NO CONTROL PRESENT;SPORT UTILITY;SPORT UTILITY;NONE;NONE;;2020-05-29T21:40:24-04:00;2020;No;No;5;21
70 FEET FROM 1262 NW MAYNARD RD (PVA);TWO-WAY,NOT DIVIDED;DAYLIGHT;CLOUDY;0;0;;NO CONTROL PRESENT;SPORT UTILITY;PASSENGER CAR;NONE;NONE;;2020-05-29T19:14:34-04:00;2020;No;No;5;19
100 FEET FROM P.V.A. (1904 NW MAYNARD RD);TWO-WAY,NOT DIVIDED;DAYLIGHT;CLEAR;0;0;;NO CONTROL PRESENT;PASSENGER CAR;PASSENGER CAR;NONE;NONE;;2020-05-29T18:43:04-04:00;2020;No;No;5;18
1 MILES FROM P.V.A. 1979 HIGH HOUSE RD;TWO-WAY,NOT DIVIDED;DAYLIGHT;CLEAR;0;0;;NO CONTROL PRESENT;PASSENGER CAR;PASSENGER CAR;NONE;NONE;;2020-05-31T23:19:00-04:00;2020;No;No;5;23
.15 MILES FROM RIVERWALK CIR;TWO-WAY,NOT DIVIDED;DARK - LIGHTED ROADWAY;CLEAR;0;0;;NO CONTROL PRESENT;PASSENGER CAR;PASSENGER CAR;NONE;NONE;;2020-06-01T11:56:00-04:00;2020;No;No;6;11
100 FEET FROM SR 1615 (HIGH HOUSE RD);TWO-WAY,DIVIDED,UNPROTECTED MEDIAN;DAYLIGHT;CLEAR;0;0;;STOP AND GO SIGNAL;PASSENGER CAR;PICKUP;NONE;NONE;;2020-06-02T17:22:43-04:00;2020;No;No;6;17
CARY;TWO-WAY,NOT DIVIDED;DAYLIGHT;CLEAR;0;0;;NO CONTROL PRESENT;PASSENGER CAR;PASSENGER CAR;NONE;NONE;;2020-06-02T19:09:37-04:00;2020;No;No;6;19
CARY;TWO-WAY,NOT DIVIDED;DAYLIGHT;CLEAR;0;0;;STOP AND GO SIGNAL;PICKUP;SPORT UTILITY;NONE;NONE;;2020-06-03T08:13:51-04:00;2020;No;No;6;08
1 MILES FROM US 1 N;TWO-WAY,DIVIDED,POSITIVE MEDIAN BARRIER;DAYLIGHT;CLEAR;0;0;;NO CONTROL PRESENT;PASSENGER CAR;NONE;NONE;NONE;;2020-06-03T07:28:53-04:00;2020;No;No;6;07
300 FEET FROM P.V.A. 1611 WALNUT ST;TWO-WAY,NOT DIVIDED;DAYLIGHT;CLOUDY;0;0;;NO CONTROL PRESENT;PICKUP;NONE;NONE;NONE;;2020-06-05T11:46:00-04:00;2020;No;No;6;11
CARY;TWO-WAY,DIVIDED,UNPROTECTED MEDIAN;DAYLIGHT;CLEAR;0;0;;STOP SIGN;PASSENGER CAR;PASSENGER CAR;NONE;NONE;;2020-06-05T08:39:53-04:00;2020;No;No;6;08
.1 MILES FROM SR3112 (SE CARY PKWY);TWO-WAY,DIVIDED,POSITIVE MEDIAN BARRIER;DAYLIGHT;CLEAR;0;0;;NO CONTROL PRESENT;PASSENGER CAR;NONE;NONE;NONE;;2020-06-05T08:12:20-04:00;2020;No;No;6;08
.2 MILES FROM P.V.A. 1297 BUCK JONES RD;TWO-WAY,NOT DIVIDED;DAYLIGHT;CLOUDY;0;0;;NO CONTROL PRESENT;PASSENGER CAR;PASSENGER CAR;NONE;NONE;;2020-06-05T13:33:23-04:00;2020;No;No;6;13
100 FEET FROM PVA 101 REED RD;TWO-WAY,NOT DIVIDED;DARK - LIGHTED ROADWAY;CLEAR;0;0;;NO CONTROL PRESENT;VAN;SPORT UTILITY;NONE;NONE;;2020-06-07T00:02:00-04:00;2020;No;No;6;00
.25 MILES FROM SR 1415 (SE MAYNARD RD);TWO-WAY,DIVIDED,UNPROTECTED MEDIAN;DAYLIGHT;CLEAR;0;3;;NO CONTROL PRESENT;PASSENGER CAR;NONE;NONE;NONE;;2020-06-08T22:22:00-04:00;2020;No;Yes;6;22
107 FEET FROM BELL ARBOR CT;TWO-WAY,NOT DIVIDED;DAYLIGHT;CLEAR;0;0;;NO CONTROL PRESENT;LIGHT TRUCK (MINI-VAN- PANEL);PASSENGER CAR;NONE;NONE;;2020-06-09T19:32:29-04:00;2020;No;No;6;19
CARY;TWO-WAY,DIVIDED,UNPROTECTED MEDIAN;DAYLIGHT;RAIN;0;1;;STOP AND GO SIGNAL;PASSENGER CAR;PASSENGER CAR;NONE;NONE;;2020-06-05T11:06:00-04:00;2020;No;Yes;6;11
10 FEET FROM CROSSROADS BLVD;TWO-WAY,DIVIDED,UNPROTECTED MEDIAN;DAYLIGHT;CLEAR;0;0;;STOP AND GO SIGNAL;PASSENGER CAR;PASSENGER CAR;NONE;NONE;;2020-06-09T15:41:13-04:00;2020;No;No;6;15
CARY;NONE;NONE;NONE;0;0;;;NONE;NONE;NONE;NONE;;2020-05-29T00:10:00-04:00;2020;No;No;5;00
320 FEET FROM CAITBOO AVE;TWO-WAY,NOT DIVIDED;DAYLIGHT;CLEAR;0;0;;STOP SIGN;PASSENGER CAR;VAN;NONE;NONE;;2020-06-13T15:56:16-04:00;2020;No;No;6;15
0 FEET FROM S.R. 1009 (TRYON RD);TWO-WAY,DIVIDED,POSITIVE MEDIAN BARRIER;DAYLIGHT;CLEAR;0;0;;STOP AND GO SIGNAL;PASSENGER CAR;PASSENGER CAR;PASSENGER CAR;NONE;;2020-06-14T12:31:00-04:00;2020;No;No;6;12
CARY;TWO-WAY,DIVIDED,UNPROTECTED MEDIAN;DAYLIGHT;CLEAR;0;5;;STOP AND GO SIGNAL;PASSENGER CAR;PASSENGER CAR;NONE;NONE;;2020-06-14T16:50:28-04:00;2020;No;Yes;6;16
150 FEET FROM P.V.A. (1315 KILDAIRE FARM RD);NONE;NONE;NONE;0;0;;;NONE;NONE;NONE;NONE;;2020-06-06T17:26:36-04:00;2020;No;No;6;17
.15 MILES FROM ARBORDALE CT;TWO-WAY,NOT DIVIDED;DAYLIGHT;RAIN;0;0;;NO CONTROL PRESENT;PASSENGER CAR;PASSENGER CAR;NONE;NONE;;2020-06-15T10:57:00-04:00;2020;No;No;6;10
.6 MILES FROM SR 1002 (AVIATION PKWY);TWO-WAY,DIVIDED,POSITIVE MEDIAN BARRIER;DAYLIGHT;RAIN;0;1;;NO CONTROL PRESENT;SPORT UTILITY;SPORT UTILITY;NONE;NONE;;2020-06-15T12:47:00-04:00;2020;No;Yes;6;12
0.27 MILES FROM SR 3977 (SW CARY PKWY);TWO-WAY,DIVIDED,UNPROTECTED MEDIAN;DAYLIGHT;RAIN;0;0;COMING FROM BEHIND PARKED VEHICLE;NO CONTROL PRESENT;PASSENGER CAR;NONE;NONE;NONE;;2020-06-16T08:29:35-04:00;2020;No;No;6;08
CARY;TWO-WAY,NOT DIVIDED;DAYLIGHT;CLEAR;0;0;;STOP AND GO SIGNAL;SPORT UTILITY;PASSENGER CAR;NONE;NONE;;2020-06-18T13:15:03-04:00;2020;No;No;6;13
75 FEET FROM S.R.1307(W CHATHAM ST);TWO-WAY,DIVIDED,UNPROTECTED MEDIAN;DAYLIGHT;CLOUDY;0;0;;NO CONTROL PRESENT;PASSENGER CAR;PASSENGER CAR;NONE;NONE;;2020-06-19T16:43:11-04:00;2020;No;No;6;16
200 FEET FROM P.V.A. 1815 WALNUT ST;ONE-WAY,NOT DIVIDED;DAYLIGHT;CLEAR;0;0;;NO CONTROL PRESENT;PICKUP;PASSENGER CAR;NONE;NONE;;2020-06-18T14:20:11-04:00;2020;No;No;6;14
430 FEET FROM SR 1613 (DAVIS DR);TWO-WAY,DIVIDED,UNPROTECTED MEDIAN;DAYLIGHT;CLEAR;0;0;;STOP AND GO SIGNAL;PASSENGER CAR;VAN;PASSENGER CAR;NONE;;2020-06-20T18:20:17-04:00;2020;No;No;6;18
231 FEET FROM P.V.A. (107 EDINBURGH S DR);TWO-WAY,NOT DIVIDED;DAYLIGHT;CLEAR;0;0;;NO CONTROL PRESENT;PASSENGER CAR;SPORT UTILITY;NONE;NONE;;2020-06-20T19:38:08-04:00;2020;No;No;6;19
1 MILES FROM US 1 EXIT 98 RAMP SB;ONE-WAY,NOT DIVIDED;DAYLIGHT;CLEAR;0;0;;STOP AND GO SIGNAL;PASSENGER CAR;PASSENGER CAR;NONE;NONE;;2020-06-22T08:43:29-04:00;2020;No;No;6;08
CARY;TWO-WAY,NOT DIVIDED;DAYLIGHT;CLEAR;0;1;;STOP AND GO SIGNAL;PASSENGER CAR;NONE;NONE;NONE;;2020-06-23T08:56:12-04:00;2020;No;Yes;6;08
CARY;TWO-WAY,NOT DIVIDED;DAWN;RAIN;0;0;;STOP AND GO SIGNAL;PASSENGER CAR;VAN;NONE;NONE;;2020-06-19T19:43:42-04:00;2020;No;No;6;19
1.6 MILES FROM US 1 HWY NB;ONE-WAY,NOT DIVIDED;DAYLIGHT;CLEAR;0;0;;NO CONTROL PRESENT;PICKUP;SPORT UTILITY;NONE;NONE;;2020-06-26T16:27:18-04:00;2020;No;No;6;16
100 FEET FROM PVA OF 270 GRANDE HEIGHTS DR;TWO-WAY,NOT DIVIDED;DAYLIGHT;CLEAR;0;0;;NO CONTROL PRESENT;PASSENGER CAR;PASSENGER CAR;NONE;NONE;;2020-06-26T17:16:22-04:00;2020;No;No;6;17
171 FEET FROM CROSSROADS BLVD;TWO-WAY,DIVIDED,POSITIVE MEDIAN BARRIER;DAYLIGHT;CLEAR;0;0;;NO CONTROL PRESENT;SPORT UTILITY;SPORT UTILITY;NONE;NONE;;2020-06-25T17:31:59-04:00;2020;No;No;6;17
CARY;TWO-WAY,NOT DIVIDED;DAYLIGHT;CLEAR;0;0;;NO CONTROL PRESENT;PICKUP;PASSENGER CAR;NONE;NONE;;2020-06-26T15:32:47-04:00;2020;No;No;6;15
470 FEET FROM SR3112 (NW CARY PKWY);TWO-WAY,DIVIDED,UNPROTECTED MEDIAN;DARK - LIGHTED ROADWAY;CLEAR;0;0;;NO CONTROL PRESENT;PASSENGER CAR;NONE;NONE;NONE;;2020-06-30T00:59:00-04:00;2020;No;No;6;00
314 FEET FROM P.V.A. (973 N HARRISON AV);TWO-WAY,NOT DIVIDED;DAYLIGHT;CLEAR;0;0;;NO CONTROL PRESENT;NONE;PASSENGER CAR;NONE;NONE;;2020-06-29T20:31:40-04:00;2020;No;No;6;20
150 FEET FROM SR1300 (KILDAIRE FARM RD);TWO-WAY,NOT DIVIDED;DAYLIGHT;CLEAR;0;0;;NO CONTROL PRESENT;SPORT UTILITY;PASSENGER CAR;NONE;NONE;;2020-06-29T17:17:36-04:00;2020;No;No;6;17
10 FEET FROM MEETING ST;TWO-WAY,DIVIDED,UNPROTECTED MEDIAN;DAYLIGHT;CLEAR;0;0;;STOP AND GO SIGNAL;PASSENGER CAR;PASSENGER CAR;NONE;NONE;;2020-06-28T16:31:23-04:00;2020;No;No;6;16
CARY;TWO-WAY,DIVIDED,UNPROTECTED MEDIAN;DAYLIGHT;CLEAR;0;2;;STOP AND GO SIGNAL;PASSENGER CAR;VAN;NONE;NONE;;2020-07-01T15:48:23-04:00;2020;No;Yes;7;15
CARY;TWO-WAY,DIVIDED,POSITIVE MEDIAN BARRIER;DAYLIGHT;CLEAR;0;0;;STOP AND GO SIGNAL;SPORT UTILITY;PASSENGER CAR;NONE;NONE;;2020-07-01T15:12:14-04:00;2020;No;No;7;15
50 FEET FROM SR-3081 CHAPEL HILL RD;TWO-WAY,DIVIDED,UNPROTECTED MEDIAN;DAYLIGHT;CLEAR;0;1;;NO CONTROL PRESENT;PASSENGER CAR;PASSENGER CAR;NONE;NONE;;2020-07-02T17:55:00-04:00;2020;No;Yes;7;17
CARY;TWO-WAY,DIVIDED,UNPROTECTED MEDIAN;DAYLIGHT;CLEAR;0;1;;NO CONTROL PRESENT;VAN;PASSENGER CAR;NONE;NONE;;2020-07-03T12:14:00-04:00;2020;No;Yes;7;12
320 FEET FROM PVA (1110 SE CARY PKWY);TWO-WAY,NOT DIVIDED;DAYLIGHT;CLEAR;0;0;;NO CONTROL PRESENT;PASSENGER CAR;SPORT UTILITY;NONE;NONE;;2020-07-02T14:02:52-04:00;2020;No;No;7;14
.27 MILES FROM NC54 (NW MAYNARD RD);TWO-WAY,DIVIDED,UNPROTECTED MEDIAN;DAYLIGHT;CLEAR;0;0;;NO CONTROL PRESENT;PASSENGER CAR;SPORT UTILITY;NONE;NONE;;2020-07-04T14:51:23-04:00;2020;No;No;7;14
0.2 MILES FROM US 1 HWY;TWO-WAY,DIVIDED,POSITIVE MEDIAN BARRIER;DAYLIGHT;CLEAR;0;1;;NO CONTROL PRESENT;PASSENGER CAR;PASSENGER CAR;NONE;NONE;;2020-07-03T19:30:50-04:00;2020;No;Yes;7;19
.2 MILES FROM US 1 HWY;TWO-WAY,DIVIDED,POSITIVE MEDIAN BARRIER;DAYLIGHT;RAIN;0;0;COMING FROM BEHIND PARKED VEHICLE;NO CONTROL PRESENT;SPORT UTILITY;NONE;NONE;NONE;;2020-07-05T15:46:57-04:00;2020;No;No;7;15
200 FEET FROM LAVER DR;TWO-WAY,NOT DIVIDED;DARK - ROADWAY NOT LIGHTED;CLEAR;0;0;;NO CONTROL PRESENT;PASSENGER CAR;NONE;NONE;NONE;;2020-07-04T17:48:26-04:00;2020;No;No;7;17
.35 MILES FROM BROOKS PARK LN;TWO-WAY,NOT DIVIDED;DARK - LIGHTED ROADWAY;CLEAR;0;0;;NO CONTROL PRESENT;SPORT UTILITY;NONE;NONE;NONE;;2020-07-04T23:53:00-04:00;2020;No;No;7;23
200 FEET FROM SR 1652 (N HARRISON AV);TWO-WAY,NOT DIVIDED;DAYLIGHT;CLEAR;0;0;;STOP AND GO SIGNAL;PASSENGER CAR;PICKUP;NONE;NONE;;2020-07-07T13:54:07-04:00;2020;No;No;7;13
CARY;TWO-WAY,DIVIDED,UNPROTECTED MEDIAN;DARK - ROADWAY NOT LIGHTED;CLOUDY;0;0;;NO CONTROL PRESENT;PASSENGER CAR;SPORT UTILITY;NONE;NONE;;2020-07-08T23:26:00-04:00;2020;No;No;7;23
77 FEET FROM P.V.A. (HIMALAYAN NEPALI CUIS);TWO-WAY,NOT DIVIDED;DAYLIGHT;CLEAR;0;0;;NO CONTROL PRESENT;SPORT UTILITY;PASSENGER CAR;NONE;NONE;;2020-07-09T16:38:14-04:00;2020;No;No;7;16
250 FEET FROM PVA (3025 WINSTON HILL DR);NONE;DAYLIGHT;CLEAR;0;0;;NO CONTROL PRESENT;SPORT UTILITY;SPORT UTILITY;NONE;NONE;;2020-07-10T13:22:03-04:00;2020;No;No;7;13
300 FEET FROM P.V.A 2031 WALNUT ST;TWO-WAY,NOT DIVIDED;DAYLIGHT;CLEAR;0;0;;NO CONTROL PRESENT;PICKUP;PASSENGER CAR;NONE;NONE;;2020-07-11T14:35:53-04:00;2020;No;No;7;14
10 FEET FROM US 1;TWO-WAY,DIVIDED,POSITIVE MEDIAN BARRIER;DAYLIGHT;CLEAR;0;0;;STOP AND GO SIGNAL;PASSENGER CAR;PASSENGER CAR;NONE;NONE;;2020-07-11T16:18:49-04:00;2020;No;No;7;16
400 FEET FROM US HWY 1 RAMP;ONE-WAY,NOT DIVIDED;DAYLIGHT;CLEAR;0;0;;STOP AND GO SIGNAL;PASSENGER CAR;PASSENGER CAR;NONE;NONE;;2020-07-11T13:28:22-04:00;2020;No;No;7;13
100 FEET FROM SR 1615 (HIGH HOUSE RD);TWO-WAY,NOT DIVIDED;DAYLIGHT;RAIN;0;0;;NO CONTROL PRESENT;PASSENGER CAR;PASSENGER CAR;NONE;NONE;;2020-07-09T16:43:17-04:00;2020;No;No;7;16
10 FEET FROM MAPLE AV;TWO-WAY,NOT DIVIDED;DAYLIGHT;CLEAR;0;0;;STOP SIGN;LIGHT TRUCK (MINI-VAN- PANEL);PASSENGER CAR;NONE;NONE;;2020-07-10T16:26:00-04:00;2020;No;No;7;16
370 FEET FROM P.V.A. (1731 WALNUT ST);TWO-WAY,NOT DIVIDED;DAYLIGHT;CLEAR;0;0;;NO CONTROL PRESENT;PASSENGER CAR;PASSENGER CAR;NONE;NONE;;2020-07-15T17:31:41-04:00;2020;No;No;7;17
.1 MILES FROM P.V.A. (1048 PARKSIDE MAIN ST);TWO-WAY,NOT DIVIDED;DAYLIGHT;CLEAR;0;0;;NO CONTROL PRESENT;NONE;SPORT UTILITY;NONE;NONE;;2020-07-15T19:56:48-04:00;2020;No;No;7;19
335 FEET FROM PVA 125 (EDINBURGH SOUTH DR);TWO-WAY,NOT DIVIDED;DAYLIGHT;CLEAR;0;0;;NO CONTROL PRESENT;PASSENGER CAR;SPORT UTILITY;NONE;NONE;;2020-07-17T10:49:00-04:00;2020;No;No;7;10
20 FEET FROM SR 1010 (TEN TEN RD);TWO-WAY,NOT DIVIDED;DAYLIGHT;CLOUDY;0;0;;NO CONTROL PRESENT;PASSENGER CAR;NONE;NONE;NONE;;2020-07-14T11:16:00-04:00;2020;No;No;7;11
0.10 MILES FROM P.V.A. (1920 NW MAYNARD RD);TWO-WAY,NOT DIVIDED;DAYLIGHT;CLEAR;0;0;;NO CONTROL PRESENT;NONE;PASSENGER CAR;NONE;NONE;;2020-07-10T17:10:02-04:00;2020;No;No;7;17
CARY;TWO-WAY,DIVIDED,UNPROTECTED MEDIAN;DAYLIGHT;CLEAR;0;0;;STOP AND GO SIGNAL;PASSENGER CAR;PASSENGER CAR;NONE;NONE;;2020-07-16T11:14:00-04:00;2020;No;No;7;11
86 FEET FROM US 1 OFF RAMP;ONE-WAY,NOT DIVIDED;DAYLIGHT;CLEAR;0;0;;STOP AND GO SIGNAL;SPORT UTILITY;SPORT UTILITY;NONE;NONE;;2020-07-22T15:01:23-04:00;2020;No;No;7;15
400 FEET FROM P.V.A. 2050 NW MAYNARD RD;NONE;NONE;NONE;0;0;;;NONE;NONE;NONE;NONE;;2020-07-17T08:56:44-04:00;2020;No;No;7;08
.1 MILES FROM US 1 HWY;ONE-WAY,NOT DIVIDED;DUSK;RAIN;0;0;;NO CONTROL PRESENT;PASSENGER CAR;NONE;NONE;NONE;;2020-07-23T19:26:54-04:00;2020;No;No;7;19
100 FEET FROM P.V.A. (3615 SW CARY PKWY);TWO-WAY,NOT DIVIDED;DAYLIGHT;RAIN;0;0;;NO CONTROL PRESENT;PASSENGER CAR;PASSENGER CAR;NONE;NONE;;2020-07-24T12:50:00-04:00;2020;No;No;7;12
100 FEET FROM P.V.A. (400 GALVESTON CT);ONE-WAY,NOT DIVIDED;DAYLIGHT;RAIN;0;0;;NO CONTROL PRESENT;PASSENGER CAR;PICKUP;NONE;NONE;;2020-07-24T11:57:00-04:00;2020;No;No;7;11
500 FEET FROM CARY PKWY (SR 3977);TWO-WAY,DIVIDED,POSITIVE MEDIAN BARRIER;DAYLIGHT;CLEAR;0;0;;STOP AND GO SIGNAL;PASSENGER CAR;PASSENGER CAR;NONE;NONE;;2020-07-24T13:18:08-04:00;2020;No;No;7;13
150 FEET FROM SR 1390 (OPTIMIST FARM RD);TWO-WAY,NOT DIVIDED;DAYLIGHT;CLEAR;0;0;;STOP SIGN;PASSENGER CAR;VAN;NONE;NONE;;2020-07-24T13:33:14-04:00;2020;No;No;7;13
.01 MILES FROM SR 3073 (NW MAYNARD RD);TWO-WAY,DIVIDED,UNPROTECTED MEDIAN;DAYLIGHT;CLEAR;0;0;;STOP AND GO SIGNAL;PICKUP;PASSENGER CAR;NONE;NONE;;2020-07-24T14:40:28-04:00;2020;No;No;7;14
30 FEET FROM SR 1605, GREEN LEVEL WEST;TWO-WAY,DIVIDED,POSITIVE MEDIAN BARRIER;DAYLIGHT;CLEAR;0;0;;NO CONTROL PRESENT;SPORT UTILITY;NONE;NONE;NONE;;2020-07-24T17:08:21-04:00;2020;No;No;7;17
55 FEET FROM SR 3081(CHAPEL HILL RD);TWO-WAY,NOT DIVIDED;DAYLIGHT;CLEAR;0;0;;NO CONTROL PRESENT;SPORT UTILITY;PICKUP;NONE;NONE;;2020-07-25T10:34:00-04:00;2020;No;No;7;10
454 FEET FROM P.V.A. (973 N HARRISON AV);TWO-WAY,NOT DIVIDED;DAYLIGHT;CLEAR;0;0;;NO CONTROL PRESENT;LIGHT TRUCK (MINI-VAN- PANEL);PASSENGER CAR;NONE;NONE;;2020-07-25T12:54:00-04:00;2020;No;No;7;12
36 FEET FROM SR1300 (KILDAIRE FARM RD);TWO-WAY,DIVIDED,UNPROTECTED MEDIAN;DARK - LIGHTED ROADWAY;CLOUDY;0;0;;NO CONTROL PRESENT;PASSENGER CAR;NONE;NONE;NONE;;2020-07-25T05:46:15-04:00;2020;No;No;7;05
150 FEET FROM 1030 PARKSIDE MAIN ST;TWO-WAY,NOT DIVIDED;DAYLIGHT;CLEAR;0;0;;NO CONTROL PRESENT;PASSENGER CAR;SPORT UTILITY;NONE;NONE;;2020-07-26T14:55:42-04:00;2020;No;No;7;14
CARY;TWO-WAY,DIVIDED,UNPROTECTED MEDIAN;DAYLIGHT;CLEAR;0;0;;FLASHING STOP AND GO SIGNAL;PICKUP;PICKUP;NONE;NONE;;2020-07-25T07:27:49-04:00;2020;No;No;7;07
CARY;TWO-WAY,DIVIDED,UNPROTECTED MEDIAN;DAYLIGHT;CLEAR;0;0;;STOP SIGN;PASSENGER CAR;PASSENGER CAR;NONE;NONE;;2020-07-27T10:42:00-04:00;2020;No;No;7;10
CARY;TWO-WAY,DIVIDED,UNPROTECTED MEDIAN;DAYLIGHT;CLEAR;0;0;;NO CONTROL PRESENT;PASSENGER CAR;PASSENGER CAR;NONE;NONE;;2020-07-27T15:30:25-04:00;2020;No;No;7;15
10 FEET FROM P.V.A. 421 E CHATHAM ST;TWO-WAY,NOT DIVIDED;DAYLIGHT;CLEAR;0;0;;NO CONTROL PRESENT;SPORT UTILITY;NONE;NONE;NONE;;2020-07-28T13:40:06-04:00;2020;No;No;7;13
.2 MILES FROM US 1 HWY;TWO-WAY,DIVIDED,POSITIVE MEDIAN BARRIER;DUSK;RAIN;0;1;;NO CONTROL PRESENT;VAN;NONE;NONE;NONE;;2020-07-28T20:00:55-04:00;2020;No;Yes;7;20
20 FEET FROM 1415 S.R. SE MAYNARD RD;TWO-WAY,NOT DIVIDED;DAYLIGHT;CLEAR;0;0;;YIELD SIGN;SPORT UTILITY;VAN;NONE;NONE;;2020-07-30T15:17:03-04:00;2020;No;No;7;15
.1 MILES FROM P.V.A. 1900 OLD REEDY CREEK RD;TWO-WAY,NOT DIVIDED;DAYLIGHT;CLEAR;0;0;;NO CONTROL PRESENT;NONE;NONE;NONE;NONE;;2020-07-31T12:10:00-04:00;2020;No;No;7;12
150 FEET FROM US1;TWO-WAY,DIVIDED,POSITIVE MEDIAN BARRIER;DAYLIGHT;CLEAR;0;0;DARTING;NO CONTROL PRESENT;PASSENGER CAR;NONE;NONE;NONE;;2020-08-01T12:40:00-04:00;2020;No;No;8;12
.11 MILES FROM P.V.A. (FOOD LION 900 SR 1415);TWO-WAY,NOT DIVIDED;DAYLIGHT;CLEAR;0;0;;NO CONTROL PRESENT;PASSENGER CAR;PASSENGER CAR;NONE;NONE;;2020-07-30T17:32:29-04:00;2020;No;No;7;17