Location_Description;Road_Configuration;Light_Condition;Weather;Fatality;Injury;Contributing_Factor;Traffic_Control;Vehicle1;Vehicle2;Vehicle3;Vehicle4;Vehicle5;Crash_Date;year;Fatalities;Injuries;Month;Hour
CARY;TWO-WAY,NOT DIVIDED;DAYLIGHT;CLEAR;0;2;;STOP AND GO SIGNAL;SPORT UTILITY;PASSENGER CAR;PASSENGER CAR;NONE;;2020-08-02T09:30:39-04:00;2020;No;Yes;8;09
135 FEET FROM P.V.A. 2810 NC 55 HWY;TWO-WAY,NOT DIVIDED;DAYLIGHT;CLEAR;0;0;;NO CONTROL PRESENT;PASSENGER CAR;PASSENGER CAR;NONE;NONE;;2020-08-01T11:29:00-04:00;2020;No;No;8;11
10 FEET FROM P.V.A. 100 MACALYSON CT;TWO-WAY,NOT DIVIDED;DAYLIGHT;CLEAR;0;0;;NO CONTROL PRESENT;NONE;NONE;NONE;NONE;;2020-08-03T08:00:02-04:00;2020;No;No;8;08
219 FEET FROM S.R. 1319 (JONES FRANKLIN RD);TWO-WAY,DIVIDED,UNPROTECTED MEDIAN;DAYLIGHT;CLOUDY;0;0;;NO CONTROL PRESENT;PASSENGER CAR;PASSENGER CAR;NONE;NONE;;2020-08-03T16:02:39-04:00;2020;No;No;8;16
0.37 MILES FROM S.R. 1315 (BUCK JONES RD);TWO-WAY,DIVIDED,POSITIVE MEDIAN BARRIER;DAYLIGHT;CLOUDY;0;1;;NO CONTROL PRESENT;PASSENGER CAR;PASSENGER CAR;NONE;NONE;;2020-08-03T15:05:23-04:00;2020;No;Yes;8;15
25 FEET FROM SR 1415 (SE MAYNARD RD);TWO-WAY,NOT DIVIDED;DAYLIGHT;CLOUDY;0;0;;STOP AND GO SIGNAL;PASSENGER CAR;SPORT UTILITY;NONE;NONE;;2020-07-22T11:44:00-04:00;2020;No;No;7;11
400 FEET FROM HWY 55;TWO-WAY,NOT DIVIDED;DAYLIGHT;CLOUDY;0;0;;NO CONTROL PRESENT;SPORT UTILITY;PASSENGER CAR;NONE;NONE;;2020-08-05T07:39:18-04:00;2020;No;No;8;07
240 FEET FROM ABERSON CT;TWO-WAY,NOT DIVIDED;DARK - LIGHTED ROADWAY;CLOUDY;0;0;;NO CONTROL PRESENT;SPORT UTILITY;PASSENGER CAR;NONE;NONE;;2020-08-05T21:10:02-04:00;2020;No;No;8;21
151 FEET FROM P.V.A 2810 NC 55 HWY;TWO-WAY,NOT DIVIDED;DAYLIGHT;CLOUDY;0;0;;NO CONTROL PRESENT;PICKUP;VAN;NONE;NONE;;2020-08-06T18:48:33-04:00;2020;No;No;8;18
450 FEET FROM SR1652 (N HARRISON AV);TWO-WAY,NOT DIVIDED;DAYLIGHT;CLEAR;0;0;;NO CONTROL PRESENT;PASSENGER CAR;PASSENGER CAR;NONE;NONE;;2020-08-05T18:32:25-04:00;2020;No;No;8;18
.11 MILES FROM SR 1613 (DAVIS DR);TWO-WAY,DIVIDED,UNPROTECTED MEDIAN;DAYLIGHT;CLEAR;1;0;;NO CONTROL PRESENT;PASSENGER CAR;NONE;NONE;NONE;;2020-08-05T11:50:00-04:00;2020;Yes;No;8;11
NEAR .25 MILES SW OF SW US 1;TWO-WAY,DIVIDED,POSITIVE MEDIAN BARRIER;DARK - ROADWAY NOT LIGHTED;CLEAR;0;0;DARTING;NO CONTROL PRESENT;PASSENGER CAR;NONE;NONE;NONE;;2020-08-07T05:33:20-04:00;2020;No;No;8;05
.3 MILES FROM PVA 2031 WALNUT ST (HOME DEPOT;TWO-WAY,NOT DIVIDED;DAYLIGHT;CLEAR;0;0;;NO CONTROL PRESENT;PICKUP;PASSENGER CAR;NONE;NONE;;2020-08-09T20:06:18-04:00;2020;No;No;8;20
.5 MILES FROM US1;NONE;NONE;NONE;0;0;;;NONE;NONE;NONE;NONE;;2020-06-27T00:00:00-04:00;2020;No;No;6;00
365 FEET FROM P.V.A. 3036 SR 1435 (OLD RALEI;TWO-WAY,NOT DIVIDED;DAYLIGHT;CLEAR;0;0;;NO CONTROL PRESENT;SPORT UTILITY;SPORT UTILITY;NONE;NONE;;2020-08-10T16:35:09-04:00;2020;No;No;8;16
50 FEET FROM SR 1652 (N HARRISON AV);TWO-WAY,DIVIDED,UNPROTECTED MEDIAN;DAYLIGHT;CLEAR;0;2;;STOP AND GO SIGNAL;SPORT UTILITY;SPORT UTILITY;PASSENGER CAR;NONE;;2020-08-10T09:22:39-04:00;2020;No;Yes;8;09
CARY;TWO-WAY,DIVIDED,UNPROTECTED MEDIAN;DAYLIGHT;CLEAR;0;0;;STOP AND GO SIGNAL;PASSENGER CAR;PASSENGER CAR;NONE;NONE;;2020-08-12T13:56:12-04:00;2020;No;No;8;13
0.09 MILES FROM PVA (6560 TRYON ROAD);TWO-WAY,NOT DIVIDED;DAYLIGHT;CLEAR;0;0;;NO CONTROL PRESENT;SPORT UTILITY;PASSENGER CAR;NONE;NONE;;2020-08-13T09:40:54-04:00;2020;No;No;8;09
100 FEET FROM PVA (2021 WALNUT ST);NONE;DAYLIGHT;CLEAR;0;0;;NO CONTROL PRESENT;PASSENGER CAR;PASSENGER CAR;NONE;NONE;;2020-08-06T08:46:11-04:00;2020;No;No;8;08
262 FEET FROM DUNDALK WAY;TWO-WAY,NOT DIVIDED;DAYLIGHT;CLEAR;0;0;;NO CONTROL PRESENT;PASSENGER CAR;SPORT UTILITY;NONE;NONE;;2020-08-13T18:20:53-04:00;2020;No;No;8;18
20 FEET FROM NC 55;TWO-WAY,DIVIDED,UNPROTECTED MEDIAN;DAYLIGHT;CLEAR;0;1;;NO CONTROL PRESENT;SPORT UTILITY;PASSENGER CAR;PASSENGER CAR;NONE;;2020-08-10T14:56:24-04:00;2020;No;Yes;8;14
10 FEET FROM SR3081 (CHAPEL HILL RD);TWO-WAY,NOT DIVIDED;DAYLIGHT;CLEAR;0;0;;NO CONTROL PRESENT;PASSENGER CAR;NONE;NONE;NONE;;2020-08-16T19:11:42-04:00;2020;No;No;8;19
.11 MILES FROM NOTTINGHAM DR;TWO-WAY,NOT DIVIDED;DAYLIGHT;CLEAR;0;0;;STOP SIGN;PASSENGER CAR;PASSENGER CAR;NONE;NONE;;2020-08-16T13:01:38-04:00;2020;No;No;8;13
CARY;TWO-WAY,NOT DIVIDED;DAYLIGHT;CLEAR;0;0;;STOP AND GO SIGNAL;VAN;SPORT UTILITY;NONE;NONE;;2020-08-19T17:51:11-04:00;2020;No;No;8;17
10 FEET FROM FAIRFAX LANE;TWO-WAY,NOT DIVIDED;DARK - LIGHTED ROADWAY;CLEAR;0;0;;NO CONTROL PRESENT;PASSENGER CAR;NONE;NONE;NONE;;2020-08-19T22:45:00-04:00;2020;No;No;8;22
5 FEET FROM SR 1415 (NW MAYNARD RD);TWO-WAY,DIVIDED,UNPROTECTED MEDIAN;DAYLIGHT;CLEAR;0;0;;NO CONTROL PRESENT;PASSENGER CAR;PASSENGER CAR;NONE;NONE;;2020-08-19T17:26:25-04:00;2020;No;No;8;17
25 FEET FROM SR5808 (E CHATHAM ST);TWO-WAY,NOT DIVIDED;DAYLIGHT;CLEAR;0;0;;NO CONTROL PRESENT;PASSENGER CAR;PASSENGER CAR;NONE;NONE;;2020-08-20T18:57:42-04:00;2020;No;No;8;18
CARY;TWO-WAY,DIVIDED,UNPROTECTED MEDIAN;DAYLIGHT;CLEAR;0;0;;STOP AND GO SIGNAL;SPORT UTILITY;PASSENGER CAR;NONE;NONE;;2020-08-21T14:01:19-04:00;2020;No;No;8;14
0 FEET FROM SR 1300 (KILDAIRE FARM RD);TWO-WAY,DIVIDED,POSITIVE MEDIAN BARRIER;DAYLIGHT;CLEAR;0;0;;STOP AND GO SIGNAL;PASSENGER CAR;NONE;NONE;NONE;;2020-08-20T15:23:33-04:00;2020;No;No;8;15
.12 MILES FROM SR 3977 (SE CARY PKWY);TWO-WAY,NOT DIVIDED;DAYLIGHT;CLEAR;0;0;;STOP AND GO SIGNAL;PASSENGER CAR;PASSENGER CAR;NONE;NONE;;2020-08-18T13:05:07-04:00;2020;No;No;8;13
200 FEET FROM P.V.A.(151 SE CARY PKWY);TWO-WAY,NOT DIVIDED;DAYLIGHT;CLEAR;0;0;;NO CONTROL PRESENT;PASSENGER CAR;PASSENGER CAR;NONE;NONE;;2020-08-22T14:37:32-04:00;2020;No;No;8;14
30 FEET FROM S.R. 1624 (CARPENTER FIRE STAT;TWO-WAY,DIVIDED,UNPROTECTED MEDIAN;DAYLIGHT;CLEAR;0;0;;NO CONTROL PRESENT;SPORT UTILITY;PASSENGER CAR;NONE;NONE;;2020-08-24T16:55:19-04:00;2020;No;No;8;16
50 FEET FROM P.V.A. OF 1809 WALNUT ST;TWO-WAY,NOT DIVIDED;DARK - ROADWAY NOT LIGHTED;CLEAR;0;0;;NO CONTROL PRESENT;NONE;SPORT UTILITY;NONE;NONE;;2020-08-24T21:39:16-04:00;2020;No;No;8;21
100 FEET FROM PVA (900 E CHATHAM ST);TWO-WAY,NOT DIVIDED;DAYLIGHT;CLOUDY;0;0;;NO CONTROL PRESENT;NONE;SPORT UTILITY;NONE;NONE;;2020-08-21T14:32:03-04:00;2020;No;No;8;14
.1 MILES FROM PVA 107 ARBOR WAY;TWO-WAY,NOT DIVIDED;DAYLIGHT;CLEAR;0;0;;NO CONTROL PRESENT;PASSENGER CAR;VAN;NONE;NONE;;2020-08-25T15:29:08-04:00;2020;No;No;8;15
50 FEET FROM SW CARY PKWY;TWO-WAY,DIVIDED,UNPROTECTED MEDIAN;DAYLIGHT;CLEAR;0;0;;STOP AND GO SIGNAL;SPORT UTILITY;PICKUP;NONE;NONE;;2020-08-26T13:01:35-04:00;2020;No;No;8;13
.1 MILES FROM US 1;ONE-WAY,NOT DIVIDED;DAYLIGHT;CLEAR;0;0;;NO CONTROL PRESENT;VAN;NONE;NONE;NONE;;2020-08-26T15:43:39-04:00;2020;No;No;8;15
100 FEET FROM PVA 3470 KILDAIRE FARM RD;ONE-WAY,NOT DIVIDED;DAYLIGHT;CLEAR;0;0;;NO CONTROL PRESENT;SPORT UTILITY;PASSENGER CAR;NONE;NONE;;2020-08-26T20:14:42-04:00;2020;No;No;8;20
100 FEET FROM P.V.A. (2900 REGENCY PKWY);TWO-WAY,NOT DIVIDED;DAYLIGHT;CLEAR;0;0;;NO CONTROL PRESENT;PASSENGER CAR;PASSENGER CAR;NONE;NONE;;2020-08-24T08:43:05-04:00;2020;No;No;8;08
0 FEET FROM CROSSROADS BLVD;TWO-WAY,DIVIDED,UNPROTECTED MEDIAN;DAYLIGHT;CLEAR;0;0;;STOP SIGN;PASSENGER CAR;SPORT UTILITY;NONE;NONE;;2020-08-27T16:08:42-04:00;2020;No;No;8;16
CARY;TWO-WAY,NOT DIVIDED;DARK - LIGHTED ROADWAY;CLEAR;0;0;;STOP AND GO SIGNAL;PASSENGER CAR;PASSENGER CAR;NONE;NONE;;2020-08-27T23:04:00-04:00;2020;No;No;8;23
0 FEET FROM SR 1615 (HIGH HOUSE RD);TWO-WAY,DIVIDED,UNPROTECTED MEDIAN;DAYLIGHT;CLEAR;0;1;;STOP AND GO SIGNAL;PASSENGER CAR;PASSENGER CAR;NONE;NONE;;2020-08-27T06:47:30-04:00;2020;No;Yes;8;06
40 FEET FROM SR 1652 (N HARRISON AV);TWO-WAY,NOT DIVIDED;DAYLIGHT;CLEAR;0;0;;STOP AND GO SIGNAL;PASSENGER CAR;PASSENGER CAR;NONE;NONE;;2020-08-28T07:44:47-04:00;2020;No;No;8;07
200 FEET FROM PRESTON VILLAGE WAY;TWO-WAY,NOT DIVIDED;DUSK;CLEAR;0;0;;NO CONTROL PRESENT;PASSENGER CAR;PASSENGER CAR;NONE;NONE;;2020-08-28T19:04:14-04:00;2020;No;No;8;19
75 FEET FROM MIDDLETON AVE;TWO-WAY,NOT DIVIDED;DARK - ROADWAY NOT LIGHTED;CLEAR;0;0;;STOP SIGN;PASSENGER CAR;PASSENGER CAR;NONE;NONE;;2020-08-29T21:05:51-04:00;2020;No;No;8;21
50 FEET FROM SR 5808 (E CHATHAM ST);TWO-WAY,DIVIDED,UNPROTECTED MEDIAN;DARK - LIGHTED ROADWAY;CLEAR;0;0;;STOP AND GO SIGNAL;PICKUP;SPORT UTILITY;NONE;NONE;;2020-08-30T20:30:08-04:00;2020;No;No;8;20
.20 MILES FROM KILDAIRE FARM RD ( SR 1300);TWO-WAY,DIVIDED,UNPROTECTED MEDIAN;DAYLIGHT;CLEAR;0;0;;STOP AND GO SIGNAL;PASSENGER CAR;PASSENGER CAR;NONE;NONE;;2020-08-31T11:15:00-04:00;2020;No;No;8;11
CARY;TWO-WAY,DIVIDED,UNPROTECTED MEDIAN;DARK - LIGHTED ROADWAY;RAIN;0;0;;NO CONTROL PRESENT;SPORT UTILITY;PASSENGER CAR;NONE;NONE;;2020-08-31T02:57:58-04:00;2020;No;No;8;02
CARY;TWO-WAY,DIVIDED,UNPROTECTED MEDIAN;DAYLIGHT;CLEAR;0;0;;STOP AND GO SIGNAL;PASSENGER CAR;SPORT UTILITY;NONE;NONE;;2020-09-01T12:59:00-04:00;2020;No;No;9;12
75 FEET FROM HIGH HOUSE RD;TWO-WAY,DIVIDED,UNPROTECTED MEDIAN;DAYLIGHT;CLOUDY;0;0;;STOP AND GO SIGNAL;VAN;PASSENGER CAR;NONE;NONE;;2020-09-01T15:35:36-04:00;2020;No;No;9;15
CARY;TWO-WAY,NOT DIVIDED;DAYLIGHT;CLEAR;0;0;;STOP AND GO SIGNAL;PASSENGER CAR;PICKUP;NONE;NONE;;2020-09-01T15:54:23-04:00;2020;No;No;9;15
280 FEET FROM REEDY CREEK RD;TWO-WAY,NOT DIVIDED;DAYLIGHT;CLEAR;0;0;;NO CONTROL PRESENT;PASSENGER CAR;TRUCK/TRAILER;NONE;NONE;;2020-09-01T14:30:18-04:00;2020;No;No;9;14
CARY;ONE-WAY,NOT DIVIDED;DAYLIGHT;CLEAR;0;0;;STOP AND GO SIGNAL;SPORT UTILITY;SPORT UTILITY;NONE;NONE;;2020-09-01T17:03:21-04:00;2020;No;No;9;17
0.6 MILES FROM US 1 HWY;TWO-WAY,DIVIDED,POSITIVE MEDIAN BARRIER;DAYLIGHT;CLEAR;0;1;;NO CONTROL PRESENT;PASSENGER CAR;PICKUP;NONE;NONE;;2020-09-03T08:19:15-04:00;2020;No;Yes;9;08
.1 MILES FROM PVA (6442 TRYON RD);TWO-WAY,NOT DIVIDED;DAYLIGHT;CLEAR;0;0;;NO CONTROL PRESENT;PICKUP;PASSENGER CAR;NONE;NONE;;2020-09-04T18:17:50-04:00;2020;No;No;9;18
.107 MILES FROM P.V.A. (2010 KILDAIRE FARM RD);TWO-WAY,NOT DIVIDED;DAYLIGHT;CLEAR;0;0;;NO CONTROL PRESENT;PASSENGER CAR;SPORT UTILITY;NONE;NONE;;2020-09-05T12:15:00-04:00;2020;No;No;9;12
.1 MILES FROM US 64 HWY;TWO-WAY,DIVIDED,UNPROTECTED MEDIAN;DAYLIGHT;CLEAR;0;0;;NO CONTROL PRESENT;SPORT UTILITY;SPORT UTILITY;NONE;NONE;;2020-09-05T16:55:33-04:00;2020;No;No;9;16
300 FEET FROM P.V.A. (1151 TRYON VILLAGE RD);TWO-WAY,NOT DIVIDED;DAYLIGHT;CLEAR;0;0;;NO CONTROL PRESENT;PASSENGER CAR;SPORT UTILITY;NONE;NONE;;2020-09-06T15:39:51-04:00;2020;No;No;9;15
70 FEET FROM PVA 4801 SW CARY PKWY;TWO-WAY,NOT DIVIDED;DAYLIGHT;CLEAR;0;0;;NO CONTROL PRESENT;PASSENGER CAR;PASSENGER CAR;NONE;NONE;;2020-09-07T09:58:23-04:00;2020;No;No;9;09
.15 MILES FROM GREENOCK AVE;TWO-WAY,NOT DIVIDED;DAYLIGHT;CLEAR;0;1;;NO CONTROL PRESENT;NONE;NONE;NONE;NONE;;2020-08-30T08:28:23-04:00;2020;No;Yes;8;08
0.2 MILES FROM P.V.A. 340 CROSSROADS BLVD;TWO-WAY,NOT DIVIDED;DAYLIGHT;CLEAR;0;0;;NO CONTROL PRESENT;PASSENGER CAR;PASSENGER CAR;NONE;NONE;;2020-09-08T15:58:07-04:00;2020;No;No;9;15
CARY;TWO-WAY,DIVIDED,UNPROTECTED MEDIAN;DARK - LIGHTED ROADWAY;CLEAR;0;0;;STOP AND GO SIGNAL;SPORT UTILITY;PASSENGER CAR;NONE;NONE;;2020-09-09T21:49:31-04:00;2020;No;No;9;21
.1 MILES FROM P.V.A. 2458 WALNUT ST;TWO-WAY,NOT DIVIDED;DAYLIGHT;CLEAR;0;0;;NO CONTROL PRESENT;SPORT UTILITY;SPORT UTILITY;NONE;NONE;;2020-09-10T15:37:32-04:00;2020;No;No;9;15
0.25 MILES FROM P.V.A. (6450 TRYON RD);TWO-WAY,NOT DIVIDED;DAYLIGHT;CLOUDY;0;0;;NO CONTROL PRESENT;PASSENGER CAR;PICKUP;NONE;NONE;;2020-09-11T15:55:41-04:00;2020;No;No;9;15
200 FEET FROM P.V.A (2750 NC HWY 55);TWO-WAY,NOT DIVIDED;DAYLIGHT;CLOUDY;0;0;;NO CONTROL PRESENT;PASSENGER CAR;SPORT UTILITY;NONE;NONE;;2020-09-12T10:27:00-04:00;2020;No;No;9;10
CARY;TWO-WAY,NOT DIVIDED;DAYLIGHT;CLEAR;0;0;;STOP AND GO SIGNAL;PASSENGER CAR;PASSENGER CAR;NONE;NONE;;2020-09-12T16:40:59-04:00;2020;No;No;9;16
35 FEET FROM SR 1600 (GREEN LEVEL CHURCH RD;TWO-WAY,DIVIDED,UNPROTECTED MEDIAN;DAYLIGHT;CLEAR;0;0;;NO CONTROL PRESENT;PASSENGER CAR;SPORT UTILITY;NONE;NONE;;2020-09-13T23:10:00-04:00;2020;No;No;9;23
80 FEET FROM WALNUT ST (SR 1313);TWO-WAY,DIVIDED,POSITIVE MEDIAN BARRIER;DAYLIGHT;CLEAR;0;0;;STOP AND GO SIGNAL;PASSENGER CAR;PASSENGER CAR;NONE;NONE;;2020-09-15T09:05:40-04:00;2020;No;No;9;09
CARY;TWO-WAY,NOT DIVIDED;DAYLIGHT;CLEAR;0;0;;STOP SIGN;PASSENGER CAR;SPORT UTILITY;NONE;NONE;;2020-09-15T13:46:11-04:00;2020;No;No;9;13
60 FEET FROM NC 55 HWY;TWO-WAY,NOT DIVIDED;DAYLIGHT;CLEAR;0;0;;NO CONTROL PRESENT;PICKUP;SPORT UTILITY;NONE;NONE;;2020-09-16T10:43:00-04:00;2020;No;No;9;10
100 FEET FROM SR-1652 N HARRISON AV;TWO-WAY,NOT DIVIDED;DAYLIGHT;CLEAR;0;0;;STOP AND GO SIGNAL;PASSENGER CAR;VAN;NONE;NONE;;2020-09-16T18:19:28-04:00;2020;No;No;9;18
15 FEET FROM SR 1625 (GREEN LVL CHURCH RD);TWO-WAY,DIVIDED,UNPROTECTED MEDIAN;DAYLIGHT;RAIN;0;0;COMING FROM BEHIND PARKED VEHICLE;STOP AND GO SIGNAL;SPORT UTILITY;PASSENGER CAR;NONE;NONE;;2020-09-17T16:54:03-04:00;2020;No;No;9;16
350 FEET FROM P.V.A. (1803 N HARRISON AV);ONE-WAY,NOT DIVIDED;DAYLIGHT;RAIN;0;0;;NO CONTROL PRESENT;PASSENGER CAR;NONE;NONE;NONE;;2020-09-18T10:24:00-04:00;2020;No;No;9;10
.1 MILES FROM PVA (6442 TRYON RD);NONE;NONE;NONE;0;0;;;PICKUP;NONE;NONE;NONE;;2020-09-18T22:41:00-04:00;2020;No;No;9;22
453 FEET FROM US HWY 64;TWO-WAY,DIVIDED,UNPROTECTED MEDIAN;DAYLIGHT;CLOUDY;0;0;;NO CONTROL PRESENT;SPORT UTILITY;PASSENGER CAR;NONE;NONE;;2020-09-18T14:01:53-04:00;2020;No;No;9;14
40 FEET FROM P.V.A. 1410 SR 1315 (BUCK JONE;TWO-WAY,DIVIDED,UNPROTECTED MEDIAN;DARK - LIGHTED ROADWAY;CLEAR;0;0;;NO CONTROL PRESENT;PASSENGER CAR;NONE;NONE;NONE;;2020-09-18T21:53:12-04:00;2020;No;No;9;21
.10 MILES FROM CAITBOO AV;TWO-WAY,DIVIDED,POSITIVE MEDIAN BARRIER;DAYLIGHT;CLEAR;0;0;;NO CONTROL PRESENT;PASSENGER CAR;PASSENGER CAR;NONE;NONE;;2020-09-19T15:19:44-04:00;2020;No;No;9;15
25 FEET FROM P.V.A. (2041 WALNUT ST);TWO-WAY,NOT DIVIDED;DAYLIGHT;CLEAR;0;0;;NO CONTROL PRESENT;PASSENGER CAR;PASSENGER CAR;NONE;NONE;;2020-09-20T14:13:49-04:00;2020;No;No;9;14
0 FEET FROM SR 5808 (E CHATHAM ST);TWO-WAY,NOT DIVIDED;DAYLIGHT;CLEAR;0;0;;STOP SIGN;PASSENGER CAR;PASSENGER CAR;NONE;NONE;;2020-09-20T11:34:00-04:00;2020;No;No;9;11
100 FEET FROM SR 1652 (N HARRISON AV);TWO-WAY,DIVIDED,UNPROTECTED MEDIAN;DAYLIGHT;CLEAR;0;0;;NO CONTROL PRESENT;PASSENGER CAR;SPORT UTILITY;NONE;NONE;;2020-09-23T07:59:21-04:00;2020;No;No;9;07
.50 MILES FROM CROSSROADS BLVD;TWO-WAY,DIVIDED,POSITIVE MEDIAN BARRIER;DAYLIGHT;CLEAR;0;3;;STOP AND GO SIGNAL;PASSENGER CAR;PASSENGER CAR;NONE;NONE;;2020-09-20T12:18:00-04:00;2020;No;Yes;9;12
.3 MILES FROM US 1 HWY S;TWO-WAY,DIVIDED,POSITIVE MEDIAN BARRIER;DARK - LIGHTED ROADWAY;CLEAR;0;0;;NO CONTROL PRESENT;SPORT UTILITY;NONE;NONE;NONE;;2020-09-18T19:13:50-04:00;2020;No;No;9;19
127 FEET FROM SR 1639 (KIT CREEK RD);TWO-WAY,NOT DIVIDED;DAYLIGHT;CLEAR;0;0;;RR GATE AND FLASHER;PICKUP;PASSENGER CAR;NONE;NONE;;2020-09-23T14:12:09-04:00;2020;No;No;9;14
.12 MILES FROM P.V.A OF 220 KILMAYNE DR;TWO-WAY,NOT DIVIDED;DAYLIGHT;CLEAR;0;0;;NO CONTROL PRESENT;PASSENGER CAR;SPORT UTILITY;NONE;NONE;;2020-09-23T15:21:55-04:00;2020;No;No;9;15
100 FEET FROM NC 55 HWY;TWO-WAY,NOT DIVIDED;DAYLIGHT;CLOUDY;0;0;;NO CONTROL PRESENT;PASSENGER CAR;SPORT UTILITY;NONE;NONE;;2020-09-24T14:09:48-04:00;2020;No;No;9;14
216 FEET FROM SR 1010 (TEN TEN RD);TWO-WAY,NOT DIVIDED;DARK - LIGHTED ROADWAY;RAIN;0;1;;NO CONTROL PRESENT;SPORT UTILITY;PICKUP;NONE;NONE;;2020-09-25T19:25:24-04:00;2020;No;Yes;9;19
200 FEET FROM PVA 301 N HARRISON AV;TWO-WAY,NOT DIVIDED;DARK - LIGHTED ROADWAY;CLEAR;0;0;;NO CONTROL PRESENT;SPORT UTILITY;PASSENGER CAR;NONE;NONE;;2020-09-26T22:08:00-04:00;2020;No;No;9;22
.10 MILES FROM CROSSROADS BLVD;TWO-WAY,DIVIDED,UNPROTECTED MEDIAN;DAYLIGHT;CLEAR;0;0;;STOP AND GO SIGNAL;PASSENGER CAR;PASSENGER CAR;NONE;NONE;;2020-09-27T17:44:36-04:00;2020;No;No;9;17
0 FEET FROM SR 1652 (N HARRISON AV);TWO-WAY,DIVIDED,UNPROTECTED MEDIAN;DARK - LIGHTED ROADWAY;RAIN;0;0;;NO CONTROL PRESENT;PASSENGER CAR;NONE;NONE;NONE;;2020-09-26T02:09:06-04:00;2020;No;No;9;02
00 FEET FROM SR 1497 (CARY TOWNE BLVD);TWO-WAY,DIVIDED,POSITIVE MEDIAN BARRIER;DARK - LIGHTED ROADWAY;RAIN;0;2;;STOP AND GO SIGNAL;PICKUP;PICKUP;NONE;NONE;;2020-09-26T23:22:00-04:00;2020;No;Yes;9;23
150 FEET FROM 311-G ASHVILLE AVE;TWO-WAY,NOT DIVIDED;DAYLIGHT;CLEAR;0;0;;NO CONTROL PRESENT;PASSENGER CAR;NONE;NONE;NONE;;2020-09-30T16:40:03-04:00;2020;No;No;9;16
100 FEET FROM SR 1300 (KILDAIRE FARM RD);TWO-WAY,DIVIDED,POSITIVE MEDIAN BARRIER;DARK - LIGHTED ROADWAY;CLEAR;0;0;;NO CONTROL PRESENT;SPORT UTILITY;PASSENGER CAR;NONE;NONE;;2020-09-30T22:32:00-04:00;2020;No;No;9;22
0 FEET FROM SR 3060 (MORRISVILLE PKWY);TWO-WAY,DIVIDED,UNPROTECTED MEDIAN;DAYLIGHT;CLEAR;0;3;;STOP AND GO SIGNAL;PASSENGER CAR;SPORT UTILITY;NONE;NONE;;2020-09-30T15:31:22-04:00;2020;No;Yes;9;15
.11 MILES FROM S. R. 1315 (BLUCK JONES RD);TWO-WAY,NOT DIVIDED;DARK - LIGHTED ROADWAY;CLEAR;0;0;;NO CONTROL PRESENT;SPORT UTILITY;NONE;NONE;NONE;;2020-10-04T23:43:00-04:00;2020;No;No;10;23
0 FEET FROM SR 1616 (OLD APEX RD);TWO-WAY,NOT DIVIDED;DAYLIGHT;CLEAR;0;1;;STOP AND GO SIGNAL;PASSENGER CAR;PASSENGER CAR;NONE;NONE;;2020-10-02T12:49:00-04:00;2020;No;Yes;10;12
0 FEET FROM SR 3081 (CHAPEL HILL RD);TWO-WAY,NOT DIVIDED;DAYLIGHT;CLEAR;0;0;;STOP AND GO SIGNAL;PASSENGER CAR;PASSENGER CAR;NONE;NONE;;2020-10-06T09:14:32-04:00;2020;No;No;10;09
CARY;ONE-WAY,NOT DIVIDED;DAYLIGHT;CLEAR;0;0;;NO CONTROL PRESENT;SPORT UTILITY;PASSENGER CAR;NONE;NONE;;2020-10-06T10:55:00-04:00;2020;No;No;10;10
.01 MILES FROM CHAPEL HILL RD;TWO-WAY,NOT DIVIDED;DAYLIGHT;CLEAR;0;0;;NO CONTROL PRESENT;PASSENGER CAR;PASSENGER CAR;NONE;NONE;;2020-10-06T14:50:49-04:00;2020;No;No;10;14
.2 MILES FROM US 1;TWO-WAY,DIVIDED,POSITIVE MEDIAN BARRIER;DAYLIGHT;CLEAR;1;0;;NO CONTROL PRESENT;SPORT UTILITY;PASSENGER CAR;PASSENGER CAR;NONE;;2020-10-01T08:57:04-04:00;2020;Yes;No;10;08
402 FEET FROM US 1 HWY;TWO-WAY,DIVIDED,POSITIVE MEDIAN BARRIER;DAYLIGHT;CLEAR;0;0;;NO CONTROL PRESENT;PICKUP;PICKUP;SPORT UTILITY;NONE;;2020-10-06T17:48:13-04:00;2020;No;No;10;17
CARY;TWO-WAY,NOT DIVIDED;DAWN;CLEAR;0;0;;STOP SIGN;SPORT UTILITY;SPORT UTILITY;NONE;NONE;;2020-10-09T06:55:49-04:00;2020;No;No;10;06
400 FEET FROM SR 5805 (E CHATHAM ST);TWO-WAY,NOT DIVIDED;DAYLIGHT;CLEAR;0;1;;NO CONTROL PRESENT;PASSENGER CAR;NONE;NONE;NONE;;2020-10-09T16:19:56-04:00;2020;No;Yes;10;16
.2 MILES FROM P.V.A. 2350 SR 1313 (WALNUT ST;TWO-WAY,NOT DIVIDED;DAYLIGHT;CLEAR;0;0;;NO CONTROL PRESENT;PASSENGER CAR;SPORT UTILITY;NONE;NONE;;2020-10-09T16:28:08-04:00;2020;No;No;10;16
300 FEET FROM US 1 HWY SB TERMINAL;ONE-WAY,NOT DIVIDED;DAYLIGHT;CLEAR;0;0;;STOP AND GO SIGNAL;PASSENGER CAR;PASSENGER CAR;NONE;NONE;;2020-10-10T08:56:11-04:00;2020;No;No;10;08