Location_Description;Road_Configuration;Light_Condition;Weather;Fatality;Injury;Contributing_Factor;Traffic_Control;Vehicle1;Vehicle2;Vehicle3;Vehicle4;Vehicle5;Crash_Date;year;Fatalities;Injuries;Month;Hour
50 FEET FROM SR 1615 (HIGH HOUSE RD);TWO-WAY,DIVIDED,UNPROTECTED MEDIAN;DAYLIGHT;CLEAR;0;0;;STOP AND GO SIGNAL;PASSENGER CAR;VAN;NONE;NONE;;2021-03-24T13:18:08-04:00;2021;No;No;3;13
50 FEET FROM P.V.A (BRADFORD VIEW DR);TWO-WAY,NOT DIVIDED;DAYLIGHT;CLEAR;0;0;;NO CONTROL PRESENT;PICKUP;PASSENGER CAR;NONE;NONE;;2021-03-14T13:00:13-04:00;2021;No;No;3;13
400 FEET FROM P.V.A. (1151 TRYON VILLAGE DR);TWO-WAY,NOT DIVIDED;DAYLIGHT;CLEAR;0;0;;STOP SIGN;PASSENGER CAR;PASSENGER CAR;NONE;NONE;;2021-03-25T15:03:25-04:00;2021;No;No;3;15
.10 MILES FROM PVA OF 575-102 NEW WAVERLY PL;TWO-WAY,NOT DIVIDED;DAYLIGHT;CLOUDY;0;0;;NO CONTROL PRESENT;PASSENGER CAR;PASSENGER CAR;NONE;NONE;;2021-03-25T13:07:15-04:00;2021;No;No;3;13
300 FEET FROM P.V.A.(RIBBON LN);TWO-WAY,NOT DIVIDED;DARK - LIGHTED ROADWAY;CLEAR;0;0;;NO CONTROL PRESENT;NONE;PASSENGER CAR;NONE;NONE;;2021-03-23T13:20:46-04:00;2021;No;No;3;13
98 FEET FROM P.V.A (1815 WALNUT ST);TWO-WAY,NOT DIVIDED;DAYLIGHT;CLEAR;0;0;;NO CONTROL PRESENT;SPORT UTILITY;PICKUP;NONE;NONE;;2021-03-26T20:40:15-04:00;2021;No;No;3;20
25 FEET FROM SR 1652 (N HARRISON AV);TWO-WAY,NOT DIVIDED;DAYLIGHT;CLOUDY;0;0;;NO CONTROL PRESENT;PASSENGER CAR;PASSENGER CAR;NONE;NONE;;2021-03-27T11:39:00-04:00;2021;No;No;3;11
.1 MILES FROM US 1 HWY;TWO-WAY,DIVIDED,UNPROTECTED MEDIAN;DAYLIGHT;CLOUDY;0;0;COMING FROM BEHIND PARKED VEHICLE;NO CONTROL PRESENT;PASSENGER CAR;NONE;NONE;NONE;;2021-03-27T18:27:25-04:00;2021;No;No;3;18
130 FEET FROM SR 3081 (CHAPEL HILL RD);TWO-WAY,DIVIDED,UNPROTECTED MEDIAN;DAYLIGHT;CLEAR;0;0;;NO CONTROL PRESENT;PICKUP;PASSENGER CAR;NONE;NONE;;2021-03-29T08:01:24-04:00;2021;No;No;3;08
100 FEET FROM P.V.A. 5717 DILLARD DR;TWO-WAY,NOT DIVIDED;DAYLIGHT;CLOUDY;0;2;;NO CONTROL PRESENT;PASSENGER CAR;PASSENGER CAR;NONE;NONE;;2021-03-28T16:30:39-04:00;2021;No;Yes;3;16
10 FEET FROM US 64 HWY;TWO-WAY,DIVIDED,UNPROTECTED MEDIAN;DAYLIGHT;CLEAR;0;0;;STOP AND GO SIGNAL;PASSENGER CAR;SPORT UTILITY;NONE;NONE;;2021-03-29T17:43:06-04:00;2021;No;No;3;17
10 FEET FROM NC 55 HWY;TWO-WAY,DIVIDED,UNPROTECTED MEDIAN;DARK - LIGHTED ROADWAY;CLEAR;0;0;;NO CONTROL PRESENT;PASSENGER CAR;NONE;NONE;NONE;;2021-03-27T04:03:09-04:00;2021;No;No;3;04
100 FEET FROM PVA OF 1979 HIGH HOUSE RD;TWO-WAY,NOT DIVIDED;DAYLIGHT;CLOUDY;0;0;;NO CONTROL PRESENT;SPORT UTILITY;PASSENGER CAR;NONE;NONE;;2021-03-31T19:23:09-04:00;2021;No;No;3;19
25 FEET FROM SR# 1415 (SE MAYNARD RD);TWO-WAY,NOT DIVIDED;DUSK;CLEAR;0;0;;STOP SIGN;SPORT UTILITY;SPORT UTILITY;NONE;NONE;;2021-03-30T18:57:34-04:00;2021;No;No;3;18
20 FEET FROM S ACADEMY ST;TWO-WAY,NOT DIVIDED;DAYLIGHT;RAIN;0;0;COMING FROM BEHIND PARKED VEHICLE;FLASHING STOP AND GO SIGNAL;TRUCK/TRAILER;SPORT UTILITY;NONE;NONE;;2021-03-31T13:42:58-04:00;2021;No;No;3;13
20 FEET FROM S ACADEMY ST;NONE;NONE;NONE;0;0;;;NONE;NONE;NONE;NONE;;2021-03-31T17:02:20-04:00;2021;No;No;3;17
.3 MILES FROM SR 3977 (SW CARY PKWY);TWO-WAY,DIVIDED,POSITIVE MEDIAN BARRIER;DAYLIGHT;CLEAR;0;0;;NO CONTROL PRESENT;PASSENGER CAR;NONE;NONE;NONE;;2021-04-02T20:42:47-04:00;2021;No;No;4;20
.5 MILES FROM SR1632 (LOUIS STEPHENS DR);TWO-WAY,NOT DIVIDED;DARK - ROADWAY NOT LIGHTED;CLEAR;0;0;;NO CONTROL PRESENT;PASSENGER CAR;NONE;NONE;NONE;;2021-04-03T04:28:26-04:00;2021;No;No;4;04
CARY;TWO-WAY,NOT DIVIDED;DAYLIGHT;CLEAR;0;0;;STOP AND GO SIGNAL;PASSENGER CAR;PASSENGER CAR;NONE;NONE;;2021-04-03T11:15:00-04:00;2021;No;No;4;11
.1 MILES FROM SR 1313 (WALNUT ST);TWO-WAY,DIVIDED,UNPROTECTED MEDIAN;DAYLIGHT;CLEAR;0;0;;NO CONTROL PRESENT;PASSENGER CAR;SPORT UTILITY;NONE;NONE;;2021-04-02T11:17:00-04:00;2021;No;No;4;11
.2 MILES FROM US-1 SB;TWO-WAY,DIVIDED,POSITIVE MEDIAN BARRIER;DAYLIGHT;CLEAR;0;0;;NO CONTROL PRESENT;PASSENGER CAR;SPORT UTILITY;NONE;NONE;;2021-04-02T08:23:36-04:00;2021;No;No;4;08
234 FEET FROM P.V.A. (423 CROSSROADS BLVD);TWO-WAY,NOT DIVIDED;DAYLIGHT;CLEAR;0;0;;NO CONTROL PRESENT;SPORT UTILITY;SPORT UTILITY;NONE;NONE;;2021-04-03T10:52:00-04:00;2021;No;No;4;10
CARY;TWO-WAY,DIVIDED,POSITIVE MEDIAN BARRIER;DAWN;CLEAR;0;0;;NO CONTROL PRESENT;PASSENGER CAR;NONE;NONE;NONE;;2021-04-02T06:43:50-04:00;2021;No;No;4;06
0 FEET FROM S.R. 3081 (CHAPEL HILL RD);TWO-WAY,NOT DIVIDED;DAYLIGHT;CLEAR;0;1;;NO CONTROL PRESENT;PASSENGER CAR;PASSENGER CAR;NONE;NONE;;2021-04-03T16:30:49-04:00;2021;No;Yes;4;16
400 FEET FROM US 1 EXIT 98 RAMP SB;ONE-WAY,NOT DIVIDED;DARK - ROADWAY NOT LIGHTED;CLEAR;0;0;;NO CONTROL PRESENT;PASSENGER CAR;NONE;NONE;NONE;;2021-04-05T09:47:29-04:00;2021;No;No;4;09
0.11 MILES FROM P.V.A. 8111-208 TRYON WOODS DR;TWO-WAY,NOT DIVIDED;DAYLIGHT;CLEAR;0;0;;NO CONTROL PRESENT;PASSENGER CAR;PASSENGER CAR;NONE;NONE;;2021-04-05T15:02:52-04:00;2021;No;No;4;15
50 FEET FROM S.R. 1415 (SE MAYNARD RD);TWO-WAY,NOT DIVIDED;DAYLIGHT;CLEAR;0;0;;NO CONTROL PRESENT;PASSENGER CAR;PASSENGER CAR;NONE;NONE;;2021-04-04T08:51:43-04:00;2021;No;No;4;08
CARY;TWO-WAY,DIVIDED,POSITIVE MEDIAN BARRIER;DARK - LIGHTED ROADWAY;CLEAR;0;0;;STOP AND GO SIGNAL;PASSENGER CAR;PASSENGER CAR;NONE;NONE;;2021-04-02T23:10:00-04:00;2021;No;No;4;23
CARY;TWO-WAY,NOT DIVIDED;DAYLIGHT;CLEAR;0;0;;STOP SIGN;PASSENGER CAR;PASSENGER CAR;NONE;NONE;;2021-04-03T16:54:14-04:00;2021;No;No;4;16
175 FEET FROM PAMLICO DR;TWO-WAY,NOT DIVIDED;DARK - ROADWAY NOT LIGHTED;CLEAR;0;0;;NO CONTROL PRESENT;VAN;PASSENGER CAR;NONE;NONE;;2021-04-04T02:51:14-04:00;2021;No;No;4;02
300 FEET FROM P.V.A (BROOKS PARK LANE);TWO-WAY,NOT DIVIDED;DARK - LIGHTED ROADWAY;CLEAR;0;0;;NO CONTROL PRESENT;PASSENGER CAR;PICKUP;NONE;NONE;;2021-04-04T02:56:27-04:00;2021;No;No;4;02
CARY;TWO-WAY,DIVIDED,UNPROTECTED MEDIAN;DARK - LIGHTED ROADWAY;CLEAR;0;1;;STOP AND GO SIGNAL;PASSENGER CAR;NONE;NONE;NONE;;2021-03-23T05:40:14-04:00;2021;No;Yes;3;05
.1 MILES FROM CROSSROADS BLVD;TWO-WAY,DIVIDED,UNPROTECTED MEDIAN;DAYLIGHT;CLEAR;0;0;;STOP SIGN;SPORT UTILITY;PASSENGER CAR;NONE;NONE;;2021-04-02T14:47:00-04:00;2021;No;No;4;14
CARY;TWO-WAY,NOT DIVIDED;DAYLIGHT;CLEAR;0;0;;STOP AND GO SIGNAL;PICKUP;SPORT UTILITY;NONE;NONE;;2021-03-31T07:58:22-04:00;2021;No;No;3;07
400 FEET FROM SR 1011 (E CHATHAM ST);TWO-WAY,NOT DIVIDED;DAYLIGHT;CLEAR;0;0;;NO CONTROL PRESENT;PICKUP;SINGLE UNIT TRUCK (2-AXLE- 6-TIRE);NONE;NONE;;2021-04-02T15:54:07-04:00;2021;No;No;4;15
100 FEET FROM ARVADA DR;TWO-WAY,NOT DIVIDED;DAYLIGHT;CLEAR;0;0;;NO CONTROL PRESENT;SPORT UTILITY;PICKUP;NONE;NONE;;2021-04-09T08:02:24-04:00;2021;No;No;4;08
250 FEET FROM NC 54 (NW MAYNARD RD);TWO-WAY,DIVIDED,UNPROTECTED MEDIAN;DAYLIGHT;CLEAR;0;0;;STOP AND GO SIGNAL;PASSENGER CAR;PICKUP;NONE;NONE;;2021-04-09T12:50:00-04:00;2021;No;No;4;12
400 FEET FROM US 64 HWY;TWO-WAY,DIVIDED,UNPROTECTED MEDIAN;DAYLIGHT;CLEAR;0;1;;STOP AND GO SIGNAL;PICKUP;SPORT UTILITY;NONE;NONE;;2021-04-08T15:58:10-04:00;2021;No;Yes;4;15
CARY;TWO-WAY,DIVIDED,UNPROTECTED MEDIAN;DAYLIGHT;CLEAR;0;0;;STOP AND GO SIGNAL;NONE;NONE;NONE;NONE;;2021-04-09T16:05:24-04:00;2021;No;No;4;16
183 FEET FROM P.V.A. UPS STORE (2474 SR 1313;TWO-WAY,NOT DIVIDED;DAYLIGHT;CLEAR;0;0;;NO CONTROL PRESENT;PASSENGER CAR;PASSENGER CAR;NONE;NONE;;2021-04-09T17:55:44-04:00;2021;No;No;4;17
0 FEET FROM US 64 HWY;TWO-WAY,DIVIDED,UNPROTECTED MEDIAN;DARK - ROADWAY NOT LIGHTED;CLEAR;0;0;;STOP AND GO SIGNAL;PASSENGER CAR;NONE;NONE;NONE;;2021-04-08T00:12:00-04:00;2021;No;No;4;00
0 FEET FROM SR 1415 (SE MAYNARD RD);TWO-WAY,NOT DIVIDED;DAYLIGHT;CLEAR;0;0;;STOP AND GO SIGNAL;SPORT UTILITY;PASSENGER CAR;NONE;NONE;;2021-04-09T17:17:26-04:00;2021;No;No;4;17
CARY;TWO-WAY,NOT DIVIDED;DAYLIGHT;CLEAR;0;0;FAILURE TO YIELD RIGHT OF WAY;STOP SIGN;NONE;PASSENGER CAR;NONE;NONE;;2021-04-06T17:00:46-04:00;2021;No;No;4;17
.74 MILES FROM US 1 HWY;TWO-WAY,DIVIDED,POSITIVE MEDIAN BARRIER;DAYLIGHT;CLEAR;0;0;;NO CONTROL PRESENT;PASSENGER CAR;PASSENGER CAR;NONE;NONE;;2021-04-13T17:42:54-04:00;2021;No;No;4;17
0.093 MILES FROM O`KELLY CHAPEL RD;TWO-WAY,DIVIDED,UNPROTECTED MEDIAN;DAYLIGHT;CLEAR;0;0;;NO CONTROL PRESENT;PASSENGER CAR;NONE;NONE;NONE;;2021-04-13T20:18:23-04:00;2021;No;No;4;20
177 FEET FROM BISHOP BROOK CT;TWO-WAY,NOT DIVIDED;DAYLIGHT;CLEAR;0;0;;NO CONTROL PRESENT;VAN;VAN;NONE;NONE;;2021-04-15T15:17:54-04:00;2021;No;No;4;15
5 FEET FROM SUDBURY DR;TWO-WAY,NOT DIVIDED;DAYLIGHT;CLEAR;0;0;;STOP SIGN;PASSENGER CAR;SPORT UTILITY;NONE;NONE;;2021-04-15T18:16:12-04:00;2021;No;No;4;18
.1 MILES FROM SR 3112 (NW CARY PKWY);TWO-WAY,DIVIDED,UNPROTECTED MEDIAN;DAYLIGHT;CLEAR;0;0;;NO CONTROL PRESENT;PASSENGER CAR;NONE;NONE;NONE;;2021-04-16T11:21:00-04:00;2021;No;No;4;11
10 FEET FROM SR 1630 (GREEN LEVEL CHURCH RD;TWO-WAY,DIVIDED,UNPROTECTED MEDIAN;DARK - LIGHTED ROADWAY;CLOUDY;0;0;;STOP AND GO SIGNAL;PASSENGER CAR;NONE;NONE;NONE;;2021-04-11T22:41:00-04:00;2021;No;No;4;22
.95 MILES FROM US 1;TWO-WAY,DIVIDED,POSITIVE MEDIAN BARRIER;DAYLIGHT;CLEAR;0;1;;NO CONTROL PRESENT;PICKUP;VAN;PICKUP;NONE;;2021-04-13T17:29:29-04:00;2021;No;Yes;4;17
.284 MILES FROM SR1313 (WALNUT ST);TWO-WAY,DIVIDED,UNPROTECTED MEDIAN;DAYLIGHT;CLEAR;0;0;;STOP AND GO SIGNAL;PASSENGER CAR;PASSENGER CAR;NONE;NONE;;2021-04-16T13:42:53-04:00;2021;No;No;4;13
CARY;TWO-WAY,NOT DIVIDED;DAYLIGHT;RAIN;0;0;;STOP SIGN;PASSENGER CAR;PICKUP;NONE;NONE;;2021-04-15T14:45:39-04:00;2021;No;No;4;14
.23 MILES FROM SR1313 (WALNUT ST);TWO-WAY,NOT DIVIDED;DAYLIGHT;CLEAR;0;0;;NO CONTROL PRESENT;PASSENGER CAR;PASSENGER CAR;NONE;NONE;;2021-04-16T15:27:00-04:00;2021;No;No;4;15
0 FEET FROM N.C. 54 (CHAPEL HILL RD);TWO-WAY,NOT DIVIDED;DAYLIGHT;CLEAR;0;0;;NO CONTROL PRESENT;PASSENGER CAR;SPORT UTILITY;NONE;NONE;;2021-04-11T19:22:46-04:00;2021;No;No;4;19
CARY;TWO-WAY,DIVIDED,UNPROTECTED MEDIAN;DAYLIGHT;CLEAR;0;1;;STOP AND GO SIGNAL;PASSENGER CAR;PICKUP;NONE;NONE;;2021-04-15T08:28:23-04:00;2021;No;Yes;4;08
.0972 MILES FROM P.V.A. (2464 SW CARY PKWY);ONE-WAY,NOT DIVIDED;DAYLIGHT;CLEAR;0;0;;NO CONTROL PRESENT;SPORT UTILITY;SPORT UTILITY;NONE;NONE;;2021-04-16T17:47:31-04:00;2021;No;No;4;17
440 FEET FROM P.V.A (405 CROSSROADS BLVD);TWO-WAY,NOT DIVIDED;DAYLIGHT;CLEAR;0;0;;NO CONTROL PRESENT;PASSENGER CAR;SPORT UTILITY;NONE;NONE;;2021-04-15T18:55:54-04:00;2021;No;No;4;18
83 FEET FROM S.R.1613 (DAVIS DR);TWO-WAY,DIVIDED,POSITIVE MEDIAN BARRIER;DAYLIGHT;CLEAR;0;0;;FLASHING STOP AND GO SIGNAL;SPORT UTILITY;PASSENGER CAR;NONE;NONE;;2021-04-21T16:43:39-04:00;2021;No;No;4;16
200 FEET FROM P.V.A. (1920 NW MAYNARD RD);TWO-WAY,NOT DIVIDED;DAYLIGHT;CLEAR;0;0;;;NONE;PASSENGER CAR;NONE;NONE;;2021-04-22T14:00:53-04:00;2021;No;No;4;14
.3 MILES FROM S.R. 1300 (KILDAIRE FARM RD.);TWO-WAY,NOT DIVIDED;DARK - LIGHTED ROADWAY;CLEAR;0;0;;NO CONTROL PRESENT;PASSENGER CAR;NONE;NONE;NONE;;2021-04-22T04:47:58-04:00;2021;No;No;4;04
40 FEET FROM 209 HASSELLWOOD DR;TWO-WAY,NOT DIVIDED;DARK - LIGHTED ROADWAY;CLEAR;0;0;;STOP SIGN;PASSENGER CAR;NONE;NONE;NONE;;2021-04-17T05:09:59-04:00;2021;No;No;4;05
CARY;TWO-WAY,NOT DIVIDED;DAYLIGHT;CLEAR;0;1;;STOP AND GO SIGNAL;PASSENGER CAR;PASSENGER CAR;NONE;NONE;;2021-04-22T13:52:21-04:00;2021;No;Yes;4;13
0 FEET FROM NC 55 HWY;NONE;NONE;NONE;0;0;;;NONE;NONE;NONE;NONE;;2021-04-05T06:50:53-04:00;2021;No;No;4;06
270 FEET FROM SR 1652 (N HARRISON AV);TWO-WAY,DIVIDED,POSITIVE MEDIAN BARRIER;DAYLIGHT;CLOUDY;0;0;;YIELD SIGN;VAN;PASSENGER CAR;NONE;NONE;;2021-04-21T12:52:00-04:00;2021;No;No;4;12
185 FEET FROM P.V.A. (28000 HAVERS DR);TWO-WAY,NOT DIVIDED;DARK - LIGHTED ROADWAY;CLEAR;0;0;;NO CONTROL PRESENT;NONE;PASSENGER CAR;NONE;NONE;;2021-04-23T10:47:00-04:00;2021;No;No;4;10
.13 MILES FROM W DYNASTY DR;TWO-WAY,NOT DIVIDED;NONE;CLEAR;0;0;;NO CONTROL PRESENT;NONE;NONE;NONE;NONE;;2021-04-24T07:23:14-04:00;2021;No;No;4;07
CARY;TWO-WAY,DIVIDED,POSITIVE MEDIAN BARRIER;DAYLIGHT;CLEAR;0;0;;STOP AND GO SIGNAL;PASSENGER CAR;PASSENGER CAR;NONE;NONE;;2021-04-04T14:30:59-04:00;2021;No;No;4;14
CARY;TWO-WAY,DIVIDED,UNPROTECTED MEDIAN;DARK - LIGHTED ROADWAY;CLEAR;0;0;;NO CONTROL PRESENT;PASSENGER CAR;SPORT UTILITY;NONE;NONE;;2021-04-21T21:15:53-04:00;2021;No;No;4;21
.01 MILES FROM P.V.A. 500 SNOWY EGRET TRL;TWO-WAY,NOT DIVIDED;DAYLIGHT;CLEAR;0;0;;NO CONTROL PRESENT;PASSENGER CAR;PASSENGER CAR;NONE;NONE;;2021-04-17T17:50:04-04:00;2021;No;No;4;17
5 FEET FROM P.V.A. 3701 NW CARY PKWY;TWO-WAY,NOT DIVIDED;DAYLIGHT;CLEAR;0;0;;NO CONTROL PRESENT;PASSENGER CAR;PASSENGER CAR;NONE;NONE;;2021-04-19T12:28:00-04:00;2021;No;No;4;12
CARY;TWO-WAY,NOT DIVIDED;DAYLIGHT;CLEAR;0;2;;STOP AND GO SIGNAL;SPORT UTILITY;PASSENGER CAR;NONE;NONE;;2021-04-18T14:05:52-04:00;2021;No;Yes;4;14
400 FEET FROM US 1 HWY;TWO-WAY,DIVIDED,POSITIVE MEDIAN BARRIER;DARK - LIGHTED ROADWAY;CLEAR;0;0;;NO CONTROL PRESENT;PICKUP;NONE;NONE;NONE;;2021-04-19T23:08:00-04:00;2021;No;No;4;23
467 FEET FROM PVA 1315 SR1300 KILDAIRE FARM;TWO-WAY,NOT DIVIDED;DAYLIGHT;RAIN;0;0;;STOP SIGN;PASSENGER CAR;PASSENGER CAR;NONE;NONE;;2021-04-24T08:24:56-04:00;2021;No;No;4;08
CARY;TWO-WAY,DIVIDED,UNPROTECTED MEDIAN;DAYLIGHT;CLEAR;0;0;;NO CONTROL PRESENT;PASSENGER CAR;PASSENGER CAR;NONE;NONE;;2021-04-22T15:05:49-04:00;2021;No;No;4;15
100 FEET FROM U.S. 1 N.;TWO-WAY,DIVIDED,POSITIVE MEDIAN BARRIER;DAYLIGHT;CLEAR;0;0;;NO CONTROL PRESENT;PASSENGER CAR;SPORT UTILITY;NONE;NONE;;2021-04-26T06:28:21-04:00;2021;No;No;4;06
200 FEET FROM 7145 OKELLY CHAPEL RD;TWO-WAY,NOT DIVIDED;DAYLIGHT;CLEAR;0;0;;NO CONTROL PRESENT;PASSENGER CAR;VAN;NONE;NONE;;2021-04-25T16:27:32-04:00;2021;No;No;4;16
0 FEET FROM SR 3977 (SW CARY PKWY);TWO-WAY,DIVIDED,UNPROTECTED MEDIAN;DAYLIGHT;CLOUDY;0;0;;STOP AND GO SIGNAL;PASSENGER CAR;PASSENGER CAR;NONE;NONE;;2021-04-25T16:24:07-04:00;2021;No;No;4;16
300 FEET FROM US 64 HWY W;TWO-WAY,DIVIDED,UNPROTECTED MEDIAN;DAYLIGHT;CLEAR;0;0;;STOP AND GO SIGNAL;PASSENGER CAR;PASSENGER CAR;NONE;NONE;;2021-04-25T23:05:00-04:00;2021;No;No;4;23
.1 MILES FROM NC 54 HWY;TWO-WAY,DIVIDED,UNPROTECTED MEDIAN;DARK - LIGHTED ROADWAY;CLOUDY;0;0;;NO CONTROL PRESENT;PASSENGER CAR;PASSENGER CAR;NONE;NONE;;2021-04-27T22:11:00-04:00;2021;No;No;4;22
100 FEET FROM SR 1313 (WALNUT ST);TWO-WAY,NOT DIVIDED;DARK - LIGHTED ROADWAY;CLEAR;0;0;;NO CONTROL PRESENT;PICKUP;NONE;NONE;NONE;;2016-01-01T23:21:00-05:00;2016;No;No;1;23
50 FEET FROM MALTLAND DR;TWO-WAY,NOT DIVIDED;DARK - ROADWAY NOT LIGHTED;CLEAR;0;0;;NO CONTROL PRESENT;NONE;PASSENGER CAR;NONE;NONE;;2016-01-03T18:44:45-05:00;2016;No;No;1;18
.273 MILES FROM SR#1613 (DAVIS DR);TWO-WAY,DIVIDED,UNPROTECTED MEDIAN;DAYLIGHT;CLEAR;0;0;;NO CONTROL PRESENT;SPORT UTILITY;NONE;NONE;NONE;;2016-01-03T15:25:35-05:00;2016;No;No;1;15
CARY;TWO-WAY,NOT DIVIDED;DAYLIGHT;CLEAR;0;0;;NO CONTROL PRESENT;PASSENGER CAR;PICKUP;NONE;NONE;;2016-01-01T12:52:00-05:00;2016;No;No;1;12
.1 MILES FROM SR 1313 WALNUT ST;TWO-WAY,DIVIDED,UNPROTECTED MEDIAN;DAYLIGHT;CLEAR;0;0;;NO CONTROL PRESENT;PASSENGER CAR;PICKUP;PASSENGER CAR;NONE;;2016-01-03T15:06:21-05:00;2016;No;No;1;15
CARY;TWO-WAY,NOT DIVIDED;DAYLIGHT;CLEAR;0;1;;STOP AND GO SIGNAL;PICKUP;PASSENGER CAR;NONE;NONE;;2016-01-04T09:58:13-05:00;2016;No;Yes;1;09
.50 MILES FROM WESTON PKWY;TWO-WAY,DIVIDED,POSITIVE MEDIAN BARRIER;DARK - LIGHTED ROADWAY;CLEAR;0;1;;NO CONTROL PRESENT;PASSENGER CAR;NONE;NONE;NONE;;2016-01-05T02:28:24-05:00;2016;No;Yes;1;02
CARY;TWO-WAY,NOT DIVIDED;DARK - LIGHTED ROADWAY;CLEAR;0;0;;NO CONTROL PRESENT;PASSENGER CAR;PASSENGER CAR;NONE;NONE;;2016-01-06T04:11:25-05:00;2016;No;No;1;04
0 FEET FROM SR 3977 (CARY PARKWAY);TWO-WAY,DIVIDED,UNPROTECTED MEDIAN;DAYLIGHT;CLEAR;0;1;;STOP AND GO SIGNAL;SPORT UTILITY;NONE;NONE;NONE;;2016-01-05T09:06:35-05:00;2016;No;Yes;1;09
0 FEET FROM RP 3977 (SE CARY PKWY);TWO-WAY,DIVIDED,UNPROTECTED MEDIAN;DAYLIGHT;CLEAR;0;2;;NO CONTROL PRESENT;PASSENGER CAR;PASSENGER CAR;NONE;NONE;;2016-01-04T12:00:00-05:00;2016;No;Yes;1;12
75 FEET FROM SR#3977 (SE CARY PARKWAY);TWO-WAY,DIVIDED,UNPROTECTED MEDIAN;DAYLIGHT;CLEAR;0;0;;NO CONTROL PRESENT;PASSENGER CAR;PASSENGER CAR;NONE;NONE;;2016-01-06T11:33:00-05:00;2016;No;No;1;11
30 FEET FROM SR 1009 (TRYON RD);TWO-WAY,DIVIDED,UNPROTECTED MEDIAN;DAYLIGHT;CLEAR;0;0;;STOP AND GO SIGNAL;PASSENGER CAR;PASSENGER CAR;NONE;NONE;;2016-01-06T12:28:00-05:00;2016;No;No;1;12
0 FEET FROM SR  1300 (KILDAIRE FARM RD);TWO-WAY,NOT DIVIDED;DARK - LIGHTED ROADWAY;CLEAR;0;1;;STOP SIGN;PASSENGER CAR;PASSENGER CAR;NONE;NONE;;2016-01-06T17:34:02-05:00;2016;No;Yes;1;17
.2 MILES FROM RDU CENTER DR;TWO-WAY,DIVIDED,UNPROTECTED MEDIAN;DAYLIGHT;CLEAR;0;0;;NO CONTROL PRESENT;PASSENGER CAR;SPORT UTILITY;NONE;NONE;;2016-01-06T11:04:00-05:00;2016;No;No;1;11
0 FEET FROM SR 1009 (TRYON RD);TWO-WAY,DIVIDED,UNPROTECTED MEDIAN;DAYLIGHT;CLOUDY;0;2;;STOP AND GO SIGNAL;PASSENGER CAR;PASSENGER CAR;NONE;NONE;;2016-01-07T11:58:00-05:00;2016;No;Yes;1;11
75 FEET FROM 1616 EVANS RD (PVA);TWO-WAY,NOT DIVIDED;DAYLIGHT;CLEAR;0;0;;NO CONTROL PRESENT;SPORT UTILITY;PASSENGER CAR;NONE;NONE;;2016-01-07T14:42:56-05:00;2016;No;No;1;14
100 FEET FROM SR 1300 (KILDAIRE FARM RD);TWO-WAY,DIVIDED,UNPROTECTED MEDIAN;DAYLIGHT;RAIN;0;0;;NO CONTROL PRESENT;PASSENGER CAR;PASSENGER CAR;NONE;NONE;;2016-01-08T11:35:00-05:00;2016;No;No;1;11
164 FEET FROM SE CARY PKWY (SR 3977);TWO-WAY,DIVIDED,UNPROTECTED MEDIAN;DAYLIGHT;CLOUDY;0;0;FAILURE TO YIELD RIGHT OF WAY;NO CONTROL PRESENT;SPORT UTILITY;PICKUP;NONE;NONE;;2016-01-09T12:16:00-05:00;2016;No;No;1;12
130 FEET FROM 2121 WALNUT ST;TWO-WAY,NOT DIVIDED;DAYLIGHT;RAIN;0;0;;NO CONTROL PRESENT;PASSENGER CAR;PASSENGER CAR;NONE;NONE;;2016-01-09T10:28:00-05:00;2016;No;No;1;10
180 FEET FROM 980 KILDAIRE FARM RD;TWO-WAY,DIVIDED,UNPROTECTED MEDIAN;DAYLIGHT;CLEAR;0;0;;NO CONTROL PRESENT;PASSENGER CAR;PASSENGER CAR;NONE;NONE;;2016-01-10T14:04:08-05:00;2016;No;No;1;14
50 FEET FROM NC 55 HWY;TWO-WAY,NOT DIVIDED;DAYLIGHT;RAIN;0;0;;NO CONTROL PRESENT;SPORT UTILITY;PASSENGER CAR;NONE;NONE;;2016-01-08T17:34:32-05:00;2016;No;No;1;17
100 FEET FROM HIGH HOUSE RD(SR#1615);TWO-WAY,DIVIDED,UNPROTECTED MEDIAN;DARK - LIGHTED ROADWAY;CLEAR;0;0;;STOP AND GO SIGNAL;SPORT UTILITY;SPORT UTILITY;NONE;NONE;;2016-01-07T17:26:15-05:00;2016;No;No;1;17
30 FEET FROM COLONADES WAY;TWO-WAY,DIVIDED,UNPROTECTED MEDIAN;DARK - LIGHTED ROADWAY;RAIN;0;0;;STOP SIGN;PICKUP;PASSENGER CAR;NONE;NONE;;2016-01-09T21:30:09-05:00;2016;No;No;1;21
CARY;TWO-WAY,NOT DIVIDED;DARK - LIGHTED ROADWAY;FOG, SMOG, SMOKE;0;0;;STOP SIGN;SPORT UTILITY;PASSENGER CAR;NONE;NONE;;2016-01-09T21:56:58-05:00;2016;No;No;1;21
.10 MILES FROM SR-1009 (TRYON RD);TWO-WAY,DIVIDED,UNPROTECTED MEDIAN;DAYLIGHT;CLEAR;0;0;;NO CONTROL PRESENT;SPORT UTILITY;PASSENGER CAR;NONE;NONE;;2016-01-11T13:41:21-05:00;2016;No;No;1;13