Location_Description;Road_Configuration;Light_Condition;Weather;Fatality;Injury;Contributing_Factor;Traffic_Control;Vehicle1;Vehicle2;Vehicle3;Vehicle4;Vehicle5;Crash_Date;year;Fatalities;Injuries;Month;Hour
.3 MILES FROM SR 1600 GREEN LEVEL CHURCH RD;TWO-WAY,NOT DIVIDED;DAYLIGHT;CLEAR;0;0;;STOP AND GO SIGNAL;SPORT UTILITY;PASSENGER CAR;NONE;NONE;;2016-08-12T17:42:21-04:00;2016;No;No;8;17
150 FEET FROM SR 1415 (SE MAYNARD RD);TWO-WAY,DIVIDED,POSITIVE MEDIAN BARRIER;DAYLIGHT;CLEAR;0;2;;STOP AND GO SIGNAL;PASSENGER CAR;SPORT UTILITY;NONE;NONE;;2016-08-14T20:02:01-04:00;2016;No;Yes;8;20
300 FEET FROM PVA OF 280 MEETING ST;TWO-WAY,NOT DIVIDED;DAYLIGHT;CLEAR;0;0;;NO CONTROL PRESENT;PICKUP;SPORT UTILITY;NONE;NONE;;2016-08-13T11:19:00-04:00;2016;No;No;8;11
389 FEET FROM PVA OF 1151 TRYON VILLAGE DR;TWO-WAY,NOT DIVIDED;DAYLIGHT;CLEAR;0;0;;NO CONTROL PRESENT;PASSENGER CAR;PASSENGER CAR;NONE;NONE;;2016-08-14T15:22:34-04:00;2016;No;No;8;15
250 FEET FROM PVA 2010 KILDAIRE FARM ROAD;TWO-WAY,NOT DIVIDED;DAYLIGHT;CLEAR;0;0;;NO CONTROL PRESENT;SPORT UTILITY;SPORT UTILITY;NONE;NONE;;2016-08-12T14:23:20-04:00;2016;No;No;8;14
100 FEET FROM 4240 NW CARY PKWY (PVA);TWO-WAY,NOT DIVIDED;DAYLIGHT;CLEAR;0;0;;NO CONTROL PRESENT;SPORT UTILITY;SPORT UTILITY;NONE;NONE;;2016-08-09T14:36:59-04:00;2016;No;No;8;14
10 FEET FROM CAITBOO AVE;TWO-WAY,NOT DIVIDED;DAYLIGHT;CLEAR;0;0;;YIELD SIGN;SPORT UTILITY;PASSENGER CAR;NONE;NONE;;2016-08-12T14:49:28-04:00;2016;No;No;8;14
10 FEET FROM SR 1615 (HIGH HOUSE RD);TWO-WAY,DIVIDED,UNPROTECTED MEDIAN;DAYLIGHT;CLEAR;0;0;;NO CONTROL PRESENT;SPORT UTILITY;PASSENGER CAR;NONE;NONE;;2016-08-11T11:13:00-04:00;2016;No;No;8;11
10 FEET FROM PRESTON OAKS LN;TWO-WAY,DIVIDED,UNPROTECTED MEDIAN;DAYLIGHT;CLEAR;0;0;;STOP SIGN;NONE;PASSENGER CAR;NONE;NONE;;2016-08-14T10:54:00-04:00;2016;No;No;8;10
715 FEET FROM MORRISVILLE CARPENTER RD.;TWO-WAY,NOT DIVIDED;DAYLIGHT;CLEAR;0;0;;NO CONTROL PRESENT;PASSENGER CAR;PASSENGER CAR;NONE;NONE;;2016-08-14T01:15:33-04:00;2016;No;No;8;01
CARY;TWO-WAY,DIVIDED,POSITIVE MEDIAN BARRIER;DAWN;CLEAR;0;0;;STOP AND GO SIGNAL;SPORT UTILITY;PASSENGER CAR;NONE;NONE;;2016-08-15T05:35:16-04:00;2016;No;No;8;05
4 FEET FROM US 1 EXIT 98 RAMP NB;ONE-WAY,NOT DIVIDED;DAYLIGHT;CLEAR;0;0;;STOP AND GO SIGNAL;SPORT UTILITY;SPORT UTILITY;NONE;NONE;;2016-08-15T15:32:07-04:00;2016;No;No;8;15
30 FEET FROM SR 3977 ( CARY PARKWAY);TWO-WAY,DIVIDED,UNPROTECTED MEDIAN;DAYLIGHT;CLEAR;0;0;;NO CONTROL PRESENT;PICKUP;SPORT UTILITY;NONE;NONE;;2016-08-12T10:33:00-04:00;2016;No;No;8;10
.15 MILES FROM NC 54 (CHAPEL HILL RD);TWO-WAY,DIVIDED,UNPROTECTED MEDIAN;DAYLIGHT;CLEAR;0;0;;NO CONTROL PRESENT;PASSENGER CAR;PICKUP;NONE;NONE;;2016-08-16T11:10:00-04:00;2016;No;No;8;11
.1 MILES FROM P.V.A. 100 WOODLAND POND WAY;TWO-WAY,NOT DIVIDED;DARK - LIGHTED ROADWAY;CLEAR;0;0;;NO CONTROL PRESENT;SPORT UTILITY;SPORT UTILITY;PASSENGER CAR;NONE;;2016-08-16T21:06:58-04:00;2016;No;No;8;21
98 FEET FROM P.V.A. HIGH HOUSE FOOD MART (8;TWO-WAY,NOT DIVIDED;DAYLIGHT;CLEAR;0;0;;NO CONTROL PRESENT;MOTOR HOME/RECREATIONAL VEHICLE;VAN;NONE;NONE;;2016-08-17T10:54:00-04:00;2016;No;No;8;10
150 FEET FROM PVA 1751 WALNUT ST;ONE-WAY,NOT DIVIDED;DAYLIGHT;CLEAR;0;0;;NO CONTROL PRESENT;PASSENGER CAR;PASSENGER CAR;NONE;NONE;;2016-08-18T12:53:00-04:00;2016;No;No;8;12
400 FEET FROM SR1010 (WALNUT ST);TWO-WAY,NOT DIVIDED;DAYLIGHT;CLEAR;0;0;;NO CONTROL PRESENT;PASSENGER CAR;VAN;NONE;NONE;;2016-08-18T10:50:00-04:00;2016;No;No;8;10
50 FEET FROM SR# 3112 (SW CARY PARKWAY);TWO-WAY,DIVIDED,UNPROTECTED MEDIAN;DAYLIGHT;CLEAR;0;0;;STOP AND GO SIGNAL;SPORT UTILITY;PASSENGER CAR;NONE;NONE;;2016-08-18T13:03:29-04:00;2016;No;No;8;13
50 FEET FROM PVA OF 1607 WALNUT ST;TWO-WAY,NOT DIVIDED;DAYLIGHT;CLEAR;0;0;;NO CONTROL PRESENT;PASSENGER CAR;NONE;NONE;NONE;;2016-08-21T13:47:17-04:00;2016;No;No;8;13
.15 MILES FROM PVA OF 1253 BUCK JONES RD;TWO-WAY,NOT DIVIDED;DAYLIGHT;CLEAR;0;0;;NO CONTROL PRESENT;SPORT UTILITY;SPORT UTILITY;NONE;NONE;;2016-08-20T14:11:13-04:00;2016;No;No;8;14
180 FEET FROM PVA 102 WHITE BUFF LN;TWO-WAY,NOT DIVIDED;DAYLIGHT;CLEAR;0;0;;NO CONTROL PRESENT;PASSENGER CAR;PASSENGER CAR;NONE;NONE;;2016-08-20T12:26:00-04:00;2016;No;No;8;12
.13 MILES FROM SR 3112 (NW CARY PKWY);TWO-WAY,DIVIDED,UNPROTECTED MEDIAN;DAYLIGHT;CLEAR;0;0;;STOP AND GO SIGNAL;PASSENGER CAR;SPORT UTILITY;NONE;NONE;;2016-08-19T18:16:34-04:00;2016;No;No;8;18
200 FEET FROM HWY 64;TWO-WAY,DIVIDED,UNPROTECTED MEDIAN;DAYLIGHT;CLEAR;0;0;;NO CONTROL PRESENT;SPORT UTILITY;SPORT UTILITY;PASSENGER CAR;NONE;;2016-08-16T21:49:03-04:00;2016;No;No;8;21
200 FEET FROM PVA OF 1299 KILDAIRE FARM RD;ONE-WAY,NOT DIVIDED;DAYLIGHT;CLEAR;0;0;;NO CONTROL PRESENT;PASSENGER CAR;SPORT UTILITY;NONE;NONE;;2016-08-22T12:27:00-04:00;2016;No;No;8;12
300 FEET FROM HIGH HOUSE RD;TWO-WAY,DIVIDED,POSITIVE MEDIAN BARRIER;DAYLIGHT;CLEAR;0;0;;STOP AND GO SIGNAL;SPORT UTILITY;PASSENGER CAR;PASSENGER CAR;NONE;;2016-08-22T17:21:51-04:00;2016;No;No;8;17
68 FEET FROM CHAPEL HILL RD;TWO-WAY,DIVIDED,UNPROTECTED MEDIAN;DAYLIGHT;CLEAR;0;0;;NO CONTROL PRESENT;PASSENGER CAR;PASSENGER CAR;NONE;NONE;;2016-08-22T17:08:57-04:00;2016;No;No;8;17
.2 MILES FROM US 64 HWY;TWO-WAY,DIVIDED,UNPROTECTED MEDIAN;DAYLIGHT;CLEAR;0;0;;NO CONTROL PRESENT;PASSENGER CAR;PASSENGER CAR;PASSENGER CAR;SPORT UTILITY;PICKUP;2016-08-22T12:08:00-04:00;2016;No;No;8;12
100 FEET FROM HWY 55;TWO-WAY,NOT DIVIDED;DAYLIGHT;CLEAR;0;1;;NO CONTROL PRESENT;PASSENGER CAR;PASSENGER CAR;NONE;NONE;;2016-08-23T11:27:00-04:00;2016;No;Yes;8;11
200 FEET FROM S WALKER ST;TWO-WAY,NOT DIVIDED;DAYLIGHT;CLEAR;0;0;;NO CONTROL PRESENT;SPORT UTILITY;PASSENGER CAR;NONE;NONE;;2016-08-23T10:24:00-04:00;2016;No;No;8;10
50 FEET FROM NC 55 HWY;TWO-WAY,DIVIDED,UNPROTECTED MEDIAN;DARK - LIGHTED ROADWAY;CLEAR;0;0;;NO CONTROL PRESENT;PASSENGER CAR;NONE;NONE;NONE;;2016-08-23T22:04:00-04:00;2016;No;No;8;22
100 FEET FROM PVA 5501 DILLARD DR.;TWO-WAY,NOT DIVIDED;DAYLIGHT;CLOUDY;0;0;;NO CONTROL PRESENT;NONE;PASSENGER CAR;NONE;NONE;;2016-08-11T01:51:01-04:00;2016;No;No;8;01
75 FEET FROM SR 1313 (WALNUT ST);TWO-WAY,NOT DIVIDED;DAYLIGHT;CLEAR;0;0;;STOP AND GO SIGNAL;VAN;PASSENGER CAR;NONE;NONE;;2016-08-16T20:45:40-04:00;2016;No;No;8;20
.10 MILES FROM PVA 201 HARRISON OAKS BLVD;TWO-WAY,NOT DIVIDED;DAYLIGHT;CLEAR;0;1;;NO CONTROL PRESENT;VAN;NONE;NONE;NONE;;2016-08-18T23:28:00-04:00;2016;No;Yes;8;23
200 FEET FROM US 1 HWY;TWO-WAY,DIVIDED,POSITIVE MEDIAN BARRIER;DAYLIGHT;CLEAR;0;0;;NO CONTROL PRESENT;PASSENGER CAR;SPORT UTILITY;VAN;NONE;;2016-08-18T08:02:33-04:00;2016;No;No;8;08
CARY;TWO-WAY,DIVIDED,UNPROTECTED MEDIAN;DARK - LIGHTED ROADWAY;CLEAR;0;0;;STOP AND GO SIGNAL;PASSENGER CAR;SPORT UTILITY;NONE;NONE;;2016-08-17T00:18:00-04:00;2016;No;No;8;00
.1 MILES FROM SR 1011 (E CHATHAM ST);TWO-WAY,NOT DIVIDED;DAYLIGHT;CLEAR;0;0;;NO CONTROL PRESENT;VAN;PASSENGER CAR;NONE;NONE;;2016-08-25T17:14:51-04:00;2016;No;No;8;17
25 FEET FROM SR 1615 (HIGH HOUSE RD);TWO-WAY,DIVIDED,UNPROTECTED MEDIAN;DAYLIGHT;CLEAR;0;0;;NO CONTROL PRESENT;VAN;PICKUP;NONE;NONE;;2016-08-26T09:41:11-04:00;2016;No;No;8;09
CARY;TWO-WAY,DIVIDED,UNPROTECTED MEDIAN;DAYLIGHT;CLEAR;0;0;;STOP AND GO SIGNAL;LIGHT TRUCK (MINI-VAN- PANEL);PASSENGER CAR;NONE;NONE;;2016-08-26T11:43:00-04:00;2016;No;No;8;11
100 FEET FROM REMINGTON OAKS CIR;TWO-WAY,NOT DIVIDED;DAYLIGHT;CLEAR;0;0;;NO CONTROL PRESENT;PASSENGER CAR;SPORT UTILITY;NONE;NONE;;2016-08-27T16:59:00-04:00;2016;No;No;8;16
10 FEET FROM PVA 301 N. HARRISON AV;TWO-WAY,NOT DIVIDED;DARK - ROADWAY NOT LIGHTED;CLOUDY;0;0;;NO CONTROL PRESENT;PICKUP;NONE;NONE;NONE;;2016-08-27T02:53:21-04:00;2016;No;No;8;02
200 FEET FROM NC 55 HWY;TWO-WAY,NOT DIVIDED;DAYLIGHT;CLEAR;0;0;;NO CONTROL PRESENT;SPORT UTILITY;SPORT UTILITY;NONE;NONE;;2016-08-23T17:59:00-04:00;2016;No;No;8;17
.10 MILES FROM SR 1313 (WALNUT ST);TWO-WAY,DIVIDED,UNPROTECTED MEDIAN;DAYLIGHT;CLEAR;0;0;;NO CONTROL PRESENT;PASSENGER CAR;PASSENGER CAR;NONE;NONE;;2016-08-25T17:46:18-04:00;2016;No;No;8;17
30 FEET FROM SR#1613 (DAVIS DR);TWO-WAY,DIVIDED,UNPROTECTED MEDIAN;DAYLIGHT;CLEAR;0;0;;NO CONTROL PRESENT;SPORT UTILITY;VAN;NONE;NONE;;2016-08-29T08:04:17-04:00;2016;No;No;8;08
100 FEET FROM PVA OF 1413 HAMPTON VALLEY RD;TWO-WAY,NOT DIVIDED;DAYLIGHT;CLEAR;0;0;;NO CONTROL PRESENT;VAN;PASSENGER CAR;NONE;NONE;;2016-08-29T09:03:09-04:00;2016;No;No;8;09
25 FEET FROM KING ST;TWO-WAY,NOT DIVIDED;DAYLIGHT;CLEAR;0;0;;STOP SIGN;PASSENGER CAR;PICKUP;NONE;NONE;;2016-08-28T13:51:51-04:00;2016;No;No;8;13
40 FEET FROM SR 1010 TEN TEN RD;TWO-WAY,NOT DIVIDED;DAYLIGHT;CLEAR;0;1;;NO CONTROL PRESENT;PASSENGER CAR;VAN;NONE;NONE;;2016-08-29T17:02:42-04:00;2016;No;Yes;8;17
100 FEET FROM P.V.A. (CHIC FIL A);TWO-WAY,NOT DIVIDED;DARK - LIGHTED ROADWAY;CLEAR;0;0;;NO CONTROL PRESENT;PASSENGER CAR;SPORT UTILITY;NONE;NONE;;2016-08-29T19:52:06-04:00;2016;No;No;8;19
130 FEET FROM SR 3081 (CHAPEL HILL RD);TWO-WAY,NOT DIVIDED;DAYLIGHT;CLEAR;0;0;FAILURE TO YIELD RIGHT OF WAY;NO CONTROL PRESENT;PASSENGER CAR;PASSENGER CAR;NONE;NONE;;2016-08-30T10:25:00-04:00;2016;No;No;8;10
.02 MILES FROM SR-1313 (WALNUT ST);TWO-WAY,DIVIDED,UNPROTECTED MEDIAN;DAYLIGHT;CLEAR;0;0;;STOP AND GO SIGNAL;SPORT UTILITY;SPORT UTILITY;NONE;NONE;;2016-08-30T14:15:07-04:00;2016;No;No;8;14
CARY;TWO-WAY,DIVIDED,UNPROTECTED MEDIAN;DAYLIGHT;CLEAR;0;0;;STOP AND GO SIGNAL;SPORT UTILITY;PASSENGER CAR;NONE;NONE;;2016-08-31T17:54:59-04:00;2016;No;No;8;17
.12 MILES FROM PVA 6770 MCCRIMMON PKWY;TWO-WAY,NOT DIVIDED;DAYLIGHT;CLEAR;0;0;;NO CONTROL PRESENT;SPORT UTILITY;SPORT UTILITY;NONE;NONE;;2016-08-30T06:44:35-04:00;2016;No;No;8;06
15 FEET FROM US1;ONE-WAY,NOT DIVIDED;DAYLIGHT;CLEAR;0;0;;YIELD SIGN;SPORT UTILITY;PASSENGER CAR;NONE;NONE;;2016-09-01T09:01:14-04:00;2016;No;No;9;09
CARY;TWO-WAY,NOT DIVIDED;DAYLIGHT;CLEAR;0;0;;NO CONTROL PRESENT;PASSENGER CAR;PASSENGER CAR;NONE;NONE;;2016-09-01T13:26:31-04:00;2016;No;No;9;13
CARY;TWO-WAY,DIVIDED,UNPROTECTED MEDIAN;DARK - LIGHTED ROADWAY;CLEAR;0;1;;STOP AND GO SIGNAL;PASSENGER CAR;NONE;NONE;NONE;;2016-08-31T21:22:24-04:00;2016;No;Yes;8;21
75 FEET FROM NC 55 HIGHWAY;TWO-WAY,NOT DIVIDED;DAYLIGHT;CLEAR;0;0;;NO CONTROL PRESENT;NONE;PASSENGER CAR;NONE;NONE;;2016-09-01T13:59:00-04:00;2016;No;No;9;13
244 FEET FROM PVA OF 1151 TRYON VILLAGE DR;TWO-WAY,NOT DIVIDED;DUSK;CLEAR;0;0;;NO CONTROL PRESENT;NONE;PASSENGER CAR;NONE;NONE;;2016-09-04T22:15:00-04:00;2016;No;No;9;22
.25 MILES FROM SR 1613 (DAVIS DR);TWO-WAY,DIVIDED,UNPROTECTED MEDIAN;DAYLIGHT;CLEAR;0;0;;STOP AND GO SIGNAL;SPORT UTILITY;PASSENGER CAR;NONE;NONE;;2016-08-31T13:10:11-04:00;2016;No;No;8;13
78 FEET FROM SR 1652 ( N HARRISON AVE );TWO-WAY,NOT DIVIDED;DAYLIGHT;RAIN;0;0;;STOP AND GO SIGNAL;PASSENGER CAR;PICKUP;NONE;NONE;;2016-09-02T15:22:20-04:00;2016;No;No;9;15
50 FEET FROM SR 1615 (HIGH HOUSE RD);TWO-WAY,DIVIDED,UNPROTECTED MEDIAN;DAYLIGHT;RAIN;0;0;;NO CONTROL PRESENT;PASSENGER CAR;NONE;NONE;NONE;;2016-09-02T15:55:46-04:00;2016;No;No;9;15
50 FEET FROM 1607 WALNUT ST (PVA);ONE-WAY,NOT DIVIDED;DARK - LIGHTED ROADWAY;RAIN;0;0;;NO CONTROL PRESENT;SPORT UTILITY;PICKUP;NONE;NONE;;2016-09-02T21:20:34-04:00;2016;No;No;9;21
.75 MILES FROM 300 AIRGATE DR.;TWO-WAY,NOT DIVIDED;DAYLIGHT;CLEAR;0;0;;NO CONTROL PRESENT;PASSENGER CAR;SPORT UTILITY;NONE;NONE;;2016-09-04T12:49:00-04:00;2016;No;No;9;12
200 FEET FROM HIGHCROFT DR;TWO-WAY,NOT DIVIDED;DARK - LIGHTED ROADWAY;RAIN;0;0;;NO CONTROL PRESENT;SPORT UTILITY;SPORT UTILITY;NONE;NONE;;2016-09-02T11:10:00-04:00;2016;No;No;9;11
CARY;TWO-WAY,DIVIDED,UNPROTECTED MEDIAN;DAYLIGHT;CLOUDY;0;0;;STOP AND GO SIGNAL;PASSENGER CAR;PASSENGER CAR;NONE;NONE;;2016-09-03T07:26:57-04:00;2016;No;No;9;07
.10 MILES FROM PVA 6770 MCCRIMMON PKWY;TWO-WAY,NOT DIVIDED;DAYLIGHT;CLEAR;0;0;;NO CONTROL PRESENT;SPORT UTILITY;PASSENGER CAR;NONE;NONE;;2016-09-06T07:40:42-04:00;2016;No;No;9;07
.02 MILES FROM 123 MIDDLE CREEK PARK AV;TWO-WAY,NOT DIVIDED;DAYLIGHT;RAIN;0;0;;NO CONTROL PRESENT;PASSENGER CAR;PASSENGER CAR;NONE;NONE;;2016-09-02T09:02:43-04:00;2016;No;No;9;09
.2 MILES FROM PVA 200 REGENCY WOODS PLACE;TWO-WAY,NOT DIVIDED;DAYLIGHT;CLEAR;0;0;;NO CONTROL PRESENT;PASSENGER CAR;VAN;NONE;NONE;;2016-09-06T06:01:21-04:00;2016;No;No;9;06
CARY;TWO-WAY,NOT DIVIDED;DAYLIGHT;CLEAR;0;0;;NO CONTROL PRESENT;SPORT UTILITY;PASSENGER CAR;NONE;NONE;;2016-09-06T07:37:12-04:00;2016;No;No;9;07
200 FEET FROM PVA 1207 KILDAIRE FARM RD;TWO-WAY,NOT DIVIDED;DAYLIGHT;CLEAR;0;0;;NO CONTROL PRESENT;PASSENGER CAR;PASSENGER CAR;NONE;NONE;;2016-09-08T13:41:41-04:00;2016;No;No;9;13
20 FEET FROM SR 3073 (NW MAYNARD RD);TWO-WAY,DIVIDED,POSITIVE MEDIAN BARRIER;DAYLIGHT;CLEAR;0;0;;STOP AND GO SIGNAL;PASSENGER CAR;PASSENGER CAR;NONE;NONE;;2016-09-08T11:24:00-04:00;2016;No;No;9;11
.11 MILES FROM PVA AT 2031 WALNUT ST;TWO-WAY,NOT DIVIDED;DAYLIGHT;CLEAR;0;0;;NO CONTROL PRESENT;PASSENGER CAR;SPORT UTILITY;NONE;NONE;;2016-09-09T10:19:00-04:00;2016;No;No;9;10
CARY;TWO-WAY,DIVIDED,UNPROTECTED MEDIAN;DAYLIGHT;CLOUDY;0;1;;STOP AND GO SIGNAL;PASSENGER CAR;PASSENGER CAR;NONE;NONE;;2016-09-07T14:36:44-04:00;2016;No;Yes;9;14
40 FEET FROM PVA AT 2711 JONES FRANKLIN RD;TWO-WAY,NOT DIVIDED;DAYLIGHT;CLEAR;0;0;;NO CONTROL PRESENT;PASSENGER CAR;PASSENGER CAR;NONE;NONE;;2016-09-09T11:27:00-04:00;2016;No;No;9;11
237 FEET FROM PVA (2700 LOUIS STEPHENS DR);TWO-WAY,NOT DIVIDED;DAYLIGHT;CLEAR;0;0;;NO CONTROL PRESENT;SPORT UTILITY;PASSENGER CAR;NONE;NONE;;2016-09-10T13:36:02-04:00;2016;No;No;9;13
250 FEET FROM WHISPERWOOD DR;TWO-WAY,NOT DIVIDED;DAYLIGHT;CLEAR;0;0;;NO CONTROL PRESENT;PICKUP;PASSENGER CAR;NONE;NONE;;2016-09-10T17:11:43-04:00;2016;No;No;9;17
2 FEET FROM HIGH HOUSE RD SR 1615;TWO-WAY,DIVIDED,UNPROTECTED MEDIAN;DAYLIGHT;CLEAR;0;0;;YIELD SIGN;SPORT UTILITY;PASSENGER CAR;NONE;NONE;;2016-09-09T15:28:30-04:00;2016;No;No;9;15
.30 MILES FROM 7109 OKELLY CHAPEL RD;TWO-WAY,NOT DIVIDED;DAYLIGHT;CLEAR;0;0;;NO CONTROL PRESENT;SPORT UTILITY;PASSENGER CAR;NONE;NONE;;2016-09-07T11:33:00-04:00;2016;No;No;9;11
100 FEET FROM (PVA 2323 NW MAYNARD RD) ALDIS;TWO-WAY,NOT DIVIDED;DAYLIGHT;CLEAR;0;0;;NO CONTROL PRESENT;PASSENGER CAR;PASSENGER CAR;NONE;NONE;;2016-09-11T16:00:54-04:00;2016;No;No;9;16
475 FEET FROM PVA (7145 OKELLY CHAPEL RD);TWO-WAY,DIVIDED,UNPROTECTED MEDIAN;DAYLIGHT;CLEAR;0;0;;NO CONTROL PRESENT;SPORT UTILITY;PASSENGER CAR;NONE;NONE;;2016-09-07T15:23:44-04:00;2016;No;No;9;15
100 FEET FROM PVA (BRADFORD PLAZA WAY);TWO-WAY,NOT DIVIDED;DAYLIGHT;CLEAR;0;0;;NO CONTROL PRESENT;PASSENGER CAR;SPORT UTILITY;NONE;NONE;;2016-09-11T15:51:16-04:00;2016;No;No;9;15
.02 MILES FROM SR 1009 (TRYON RD);TWO-WAY,DIVIDED,POSITIVE MEDIAN BARRIER;DAYLIGHT;CLEAR;0;0;;NO CONTROL PRESENT;PASSENGER CAR;SPORT UTILITY;NONE;NONE;;2016-09-12T17:49:20-04:00;2016;No;No;9;17
20 FEET FROM SR 1010 (TEN TEN RD);TWO-WAY,NOT DIVIDED;DAYLIGHT;CLEAR;0;0;;STOP AND GO SIGNAL;SPORT UTILITY;SPORT UTILITY;NONE;NONE;;2016-09-12T12:21:00-04:00;2016;No;No;9;12
20 FEET FROM FARMINGTON WOODS DR;TWO-WAY,DIVIDED,UNPROTECTED MEDIAN;DUSK;CLEAR;0;0;;STOP AND GO SIGNAL;PASSENGER CAR;SPORT UTILITY;NONE;NONE;;2016-09-13T09:48:43-04:00;2016;No;No;9;09
25578 FEET FROM 2500 CARPENTER UPCHURCH RD;TWO-WAY,NOT DIVIDED;DAYLIGHT;RAIN;0;0;;NO CONTROL PRESENT;PASSENGER CAR;PICKUP;NONE;NONE;;2016-09-02T13:35:16-04:00;2016;No;No;9;13
CARY;TWO-WAY,DIVIDED,UNPROTECTED MEDIAN;DAYLIGHT;CLEAR;0;2;;STOP SIGN;PASSENGER CAR;PASSENGER CAR;NONE;NONE;;2016-09-13T14:04:38-04:00;2016;No;Yes;9;14
0 FEET FROM MORRISVILLE PKWY;TWO-WAY,DIVIDED,UNPROTECTED MEDIAN;DAYLIGHT;CLEAR;0;1;;FLASHING STOP AND GO SIGNAL;SPORT UTILITY;NONE;NONE;NONE;;2016-09-08T19:08:36-04:00;2016;No;Yes;9;19
.12 MILES FROM PVA 6770 MCCRIMMON PKWY;TWO-WAY,NOT DIVIDED;DAYLIGHT;CLEAR;0;0;;NO CONTROL PRESENT;SPORT UTILITY;PASSENGER CAR;NONE;NONE;;2016-09-12T07:05:01-04:00;2016;No;No;9;07
15 FEET FROM SR-1009 TRYON RD;TWO-WAY,DIVIDED,UNPROTECTED MEDIAN;DARK - LIGHTED ROADWAY;CLEAR;0;0;;STOP AND GO SIGNAL;SPORT UTILITY;PASSENGER CAR;NONE;NONE;;2016-09-14T20:58:23-04:00;2016;No;No;9;20
40 FEET FROM US 1 NB;TWO-WAY,DIVIDED,UNPROTECTED MEDIAN;DAYLIGHT;CLEAR;0;0;;NO CONTROL PRESENT;PICKUP;PASSENGER CAR;NONE;NONE;;2016-09-08T15:41:27-04:00;2016;No;No;9;15
CARY;TWO-WAY,DIVIDED,POSITIVE MEDIAN BARRIER;DAWN;CLEAR;0;1;;STOP AND GO SIGNAL;SPORT UTILITY;PASSENGER CAR;NONE;NONE;;2016-09-15T06:15:50-04:00;2016;No;Yes;9;06
CARY;ONE-WAY,NOT DIVIDED;DAYLIGHT;CLEAR;0;0;;NO CONTROL PRESENT;VAN;SPORT UTILITY;NONE;NONE;;2016-08-30T05:34:35-04:00;2016;No;No;8;05
250 FEET FROM PVA OF 2080 KILDAIRE FARM RD;ONE-WAY,NOT DIVIDED;DAYLIGHT;CLEAR;0;0;;NO CONTROL PRESENT;PASSENGER CAR;SPORT UTILITY;NONE;NONE;;2016-09-15T18:32:36-04:00;2016;No;No;9;18
CARY;TWO-WAY,DIVIDED,POSITIVE MEDIAN BARRIER;DAYLIGHT;CLEAR;0;0;;STOP AND GO SIGNAL;PASSENGER CAR;SPORT UTILITY;NONE;NONE;;2016-09-17T10:57:00-04:00;2016;No;No;9;10
CARY;ONE-WAY,NOT DIVIDED;DAYLIGHT;CLEAR;0;0;;STOP AND GO SIGNAL;PASSENGER CAR;PASSENGER CAR;NONE;NONE;;2016-09-17T17:29:17-04:00;2016;No;No;9;17
150 FEET FROM 101 DRY AV (PVA);TWO-WAY,NOT DIVIDED;DARK - LIGHTED ROADWAY;CLOUDY;0;0;;NO CONTROL PRESENT;PASSENGER CAR;PASSENGER CAR;NONE;NONE;;2016-09-18T19:14:20-04:00;2016;No;No;9;19
.1 MILES FROM PVA(2260 WALNUT ST);TWO-WAY,NOT DIVIDED;DAYLIGHT;CLEAR;0;0;;NO CONTROL PRESENT;PASSENGER CAR;SPORT UTILITY;NONE;NONE;;2016-09-13T17:54:35-04:00;2016;No;No;9;17
CARY;NONE;NONE;NONE;0;0;;;NONE;NONE;NONE;NONE;;2016-09-17T12:20:00-04:00;2016;No;No;9;12
CARY;TWO-WAY,NOT DIVIDED;DAYLIGHT;CLOUDY;0;0;;NO CONTROL PRESENT;LIGHT TRUCK (MINI-VAN- PANEL);PASSENGER CAR;NONE;NONE;;2016-09-19T08:49:25-04:00;2016;No;No;9;08
CARY;TWO-WAY,NOT DIVIDED;DAYLIGHT;CLEAR;0;0;;NO CONTROL PRESENT;PASSENGER CAR;VAN;NONE;NONE;;2016-09-18T14:03:46-04:00;2016;No;No;9;14
50 FEET FROM PVA (101 NORTHINGTON PL);TWO-WAY,NOT DIVIDED;NONE;CLEAR;0;0;;NO CONTROL PRESENT;PASSENGER CAR;NONE;NONE;NONE;;2016-09-19T07:59:42-04:00;2016;No;No;9;07
.25 MILES FROM NC 54 HWY;TWO-WAY,DIVIDED,UNPROTECTED MEDIAN;DAYLIGHT;RAIN;0;1;;STOP AND GO SIGNAL;NONE;PASSENGER CAR;NONE;NONE;;2016-09-19T12:49:00-04:00;2016;No;Yes;9;12
0 FEET FROM SR 3977 (SE CARY PKWY);TWO-WAY,NOT DIVIDED;DAYLIGHT;CLEAR;0;1;;NO CONTROL PRESENT;PASSENGER CAR;PICKUP;NONE;NONE;;2016-09-16T12:35:00-04:00;2016;No;Yes;9;12
40 FEET FROM SR 1313 (WALNUT ST);TWO-WAY,DIVIDED,UNPROTECTED MEDIAN;DAYLIGHT;CLOUDY;0;0;;STOP AND GO SIGNAL;PASSENGER CAR;PASSENGER CAR;NONE;NONE;;2016-09-20T07:59:31-04:00;2016;No;No;9;07
100 FEET FROM WYATTS POND LN;TWO-WAY,NOT DIVIDED;DAYLIGHT;CLEAR;0;0;;NO CONTROL PRESENT;PASSENGER CAR;NONE;NONE;NONE;;2016-09-15T16:45:23-04:00;2016;No;No;9;16
238 FEET FROM NORMANCREST CT;TWO-WAY,NOT DIVIDED;DAYLIGHT;CLEAR;0;0;;NO CONTROL PRESENT;VAN;PASSENGER CAR;PASSENGER CAR;NONE;;2016-09-18T08:25:23-04:00;2016;No;No;9;08