Location_Description;Road_Configuration;Light_Condition;Weather;Fatality;Injury;Contributing_Factor;Traffic_Control;Vehicle1;Vehicle2;Vehicle3;Vehicle4;Vehicle5;Crash_Date;year;Fatalities;Injuries;Month;Hour
0 FEET FROM NC 55 HWY;TWO-WAY,DIVIDED,UNPROTECTED MEDIAN;DAYLIGHT;CLOUDY;0;0;;STOP AND GO SIGNAL;PASSENGER CAR;VAN;NONE;NONE;;2016-11-24T14:43:26-05:00;2016;No;No;11;14
CARY;TWO-WAY,DIVIDED,POSITIVE MEDIAN BARRIER;DAYLIGHT;CLEAR;0;0;;STOP AND GO SIGNAL;PASSENGER CAR;PASSENGER CAR;NONE;NONE;;2016-11-26T11:27:00-05:00;2016;No;No;11;11
200 FEET FROM SR 1009 (TRYON RD);TWO-WAY,DIVIDED,POSITIVE MEDIAN BARRIER;DAYLIGHT;CLEAR;0;0;;STOP AND GO SIGNAL;SPORT UTILITY;SPORT UTILITY;NONE;NONE;;2016-11-26T12:36:00-05:00;2016;No;No;11;12
CARY;TWO-WAY,DIVIDED,UNPROTECTED MEDIAN;DAYLIGHT;CLEAR;0;0;;STOP AND GO SIGNAL;VAN;PASSENGER CAR;NONE;NONE;;2016-11-26T09:51:27-05:00;2016;No;No;11;09
.2 MILES FROM SR-1615 (HIGH HOUSE RD);TWO-WAY,DIVIDED,UNPROTECTED MEDIAN;DAYLIGHT;CLEAR;0;0;;NO CONTROL PRESENT;SPORT UTILITY;SPORT UTILITY;NONE;NONE;;2016-11-27T12:37:00-05:00;2016;No;No;11;12
CARY;TWO-WAY,DIVIDED,UNPROTECTED MEDIAN;DARK - LIGHTED ROADWAY;CLEAR;0;0;;STOP AND GO SIGNAL;PASSENGER CAR;PASSENGER CAR;NONE;NONE;;2016-11-28T18:07:33-05:00;2016;No;No;11;18
357 FEET FROM PVA OF 2080 KILDAIRE FARM RD;TWO-WAY,NOT DIVIDED;DAYLIGHT;CLEAR;0;0;;NO CONTROL PRESENT;PASSENGER CAR;SPORT UTILITY;NONE;NONE;;2016-11-26T14:16:29-05:00;2016;No;No;11;14
20 FEET FROM SW CARY PKWY (SR 3977);TWO-WAY,DIVIDED,POSITIVE MEDIAN BARRIER;DARK - LIGHTED ROADWAY;CLEAR;0;0;;STOP AND GO SIGNAL;SPORT UTILITY;PASSENGER CAR;PASSENGER CAR;SPORT UTILITY;;2016-11-28T17:39:23-05:00;2016;No;No;11;17
300 FEET FROM 960 KILDAIRE FARM RD (PVA);TWO-WAY,NOT DIVIDED;DAYLIGHT;RAIN;0;0;;NO CONTROL PRESENT;PASSENGER CAR;NONE;NONE;NONE;;2016-11-29T14:36:13-05:00;2016;No;No;11;14
.1 MILES FROM US 1 HWY;TWO-WAY,DIVIDED,POSITIVE MEDIAN BARRIER;DARK - LIGHTED ROADWAY;CLEAR;0;0;;NO CONTROL PRESENT;SPORT UTILITY;PASSENGER CAR;NONE;NONE;;2016-11-29T18:15:44-05:00;2016;No;No;11;18
150 FEET FROM SR-1300 (KILDAIRE FARM RD);TWO-WAY,DIVIDED,UNPROTECTED MEDIAN;DAYLIGHT;CLOUDY;0;0;;NO CONTROL PRESENT;PASSENGER CAR;PASSENGER CAR;NONE;NONE;;2016-11-29T15:22:10-05:00;2016;No;No;11;15
150 FEET FROM PVA 1387 SE MAYNARD RD;TWO-WAY,NOT DIVIDED;DAYLIGHT;CLOUDY;0;0;;NO CONTROL PRESENT;PICKUP;PASSENGER CAR;NONE;NONE;;2016-11-29T16:42:47-05:00;2016;No;No;11;16
200 FEET FROM CARY TOWNE CENTER;TWO-WAY,NOT DIVIDED;DAYLIGHT;CLEAR;0;0;;NO CONTROL PRESENT;PASSENGER CAR;NONE;NONE;NONE;;2016-11-25T12:09:00-05:00;2016;No;No;11;12
0 FEET FROM SR 1009 (TRYON RD);TWO-WAY,DIVIDED,UNPROTECTED MEDIAN;DARK - LIGHTED ROADWAY;CLEAR;0;0;;STOP AND GO SIGNAL;SPORT UTILITY;PICKUP;NONE;NONE;;2016-11-23T17:03:51-05:00;2016;No;No;11;17
50 FEET FROM 300 ASHEVILLE AVE;TWO-WAY,NOT DIVIDED;DAYLIGHT;CLOUDY;0;0;;NO CONTROL PRESENT;PASSENGER CAR;TAXICAB;NONE;NONE;;2016-11-29T13:32:49-05:00;2016;No;No;11;13
146 FEET FROM SR 3977 (CARY PARKWAY);TWO-WAY,DIVIDED,UNPROTECTED MEDIAN;DAYLIGHT;CLOUDY;0;0;;NO CONTROL PRESENT;SPORT UTILITY;NONE;NONE;NONE;;2016-11-30T06:55:00-05:00;2016;No;No;11;06
200 FEET FROM PVA 885 WALNUT ST;TWO-WAY,NOT DIVIDED;DAYLIGHT;CLEAR;0;0;;NO CONTROL PRESENT;SPORT UTILITY;PASSENGER CAR;NONE;NONE;;2016-11-25T11:59:00-05:00;2016;No;No;11;11
200 FEET FROM US 64 HWY;TWO-WAY,DIVIDED,UNPROTECTED MEDIAN;DARK - LIGHTED ROADWAY;CLEAR;0;0;;NO CONTROL PRESENT;PASSENGER CAR;PASSENGER CAR;SPORT UTILITY;NONE;;2016-11-30T18:25:30-05:00;2016;No;No;11;18
250 FEET FROM P.V.A. (211 N ACADEMY ST);TWO-WAY,NOT DIVIDED;DARK - LIGHTED ROADWAY;CLEAR;0;0;;NO CONTROL PRESENT;PASSENGER CAR;VAN;NONE;NONE;;2016-11-23T16:14:20-05:00;2016;No;No;11;16
0 FEET FROM MCENROE CIRCLE;TWO-WAY,DIVIDED,UNPROTECTED MEDIAN;DAYLIGHT;CLOUDY;0;0;;STOP AND GO SIGNAL;PASSENGER CAR;NONE;NONE;NONE;;2016-11-30T08:38:29-05:00;2016;No;No;11;08
300 FEET FROM P.V.A. (275 CONVENTION DR);TWO-WAY,NOT DIVIDED;DARK - ROADWAY NOT LIGHTED;RAIN;0;0;;NO CONTROL PRESENT;PASSENGER CAR;PICKUP;NONE;NONE;;2016-11-30T22:38:00-05:00;2016;No;No;11;22
0 FEET FROM SR 1300 (KILDAIRE FARM RD);TWO-WAY,NOT DIVIDED;DAYLIGHT;CLEAR;0;0;;STOP AND GO SIGNAL;SPORT UTILITY;PASSENGER CAR;NONE;NONE;;2016-12-01T10:07:00-05:00;2016;No;No;12;10
65 FEET FROM SR 1009 (TRYON RD);TWO-WAY,DIVIDED,UNPROTECTED MEDIAN;DAYLIGHT;CLEAR;0;0;;STOP AND GO SIGNAL;SPORT UTILITY;SPORT UTILITY;NONE;NONE;;2016-12-03T14:57:17-05:00;2016;No;No;12;14
.14 MILES FROM SR# 1009 (TRYON RD);TWO-WAY,DIVIDED,UNPROTECTED MEDIAN;DAYLIGHT;CLEAR;0;0;;STOP AND GO SIGNAL;PICKUP;PASSENGER CAR;NONE;NONE;;2016-12-02T16:35:54-05:00;2016;No;No;12;16
.5 MILES FROM SR 3127 (MCCRIMMON PKWY);TWO-WAY,DIVIDED,UNPROTECTED MEDIAN;DAYLIGHT;CLEAR;0;0;;STOP AND GO SIGNAL;SPORT UTILITY;SPORT UTILITY;NONE;NONE;;2016-12-03T11:00:00-05:00;2016;No;No;12;11
.1 MILES FROM PVA (2260 WALNUT ST);TWO-WAY,NOT DIVIDED;DAYLIGHT;CLOUDY;0;0;;STOP SIGN;SPORT UTILITY;SPORT UTILITY;NONE;NONE;;2016-12-04T14:36:11-05:00;2016;No;No;12;14
30 FEET FROM P.V.A. (301 N HARRISON AVE);TWO-WAY,NOT DIVIDED;DARK - LIGHTED ROADWAY;RAIN;0;0;;NO CONTROL PRESENT;PICKUP;PASSENGER CAR;NONE;NONE;;2016-12-05T19:52:58-05:00;2016;No;No;12;19
20 FEET FROM SR 3977 (SE CARY PKWY);TWO-WAY,DIVIDED,UNPROTECTED MEDIAN;DAYLIGHT;CLEAR;0;0;;STOP AND GO SIGNAL;VAN;NONE;NONE;NONE;;2016-12-07T09:23:02-05:00;2016;No;No;12;09
.25 MILES FROM NC 55 HWY;TWO-WAY,NOT DIVIDED;DAYLIGHT;CLEAR;0;0;;NO CONTROL PRESENT;PASSENGER CAR;SPORT UTILITY;NONE;NONE;;2016-12-05T16:04:28-05:00;2016;No;No;12;16
CARY;TWO-WAY,DIVIDED,UNPROTECTED MEDIAN;DARK - LIGHTED ROADWAY;CLEAR;0;1;;YIELD SIGN;SPORT UTILITY;PASSENGER CAR;NONE;NONE;;2016-12-06T18:27:31-05:00;2016;No;Yes;12;18
265 FEET FROM SR 1011 ( W. CHATHAM ST );ONE-WAY,NOT DIVIDED;DAYLIGHT;CLEAR;0;0;;YIELD SIGN;PASSENGER CAR;SPORT UTILITY;NONE;NONE;;2016-12-07T09:08:52-05:00;2016;No;No;12;09
75 FEET FROM P.V.A. (804 HIGH HOUSE RD);TWO-WAY,NOT DIVIDED;DAYLIGHT;CLEAR;0;0;;NO CONTROL PRESENT;SPORT UTILITY;SPORT UTILITY;NONE;NONE;;2016-12-07T14:14:58-05:00;2016;No;No;12;14
CARY;TWO-WAY,NOT DIVIDED;DAYLIGHT;CLEAR;0;0;;STOP AND GO SIGNAL;PASSENGER CAR;PASSENGER CAR;PASSENGER CAR;NONE;;2016-12-07T17:55:31-05:00;2016;No;No;12;17
18 FEET FROM SR 1652 (N. HARRISON AVE);TWO-WAY,NOT DIVIDED;DARK - LIGHTED ROADWAY;CLEAR;0;1;;STOP AND GO SIGNAL;PASSENGER CAR;PASSENGER CAR;NONE;NONE;;2016-12-08T23:50:00-05:00;2016;No;Yes;12;23
0 FEET FROM CORNERSTONE DR;TWO-WAY,NOT DIVIDED;DAYLIGHT;CLEAR;0;0;;NO CONTROL PRESENT;SPORT UTILITY;SPORT UTILITY;NONE;NONE;;2016-12-08T07:11:42-05:00;2016;No;No;12;07
.274 MILES FROM SR3112 (CARY PARKWAY);NONE;DAYLIGHT;CLEAR;0;0;;;PASSENGER CAR;PASSENGER CAR;NONE;NONE;;2016-12-09T09:53:25-05:00;2016;No;No;12;09
CARY;NONE;NONE;NONE;0;0;;;NONE;NONE;NONE;NONE;;2016-11-19T00:00:00-05:00;2016;No;No;11;00
CARY;TWO-WAY,NOT DIVIDED;DAYLIGHT;CLEAR;0;0;;STOP AND GO SIGNAL;SPORT UTILITY;PASSENGER CAR;NONE;NONE;;2016-12-10T11:05:00-05:00;2016;No;No;12;11
.1 MILES FROM PVA(2370 WALNUT ST);TWO-WAY,NOT DIVIDED;DAYLIGHT;CLOUDY;0;0;;NO CONTROL PRESENT;SPORT UTILITY;SPORT UTILITY;NONE;NONE;;2016-12-11T12:37:00-05:00;2016;No;No;12;12
CARY;TWO-WAY,DIVIDED,UNPROTECTED MEDIAN;DARK - LIGHTED ROADWAY;CLEAR;0;0;;STOP AND GO SIGNAL;PICKUP;PASSENGER CAR;NONE;NONE;;2016-12-09T18:18:33-05:00;2016;No;No;12;18
CARY;TWO-WAY,NOT DIVIDED;DARK - LIGHTED ROADWAY;CLEAR;0;2;;STOP AND GO SIGNAL;PASSENGER CAR;VAN;NONE;NONE;;2016-12-10T06:38:45-05:00;2016;No;Yes;12;06
CARY;TWO-WAY,DIVIDED,UNPROTECTED MEDIAN;DAYLIGHT;CLEAR;0;0;;STOP SIGN;PASSENGER CAR;PASSENGER CAR;NONE;NONE;;2016-12-10T14:50:16-05:00;2016;No;No;12;14
90 FEET FROM P.V.A. (6470 TRYON RD);TWO-WAY,NOT DIVIDED;DARK - LIGHTED ROADWAY;CLEAR;0;0;;NO CONTROL PRESENT;PASSENGER CAR;PASSENGER CAR;NONE;NONE;;2016-12-09T22:40:00-05:00;2016;No;No;12;22
.1 MILES FROM PVA OF 1253 BUCK JONES RD;TWO-WAY,NOT DIVIDED;DAYLIGHT;CLEAR;0;0;;NO CONTROL PRESENT;SPORT UTILITY;NONE;NONE;NONE;;2016-12-11T16:20:24-05:00;2016;No;No;12;16
220 FEET FROM PVA OF 3630 OLD RALEIGH RD;ONE-WAY,NOT DIVIDED;DAYLIGHT;CLEAR;0;0;;NO CONTROL PRESENT;SPORT UTILITY;PASSENGER CAR;NONE;NONE;;2016-12-10T08:59:44-05:00;2016;No;No;12;08
200 FEET FROM HAVERS DR;TWO-WAY,NOT DIVIDED;DAYLIGHT;CLEAR;0;0;;STOP SIGN;PASSENGER CAR;PICKUP;NONE;NONE;;2016-12-10T10:31:00-05:00;2016;No;No;12;10
.15 MILES FROM PVA 7129 SR 1628 (O`KELLY CHAP;TWO-WAY,NOT DIVIDED;DAYLIGHT;CLEAR;0;0;;NO CONTROL PRESENT;PASSENGER CAR;SPORT UTILITY;NONE;NONE;;2016-12-11T10:31:00-05:00;2016;No;No;12;10
0 FEET FROM SR 1415 (SE MAYNARD RD);TWO-WAY,NOT DIVIDED;DAYLIGHT;RAIN;0;2;;NO CONTROL PRESENT;PASSENGER CAR;PASSENGER CAR;NONE;NONE;;2016-12-12T10:24:00-05:00;2016;No;Yes;12;10
CARY;TWO-WAY,NOT DIVIDED;DAYLIGHT;CLEAR;0;0;;NO CONTROL PRESENT;PASSENGER CAR;PASSENGER CAR;NONE;NONE;;2016-12-12T16:50:25-05:00;2016;No;No;12;16
.19 MILES FROM SR-1300 (KILDAIRE FARM RD);TWO-WAY,DIVIDED,UNPROTECTED MEDIAN;DAYLIGHT;CLOUDY;0;0;;STOP AND GO SIGNAL;PICKUP;PASSENGER CAR;VAN;NONE;;2016-12-12T11:47:00-05:00;2016;No;No;12;11
75 FEET FROM SR-5039 (JONES FRANKLIN RD);TWO-WAY,NOT DIVIDED;DAYLIGHT;CLOUDY;0;1;;STOP AND GO SIGNAL;PASSENGER CAR;SPORT UTILITY;PASSENGER CAR;SPORT UTILITY;;2016-12-12T12:52:00-05:00;2016;No;Yes;12;12
CARY;TWO-WAY,NOT DIVIDED;DAYLIGHT;CLEAR;0;0;;NO CONTROL PRESENT;SPORT UTILITY;NONE;NONE;NONE;;2016-12-12T16:04:50-05:00;2016;No;No;12;16
1 FEET FROM SR-3081 (CHAPEL HILL RD);TWO-WAY,DIVIDED,UNPROTECTED MEDIAN;DAYLIGHT;CLOUDY;0;0;;;PASSENGER CAR;PASSENGER CAR;NONE;NONE;;2016-12-13T08:20:35-05:00;2016;No;No;12;08
50 FEET FROM 102 BAINES CT;TWO-WAY,NOT DIVIDED;DAYLIGHT;CLEAR;0;0;;NO CONTROL PRESENT;PICKUP;PASSENGER CAR;NONE;NONE;;2016-12-13T11:11:00-05:00;2016;No;No;12;11
250 FEET FROM SR 1313 WALNUT ST;TWO-WAY,DIVIDED,UNPROTECTED MEDIAN;DAYLIGHT;CLOUDY;0;2;;NO CONTROL PRESENT;PASSENGER CAR;SPORT UTILITY;NONE;NONE;;2016-12-13T14:36:28-05:00;2016;No;Yes;12;14
35 FEET FROM I40;ONE-WAY,NOT DIVIDED;DARK - LIGHTED ROADWAY;RAIN;0;0;;NO CONTROL PRESENT;SPORT UTILITY;PICKUP;NONE;NONE;;2016-12-13T20:49:53-05:00;2016;No;No;12;20
CARY;TWO-WAY,NOT DIVIDED;DARK - LIGHTED ROADWAY;CLOUDY;0;0;;STOP AND GO SIGNAL;SPORT UTILITY;PASSENGER CAR;NONE;NONE;;2016-12-13T20:46:09-05:00;2016;No;No;12;20
CARY;TWO-WAY,DIVIDED,UNPROTECTED MEDIAN;DARK - LIGHTED ROADWAY;RAIN;0;0;;FLASHING STOP AND GO SIGNAL;SPORT UTILITY;LIGHT TRUCK (MINI-VAN- PANEL);NONE;NONE;;2016-12-13T17:28:48-05:00;2016;No;No;12;17
CARY;NONE;NONE;NONE;0;0;;;NONE;NONE;NONE;NONE;;2016-12-15T16:15:02-05:00;2016;No;No;12;16
.5 MILES FROM US 1 HWY NB;TWO-WAY,DIVIDED,POSITIVE MEDIAN BARRIER;DARK - ROADWAY NOT LIGHTED;SLEET, HAIL, FREEZING RAIN/DRIZZLE;0;0;;NO CONTROL PRESENT;SPORT UTILITY;NONE;NONE;NONE;;2016-12-17T04:38:35-05:00;2016;No;No;12;04
CARY;TWO-WAY,DIVIDED,POSITIVE MEDIAN BARRIER;DAYLIGHT;CLOUDY;0;3;;STOP AND GO SIGNAL;PASSENGER CAR;PASSENGER CAR;NONE;NONE;;2016-12-18T10:38:00-05:00;2016;No;Yes;12;10
.1 MILES FROM PVA 501 CAITBOO AVE;TWO-WAY,NOT DIVIDED;DAYLIGHT;CLEAR;0;0;;NO CONTROL PRESENT;SPORT UTILITY;PASSENGER CAR;NONE;NONE;;2016-12-18T13:27:22-05:00;2016;No;No;12;13
CARY;TWO-WAY,DIVIDED,UNPROTECTED MEDIAN;DAYLIGHT;CLEAR;0;0;;STOP AND GO SIGNAL;PASSENGER CAR;PASSENGER CAR;NONE;NONE;;2016-12-15T13:21:11-05:00;2016;No;No;12;13
0 FEET FROM SR 1652 (N HARRISON AV);TWO-WAY,DIVIDED,UNPROTECTED MEDIAN;DAYLIGHT;CLEAR;0;1;;STOP AND GO SIGNAL;PASSENGER CAR;PASSENGER CAR;NONE;NONE;;2016-12-16T16:15:29-05:00;2016;No;Yes;12;16
300 FEET FROM 2080 KILDAIRE FARM RD;TWO-WAY,NOT DIVIDED;DARK - LIGHTED ROADWAY;CLEAR;0;0;;NO CONTROL PRESENT;PASSENGER CAR;PASSENGER CAR;NONE;NONE;;2016-12-16T22:11:00-05:00;2016;No;No;12;22
.13 MILES FROM CARPENTER FIRE STATION RD 1624;TWO-WAY,DIVIDED,UNPROTECTED MEDIAN;DARK - LIGHTED ROADWAY;SLEET, HAIL, FREEZING RAIN/DRIZZLE;0;0;COMING FROM BEHIND PARKED VEHICLE;NO CONTROL PRESENT;PASSENGER CAR;NONE;NONE;NONE;;2016-12-17T01:17:55-05:00;2016;No;No;12;01
NEAR 1 MILES NW OF NW I40 EB;TWO-WAY,DIVIDED,POSITIVE MEDIAN BARRIER;DARK - ROADWAY NOT LIGHTED;SLEET, HAIL, FREEZING RAIN/DRIZZLE;0;3;;NO CONTROL PRESENT;PASSENGER CAR;VAN;NONE;NONE;;2016-12-17T01:23:51-05:00;2016;No;Yes;12;01
.30 MILES FROM I-40;ONE-WAY,NOT DIVIDED;DARK - ROADWAY NOT LIGHTED;SLEET, HAIL, FREEZING RAIN/DRIZZLE;0;0;;NO CONTROL PRESENT;PASSENGER CAR;NONE;NONE;NONE;;2016-12-17T02:02:24-05:00;2016;No;No;12;02
23 FEET FROM SR# 1009 (TRYON RD);TWO-WAY,DIVIDED,UNPROTECTED MEDIAN;DARK - LIGHTED ROADWAY;CLEAR;0;0;;YIELD SIGN;SPORT UTILITY;PASSENGER CAR;NONE;NONE;;2016-12-15T10:57:00-05:00;2016;No;No;12;10
20 FEET FROM SR 1313 (WALNUT ST);TWO-WAY,NOT DIVIDED;DAYLIGHT;CLEAR;0;0;;STOP AND GO SIGNAL;SPORT UTILITY;PASSENGER CAR;NONE;NONE;;2016-12-16T07:57:55-05:00;2016;No;No;12;07
300 FEET FROM SR-1652 (N. HARRISON AVE);TWO-WAY,DIVIDED,POSITIVE MEDIAN BARRIER;DAYLIGHT;RAIN;0;2;COMING FROM BEHIND PARKED VEHICLE;;PASSENGER CAR;PASSENGER CAR;NONE;NONE;;2016-12-19T07:08:55-05:00;2016;No;Yes;12;07
CARY;TWO-WAY,DIVIDED,POSITIVE MEDIAN BARRIER;DARK - LIGHTED ROADWAY;CLEAR;0;0;;STOP AND GO SIGNAL;SPORT UTILITY;PASSENGER CAR;NONE;NONE;;2016-12-19T00:08:00-05:00;2016;No;No;12;00
270 FEET FROM DOVE COTTAGE LN;TWO-WAY,NOT DIVIDED;DARK - LIGHTED ROADWAY;CLEAR;0;0;;NO CONTROL PRESENT;PASSENGER CAR;SPORT UTILITY;NONE;NONE;;2016-12-17T05:00:56-05:00;2016;No;No;12;05
CARY;TWO-WAY,DIVIDED,UNPROTECTED MEDIAN;DARK - ROADWAY NOT LIGHTED;RAIN;0;0;;STOP AND GO SIGNAL;PASSENGER CAR;PASSENGER CAR;NONE;NONE;;2016-12-18T17:02:24-05:00;2016;No;No;12;17
.12 MILES FROM PVA 6770 MCCRIMMON PKWY;TWO-WAY,NOT DIVIDED;DAYLIGHT;CLEAR;0;0;;NO CONTROL PRESENT;PASSENGER CAR;SPORT UTILITY;NONE;NONE;;2016-12-14T07:34:00-05:00;2016;No;No;12;07
282 FEET FROM BOULDERSTONE WAY;TWO-WAY,NOT DIVIDED;DARK - LIGHTED ROADWAY;CLEAR;0;0;;NO CONTROL PRESENT;PASSENGER CAR;PASSENGER CAR;NONE;NONE;;2016-12-17T01:07:45-05:00;2016;No;No;12;01
400 FEET FROM MILLS PARK DR;TWO-WAY,NOT DIVIDED;DAYLIGHT;CLOUDY;0;2;;NO CONTROL PRESENT;PASSENGER CAR;PASSENGER CAR;NONE;NONE;;2016-12-16T14:39:22-05:00;2016;No;Yes;12;14
439 FEET FROM 2500 CARPENTER UPCHURCH RD;TWO-WAY,NOT DIVIDED;DAYLIGHT;CLOUDY;0;0;;NO CONTROL PRESENT;NONE;NONE;NONE;NONE;;2016-12-19T10:11:00-05:00;2016;No;No;12;10
150 FEET FROM SR 1307 (E CHATHAM ST);NONE;NONE;NONE;0;0;;;NONE;NONE;NONE;NONE;;2016-12-16T15:04:01-05:00;2016;No;No;12;15
400 FEET FROM 17001 SEARSTONE DR;TWO-WAY,NOT DIVIDED;DAYLIGHT;CLOUDY;0;0;;NO CONTROL PRESENT;PASSENGER CAR;PASSENGER CAR;NONE;NONE;;2016-12-20T08:53:51-05:00;2016;No;No;12;08
CARY;TWO-WAY,DIVIDED,UNPROTECTED MEDIAN;DARK - LIGHTED ROADWAY;CLEAR;0;2;;STOP AND GO SIGNAL;PASSENGER CAR;PASSENGER CAR;NONE;NONE;;2016-12-21T19:38:44-05:00;2016;No;Yes;12;19
400 FEET FROM PVA (1273 NW MAYNARD RD);TWO-WAY,NOT DIVIDED;DAYLIGHT;CLEAR;0;0;;NO CONTROL PRESENT;PASSENGER CAR;SPORT UTILITY;NONE;NONE;;2016-12-21T14:05:34-05:00;2016;No;No;12;14
200 FEET FROM US 1 HWY;TWO-WAY,DIVIDED,POSITIVE MEDIAN BARRIER;DAYLIGHT;CLEAR;0;0;;NO CONTROL PRESENT;SPORT UTILITY;PASSENGER CAR;NONE;NONE;;2016-12-21T07:43:03-05:00;2016;No;No;12;07
200 FEET FROM WALNUT ST(SR#1313);TWO-WAY,NOT DIVIDED;DAYLIGHT;CLEAR;0;0;;STOP AND GO SIGNAL;PASSENGER CAR;SPORT UTILITY;NONE;NONE;;2016-12-21T12:34:00-05:00;2016;No;No;12;12
0 FEET FROM 1 HWY;TWO-WAY,DIVIDED,POSITIVE MEDIAN BARRIER;DARK - LIGHTED ROADWAY;SLEET, HAIL, FREEZING RAIN/DRIZZLE;0;0;;NO CONTROL PRESENT;VAN;NONE;NONE;NONE;;2016-12-17T20:17:45-05:00;2016;No;No;12;20
300 FEET FROM P.V.A.500 GRANDE HEIGHTS DR;TWO-WAY,NOT DIVIDED;DAYLIGHT;CLOUDY;0;0;;NO CONTROL PRESENT;VAN;PASSENGER CAR;NONE;NONE;;2016-12-27T10:16:00-05:00;2016;No;No;12;10
300 FEET FROM PVA (1920 NW MAYNARD RD);TWO-WAY,NOT DIVIDED;DAYLIGHT;CLEAR;0;0;;NO CONTROL PRESENT;VAN;PICKUP;NONE;NONE;;2016-12-22T09:00:31-05:00;2016;No;No;12;09
CARY;TWO-WAY,DIVIDED,UNPROTECTED MEDIAN;DARK - LIGHTED ROADWAY;CLEAR;0;0;;STOP SIGN;PASSENGER CAR;PASSENGER CAR;NONE;NONE;;2016-12-27T23:28:00-05:00;2016;No;No;12;23
200 FEET FROM 427 CROSSROADS BLVD;TWO-WAY,NOT DIVIDED;DAYLIGHT;CLEAR;0;0;;NO CONTROL PRESENT;NONE;SPORT UTILITY;NONE;NONE;;2016-12-22T23:55:00-05:00;2016;No;No;12;23
20 FEET FROM WALNUT ST;TWO-WAY,DIVIDED,POSITIVE MEDIAN BARRIER;DAYLIGHT;CLEAR;0;0;;STOP AND GO SIGNAL;SPORT UTILITY;PASSENGER CAR;NONE;NONE;;2016-12-26T14:04:07-05:00;2016;No;No;12;14
250 FEET FROM SR 1313 (WALNUT ST);TWO-WAY,DIVIDED,UNPROTECTED MEDIAN;DAYLIGHT;CLEAR;0;0;;NO CONTROL PRESENT;LIGHT TRUCK (MINI-VAN- PANEL);PASSENGER CAR;NONE;NONE;;2016-12-26T15:13:06-05:00;2016;No;No;12;15
400 FEET FROM SR 1650 (REEDY CREEK RD);TWO-WAY,NOT DIVIDED;DAWN;RAIN;0;0;;NO CONTROL PRESENT;PASSENGER CAR;NONE;NONE;NONE;;2016-12-27T07:22:12-05:00;2016;No;No;12;07
300 FEET FROM SR 1300 (KILDAIRE FARM RD);TWO-WAY,DIVIDED,POSITIVE MEDIAN BARRIER;DAYLIGHT;RAIN;0;0;;STOP AND GO SIGNAL;PASSENGER CAR;PASSENGER CAR;NONE;NONE;;2016-12-27T08:18:29-05:00;2016;No;No;12;08
0 FEET FROM 1 HWY;TWO-WAY,DIVIDED,POSITIVE MEDIAN BARRIER;DARK - LIGHTED ROADWAY;SLEET, HAIL, FREEZING RAIN/DRIZZLE;0;2;;NO CONTROL PRESENT;PASSENGER CAR;PASSENGER CAR;SPORT UTILITY;NONE;;2016-12-17T22:03:00-05:00;2016;No;Yes;12;22
.2273 MILES FROM US 1 HWY;TWO-WAY,DIVIDED,POSITIVE MEDIAN BARRIER;DAYLIGHT;CLEAR;0;0;;NO CONTROL PRESENT;SPORT UTILITY;PASSENGER CAR;NONE;NONE;;2016-12-23T15:46:53-05:00;2016;No;No;12;15
150 FEET FROM WALNUT ST(SR#1313);TWO-WAY,DIVIDED,UNPROTECTED MEDIAN;DAYLIGHT;CLEAR;0;0;;NO CONTROL PRESENT;PASSENGER CAR;PASSENGER CAR;PASSENGER CAR;NONE;;2016-12-23T12:54:00-05:00;2016;No;No;12;12
.1326 MILES FROM PVA 1177 BUCK JONES RD;TWO-WAY,NOT DIVIDED;DUSK;CLEAR;0;0;;NO CONTROL PRESENT;PICKUP;PASSENGER CAR;NONE;NONE;;2016-12-22T17:11:53-05:00;2016;No;No;12;17
.14 MILES FROM NC 55 HWY;TWO-WAY,DIVIDED,UNPROTECTED MEDIAN;DAYLIGHT;CLEAR;0;0;;STOP AND GO SIGNAL;PASSENGER CAR;PASSENGER CAR;SPORT UTILITY;NONE;;2016-12-16T20:16:19-05:00;2016;No;No;12;20
3 FEET FROM PVA (930 HIGH HOUSE RD);TWO-WAY,NOT DIVIDED;DAYLIGHT;CLEAR;0;0;;NO CONTROL PRESENT;SPORT UTILITY;PASSENGER CAR;NONE;NONE;;2016-12-23T14:20:28-05:00;2016;No;No;12;14
30 FEET FROM PVA (211 N ACADEMY ST);TWO-WAY,NOT DIVIDED;DARK - LIGHTED ROADWAY;CLEAR;0;0;;NO CONTROL PRESENT;PASSENGER CAR;SPORT UTILITY;NONE;NONE;;2016-12-23T17:33:29-05:00;2016;No;No;12;17
200 FEET FROM CROSSROADS BLVD;TWO-WAY,DIVIDED,UNPROTECTED MEDIAN;DAYLIGHT;CLEAR;0;0;;STOP AND GO SIGNAL;SPORT UTILITY;SPORT UTILITY;NONE;NONE;;2016-12-27T16:01:32-05:00;2016;No;No;12;16
CARY;TWO-WAY,NOT DIVIDED;NONE;CLEAR;0;0;;NO CONTROL PRESENT;PASSENGER CAR;PICKUP;NONE;NONE;;2016-12-26T14:06:25-05:00;2016;No;No;12;14