Location_Description;Road_Configuration;Light_Condition;Weather;Fatality;Injury;Contributing_Factor;Traffic_Control;Vehicle1;Vehicle2;Vehicle3;Vehicle4;Vehicle5;Crash_Date;year;Fatalities;Injuries;Month;Hour
149 FEET FROM SR 3090 (WESTON PKWY);TWO-WAY,DIVIDED,UNPROTECTED MEDIAN;DARK - LIGHTED ROADWAY;CLEAR;0;1;;NO CONTROL PRESENT;SPORT UTILITY;NONE;NONE;NONE;;2016-12-22T22:21:00-05:00;2016;No;Yes;12;22
CARY;TWO-WAY,DIVIDED,POSITIVE MEDIAN BARRIER;DARK - LIGHTED ROADWAY;CLEAR;0;0;;STOP AND GO SIGNAL;PASSENGER CAR;PASSENGER CAR;NONE;NONE;;2016-12-23T22:26:00-05:00;2016;No;No;12;22
20 FEET FROM US 1;TWO-WAY,DIVIDED,POSITIVE MEDIAN BARRIER;DAYLIGHT;CLEAR;0;0;;STOP AND GO SIGNAL;PASSENGER CAR;PASSENGER CAR;NONE;NONE;;2016-12-28T09:21:01-05:00;2016;No;No;12;09
100 FEET FROM PVA 111 ADVENT CT;TWO-WAY,NOT DIVIDED;DAYLIGHT;CLEAR;0;0;;NO CONTROL PRESENT;SPORT UTILITY;PASSENGER CAR;NONE;NONE;;2016-12-28T13:04:30-05:00;2016;No;No;12;13
400 FEET FROM SR 3112 CARY PKWY;TWO-WAY,DIVIDED,UNPROTECTED MEDIAN;DAYLIGHT;CLEAR;0;0;;STOP SIGN;PASSENGER CAR;PASSENGER CAR;NONE;NONE;;2016-12-27T11:16:00-05:00;2016;No;No;12;11
140 FEET FROM 999 HIGH HOUSE RD;TWO-WAY,NOT DIVIDED;DAYLIGHT;CLEAR;0;0;;NO CONTROL PRESENT;PASSENGER CAR;PASSENGER CAR;NONE;NONE;;2016-12-09T01:05:08-05:00;2016;No;No;12;01
CARY;TWO-WAY,DIVIDED,UNPROTECTED MEDIAN;DARK - LIGHTED ROADWAY;CLEAR;0;0;;STOP AND GO SIGNAL;SPORT UTILITY;PICKUP;NONE;NONE;;2016-12-30T17:53:43-05:00;2016;No;No;12;17
20 FEET FROM GREGSON DR;TWO-WAY,DIVIDED,UNPROTECTED MEDIAN;DARK - ROADWAY NOT LIGHTED;CLOUDY;0;0;;STOP AND GO SIGNAL;SPORT UTILITY;PASSENGER CAR;NONE;NONE;;2016-12-30T18:07:14-05:00;2016;No;No;12;18
CARY;TWO-WAY,NOT DIVIDED;DARK - LIGHTED ROADWAY;CLEAR;0;0;;STOP AND GO SIGNAL;PASSENGER CAR;PASSENGER CAR;NONE;NONE;;2016-12-30T19:37:37-05:00;2016;No;No;12;19
450 FEET FROM AFFINITY LN;TWO-WAY,NOT DIVIDED;DAYLIGHT;CLOUDY;0;0;;NO CONTROL PRESENT;PICKUP;PASSENGER CAR;NONE;NONE;;2016-12-31T16:06:15-05:00;2016;No;No;12;16
CARY;TWO-WAY,DIVIDED,UNPROTECTED MEDIAN;DARK - LIGHTED ROADWAY;RAIN;0;0;;STOP SIGN;PASSENGER CAR;PASSENGER CAR;NONE;NONE;;2017-01-01T20:03:28-05:00;2017;No;No;1;20
300 FEET FROM 885 WALNUT ST (PVA);TWO-WAY,NOT DIVIDED;DARK - LIGHTED ROADWAY;RAIN;0;0;;NO CONTROL PRESENT;LIGHT TRUCK (MINI-VAN- PANEL);SPORT UTILITY;NONE;NONE;;2017-01-01T20:05:34-05:00;2017;No;No;1;20
15 FEET FROM SR 1349 (DILLARD DR);TWO-WAY,DIVIDED,UNPROTECTED MEDIAN;DAYLIGHT;CLEAR;0;0;;STOP AND GO SIGNAL;PASSENGER CAR;PASSENGER CAR;NONE;NONE;;2016-12-31T12:56:00-05:00;2016;No;No;12;12
40 FEET FROM SR-1010 (TEN TEN RD);TWO-WAY,NOT DIVIDED;DARK - ROADWAY NOT LIGHTED;RAIN;0;0;;STOP AND GO SIGNAL;PASSENGER CAR;NONE;NONE;NONE;;2017-01-02T22:35:00-05:00;2017;No;No;1;22
100 FEET FROM HARLON DR;TWO-WAY,NOT DIVIDED;DAYLIGHT;CLOUDY;0;1;;NO CONTROL PRESENT;PASSENGER CAR;NONE;NONE;NONE;;2017-01-03T11:37:00-05:00;2017;No;Yes;1;11
.1 MILES FROM PVA 2432 SW CARY PKWY;TWO-WAY,NOT DIVIDED;NONE;CLEAR;0;0;;NO CONTROL PRESENT;NONE;PASSENGER CAR;NONE;NONE;;2017-01-03T19:50:41-05:00;2017;No;No;1;19
15 FEET FROM SR 1315 (BUCK JONES RD);TWO-WAY,DIVIDED,UNPROTECTED MEDIAN;DARK - LIGHTED ROADWAY;CLOUDY;0;0;;STOP AND GO SIGNAL;SPORT UTILITY;PASSENGER CAR;NONE;NONE;;2017-01-03T22:50:00-05:00;2017;No;No;1;22
481 FEET FROM P.V.A. (700 RESEARCH DR);TWO-WAY,NOT DIVIDED;DAYLIGHT;CLOUDY;0;0;;NO CONTROL PRESENT;PASSENGER CAR;SPORT UTILITY;NONE;NONE;;2017-01-03T19:39:55-05:00;2017;No;No;1;19
100 FEET FROM SR1626 YATES STORE RD;TWO-WAY,NOT DIVIDED;DAYLIGHT;RAIN;0;0;;NO CONTROL PRESENT;PASSENGER CAR;NONE;NONE;NONE;;2017-01-03T08:58:24-05:00;2017;No;No;1;08
15 FEET FROM PVA 1720 WALNUT ST;ONE-WAY,NOT DIVIDED;DARK - LIGHTED ROADWAY;CLOUDY;0;0;;NO CONTROL PRESENT;VAN;PASSENGER CAR;NONE;NONE;;2017-01-03T23:23:00-05:00;2017;No;No;1;23
10 FEET FROM SR 1152 (HOLLY SPRINGS RD);TWO-WAY,DIVIDED,UNPROTECTED MEDIAN;DAYLIGHT;CLEAR;0;1;;STOP AND GO SIGNAL;SPORT UTILITY;SPORT UTILITY;NONE;NONE;;2017-01-03T14:08:26-05:00;2017;No;Yes;1;14
86 FEET FROM P.V.A. (1231 NE MAYNARD RD);TWO-WAY,NOT DIVIDED;DAYLIGHT;CLEAR;0;0;;NO CONTROL PRESENT;PICKUP;PASSENGER CAR;NONE;NONE;;2017-01-04T15:39:12-05:00;2017;No;No;1;15
15 FEET FROM SR 1652 (N HARRISON AV);TWO-WAY,NOT DIVIDED;DAWN;CLEAR;0;0;;STOP AND GO SIGNAL;PICKUP;SPORT UTILITY;NONE;NONE;;2017-01-05T06:53:09-05:00;2017;No;No;1;06
.32 MILES FROM US 1 SB;TWO-WAY,DIVIDED,POSITIVE MEDIAN BARRIER;DAYLIGHT;RAIN;0;0;;NO CONTROL PRESENT;PASSENGER CAR;NONE;NONE;NONE;;2017-01-02T16:15:19-05:00;2017;No;No;1;16
20 FEET FROM SR 1313 (WALNUT ST);TWO-WAY,DIVIDED,UNPROTECTED MEDIAN;DAYLIGHT;CLEAR;0;0;;STOP AND GO SIGNAL;SPORT UTILITY;PASSENGER CAR;NONE;NONE;;2017-01-04T11:59:00-05:00;2017;No;No;1;11
400 FEET FROM SR 3977 (NW CARY PKWY);TWO-WAY,DIVIDED,UNPROTECTED MEDIAN;DAYLIGHT;CLEAR;0;0;;NO CONTROL PRESENT;PASSENGER CAR;PASSENGER CAR;NONE;NONE;;2017-01-05T08:15:41-05:00;2017;No;No;1;08
.10 MILES FROM SR1010 (WALNUT ST);TWO-WAY,NOT DIVIDED;DAYLIGHT;CLOUDY;0;0;;NO CONTROL PRESENT;PASSENGER CAR;SPORT UTILITY;NONE;NONE;;2017-01-05T13:46:49-05:00;2017;No;No;1;13
350 FEET FROM N.C. 54 (NW MAYNARD RD);TWO-WAY,DIVIDED,UNPROTECTED MEDIAN;DAYLIGHT;CLEAR;0;1;;STOP AND GO SIGNAL;PASSENGER CAR;PASSENGER CAR;NONE;NONE;;2017-01-04T09:37:11-05:00;2017;No;Yes;1;09
0 FEET FROM SR 1615 (HIGH HOUSE RD;TWO-WAY,DIVIDED,POSITIVE MEDIAN BARRIER;DAYLIGHT;CLEAR;0;0;;FLASHING STOP AND GO SIGNAL;PASSENGER CAR;PASSENGER CAR;NONE;NONE;;2017-01-06T07:07:56-05:00;2017;No;No;1;07
250 FEET FROM JAMES JACKSON AVE;TWO-WAY,NOT DIVIDED;DAYLIGHT;SLEET, HAIL, FREEZING RAIN/DRIZZLE;0;0;;NO CONTROL PRESENT;SPORT UTILITY;NONE;NONE;NONE;;2017-01-07T15:42:57-05:00;2017;No;No;1;15
145 FEET FROM PANORAMA VIEW LOOP;TWO-WAY,NOT DIVIDED;DARK - LIGHTED ROADWAY;CLEAR;0;0;COMING FROM BEHIND PARKED VEHICLE;NO CONTROL PRESENT;SINGLE UNIT TRUCK (2-AXLE- 6-TIRE);PASSENGER CAR;NONE;NONE;;2017-01-08T02:29:46-05:00;2017;No;No;1;02
300 FEET FROM P.V.A. 400 JAMES JACKSON AVE;TWO-WAY,NOT DIVIDED;DAYLIGHT;SNOW;0;0;;NO CONTROL PRESENT;VAN;PICKUP;NONE;NONE;;2017-01-07T09:04:39-05:00;2017;No;No;1;09
100 FEET FROM PVA (1032 N. HARRISON AVE);NONE;DARK - LIGHTED ROADWAY;SLEET, HAIL, FREEZING RAIN/DRIZZLE;0;0;;;PASSENGER CAR;PASSENGER CAR;NONE;NONE;;2017-01-08T01:04:35-05:00;2017;No;No;1;01
100 FEET FROM 208 LIGHTHOUSE WAY;TWO-WAY,NOT DIVIDED;DARK - ROADWAY NOT LIGHTED;CLOUDY;0;0;COMING FROM BEHIND PARKED VEHICLE;NO CONTROL PRESENT;PICKUP;LIGHT TRUCK (MINI-VAN- PANEL);NONE;NONE;;2017-01-09T23:47:00-05:00;2017;No;No;1;23
10 FEET FROM WALDO ST;TWO-WAY,NOT DIVIDED;DAYLIGHT;CLOUDY;0;0;;STOP SIGN;SPORT UTILITY;PASSENGER CAR;NONE;NONE;;2017-01-09T10:58:00-05:00;2017;No;No;1;10
.10 MILES FROM I 40;ONE-WAY,NOT DIVIDED;DAYLIGHT;CLOUDY;0;0;;NO CONTROL PRESENT;PASSENGER CAR;PASSENGER CAR;NONE;NONE;;2017-01-09T14:44:57-05:00;2017;No;No;1;14
CARY;TWO-WAY,DIVIDED,UNPROTECTED MEDIAN;DARK - LIGHTED ROADWAY;CLEAR;0;0;;NO CONTROL PRESENT;SPORT UTILITY;NONE;NONE;NONE;;2017-01-10T22:28:00-05:00;2017;No;No;1;22
30 FEET FROM SR 1300 (KILDAIRE FARM RD);TWO-WAY,DIVIDED,POSITIVE MEDIAN BARRIER;DAYLIGHT;CLOUDY;0;0;;STOP AND GO SIGNAL;PASSENGER CAR;PICKUP;NONE;NONE;;2017-01-11T12:13:00-05:00;2017;No;No;1;12
CARY;TWO-WAY,DIVIDED,UNPROTECTED MEDIAN;DUSK;CLOUDY;0;0;;STOP SIGN;SPORT UTILITY;SPORT UTILITY;NONE;NONE;;2017-01-11T19:28:21-05:00;2017;No;No;1;19
.59 MILES FROM NC 55 HWY;TWO-WAY,DIVIDED,UNPROTECTED MEDIAN;DARK - ROADWAY NOT LIGHTED;CLEAR;0;0;;NO CONTROL PRESENT;PASSENGER CAR;NONE;NONE;NONE;;2017-01-11T20:43:00-05:00;2017;No;No;1;20
5 FEET FROM PRIVATE DRIVEWAY 105 TODD ST;TWO-WAY,NOT DIVIDED;NONE;CLOUDY;0;0;;NO CONTROL PRESENT;PASSENGER CAR;PASSENGER CAR;NONE;NONE;;2017-01-12T09:03:41-05:00;2017;No;No;1;09
5 FEET FROM US1;TWO-WAY,DIVIDED,UNPROTECTED MEDIAN;DARK - LIGHTED ROADWAY;CLEAR;0;0;;YIELD SIGN;VAN;PASSENGER CAR;NONE;NONE;;2017-01-11T20:04:19-05:00;2017;No;No;1;20
CARY;TWO-WAY,NOT DIVIDED;DAYLIGHT;CLEAR;0;0;;STOP SIGN;SPORT UTILITY;SPORT UTILITY;NONE;NONE;;2017-01-12T09:51:20-05:00;2017;No;No;1;09
CARY;TWO-WAY,NOT DIVIDED;DAWN;CLEAR;0;0;;STOP SIGN;PASSENGER CAR;PASSENGER CAR;NONE;NONE;;2017-01-13T12:57:00-05:00;2017;No;No;1;12
300 FEET FROM BRADFORD PLAZA WAY;TWO-WAY,NOT DIVIDED;DARK - LIGHTED ROADWAY;CLEAR;0;0;;NO CONTROL PRESENT;PASSENGER CAR;PASSENGER CAR;NONE;NONE;;2017-01-15T01:27:37-05:00;2017;No;No;1;01
CARY;NONE;NONE;NONE;0;0;;;NONE;NONE;NONE;NONE;;2016-12-23T07:05:22-05:00;2016;No;No;12;07
100 FEET FROM 421 RUTHERGLEN DR;TWO-WAY,NOT DIVIDED;DAYLIGHT;CLOUDY;0;0;;NO CONTROL PRESENT;PASSENGER CAR;NONE;NONE;NONE;;2017-01-14T12:09:00-05:00;2017;No;No;1;12
CARY;TWO-WAY,NOT DIVIDED;DAYLIGHT;CLOUDY;0;0;;STOP SIGN;PASSENGER CAR;PASSENGER CAR;NONE;NONE;;2017-01-14T15:31:32-05:00;2017;No;No;1;15
136 FEET FROM PVA (1000 HIGH HOUSE RD);TWO-WAY,NOT DIVIDED;DAYLIGHT;CLEAR;0;0;;STOP SIGN;PASSENGER CAR;PASSENGER CAR;NONE;NONE;;2017-01-15T08:55:19-05:00;2017;No;No;1;08
50 FEET FROM P.V.A. (JASON`S DELI);TWO-WAY,NOT DIVIDED;DAYLIGHT;CLEAR;0;0;;NO CONTROL PRESENT;VAN;SPORT UTILITY;NONE;NONE;;2017-01-15T12:16:00-05:00;2017;No;No;1;12
1 MILES FROM US 1 HWY SB;TWO-WAY,DIVIDED,POSITIVE MEDIAN BARRIER;DAYLIGHT;CLEAR;0;0;;NO CONTROL PRESENT;SPORT UTILITY;PICKUP;NONE;NONE;;2017-01-13T16:12:14-05:00;2017;No;No;1;16
CARY;TWO-WAY,NOT DIVIDED;DARK - LIGHTED ROADWAY;CLEAR;0;2;;STOP SIGN;PICKUP;SPORT UTILITY;LIGHT TRUCK (MINI-VAN- PANEL);NONE;;2017-01-13T23:27:00-05:00;2017;No;Yes;1;23
10 FEET FROM S.R. 1307 (E CHATHAM ST);TWO-WAY,NOT DIVIDED;DAYLIGHT;CLEAR;0;0;;NO CONTROL PRESENT;PICKUP;PASSENGER CAR;NONE;NONE;;2017-01-14T15:46:16-05:00;2017;No;No;1;15
15 FEET FROM SR 1009 (TRYON RD);TWO-WAY,DIVIDED,UNPROTECTED MEDIAN;DAYLIGHT;CLEAR;0;0;;STOP AND GO SIGNAL;SPORT UTILITY;PASSENGER CAR;NONE;NONE;;2017-01-16T15:41:12-05:00;2017;No;No;1;15
.25 MILES FROM SR 1635 (MCCRIMMON PKWY);TWO-WAY,NOT DIVIDED;DAWN;CLOUDY;0;0;;SCHOOL ZONE SIGNS;SPORT UTILITY;SPORT UTILITY;NONE;NONE;;2017-01-17T07:05:42-05:00;2017;No;No;1;07
364 FEET FROM BERWICK VALLEY LN;NONE;DAYLIGHT;CLEAR;0;0;;NO CONTROL PRESENT;PASSENGER CAR;PASSENGER CAR;NONE;NONE;;2017-01-17T08:36:12-05:00;2017;No;No;1;08
CARY;TWO-WAY,DIVIDED,UNPROTECTED MEDIAN;DAWN;CLOUDY;0;0;;STOP AND GO SIGNAL;PASSENGER CAR;SPORT UTILITY;NONE;NONE;;2017-01-17T08:25:37-05:00;2017;No;No;1;08
CARY;TWO-WAY,DIVIDED,UNPROTECTED MEDIAN;DAYLIGHT;CLOUDY;0;0;;STOP SIGN;SPORT UTILITY;VAN;NONE;NONE;;2017-01-17T12:41:00-05:00;2017;No;No;1;12
CARY;TWO-WAY,DIVIDED,UNPROTECTED MEDIAN;DARK - LIGHTED ROADWAY;CLEAR;0;0;;YIELD SIGN;SPORT UTILITY;NONE;NONE;NONE;;2017-01-18T07:06:48-05:00;2017;No;No;1;07
300 FEET FROM US 1 HWY;TWO-WAY,DIVIDED,UNPROTECTED MEDIAN;DAYLIGHT;CLEAR;0;0;;NO CONTROL PRESENT;PICKUP;PASSENGER CAR;NONE;NONE;;2017-01-19T18:02:33-05:00;2017;No;No;1;18
220 FEET FROM W PARK ST;TWO-WAY,NOT DIVIDED;DAYLIGHT;CLOUDY;0;0;;NO CONTROL PRESENT;PICKUP;SPORT UTILITY;NONE;NONE;;2017-01-20T13:45:05-05:00;2017;No;No;1;13
100 FEET FROM SR-1379 (PENNY RD);TWO-WAY,NOT DIVIDED;DARK - ROADWAY NOT LIGHTED;CLOUDY;0;0;;NO CONTROL PRESENT;PASSENGER CAR;SPORT UTILITY;NONE;NONE;;2017-01-20T18:26:50-05:00;2017;No;No;1;18
50 FEET FROM CARY TOWNE BLVD;TWO-WAY,DIVIDED,POSITIVE MEDIAN BARRIER;DAYLIGHT;CLOUDY;0;0;;STOP AND GO SIGNAL;PASSENGER CAR;PASSENGER CAR;NONE;NONE;;2017-01-21T11:01:00-05:00;2017;No;No;1;11
150 FEET FROM LOCHSIDE DR;TWO-WAY,NOT DIVIDED;DARK - UNKNOWN LIGHTING;CLEAR;0;0;;NO CONTROL PRESENT;SPORT UTILITY;PASSENGER CAR;NONE;NONE;;2017-01-19T00:04:00-05:00;2017;No;No;1;00
CARY;TWO-WAY,DIVIDED,UNPROTECTED MEDIAN;DAYLIGHT;RAIN;0;0;;STOP SIGN;PASSENGER CAR;SPORT UTILITY;NONE;NONE;;2017-01-22T10:02:00-05:00;2017;No;No;1;10
CARY;TWO-WAY,NOT DIVIDED;DAYLIGHT;CLEAR;0;0;;STOP SIGN;PASSENGER CAR;PASSENGER CAR;NONE;NONE;;2017-01-21T15:17:04-05:00;2017;No;No;1;15
480 FEET FROM SR-1300 (KILDAIRE FARM RD);TWO-WAY,DIVIDED,UNPROTECTED MEDIAN;DAYLIGHT;CLOUDY;0;1;;STOP AND GO SIGNAL;SPORT UTILITY;PASSENGER CAR;NONE;NONE;;2017-01-22T18:18:02-05:00;2017;No;Yes;1;18
CARY;TWO-WAY,DIVIDED,UNPROTECTED MEDIAN;DAYLIGHT;CLOUDY;0;0;;STOP AND GO SIGNAL;PASSENGER CAR;SPORT UTILITY;NONE;NONE;;2017-01-23T12:30:00-05:00;2017;No;No;1;12
300 FEET FROM WALNUT ST;TWO-WAY,DIVIDED,UNPROTECTED MEDIAN;DARK - LIGHTED ROADWAY;RAIN;0;0;;NO CONTROL PRESENT;PASSENGER CAR;PASSENGER CAR;PASSENGER CAR;NONE;;2017-01-21T16:52:22-05:00;2017;No;No;1;16
200 FEET FROM SR3977 (SE CARY PKWY);TWO-WAY,DIVIDED,UNPROTECTED MEDIAN;DUSK;CLEAR;0;0;;STOP AND GO SIGNAL;PASSENGER CAR;SPORT UTILITY;NONE;NONE;;2017-01-19T19:58:17-05:00;2017;No;No;1;19
50 FEET FROM US 1 HWY;ONE-WAY,NOT DIVIDED;DAYLIGHT;CLEAR;0;0;;STOP AND GO SIGNAL;SPORT UTILITY;SPORT UTILITY;NONE;NONE;;2017-01-24T10:56:00-05:00;2017;No;No;1;10
250 FEET FROM SR 1152 (HOLLY SPRINGS RD);TWO-WAY,DIVIDED,UNPROTECTED MEDIAN;DARK - LIGHTED ROADWAY;CLEAR;0;0;DARTING;NO CONTROL PRESENT;SPORT UTILITY;NONE;NONE;NONE;;2017-01-24T22:16:00-05:00;2017;No;No;1;22
.50 MILES FROM US1;TWO-WAY,DIVIDED,POSITIVE MEDIAN BARRIER;DAYLIGHT;CLEAR;0;0;;NO CONTROL PRESENT;PASSENGER CAR;PASSENGER CAR;NONE;NONE;;2017-01-25T17:32:29-05:00;2017;No;No;1;17
20 FEET FROM SR 4067 (REGENCY PKWY);TWO-WAY,DIVIDED,UNPROTECTED MEDIAN;DAYLIGHT;CLEAR;0;0;;NO CONTROL PRESENT;NONE;NONE;NONE;NONE;;2017-01-24T11:54:00-05:00;2017;No;No;1;11
0 FEET FROM SR 1387 (WEST LAKE RD);NONE;NONE;NONE;0;0;;;NONE;NONE;NONE;NONE;;2016-11-02T09:29:09-04:00;2016;No;No;11;09
1 MILES FROM US 1 HWY;TWO-WAY,DIVIDED,POSITIVE MEDIAN BARRIER;DAYLIGHT;RAIN;0;0;;NO CONTROL PRESENT;SPORT UTILITY;PASSENGER CAR;NONE;NONE;;2017-01-26T07:44:10-05:00;2017;No;No;1;07
150 FEET FROM P.V.A. (321 N. HARRISON AVE);TWO-WAY,NOT DIVIDED;DARK - LIGHTED ROADWAY;CLEAR;0;0;;NO CONTROL PRESENT;PICKUP;SPORT UTILITY;NONE;NONE;;2017-01-25T20:04:13-05:00;2017;No;No;1;20
0 FEET FROM SR 3977 (CARY PKWY);TWO-WAY,DIVIDED,UNPROTECTED MEDIAN;DAYLIGHT;CLEAR;0;0;;NO CONTROL PRESENT;PASSENGER CAR;VAN;NONE;NONE;;2017-01-25T07:53:42-05:00;2017;No;No;1;07
CARY;TWO-WAY,DIVIDED,UNPROTECTED MEDIAN;DAYLIGHT;CLEAR;0;1;;STOP SIGN;PICKUP;NONE;NONE;NONE;;2017-01-27T16:04:13-05:00;2017;No;Yes;1;16
10 FEET FROM PORTRAIT DR;TWO-WAY,DIVIDED,UNPROTECTED MEDIAN;DAYLIGHT;CLEAR;0;0;;STOP SIGN;LIGHT TRUCK (MINI-VAN- PANEL);PASSENGER CAR;NONE;NONE;;2017-01-28T13:55:52-05:00;2017;No;No;1;13
.30 MILES FROM US 1 EXIT RAMP 98 SB;ONE-WAY,NOT DIVIDED;DARK - ROADWAY NOT LIGHTED;CLEAR;0;0;;STOP AND GO SIGNAL;PASSENGER CAR;PASSENGER CAR;NONE;NONE;;2017-01-28T18:27:54-05:00;2017;No;No;1;18
.2 MILES FROM PVA 2101 SR 1613 (DAVIS DR);TWO-WAY,NOT DIVIDED;DAYLIGHT;CLEAR;0;0;;NO CONTROL PRESENT;PASSENGER CAR;NONE;NONE;NONE;;2017-01-29T09:54:50-05:00;2017;No;No;1;09
30 FEET FROM SR-1415 (SE MAYNARD RD);TWO-WAY,DIVIDED,UNPROTECTED MEDIAN;DAYLIGHT;CLEAR;0;0;;NO CONTROL PRESENT;PASSENGER CAR;PASSENGER CAR;NONE;NONE;;2017-01-30T14:35:43-05:00;2017;No;No;1;14
0 FEET FROM NC54 (NW MAYNARD RD);TWO-WAY,NOT DIVIDED;DAYLIGHT;CLEAR;0;0;;STOP AND GO SIGNAL;PICKUP;PASSENGER CAR;NONE;NONE;;2017-01-30T16:09:46-05:00;2017;No;No;1;16
200 FEET FROM PVA (805 HIGH HOUSE RD);TWO-WAY,NOT DIVIDED;DARK - LIGHTED ROADWAY;CLEAR;0;0;;NO CONTROL PRESENT;SPORT UTILITY;NONE;NONE;NONE;;2017-01-30T20:34:27-05:00;2017;No;No;1;20
20 FEET FROM P.V.A. (26207 DOCTINE WAY);TWO-WAY,NOT DIVIDED;DAYLIGHT;CLEAR;0;0;;NO CONTROL PRESENT;PASSENGER CAR;PASSENGER CAR;NONE;NONE;;2017-01-31T07:56:43-05:00;2017;No;No;1;07
300 FEET FROM US HWY 64;TWO-WAY,DIVIDED,UNPROTECTED MEDIAN;DARK - ROADWAY NOT LIGHTED;CLEAR;0;0;;STOP AND GO SIGNAL;PASSENGER CAR;PICKUP;NONE;NONE;;2017-01-31T19:03:07-05:00;2017;No;No;1;19
40 FEET FROM SR-5039 (JONES FRANKLIN RD);TWO-WAY,NOT DIVIDED;DAYLIGHT;CLEAR;0;0;;STOP AND GO SIGNAL;PASSENGER CAR;PASSENGER CAR;NONE;NONE;;2017-01-31T10:23:00-05:00;2017;No;No;1;10
.04 MILES FROM REGENCY PKWY;TWO-WAY,DIVIDED,UNPROTECTED MEDIAN;DAYLIGHT;CLEAR;0;0;;NO CONTROL PRESENT;PICKUP;PASSENGER CAR;NONE;NONE;;2017-02-02T08:45:30-05:00;2017;No;No;2;08
15 FEET FROM SR1313 (WALNUT ST);TWO-WAY,DIVIDED,UNPROTECTED MEDIAN;DAYLIGHT;CLEAR;0;0;;STOP AND GO SIGNAL;SPORT UTILITY;PASSENGER CAR;NONE;NONE;;2017-02-02T08:10:51-05:00;2017;No;No;2;08
250 FEET FROM P.V.A. (1111 SE MAYNARD RD);ONE-WAY,NOT DIVIDED;DAYLIGHT;CLEAR;0;1;;NO CONTROL PRESENT;PASSENGER CAR;NONE;NONE;NONE;;2017-02-02T22:25:00-05:00;2017;No;Yes;2;22
263 FEET FROM ROLAND GLEN RD;TWO-WAY,NOT DIVIDED;DARK - LIGHTED ROADWAY;CLEAR;0;0;;NO CONTROL PRESENT;NONE;NONE;NONE;NONE;;2017-02-04T02:19:20-05:00;2017;No;No;2;02
CARY;TWO-WAY,DIVIDED,UNPROTECTED MEDIAN;DAYLIGHT;CLEAR;0;0;;STOP AND GO SIGNAL;PICKUP;PASSENGER CAR;NONE;NONE;;2017-02-03T16:54:42-05:00;2017;No;No;2;16
.1 MILES FROM PVA OF 1311 KILDAIRE FARM RD;TWO-WAY,NOT DIVIDED;DAYLIGHT;CLEAR;0;0;;NO CONTROL PRESENT;PASSENGER CAR;PASSENGER CAR;NONE;NONE;;2017-02-06T12:57:00-05:00;2017;No;No;2;12
300 FEET FROM SR1613 (DAVIS DR);TWO-WAY,DIVIDED,UNPROTECTED MEDIAN;DUSK;CLEAR;0;0;;NO CONTROL PRESENT;PASSENGER CAR;PASSENGER CAR;NONE;NONE;;2017-02-07T17:52:20-05:00;2017;No;No;2;17
.2 MILES FROM NC 55 HWY;TWO-WAY,DIVIDED,UNPROTECTED MEDIAN;DAYLIGHT;CLEAR;0;0;;STOP SIGN;VAN;PASSENGER CAR;NONE;NONE;;2017-01-04T12:57:00-05:00;2017;No;No;1;12
20 FEET FROM SR 1002 (AVIATION PKWY);TWO-WAY,NOT DIVIDED;DAYLIGHT;CLEAR;0;0;;STOP AND GO SIGNAL;PICKUP;PASSENGER CAR;NONE;NONE;;2017-02-08T10:37:00-05:00;2017;No;No;2;10
0 FEET FROM SR 1387 (WEST LAKE RD);TWO-WAY,NOT DIVIDED;DAYLIGHT;CLEAR;0;1;;STOP SIGN;SPORT UTILITY;PASSENGER CAR;NONE;NONE;;2017-02-08T13:00:37-05:00;2017;No;Yes;2;13
0.3 MILES FROM US 1;TWO-WAY,DIVIDED,POSITIVE MEDIAN BARRIER;DAYLIGHT;CLEAR;0;0;;NO CONTROL PRESENT;PASSENGER CAR;PASSENGER CAR;NONE;NONE;;2017-02-09T15:21:44-05:00;2017;No;No;2;15
CARY;TWO-WAY,DIVIDED,UNPROTECTED MEDIAN;DAYLIGHT;CLEAR;0;0;;STOP AND GO SIGNAL;PASSENGER CAR;VAN;NONE;NONE;;2017-02-10T13:50:17-05:00;2017;No;No;2;13
348 FEET FROM PVA OF 2010 KILDAIRE FARM RD;ONE-WAY,NOT DIVIDED;DAYLIGHT;CLEAR;0;0;;NO CONTROL PRESENT;PASSENGER CAR;NONE;NONE;NONE;;2017-02-11T11:48:00-05:00;2017;No;No;2;11
CARY;TWO-WAY,DIVIDED,UNPROTECTED MEDIAN;DARK - LIGHTED ROADWAY;CLEAR;0;0;;STOP AND GO SIGNAL;SPORT UTILITY;PASSENGER CAR;NONE;NONE;;2017-02-11T21:53:55-05:00;2017;No;No;2;21
.1 MILES FROM GLEN ECHO LN;TWO-WAY,NOT DIVIDED;DAYLIGHT;CLEAR;0;1;;NO CONTROL PRESENT;SPORT UTILITY;NONE;NONE;NONE;;2017-02-12T17:28:30-05:00;2017;No;Yes;2;17
CARY;TWO-WAY,DIVIDED,POSITIVE MEDIAN BARRIER;DAYLIGHT;CLEAR;0;0;;NO CONTROL PRESENT;PASSENGER CAR;NONE;NONE;NONE;;2017-02-13T18:23:20-05:00;2017;No;No;2;18
1 MILES FROM SR 1370 TRYON RD;TWO-WAY,DIVIDED,UNPROTECTED MEDIAN;DAYLIGHT;CLEAR;0;1;;NO CONTROL PRESENT;PASSENGER CAR;PASSENGER CAR;NONE;NONE;;2017-02-13T11:14:00-05:00;2017;No;Yes;2;11