Location_Description;Road_Configuration;Light_Condition;Weather;Fatality;Injury;Contributing_Factor;Traffic_Control;Vehicle1;Vehicle2;Vehicle3;Vehicle4;Vehicle5;Crash_Date;year;Fatalities;Injuries;Month;Hour
0 FEET FROM SR- 1652 (N HARRISON AV);TWO-WAY,DIVIDED,UNPROTECTED MEDIAN;DAYLIGHT;CLEAR;0;0;;STOP AND GO SIGNAL;SPORT UTILITY;PASSENGER CAR;NONE;NONE;;2017-03-26T08:21:41-04:00;2017;No;No;3;08
100 FEET FROM PVA OF 1000 VALLEYSTONE DR;TWO-WAY,NOT DIVIDED;DAYLIGHT;CLEAR;0;0;;STOP SIGN;SPORT UTILITY;VAN;NONE;NONE;;2017-03-27T12:58:00-04:00;2017;No;No;3;12
200 FEET FROM PVA (205 GRANDE HEIGHTS DR);TWO-WAY,NOT DIVIDED;DAYLIGHT;CLEAR;0;0;;NO CONTROL PRESENT;PASSENGER CAR;PASSENGER CAR;NONE;NONE;;2017-03-27T15:19:01-04:00;2017;No;No;3;15
.2841 MILES FROM US 1 HWY;TWO-WAY,DIVIDED,POSITIVE MEDIAN BARRIER;DAYLIGHT;RAIN;0;0;;NO CONTROL PRESENT;SPORT UTILITY;NONE;NONE;NONE;;2017-03-28T08:41:38-04:00;2017;No;No;3;08
CARY;NONE;NONE;NONE;0;0;;;NONE;NONE;NONE;NONE;;2017-03-13T02:32:15-04:00;2017;No;No;3;02
.1 MILES FROM US HWY 1N;TWO-WAY,DIVIDED,POSITIVE MEDIAN BARRIER;DAYLIGHT;CLEAR;0;4;;NO CONTROL PRESENT;PASSENGER CAR;SPORT UTILITY;SPORT UTILITY;NONE;;2017-03-28T16:26:46-04:00;2017;No;Yes;3;16
10 FEET FROM SR 1009 TRYON RD;TWO-WAY,DIVIDED,POSITIVE MEDIAN BARRIER;DAYLIGHT;CLEAR;0;2;;STOP AND GO SIGNAL;PASSENGER CAR;PASSENGER CAR;NONE;NONE;;2017-03-28T14:39:32-04:00;2017;No;Yes;3;14
0 FEET FROM SR 3073 (NW MAYNARD RD);TWO-WAY,DIVIDED,UNPROTECTED MEDIAN;DAYLIGHT;CLEAR;0;0;;STOP SIGN;PASSENGER CAR;SPORT UTILITY;SPORT UTILITY;NONE;;2017-03-28T19:09:30-04:00;2017;No;No;3;19
.15 MILES FROM SR1009 (TRY0N RD);TWO-WAY,DIVIDED,UNPROTECTED MEDIAN;DAYLIGHT;CLOUDY;0;0;;NO CONTROL PRESENT;PASSENGER CAR;SPORT UTILITY;NONE;NONE;;2017-03-28T17:39:51-04:00;2017;No;No;3;17
20 FEET FROM CROSSROADS BLVD;TWO-WAY,DIVIDED,POSITIVE MEDIAN BARRIER;DAYLIGHT;CLEAR;0;0;;STOP AND GO SIGNAL;PASSENGER CAR;SINGLE UNIT TRUCK (2-AXLE- 6-TIRE);NONE;NONE;;2017-03-29T07:36:54-04:00;2017;No;No;3;07
CARY;TWO-WAY,NOT DIVIDED;DAYLIGHT;CLEAR;0;0;;STOP SIGN;SPORT UTILITY;PASSENGER CAR;NONE;NONE;;2017-03-29T07:52:31-04:00;2017;No;No;3;07
300 FEET FROM 2500 CARPENTER UPCHURCH RD;TWO-WAY,DIVIDED,UNPROTECTED MEDIAN;DAYLIGHT;CLOUDY;0;0;;NO CONTROL PRESENT;SPORT UTILITY;PICKUP;NONE;NONE;;2017-03-08T11:50:00-05:00;2017;No;No;3;11
CARY;TWO-WAY,NOT DIVIDED;DAYLIGHT;CLOUDY;0;0;;STOP AND GO SIGNAL;PASSENGER CAR;PICKUP;NONE;NONE;;2017-03-29T11:20:00-04:00;2017;No;No;3;11
200 FEET FROM PVA 1700 REGENCY PKWY;ONE-WAY,NOT DIVIDED;DAYLIGHT;CLEAR;0;0;;NO CONTROL PRESENT;SPORT UTILITY;PASSENGER CAR;NONE;NONE;;2017-03-29T12:42:00-04:00;2017;No;No;3;12
CARY;NONE;NONE;NONE;0;0;;;NONE;NONE;NONE;NONE;;2017-03-23T17:54:47-04:00;2017;No;No;3;17
75 FEET FROM MORNINGSIDE DR;TWO-WAY,NOT DIVIDED;DAYLIGHT;CLEAR;0;0;;NO CONTROL PRESENT;PASSENGER CAR;NONE;NONE;NONE;;2017-03-28T18:28:42-04:00;2017;No;No;3;18
CARY;NONE;NONE;NONE;0;0;;;NONE;NONE;NONE;NONE;;2017-03-13T03:19:08-04:00;2017;No;No;3;03
50 FEET FROM SR 1652 (N HARRISON AVE);TWO-WAY,DIVIDED,UNPROTECTED MEDIAN;DAYLIGHT;CLEAR;0;0;;NO CONTROL PRESENT;PASSENGER CAR;SPORT UTILITY;NONE;NONE;;2017-03-28T07:51:27-04:00;2017;No;No;3;07
CARY;TWO-WAY,NOT DIVIDED;DAYLIGHT;CLEAR;0;0;;NO CONTROL PRESENT;NONE;PASSENGER CAR;NONE;NONE;;2017-03-29T14:50:14-04:00;2017;No;No;3;14
20 FEET FROM SR 1009 TRYON RD;TWO-WAY,DIVIDED,POSITIVE MEDIAN BARRIER;DAYLIGHT;RAIN;0;0;;STOP AND GO SIGNAL;PASSENGER CAR;VAN;NONE;NONE;;2017-03-31T12:17:00-04:00;2017;No;No;3;12
.2652 MILES FROM US 1 HWY;TWO-WAY,DIVIDED,POSITIVE MEDIAN BARRIER;DAYLIGHT;CLEAR;0;0;;NO CONTROL PRESENT;PASSENGER CAR;NONE;NONE;NONE;;2017-03-31T12:43:00-04:00;2017;No;No;3;12
CARY;TWO-WAY,NOT DIVIDED;DAYLIGHT;CLEAR;0;0;;NO CONTROL PRESENT;NONE;SPORT UTILITY;NONE;NONE;;2017-03-31T18:57:01-04:00;2017;No;No;3;18
50 FEET FROM P.V.A. (1105 WALNUT ST);ONE-WAY,NOT DIVIDED;DARK - ROADWAY NOT LIGHTED;CLEAR;0;0;;NO CONTROL PRESENT;PASSENGER CAR;NONE;NONE;NONE;;2017-04-01T02:16:07-04:00;2017;No;No;4;02
50 FEET FROM PVA TIME WARNER 101 INNOVATION;TWO-WAY,NOT DIVIDED;DAYLIGHT;RAIN;0;0;;NO CONTROL PRESENT;PASSENGER CAR;PASSENGER CAR;NONE;NONE;;2017-03-31T11:10:00-04:00;2017;No;No;3;11
300 FEET FROM PVA 319 CROSSROADS BLVD;TWO-WAY,NOT DIVIDED;DAYLIGHT;CLEAR;0;0;;NO CONTROL PRESENT;PASSENGER CAR;PASSENGER CAR;NONE;NONE;;2017-04-01T16:01:20-04:00;2017;No;No;4;16
50 FEET FROM PVA (1367 SE MAYNARD RD);TWO-WAY,NOT DIVIDED;DARK - LIGHTED ROADWAY;CLEAR;0;0;;NO CONTROL PRESENT;PASSENGER CAR;PASSENGER CAR;NONE;NONE;;2017-04-01T22:01:00-04:00;2017;No;No;4;22
CARY;TWO-WAY,NOT DIVIDED;DAYLIGHT;CLEAR;0;1;;STOP SIGN;SPORT UTILITY;PASSENGER CAR;NONE;NONE;;2017-04-01T06:52:38-04:00;2017;No;Yes;4;06
CARY;TWO-WAY,DIVIDED,POSITIVE MEDIAN BARRIER;DAYLIGHT;CLEAR;0;0;;STOP AND GO SIGNAL;VAN;PASSENGER CAR;NONE;NONE;;2017-04-02T18:42:20-04:00;2017;No;No;4;18
CARY;TWO-WAY,DIVIDED,POSITIVE MEDIAN BARRIER;DAYLIGHT;CLEAR;0;0;;STOP AND GO SIGNAL;SPORT UTILITY;PASSENGER CAR;NONE;NONE;;2017-04-02T15:53:22-04:00;2017;No;No;4;15
100 FEET FROM SR1615 (HIGH HOUSE RD);TWO-WAY,DIVIDED,UNPROTECTED MEDIAN;DAYLIGHT;RAIN;0;0;;NO CONTROL PRESENT;PASSENGER CAR;PASSENGER CAR;NONE;NONE;;2017-04-03T18:41:36-04:00;2017;No;No;4;18
5 FEET FROM SR 1415 (SW MAYNARD RD);TWO-WAY,NOT DIVIDED;DARK - LIGHTED ROADWAY;CLEAR;0;0;;STOP AND GO SIGNAL;SPORT UTILITY;PASSENGER CAR;NONE;NONE;;2017-04-03T22:17:00-04:00;2017;No;No;4;22
100 FEET FROM SR 1300 (KILDAIRE FARM RD);TWO-WAY,DIVIDED,UNPROTECTED MEDIAN;DAYLIGHT;CLEAR;0;0;;NO CONTROL PRESENT;PASSENGER CAR;LIGHT TRUCK (MINI-VAN- PANEL);NONE;NONE;;2017-03-29T11:45:00-04:00;2017;No;No;3;11
363 FEET FROM 2500 CARPENTER UPCHURCH RD;TWO-WAY,NOT DIVIDED;DAYLIGHT;CLEAR;0;0;;NO CONTROL PRESENT;SPORT UTILITY;SPORT UTILITY;NONE;NONE;;2017-04-03T13:43:47-04:00;2017;No;No;4;13
CARY;TWO-WAY,DIVIDED,UNPROTECTED MEDIAN;DAYLIGHT;RAIN;0;0;;STOP AND GO SIGNAL;PASSENGER CAR;PASSENGER CAR;NONE;NONE;;2017-04-05T15:54:50-04:00;2017;No;No;4;15
1000 FEET FROM NC 55 HWY;TWO-WAY,DIVIDED,POSITIVE MEDIAN BARRIER;DAYLIGHT;RAIN;0;0;;STOP AND GO SIGNAL;PICKUP;PASSENGER CAR;NONE;NONE;;2017-04-05T18:09:42-04:00;2017;No;No;4;18
CARY;TWO-WAY,NOT DIVIDED;DAYLIGHT;CLOUDY;0;0;;STOP SIGN;PASSENGER CAR;SPORT UTILITY;NONE;NONE;;2017-04-05T13:58:56-04:00;2017;No;No;4;13
10 FEET FROM US 1;ONE-WAY,NOT DIVIDED;DAYLIGHT;RAIN;0;0;;STOP AND GO SIGNAL;PASSENGER CAR;SPORT UTILITY;NONE;NONE;;2017-04-06T10:25:00-04:00;2017;No;No;4;10
100 FEET FROM PVA 305 COLONADES WAY;ONE-WAY,NOT DIVIDED;DAYLIGHT;CLOUDY;0;0;;NO CONTROL PRESENT;PASSENGER CAR;NONE;NONE;NONE;;2017-04-06T12:43:00-04:00;2017;No;No;4;12
.3 MILES FROM US 1 (NORTHBOUND);TWO-WAY,DIVIDED,POSITIVE MEDIAN BARRIER;DAYLIGHT;CLOUDY;0;0;;NO CONTROL PRESENT;PASSENGER CAR;PASSENGER CAR;NONE;NONE;;2017-04-06T10:43:00-04:00;2017;No;No;4;10
20 FEET FROM LATTNER CT;NONE;DAYLIGHT;CLEAR;0;0;;STOP SIGN;PASSENGER CAR;PASSENGER CAR;NONE;NONE;;2017-04-06T09:42:33-04:00;2017;No;No;4;09
15 FEET FROM SR 1415 (MAYNARD RD);TWO-WAY,DIVIDED,UNPROTECTED MEDIAN;DARK - LIGHTED ROADWAY;CLEAR;0;0;;STOP AND GO SIGNAL;PASSENGER CAR;LIGHT TRUCK (MINI-VAN- PANEL);NONE;NONE;;2017-04-06T21:59:34-04:00;2017;No;No;4;21
10 FEET FROM US 1;TWO-WAY,DIVIDED,POSITIVE MEDIAN BARRIER;DAYLIGHT;CLEAR;0;0;;STOP AND GO SIGNAL;PASSENGER CAR;PASSENGER CAR;NONE;NONE;;2017-04-07T07:24:08-04:00;2017;No;No;4;07
100 FEET FROM PVA 501 CAITBOO AVE;ONE-WAY,NOT DIVIDED;DAYLIGHT;CLEAR;0;0;;NO CONTROL PRESENT;PASSENGER CAR;PASSENGER CAR;NONE;NONE;;2017-04-07T14:05:12-04:00;2017;No;No;4;14
20 FEET FROM PANTEGO TRAIL;TWO-WAY,NOT DIVIDED;NONE;CLEAR;0;0;;NO CONTROL PRESENT;NONE;PASSENGER CAR;NONE;NONE;;2017-04-07T18:40:16-04:00;2017;No;No;4;18
.16 MILES FROM SR-1302 (STEPHENSON RD);NONE;NONE;NONE;0;0;;;NONE;NONE;NONE;NONE;;2017-04-01T09:27:03-04:00;2017;No;No;4;09
240 FEET FROM SR#4067 (REGENCY PKWY);TWO-WAY,DIVIDED,UNPROTECTED MEDIAN;DAYLIGHT;CLEAR;0;1;;NO CONTROL PRESENT;NONE;NONE;NONE;NONE;;2017-04-09T16:16:20-04:00;2017;No;Yes;4;16
50 FEET FROM SR#1313 (WALNUT ST);TWO-WAY,NOT DIVIDED;DAYLIGHT;CLEAR;0;0;;NO CONTROL PRESENT;PASSENGER CAR;SPORT UTILITY;NONE;NONE;;2017-04-08T11:50:00-04:00;2017;No;No;4;11
40 FEET FROM SR 1652 N HARRISON AVE;TWO-WAY,NOT DIVIDED;DAYLIGHT;CLEAR;0;0;;NO CONTROL PRESENT;PASSENGER CAR;SPORT UTILITY;NONE;NONE;;2017-04-12T10:47:00-04:00;2017;No;No;4;10
150 FEET FROM US 64 HWY;TWO-WAY,DIVIDED,UNPROTECTED MEDIAN;DAYLIGHT;CLEAR;0;0;;STOP AND GO SIGNAL;PASSENGER CAR;PASSENGER CAR;NONE;NONE;;2017-04-12T18:23:44-04:00;2017;No;No;4;18
60 FEET FROM I-40 W RAMP TO N HARRISON AVE;ONE-WAY,NOT DIVIDED;DAYLIGHT;CLEAR;0;0;;STOP AND GO SIGNAL;PASSENGER CAR;PASSENGER CAR;NONE;NONE;;2017-04-06T19:10:46-04:00;2017;No;No;4;19
60 FEET FROM SR 1300 KILDAIRE FARM RD;TWO-WAY,DIVIDED,UNPROTECTED MEDIAN;DAYLIGHT;CLEAR;0;0;;STOP AND GO SIGNAL;PASSENGER CAR;SPORT UTILITY;NONE;NONE;;2017-04-06T19:10:46-04:00;2017;No;No;4;19
.10 MILES FROM US 1 SB;TWO-WAY,DIVIDED,POSITIVE MEDIAN BARRIER;DAYLIGHT;CLEAR;0;0;;NO CONTROL PRESENT;PASSENGER CAR;SPORT UTILITY;PASSENGER CAR;NONE;;2017-04-12T19:10:46-04:00;2017;No;No;4;19
.15 MILES FROM PVA (930 HIGH HOUSE RD);TWO-WAY,NOT DIVIDED;DAYLIGHT;CLEAR;0;0;;NO CONTROL PRESENT;PICKUP;PASSENGER CAR;NONE;NONE;;2017-04-12T12:21:00-04:00;2017;No;No;4;12
CARY;TWO-WAY,NOT DIVIDED;DAYLIGHT;CLEAR;0;0;;STOP AND GO SIGNAL;PASSENGER CAR;PASSENGER CAR;NONE;NONE;;2017-04-13T16:25:26-04:00;2017;No;No;4;16
18 FEET FROM I-40 EXIT 287 RAMP EB;ONE-WAY,NOT DIVIDED;DAYLIGHT;CLEAR;0;0;;STOP AND GO SIGNAL;PASSENGER CAR;PASSENGER CAR;NONE;NONE;;2017-04-13T22:18:00-04:00;2017;No;No;4;22
.12 MILES FROM PVA OF 2370 WALNUT ST;TWO-WAY,NOT DIVIDED;DAYLIGHT;CLEAR;0;0;;NO CONTROL PRESENT;VAN;PASSENGER CAR;NONE;NONE;;2017-04-14T17:49:48-04:00;2017;No;No;4;17
50 FEET FROM PVA 2000 WALNUT ST;TWO-WAY,NOT DIVIDED;DARK - LIGHTED ROADWAY;CLEAR;0;0;;NO CONTROL PRESENT;NONE;PASSENGER CAR;NONE;NONE;;2017-04-14T22:25:00-04:00;2017;No;No;4;22
400 FEET FROM P.V.A. 205 HYDE PARK CT;TWO-WAY,NOT DIVIDED;NONE;CLEAR;0;0;;NO CONTROL PRESENT;PASSENGER CAR;PASSENGER CAR;NONE;NONE;;2017-04-16T10:42:00-04:00;2017;No;No;4;10
75 FEET FROM KILDAIRE FARM RD;TWO-WAY,DIVIDED,UNPROTECTED MEDIAN;DAYLIGHT;CLEAR;0;0;;NO CONTROL PRESENT;SPORT UTILITY;NONE;NONE;NONE;;2017-04-16T13:25:04-04:00;2017;No;No;4;13
175 FEET FROM TRAPPERS RUN DR;TWO-WAY,NOT DIVIDED;DAYLIGHT;CLOUDY;0;0;;NO CONTROL PRESENT;SPORT UTILITY;PICKUP;NONE;NONE;;2017-04-17T18:49:06-04:00;2017;No;No;4;18
10 FEET FROM SR 1415 (SE MAYNARD RD);TWO-WAY,NOT DIVIDED;DAYLIGHT;RAIN;0;0;COMING FROM BEHIND PARKED VEHICLE;STOP SIGN;PASSENGER CAR;VAN;NONE;NONE;;2017-04-17T18:35:48-04:00;2017;No;No;4;18
100 FEET FROM SW MAYNARD RD (SR1415);TWO-WAY,NOT DIVIDED;DAYLIGHT;CLOUDY;0;0;;STOP AND GO SIGNAL;PICKUP;SPORT UTILITY;NONE;NONE;;2017-04-18T08:18:36-04:00;2017;No;No;4;08
CARY;TWO-WAY,DIVIDED,UNPROTECTED MEDIAN;DAYLIGHT;CLOUDY;0;0;;STOP AND GO SIGNAL;VAN;SPORT UTILITY;NONE;NONE;;2017-04-19T15:24:04-04:00;2017;No;No;4;15
.10 MILES FROM SR1415 (SW MAYNARD RD);TWO-WAY,NOT DIVIDED;DAYLIGHT;CLOUDY;0;0;;NO CONTROL PRESENT;SPORT UTILITY;SPORT UTILITY;NONE;NONE;;2017-04-19T11:36:00-04:00;2017;No;No;4;11
400 FEET FROM EDGEMORE AV;TWO-WAY,NOT DIVIDED;DAYLIGHT;CLOUDY;0;0;;NO CONTROL PRESENT;PASSENGER CAR;PASSENGER CAR;NONE;NONE;;2017-04-19T09:47:21-04:00;2017;No;No;4;09
CARY;TWO-WAY,NOT DIVIDED;DAYLIGHT;CLEAR;0;0;;STOP SIGN;PICKUP;PASSENGER CAR;NONE;NONE;;2017-04-20T22:13:00-04:00;2017;No;No;4;22
20 FEET FROM SR 1652 (N HARRISON AV);TWO-WAY,NOT DIVIDED;DAYLIGHT;CLEAR;0;0;;STOP AND GO SIGNAL;PASSENGER CAR;PASSENGER CAR;NONE;NONE;;2017-04-21T08:58:58-04:00;2017;No;No;4;08
.2 MILES FROM CROSSROADS BLVD;TWO-WAY,DIVIDED,UNPROTECTED MEDIAN;DAYLIGHT;CLEAR;0;0;;STOP SIGN;PASSENGER CAR;PASSENGER CAR;NONE;NONE;;2017-04-22T11:22:00-04:00;2017;No;No;4;11
250 FEET FROM PVA OF 6442 TRYON RD;NONE;NONE;NONE;0;0;;;SINGLE UNIT TRUCK (2-AXLE- 6-TIRE);NONE;NONE;NONE;;2017-04-15T07:23:34-04:00;2017;No;No;4;07
.15 MILES FROM P.V.A. (1510 N HARRISON AVE);ONE-WAY,NOT DIVIDED;DAYLIGHT;CLEAR;0;0;;NO CONTROL PRESENT;PASSENGER CAR;NONE;NONE;NONE;;2017-04-21T14:57:43-04:00;2017;No;No;4;14
0 FEET FROM SR 1613 DAVIS DR;TWO-WAY,DIVIDED,UNPROTECTED MEDIAN;DAYLIGHT;CLEAR;0;0;;STOP SIGN;PASSENGER CAR;PASSENGER CAR;NONE;NONE;;2017-04-15T10:03:00-04:00;2017;No;No;4;10
CARY;TWO-WAY,DIVIDED,UNPROTECTED MEDIAN;DAYLIGHT;RAIN;0;0;;STOP SIGN;PASSENGER CAR;PICKUP;NONE;NONE;;2017-04-24T12:02:00-04:00;2017;No;No;4;12
.1 MILES FROM PVA OF 1177 BUCK JONES RD;TWO-WAY,NOT DIVIDED;DAYLIGHT;RAIN;0;0;;STOP AND GO SIGNAL;PICKUP;SPORT UTILITY;NONE;NONE;;2017-04-24T18:37:34-04:00;2017;No;No;4;18
200 FEET FROM US 64 EAST;TWO-WAY,DIVIDED,UNPROTECTED MEDIAN;DAYLIGHT;RAIN;0;4;;STOP AND GO SIGNAL;VAN;PICKUP;PICKUP;PASSENGER CAR;PASSENGER CAR;2017-04-24T18:33:55-04:00;2017;No;Yes;4;18
CARY;TWO-WAY,NOT DIVIDED;DAYLIGHT;RAIN;0;0;;STOP SIGN;PASSENGER CAR;PASSENGER CAR;NONE;NONE;;2017-04-24T18:59:20-04:00;2017;No;No;4;18
CARY;TWO-WAY,DIVIDED,POSITIVE MEDIAN BARRIER;DAYLIGHT;RAIN;0;0;;STOP AND GO SIGNAL;PICKUP;VAN;NONE;NONE;;2017-04-24T15:38:51-04:00;2017;No;No;4;15
200 FEET FROM SR 3977 (CARY PKWY);TWO-WAY,DIVIDED,UNPROTECTED MEDIAN;DAYLIGHT;RAIN;0;0;;NO CONTROL PRESENT;PASSENGER CAR;VAN;NONE;NONE;;2017-04-24T15:26:57-04:00;2017;No;No;4;15
10 FEET FROM SR 1415 (MAYNARD RD);TWO-WAY,DIVIDED,UNPROTECTED MEDIAN;DAYLIGHT;CLEAR;0;0;;STOP AND GO SIGNAL;PASSENGER CAR;NONE;NONE;NONE;;2017-04-21T08:27:06-04:00;2017;No;No;4;08
10 FEET FROM MORRISVILLE CARPENTER RD;TWO-WAY,NOT DIVIDED;DAYLIGHT;RAIN;0;0;;NO CONTROL PRESENT;SPORT UTILITY;PASSENGER CAR;NONE;NONE;;2017-04-25T09:05:03-04:00;2017;No;No;4;09
225 FEET FROM PVA AT 204 CROSSROADS BLVD;TWO-WAY,NOT DIVIDED;DAYLIGHT;CLEAR;0;0;;NO CONTROL PRESENT;PASSENGER CAR;PICKUP;NONE;NONE;;2017-04-25T19:46:24-04:00;2017;No;No;4;19
.1 MILES FROM 408 BERRY CHASE WAY;ONE-WAY,NOT DIVIDED;DAYLIGHT;CLEAR;0;0;;NO CONTROL PRESENT;PASSENGER CAR;PASSENGER CAR;NONE;NONE;;2017-04-21T19:40:14-04:00;2017;No;No;4;19
100 FEET FROM SR 1300 (KILDAIRE FARM RD);TWO-WAY,DIVIDED,UNPROTECTED MEDIAN;DAYLIGHT;CLEAR;0;0;;NO CONTROL PRESENT;PICKUP;NONE;NONE;NONE;;2017-04-25T09:53:04-04:00;2017;No;No;4;09
300 FEET FROM 1 HWY;TWO-WAY,DIVIDED,POSITIVE MEDIAN BARRIER;DAYLIGHT;RAIN;0;0;;NO CONTROL PRESENT;PASSENGER CAR;NONE;NONE;NONE;;2017-04-24T13:06:28-04:00;2017;No;No;4;13
0 FEET FROM SR 1617 (CARPENTER UPCHURCH RD;TWO-WAY,DIVIDED,UNPROTECTED MEDIAN;DAYLIGHT;CLOUDY;0;1;;STOP SIGN;PASSENGER CAR;SPORT UTILITY;NONE;NONE;;2017-04-25T06:54:28-04:00;2017;No;Yes;4;06
400 MILES FROM MARQUETTE DR;TWO-WAY,NOT DIVIDED;DAYLIGHT;CLEAR;0;0;;NO CONTROL PRESENT;PASSENGER CAR;PASSENGER CAR;NONE;NONE;;2017-04-20T13:17:45-04:00;2017;No;No;4;13
45 FEET FROM SR 3124 (MORRISVILLE PKWY);TWO-WAY,DIVIDED,UNPROTECTED MEDIAN;DAYLIGHT;CLEAR;0;0;;STOP AND GO SIGNAL;SPORT UTILITY;PASSENGER CAR;NONE;NONE;;2017-04-25T19:29:08-04:00;2017;No;No;4;19
100 FEET FROM SR 1415 (SE MAYNARD RD);TWO-WAY,DIVIDED,UNPROTECTED MEDIAN;DARK - LIGHTED ROADWAY;CLEAR;0;1;;NO CONTROL PRESENT;SPORT UTILITY;PICKUP;NONE;NONE;;2017-04-26T20:17:29-04:00;2017;No;Yes;4;20
.04 MILES FROM CRESCENT GREEN;TWO-WAY,DIVIDED,UNPROTECTED MEDIAN;DAYLIGHT;CLEAR;0;0;;STOP SIGN;PASSENGER CAR;PASSENGER CAR;NONE;NONE;;2017-04-27T08:02:04-04:00;2017;No;No;4;08
35 FEET FROM PVA 4801 HIGH HOUSE RD;TWO-WAY,NOT DIVIDED;DAYLIGHT;CLEAR;0;0;;NO CONTROL PRESENT;PASSENGER CAR;UNKNOWN HEAVY TRUCK;NONE;NONE;;2017-04-28T12:27:00-04:00;2017;No;No;4;12
20 FEET FROM 411 COLONADES WAY;TWO-WAY,NOT DIVIDED;DAYLIGHT;CLEAR;0;0;;NO CONTROL PRESENT;PASSENGER CAR;PICKUP;NONE;NONE;;2017-04-28T15:16:00-04:00;2017;No;No;4;15
.2 MILES FROM SR-1652 (N. HARRISON AVE);TWO-WAY,DIVIDED,UNPROTECTED MEDIAN;DARK - LIGHTED ROADWAY;CLEAR;0;0;;NO CONTROL PRESENT;PASSENGER CAR;NONE;NONE;NONE;;2017-05-01T03:27:59-04:00;2017;No;No;5;03
.1 MILES FROM PVA 2370 WALNUT ST;TWO-WAY,NOT DIVIDED;DAYLIGHT;CLEAR;0;0;;NO CONTROL PRESENT;PASSENGER CAR;PASSENGER CAR;NONE;NONE;;2017-04-30T18:45:01-04:00;2017;No;No;4;18
CARY;TWO-WAY,NOT DIVIDED;DUSK;CLEAR;0;1;;STOP AND GO SIGNAL;PASSENGER CAR;PASSENGER CAR;NONE;NONE;;2017-04-28T19:30:34-04:00;2017;No;Yes;4;19
.2 MILES FROM SR 1423 (PINEY PLAINS RD);TWO-WAY,NOT DIVIDED;DAYLIGHT;CLEAR;0;0;;STOP SIGN;PASSENGER CAR;PASSENGER CAR;NONE;NONE;;2017-04-28T15:59:25-04:00;2017;No;No;4;15
90 FEET FROM POND GLEN WAY;TWO-WAY,NOT DIVIDED;DAYLIGHT;CLEAR;0;0;;NO CONTROL PRESENT;PASSENGER CAR;PASSENGER CAR;NONE;NONE;;2017-04-29T23:11:00-04:00;2017;No;No;4;23
CARY;TWO-WAY,DIVIDED,POSITIVE MEDIAN BARRIER;DAYLIGHT;RAIN;0;0;;STOP SIGN;PASSENGER CAR;PASSENGER CAR;NONE;NONE;;2017-04-24T17:06:26-04:00;2017;No;No;4;17
.1 MILES FROM PVA (3655 SW CARY PKWY);TWO-WAY,NOT DIVIDED;DAYLIGHT;CLEAR;0;0;;NO CONTROL PRESENT;PASSENGER CAR;PASSENGER CAR;NONE;NONE;;2017-04-29T18:57:38-04:00;2017;No;No;4;18
100 FEET FROM P.V.A (111 SHANNON OAKS CIRCLE;TWO-WAY,NOT DIVIDED;DAYLIGHT;CLEAR;0;0;;NO CONTROL PRESENT;PASSENGER CAR;PASSENGER CAR;NONE;NONE;;2017-04-30T14:43:26-04:00;2017;No;No;4;14
450 FEET FROM PVA OF 1830 WALNUT ST;ONE-WAY,NOT DIVIDED;DAYLIGHT;CLEAR;0;0;;NO CONTROL PRESENT;SPORT UTILITY;PASSENGER CAR;NONE;NONE;;2017-05-01T15:17:17-04:00;2017;No;No;5;15
CARY;TWO-WAY,NOT DIVIDED;DUSK;CLEAR;0;0;;STOP AND GO SIGNAL;PASSENGER CAR;PASSENGER CAR;NONE;NONE;;2017-05-01T20:21:14-04:00;2017;No;No;5;20
499 FEET FROM US 1 SOUTH;TWO-WAY,DIVIDED,POSITIVE MEDIAN BARRIER;DAYLIGHT;CLEAR;0;0;;NO CONTROL PRESENT;VAN;NONE;NONE;NONE;;2017-05-01T13:32:26-04:00;2017;No;No;5;13
300 FEET FROM PVA 923 NW MAYNARD RD;TWO-WAY,NOT DIVIDED;DAYLIGHT;CLEAR;0;0;;NO CONTROL PRESENT;PASSENGER CAR;PASSENGER CAR;NONE;NONE;;2017-05-01T17:18:35-04:00;2017;No;No;5;17
CARY;TWO-WAY,DIVIDED,UNPROTECTED MEDIAN;DAYLIGHT;CLEAR;0;0;;NO CONTROL PRESENT;PASSENGER CAR;PASSENGER CAR;NONE;NONE;;2017-05-02T17:57:59-04:00;2017;No;No;5;17
CARY;TWO-WAY,DIVIDED,UNPROTECTED MEDIAN;DARK - LIGHTED ROADWAY;CLEAR;0;0;;STOP AND GO SIGNAL;PASSENGER CAR;PASSENGER CAR;NONE;NONE;;2017-05-02T20:26:31-04:00;2017;No;No;5;20
0 FEET FROM SR 1313 WALNUT ST;NONE;NONE;NONE;0;1;;;VAN;NONE;NONE;NONE;;2017-04-25T08:07:28-04:00;2017;No;Yes;4;08
200 FEET FROM SR 3977 (SE CARY PKWY);TWO-WAY,DIVIDED,UNPROTECTED MEDIAN;DAYLIGHT;CLEAR;0;1;;NO CONTROL PRESENT;SPORT UTILITY;PASSENGER CAR;NONE;NONE;;2017-05-02T07:24:44-04:00;2017;No;Yes;5;07
20 FEET FROM SR 1300 (KILDAIRE FARM RD);TWO-WAY,NOT DIVIDED;DAYLIGHT;CLEAR;0;0;;STOP AND GO SIGNAL;PICKUP;SPORT UTILITY;NONE;NONE;;2017-05-02T10:50:00-04:00;2017;No;No;5;10