Location_Description;Road_Configuration;Light_Condition;Weather;Fatality;Injury;Contributing_Factor;Traffic_Control;Vehicle1;Vehicle2;Vehicle3;Vehicle4;Vehicle5;Crash_Date;year;Fatalities;Injuries;Month;Hour
3 FEET FROM US 1 SOUTH TO US 64 HWY;ONE-WAY,NOT DIVIDED;DAYLIGHT;CLEAR;0;0;;STOP AND GO SIGNAL;PICKUP;PASSENGER CAR;NONE;NONE;;2017-04-28T10:58:00-04:00;2017;No;No;4;10
200 FEET FROM PADGETT CT;TWO-WAY,NOT DIVIDED;DAYLIGHT;CLEAR;0;0;;NO CONTROL PRESENT;VAN;SPORT UTILITY;NONE;NONE;;2017-05-03T15:04:53-04:00;2017;No;No;5;15
150 FEET FROM SR 3977 (SE CARY PARKWAY);TWO-WAY,DIVIDED,UNPROTECTED MEDIAN;DAYLIGHT;CLEAR;0;0;;NO CONTROL PRESENT;PASSENGER CAR;SPORT UTILITY;NONE;NONE;;2017-05-04T09:49:39-04:00;2017;No;No;5;09
150 FEET FROM SR 1313 (WALNUT ST);TWO-WAY,DIVIDED,UNPROTECTED MEDIAN;DAYLIGHT;CLEAR;0;0;;NO CONTROL PRESENT;SPORT UTILITY;NONE;NONE;NONE;;2017-05-03T09:40:53-04:00;2017;No;No;5;09
CARY;TWO-WAY,NOT DIVIDED;DARK - LIGHTED ROADWAY;CLOUDY;0;0;;NO CONTROL PRESENT;PICKUP;PASSENGER CAR;NONE;NONE;;2017-05-04T21:17:41-04:00;2017;No;No;5;21
175 FEET FROM 1060 PARKSIDE MAIN ST;TWO-WAY,NOT DIVIDED;DAYLIGHT;CLOUDY;0;0;;NO CONTROL PRESENT;SPORT UTILITY;SPORT UTILITY;NONE;NONE;;2017-05-04T12:01:00-04:00;2017;No;No;5;12
400 FEET FROM SR 1613 (PVA OF 2101 DAVIS DR);TWO-WAY,NOT DIVIDED;DAYLIGHT;CLEAR;0;0;;STOP SIGN;PASSENGER CAR;NONE;NONE;NONE;;2017-05-03T10:15:00-04:00;2017;No;No;5;10
70 FEET FROM P.V.A. BOJANGLES (840 SR 1011);TWO-WAY,NOT DIVIDED;DAYLIGHT;CLEAR;0;0;;NO CONTROL PRESENT;PASSENGER CAR;SPORT UTILITY;NONE;NONE;;2017-05-05T12:26:00-04:00;2017;No;No;5;12
CARY;NONE;NONE;NONE;0;0;;;NONE;NONE;NONE;NONE;;2017-05-06T20:17:29-04:00;2017;No;No;5;20
CARY;TWO-WAY,DIVIDED,UNPROTECTED MEDIAN;DAYLIGHT;CLEAR;0;0;;STOP AND GO SIGNAL;SPORT UTILITY;NONE;NONE;NONE;;2017-05-06T11:01:00-04:00;2017;No;No;5;11
284 FEET FROM ENFIELD RIDGE DR.;TWO-WAY,NOT DIVIDED;DAYLIGHT;CLEAR;0;0;;NO CONTROL PRESENT;PASSENGER CAR;PASSENGER CAR;NONE;NONE;;2017-05-06T08:33:10-04:00;2017;No;No;5;08
300 FEET FROM P.V.A. (1701 N HARRISON AV);TWO-WAY,NOT DIVIDED;DAYLIGHT;CLEAR;0;0;;NO CONTROL PRESENT;VAN;PASSENGER CAR;NONE;NONE;;2017-05-05T16:04:40-04:00;2017;No;No;5;16
CARY;TWO-WAY,NOT DIVIDED;DAYLIGHT;CLOUDY;0;0;;STOP SIGN;PASSENGER CAR;PASSENGER CAR;NONE;NONE;;2017-05-06T12:55:00-04:00;2017;No;No;5;12
20 FEET FROM SR 1300 KILDAIRE FARM RD;ONE-WAY,NOT DIVIDED;DAYLIGHT;CLEAR;0;0;;STOP AND GO SIGNAL;VAN;PASSENGER CAR;NONE;NONE;;2017-05-05T15:59:17-04:00;2017;No;No;5;15
20 FEET FROM SR 1615 (HIGH HOUSE RD);TWO-WAY,DIVIDED,UNPROTECTED MEDIAN;DAYLIGHT;CLEAR;0;0;;STOP AND GO SIGNAL;PASSENGER CAR;VAN;NONE;NONE;;2017-05-08T10:49:00-04:00;2017;No;No;5;10
245 FEET FROM WALNUT ST;TWO-WAY,DIVIDED,POSITIVE MEDIAN BARRIER;DAYLIGHT;CLEAR;0;0;;STOP AND GO SIGNAL;PASSENGER CAR;PASSENGER CAR;NONE;NONE;;2017-05-08T10:39:00-04:00;2017;No;No;5;10
.16 MILES FROM PVA (1975 HIGH HOUSE RD);TWO-WAY,NOT DIVIDED;DAYLIGHT;CLEAR;0;0;;STOP SIGN;PASSENGER CAR;NONE;NONE;NONE;;2017-05-08T13:18:46-04:00;2017;No;No;5;13
.1 MILES FROM US 1;ONE-WAY,NOT DIVIDED;DARK - LIGHTED ROADWAY;CLEAR;0;0;;NO CONTROL PRESENT;VAN;PASSENGER CAR;NONE;NONE;;2017-05-08T22:41:00-04:00;2017;No;No;5;22
.1 MILES FROM US1;TWO-WAY,DIVIDED,POSITIVE MEDIAN BARRIER;DARK - LIGHTED ROADWAY;CLEAR;0;0;;NO CONTROL PRESENT;POLICE;LIGHT TRUCK (MINI-VAN- PANEL);NONE;NONE;;2017-05-08T23:24:00-04:00;2017;No;No;5;23
176 FEET FROM WALNUT ST;TWO-WAY,DIVIDED,POSITIVE MEDIAN BARRIER;DAYLIGHT;CLEAR;0;0;;STOP AND GO SIGNAL;PASSENGER CAR;PASSENGER CAR;NONE;NONE;;2017-05-08T16:44:51-04:00;2017;No;No;5;16
35 FEET FROM PVA 1151 TRYON VILLAGE DR;TWO-WAY,NOT DIVIDED;DAYLIGHT;CLEAR;0;0;;NO CONTROL PRESENT;PASSENGER CAR;PASSENGER CAR;NONE;NONE;;2017-05-09T15:12:14-04:00;2017;No;No;5;15
CARY;TWO-WAY,DIVIDED,UNPROTECTED MEDIAN;DAYLIGHT;CLEAR;0;2;;STOP AND GO SIGNAL;PASSENGER CAR;PASSENGER CAR;NONE;NONE;;2017-05-09T15:33:40-04:00;2017;No;Yes;5;15
CARY;TWO-WAY,DIVIDED,UNPROTECTED MEDIAN;DAYLIGHT;RAIN;0;1;;STOP AND GO SIGNAL;PASSENGER CAR;LIGHT TRUCK (MINI-VAN- PANEL);NONE;NONE;;2017-05-09T13:47:09-04:00;2017;No;Yes;5;13
100 FEET FROM SR 3122 (LOUIS STEPHENS RD);TWO-WAY,NOT DIVIDED;DAYLIGHT;CLEAR;0;0;;NO CONTROL PRESENT;PASSENGER CAR;PASSENGER CAR;NONE;NONE;;2017-05-10T16:44:34-04:00;2017;No;No;5;16
213 FEET FROM SR 3091 (HARRISON OAKS BLVD);TWO-WAY,DIVIDED,UNPROTECTED MEDIAN;DAYLIGHT;CLEAR;0;0;;NO CONTROL PRESENT;SPORT UTILITY;PASSENGER CAR;NONE;NONE;;2017-05-10T07:26:22-04:00;2017;No;No;5;07
.15 MILES FROM PVA OF 2370 WALNUT ST;TWO-WAY,NOT DIVIDED;DAYLIGHT;CLEAR;0;0;;NO CONTROL PRESENT;VAN;PASSENGER CAR;NONE;NONE;;2017-05-11T13:52:26-04:00;2017;No;No;5;13
.15 MILES FROM SR 1415 (SE MAYNARD RD);TWO-WAY,NOT DIVIDED;DARK - LIGHTED ROADWAY;CLOUDY;0;0;;NO CONTROL PRESENT;SPORT UTILITY;SINGLE UNIT TRUCK (2-AXLE- 6-TIRE);NONE;NONE;;2017-05-10T04:20:29-04:00;2017;No;No;5;04
0.25 MILES FROM 2080 SR 1300 (KILDARE FARM RD);TWO-WAY,NOT DIVIDED;DAYLIGHT;CLEAR;0;0;;NO CONTROL PRESENT;SPORT UTILITY;PASSENGER CAR;NONE;NONE;;2017-05-11T15:04:01-04:00;2017;No;No;5;15
15 FEET FROM MEETING ST;TWO-WAY,DIVIDED,UNPROTECTED MEDIAN;DAYLIGHT;CLEAR;0;0;;STOP AND GO SIGNAL;PASSENGER CAR;PASSENGER CAR;NONE;NONE;;2017-05-11T13:47:34-04:00;2017;No;No;5;13
.1 MILES FROM PVA (1065 DARRINGTON PL);TWO-WAY,NOT DIVIDED;DARK - LIGHTED ROADWAY;CLOUDY;0;0;;NO CONTROL PRESENT;SPORT UTILITY;SPORT UTILITY;NONE;NONE;;2017-05-11T21:37:17-04:00;2017;No;No;5;21
0 FEET FROM SR 4067 (REGENCY PKWY);TWO-WAY,NOT DIVIDED;DAYLIGHT;CLEAR;0;0;;STOP SIGN;SPORT UTILITY;PASSENGER CAR;NONE;NONE;;2017-05-10T16:42:53-04:00;2017;No;No;5;16
30 FEET FROM PVA OF 111 ADVENT CT;TWO-WAY,NOT DIVIDED;DAYLIGHT;CLOUDY;0;0;;NO CONTROL PRESENT;PASSENGER CAR;SPORT UTILITY;NONE;NONE;;2017-05-12T12:16:00-04:00;2017;No;No;5;12
0 FEET FROM SR 1615 (HIGH HOUSE RD);TWO-WAY,NOT DIVIDED;DAYLIGHT;CLOUDY;0;0;;STOP AND GO SIGNAL;PASSENGER CAR;PICKUP;NONE;NONE;;2017-05-12T11:48:00-04:00;2017;No;No;5;11
.03 MILES FROM PVA (1120 BUCK JONES RD);TWO-WAY,NOT DIVIDED;DARK - LIGHTED ROADWAY;CLOUDY;0;0;;NO CONTROL PRESENT;SPORT UTILITY;LIGHT TRUCK (MINI-VAN- PANEL);NONE;NONE;;2017-05-12T20:43:22-04:00;2017;No;No;5;20
CARY;TWO-WAY,NOT DIVIDED;DAYLIGHT;CLEAR;0;0;;STOP SIGN;PASSENGER CAR;SPORT UTILITY;NONE;NONE;;2017-05-13T12:02:00-04:00;2017;No;No;5;12
200 FEET FROM PVA 315 N ACADEMY ST;TWO-WAY,NOT DIVIDED;DAYLIGHT;CLEAR;0;0;;NO CONTROL PRESENT;PASSENGER CAR;PASSENGER CAR;NONE;NONE;;2017-05-13T22:32:00-04:00;2017;No;No;5;22
150 FEET FROM CHESWICK PL;TWO-WAY,NOT DIVIDED;DAYLIGHT;CLOUDY;0;0;;NO CONTROL PRESENT;PASSENGER CAR;PICKUP;NONE;NONE;;2017-05-13T13:17:20-04:00;2017;No;No;5;13
0 FEET FROM 900 E CHATHAM ST;TWO-WAY,NOT DIVIDED;DAYLIGHT;CLOUDY;0;0;;NO CONTROL PRESENT;LIGHT TRUCK (MINI-VAN- PANEL);SPORT UTILITY;NONE;NONE;;2017-05-13T14:44:09-04:00;2017;No;No;5;14
360 FEET FROM CAITBOO AV;TWO-WAY,NOT DIVIDED;DAYLIGHT;CLOUDY;0;0;;STOP AND GO SIGNAL;PASSENGER CAR;LIGHT TRUCK (MINI-VAN- PANEL);NONE;NONE;;2017-05-13T16:24:29-04:00;2017;No;No;5;16
40 FEET FROM 2700 LOUIS STEPHENS DR;TWO-WAY,NOT DIVIDED;DAYLIGHT;CLEAR;0;0;;NO CONTROL PRESENT;PASSENGER CAR;VAN;NONE;NONE;;2017-05-13T21:21:47-04:00;2017;No;No;5;21
.096 MILES FROM SR#1300 (KILDAIRE FARM RD);TWO-WAY,NOT DIVIDED;DAYLIGHT;CLEAR;0;2;;NO CONTROL PRESENT;PASSENGER CAR;PASSENGER CAR;NONE;NONE;;2017-05-15T16:24:35-04:00;2017;No;Yes;5;16
8 FEET FROM SR 3112 (CARY PARKWAY);TWO-WAY,DIVIDED,POSITIVE MEDIAN BARRIER;DAYLIGHT;CLEAR;0;0;;STOP AND GO SIGNAL;PASSENGER CAR;PASSENGER CAR;NONE;NONE;;2017-05-15T14:46:13-04:00;2017;No;No;5;14
NEAR .03 MILES NW OF NW I40 EXIT 287 RAMP EB;ONE-WAY,NOT DIVIDED;DAYLIGHT;CLEAR;0;0;;STOP AND GO SIGNAL;PASSENGER CAR;PASSENGER CAR;NONE;NONE;;2017-05-16T07:08:15-04:00;2017;No;No;5;07
.25 MILES FROM PVA 3480 KILDAIRE FARM RD;TWO-WAY,NOT DIVIDED;DAYLIGHT;CLEAR;0;0;;NO CONTROL PRESENT;PASSENGER CAR;PASSENGER CAR;NONE;NONE;;2017-05-17T13:07:06-04:00;2017;No;No;5;13
0 FEET FROM SR 1617 (CARPENTER UPCHURCH RD;TWO-WAY,NOT DIVIDED;DAYLIGHT;CLEAR;0;2;;STOP SIGN;SPORT UTILITY;PASSENGER CAR;NONE;NONE;;2017-05-17T07:13:08-04:00;2017;No;Yes;5;07
0.5 MILES FROM 2300 AUTOPARK BLVD;TWO-WAY,NOT DIVIDED;DAYLIGHT;CLEAR;0;0;;NO CONTROL PRESENT;PASSENGER CAR;NONE;NONE;NONE;;2017-05-18T12:14:00-04:00;2017;No;No;5;12
25 FEET FROM SR 1300 KILDAIRE FARM RD;TWO-WAY,DIVIDED,POSITIVE MEDIAN BARRIER;DAYLIGHT;CLEAR;0;1;;NO CONTROL PRESENT;PASSENGER CAR;SPORT UTILITY;NONE;NONE;;2017-05-18T19:12:35-04:00;2017;No;Yes;5;19
200 FEET FROM SR 1415 (SE MAYNARD RD);TWO-WAY,NOT DIVIDED;DAYLIGHT;CLEAR;0;0;;NO CONTROL PRESENT;PASSENGER CAR;PASSENGER CAR;NONE;NONE;;2017-05-18T13:22:41-04:00;2017;No;No;5;13
300 FEET FROM VOSS WAY;TWO-WAY,NOT DIVIDED;DAYLIGHT;CLEAR;0;0;;NO CONTROL PRESENT;PASSENGER CAR;PASSENGER CAR;NONE;NONE;;2017-05-12T10:34:00-04:00;2017;No;No;5;10
.05 MILES FROM PVA (1014 TRINITY RD);TWO-WAY,NOT DIVIDED;DAYLIGHT;CLEAR;0;0;;NO CONTROL PRESENT;PASSENGER CAR;NONE;NONE;NONE;;2017-05-17T15:28:54-04:00;2017;No;No;5;15
CARY;TWO-WAY,DIVIDED,UNPROTECTED MEDIAN;DAYLIGHT;CLEAR;0;0;;STOP AND GO SIGNAL;PASSENGER CAR;PASSENGER CAR;NONE;NONE;;2017-05-19T08:27:14-04:00;2017;No;No;5;08
NEAR .022 MILES NE OF NE I-40;ONE-WAY,NOT DIVIDED;DARK - UNKNOWN LIGHTING;CLEAR;0;0;;STOP AND GO SIGNAL;NONE;NONE;NONE;NONE;;2017-05-20T05:34:31-04:00;2017;No;No;5;05
100 FEET FROM PVA 1219 BUCK JONES RD;ONE-WAY,NOT DIVIDED;DAYLIGHT;CLEAR;0;0;;NO CONTROL PRESENT;PASSENGER CAR;LIGHT TRUCK (MINI-VAN- PANEL);NONE;NONE;;2017-05-19T22:36:00-04:00;2017;No;No;5;22
CARY;TWO-WAY,DIVIDED,UNPROTECTED MEDIAN;DARK - LIGHTED ROADWAY;CLEAR;0;0;;STOP AND GO SIGNAL;SPORT UTILITY;PASSENGER CAR;NONE;NONE;;2017-05-21T00:50:00-04:00;2017;No;No;5;00
90 FEET FROM PVA OF 307 COLONADES WAY;TWO-WAY,NOT DIVIDED;DAYLIGHT;CLEAR;0;0;;NO CONTROL PRESENT;PASSENGER CAR;SPORT UTILITY;NONE;NONE;;2017-05-20T10:47:00-04:00;2017;No;No;5;10
40 FEET FROM CROSSROADS BLVD;TWO-WAY,DIVIDED,UNPROTECTED MEDIAN;DAYLIGHT;CLEAR;0;0;;NO CONTROL PRESENT;SPORT UTILITY;SPORT UTILITY;NONE;NONE;;2017-05-20T13:32:56-04:00;2017;No;No;5;13
190 FEET FROM HEIDINGER DR;TWO-WAY,NOT DIVIDED;DAYLIGHT;CLEAR;0;0;;NO CONTROL PRESENT;PASSENGER CAR;PICKUP;NONE;NONE;;2017-05-20T15:07:13-04:00;2017;No;No;5;15
35 FEET FROM SR 1415 (SE MAYNARD RD);TWO-WAY,NOT DIVIDED;DAYLIGHT;CLEAR;0;0;;STOP AND GO SIGNAL;PASSENGER CAR;SPORT UTILITY;NONE;NONE;;2017-05-20T07:28:44-04:00;2017;No;No;5;07
.10 MILES FROM BILLINGRATH TURN LN;TWO-WAY,NOT DIVIDED;DAYLIGHT;CLEAR;0;0;;NO CONTROL PRESENT;PASSENGER CAR;PASSENGER CAR;NONE;NONE;;2017-05-21T20:17:09-04:00;2017;No;No;5;20
15 FEET FROM SR 1415 (SE MAYNARD RD);TWO-WAY,DIVIDED,UNPROTECTED MEDIAN;DAYLIGHT;CLEAR;0;0;;STOP AND GO SIGNAL;PASSENGER CAR;SPORT UTILITY;NONE;NONE;;2017-05-17T14:55:06-04:00;2017;No;No;5;14
40 FEET FROM HARLON DR;TWO-WAY,NOT DIVIDED;DAYLIGHT;CLEAR;0;0;;NO CONTROL PRESENT;SPORT UTILITY;PASSENGER CAR;NONE;NONE;;2017-05-20T14:03:56-04:00;2017;No;No;5;14
.4 MILES FROM NC HWY 55;TWO-WAY,DIVIDED,POSITIVE MEDIAN BARRIER;DAYLIGHT;CLOUDY;0;0;;STOP AND GO SIGNAL;PASSENGER CAR;PASSENGER CAR;NONE;NONE;;2017-05-22T10:53:00-04:00;2017;No;No;5;10
200 FEET FROM PANORAMA PARK PLACE;TWO-WAY,NOT DIVIDED;DAYLIGHT;CLEAR;0;0;;NO CONTROL PRESENT;PASSENGER CAR;PASSENGER CAR;NONE;NONE;;2017-05-22T14:07:30-04:00;2017;No;No;5;14
CARY;TWO-WAY,DIVIDED,UNPROTECTED MEDIAN;DAWN;RAIN;0;0;;STOP AND GO SIGNAL;SPORT UTILITY;PASSENGER CAR;NONE;NONE;;2017-05-23T08:36:36-04:00;2017;No;No;5;08
.43 MILES FROM US 1 HWY (SOUTHBOUND);TWO-WAY,DIVIDED,POSITIVE MEDIAN BARRIER;DAYLIGHT;RAIN;0;0;;NO CONTROL PRESENT;PASSENGER CAR;NONE;NONE;NONE;;2017-05-23T15:39:20-04:00;2017;No;No;5;15
30 FEET FROM NC 54 (CHAPEL HILL RD);TWO-WAY,DIVIDED,UNPROTECTED MEDIAN;DAYLIGHT;RAIN;0;0;;NO CONTROL PRESENT;PASSENGER CAR;SPORT UTILITY;NONE;NONE;;2017-05-23T18:19:02-04:00;2017;No;No;5;18
CARY;TWO-WAY,DIVIDED,POSITIVE MEDIAN BARRIER;DAYLIGHT;RAIN;0;2;;STOP AND GO SIGNAL;SPORT UTILITY;PASSENGER CAR;PASSENGER CAR;NONE;;2017-05-23T05:47:44-04:00;2017;No;Yes;5;05
10 FEET FROM CRESCENT GREEN;TWO-WAY,DIVIDED,POSITIVE MEDIAN BARRIER;DAYLIGHT;RAIN;0;0;;STOP AND GO SIGNAL;PICKUP;PASSENGER CAR;NONE;NONE;;2017-05-23T19:54:05-04:00;2017;No;No;5;19
15 FEET FROM I40 EXIT 287 RAMP EB;ONE-WAY,NOT DIVIDED;DARK - ROADWAY NOT LIGHTED;CLOUDY;0;0;;STOP AND GO SIGNAL;PASSENGER CAR;PASSENGER CAR;NONE;NONE;;2017-05-23T04:54:57-04:00;2017;No;No;5;04
CARY;TWO-WAY,DIVIDED,POSITIVE MEDIAN BARRIER;DAYLIGHT;CLOUDY;0;0;;STOP AND GO SIGNAL;PASSENGER CAR;PASSENGER CAR;NONE;NONE;;2017-05-24T07:45:51-04:00;2017;No;No;5;07
100 FEET FROM SR 3977 SW CARY PKWY;TWO-WAY,DIVIDED,UNPROTECTED MEDIAN;DAYLIGHT;CLOUDY;0;0;FAILURE TO OBEY TRAFFIC SIGNS,SIGNALS,FAILURE TO YIELD RIGHT OF WAY;NO CONTROL PRESENT;PASSENGER CAR;PASSENGER CAR;NONE;NONE;;2017-05-24T11:49:00-04:00;2017;No;No;5;11
20 FEET FROM SR 1616 (OLD APEX RD);TWO-WAY,NOT DIVIDED;DAYLIGHT;CLOUDY;0;0;;STOP AND GO SIGNAL;LIGHT TRUCK (MINI-VAN- PANEL);SPORT UTILITY;NONE;NONE;;2017-05-25T16:52:59-04:00;2017;No;No;5;16
10 FEET FROM SR 3977 SE CARY PKWY;TWO-WAY,DIVIDED,POSITIVE MEDIAN BARRIER;DAYLIGHT;CLOUDY;0;0;;STOP AND GO SIGNAL;PASSENGER CAR;PASSENGER CAR;NONE;NONE;;2017-05-25T19:20:32-04:00;2017;No;No;5;19
15 FEET FROM SR 1300 (KILDAIRE FARM RD);TWO-WAY,DIVIDED,UNPROTECTED MEDIAN;DAYLIGHT;CLEAR;0;0;;YIELD SIGN;SPORT UTILITY;SPORT UTILITY;NONE;NONE;;2017-05-25T17:30:55-04:00;2017;No;No;5;17
CARY;TWO-WAY,DIVIDED,UNPROTECTED MEDIAN;DAYLIGHT;CLEAR;0;0;;STOP AND GO SIGNAL;PASSENGER CAR;PASSENGER CAR;NONE;NONE;;2017-05-26T07:55:43-04:00;2017;No;No;5;07
CARY;TWO-WAY,DIVIDED,UNPROTECTED MEDIAN;DAYLIGHT;CLEAR;0;1;;STOP AND GO SIGNAL;VAN;SPORT UTILITY;NONE;NONE;;2017-05-26T09:18:54-04:00;2017;No;Yes;5;09
CARY;TWO-WAY,NOT DIVIDED;DAYLIGHT;CLEAR;0;0;;STOP SIGN;SPORT UTILITY;PASSENGER CAR;NONE;NONE;;2017-05-26T15:22:47-04:00;2017;No;No;5;15
100 FEET FROM SR# 1615 (HIGH HOUSE RD);TWO-WAY,DIVIDED,POSITIVE MEDIAN BARRIER;DAYLIGHT;CLEAR;0;0;;NO CONTROL PRESENT;SPORT UTILITY;PASSENGER CAR;NONE;NONE;;2017-05-28T13:39:28-04:00;2017;No;No;5;13
60 FEET FROM PVA (801 BASS PRO LN);TWO-WAY,DIVIDED,UNPROTECTED MEDIAN;DAYLIGHT;CLEAR;0;0;;NO CONTROL PRESENT;PASSENGER CAR;PASSENGER CAR;NONE;NONE;;2017-05-26T17:24:02-04:00;2017;No;No;5;17
100 FEET FROM CROSSROADS BLVD;TWO-WAY,DIVIDED,POSITIVE MEDIAN BARRIER;DAYLIGHT;CLEAR;0;0;;STOP AND GO SIGNAL;PASSENGER CAR;PASSENGER CAR;NONE;NONE;;2017-05-27T17:08:19-04:00;2017;No;No;5;17
5 FEET FROM (PVA) MEETING ST;TWO-WAY,NOT DIVIDED;DAYLIGHT;CLEAR;0;0;;STOP AND GO SIGNAL;SPORT UTILITY;SPORT UTILITY;NONE;NONE;;2017-05-27T19:19:33-04:00;2017;No;No;5;19
.25 MILES FROM NC 55 HWY;TWO-WAY,DIVIDED,UNPROTECTED MEDIAN;DAYLIGHT;RAIN;0;0;;NO CONTROL PRESENT;SPORT UTILITY;PASSENGER CAR;NONE;NONE;;2017-05-23T17:56:45-04:00;2017;No;No;5;17
75 FEET FROM (SR 1613) DAVIS DR;TWO-WAY,DIVIDED,UNPROTECTED MEDIAN;DAYLIGHT;CLEAR;0;1;;NO CONTROL PRESENT;SPORT UTILITY;PASSENGER CAR;PASSENGER CAR;NONE;;2017-05-26T15:12:52-04:00;2017;No;Yes;5;15
10 FEET FROM PVA 325 CROSSROADS BLVD;TWO-WAY,DIVIDED,POSITIVE MEDIAN BARRIER;DAYLIGHT;CLEAR;0;0;;STOP AND GO SIGNAL;SPORT UTILITY;PASSENGER CAR;NONE;NONE;;2017-05-26T21:44:34-04:00;2017;No;No;5;21
.10 MILES FROM E. CEDAR ST;TWO-WAY,NOT DIVIDED;DARK - ROADWAY NOT LIGHTED;CLEAR;0;0;;NO CONTROL PRESENT;SPORT UTILITY;PASSENGER CAR;NONE;NONE;;2017-05-25T23:19:00-04:00;2017;No;No;5;23
.25 MILES FROM US 1 HWY;TWO-WAY,DIVIDED,POSITIVE MEDIAN BARRIER;DAYLIGHT;CLOUDY;0;0;;NO CONTROL PRESENT;PASSENGER CAR;PASSENGER CAR;NONE;NONE;;2017-05-30T08:21:30-04:00;2017;No;No;5;08
60 FEET FROM 1201 WALNUT ST;TWO-WAY,NOT DIVIDED;DAYLIGHT;CLOUDY;0;0;;NO CONTROL PRESENT;SPORT UTILITY;PASSENGER CAR;NONE;NONE;;2017-05-30T12:39:00-04:00;2017;No;No;5;12
CARY;TWO-WAY,DIVIDED,POSITIVE MEDIAN BARRIER;DAYLIGHT;CLEAR;0;0;;FLASHING STOP AND GO SIGNAL;SPORT UTILITY;SPORT UTILITY;NONE;NONE;;2017-05-30T17:39:07-04:00;2017;No;No;5;17
25 FEET FROM SR 1415 SW MAYNARD RD;NONE;NONE;NONE;0;0;;;NONE;NONE;NONE;NONE;;2017-05-10T21:29:37-04:00;2017;No;No;5;21
CARY;TWO-WAY,NOT DIVIDED;DAYLIGHT;RAIN;0;0;;NO CONTROL PRESENT;PASSENGER CAR;PASSENGER CAR;NONE;NONE;;2017-05-23T12:41:00-04:00;2017;No;No;5;12
70 FEET FROM SR 1009 (TRYON RD);TWO-WAY,DIVIDED,UNPROTECTED MEDIAN;DAYLIGHT;CLEAR;0;0;;STOP AND GO SIGNAL;PASSENGER CAR;PASSENGER CAR;NONE;NONE;;2017-05-31T10:44:00-04:00;2017;No;No;5;10
1.5 MILES FROM SR 1415 SW MAYNARD RD;TWO-WAY,DIVIDED,UNPROTECTED MEDIAN;DAYLIGHT;CLEAR;0;0;;STOP AND GO SIGNAL;PASSENGER CAR;PASSENGER CAR;NONE;NONE;;2017-05-31T08:32:56-04:00;2017;No;No;5;08
300 FEET FROM PVA (114 HIDDEN OAKS DR);NONE;NONE;NONE;0;0;;;SPORT UTILITY;NONE;NONE;NONE;;2017-05-26T16:59:52-04:00;2017;No;No;5;16
45 FEET FROM SR 1313 (WALNUT ST);TWO-WAY,DIVIDED,UNPROTECTED MEDIAN;DAYLIGHT;CLEAR;0;0;;STOP AND GO SIGNAL;SPORT UTILITY;SPORT UTILITY;NONE;NONE;;2017-06-02T07:15:13-04:00;2017;No;No;6;07
0 FEET FROM SR 1415 (SE MAYNARD RD);TWO-WAY,DIVIDED,UNPROTECTED MEDIAN;DAYLIGHT;CLEAR;0;3;;NO CONTROL PRESENT;SPORT UTILITY;NONE;NONE;NONE;;2017-05-25T09:05:20-04:00;2017;No;Yes;5;09
.121 MILES FROM PVA 2861 JONES FRANKLIN RD;TWO-WAY,NOT DIVIDED;DAYLIGHT;CLEAR;0;0;;NO CONTROL PRESENT;PASSENGER CAR;PASSENGER CAR;NONE;NONE;;2017-06-04T10:14:00-04:00;2017;No;No;6;10
200 FEET FROM ASHDOWN FOREST LN;TWO-WAY,NOT DIVIDED;DARK - LIGHTED ROADWAY;CLEAR;0;0;;NO CONTROL PRESENT;SPORT UTILITY;SPORT UTILITY;NONE;NONE;;2017-06-03T18:24:53-04:00;2017;No;No;6;18
135 FEET FROM PVA (1408 BOULDERSTONE WAY);TWO-WAY,NOT DIVIDED;DAYLIGHT;CLEAR;0;0;;NO CONTROL PRESENT;SPORT UTILITY;PASSENGER CAR;NONE;NONE;;2017-06-03T17:18:47-04:00;2017;No;No;6;17
50 FEET FROM PVA 219 CROSSROADS BLBD;ONE-WAY,NOT DIVIDED;DAYLIGHT;CLEAR;0;0;;NO CONTROL PRESENT;SPORT UTILITY;PASSENGER CAR;NONE;NONE;;2017-06-02T15:08:25-04:00;2017;No;No;6;15
75 FEET FROM ACADEMY ST;TWO-WAY,NOT DIVIDED;DAYLIGHT;CLEAR;0;0;;RR GATE AND FLASHER;PASSENGER CAR;NONE;NONE;NONE;;2017-06-01T15:31:41-04:00;2017;No;No;6;15
.02 MILES FROM US 64 HWY;TWO-WAY,DIVIDED,UNPROTECTED MEDIAN;DAYLIGHT;CLEAR;0;0;;NO CONTROL PRESENT;LIGHT TRUCK (MINI-VAN- PANEL);PICKUP;NONE;NONE;;2017-06-02T18:00:19-04:00;2017;No;No;6;18
.085 MILES FROM 1920 NW MAYNARD RD PVA;TWO-WAY,NOT DIVIDED;DAYLIGHT;CLEAR;0;0;;NO CONTROL PRESENT;PASSENGER CAR;PICKUP;NONE;NONE;;2017-06-03T15:01:28-04:00;2017;No;No;6;15
.23 MILES FROM SR#1002 (MORRISVILLE CARPENTER;TWO-WAY,NOT DIVIDED;DAYLIGHT;CLOUDY;0;0;;STOP AND GO SIGNAL;SPORT UTILITY;SPORT UTILITY;NONE;NONE;;2017-06-05T21:16:26-04:00;2017;No;No;6;21
180 FEET FROM GROGANS MILL DR;TWO-WAY,NOT DIVIDED;DAYLIGHT;CLEAR;0;1;;NO CONTROL PRESENT;SPORT UTILITY;PASSENGER CAR;NONE;NONE;;2017-06-04T12:38:00-04:00;2017;No;Yes;6;12