Location_Description;Road_Configuration;Light_Condition;Weather;Fatality;Injury;Contributing_Factor;Traffic_Control;Vehicle1;Vehicle2;Vehicle3;Vehicle4;Vehicle5;Crash_Date;year;Fatalities;Injuries;Month;Hour
.25 MILES FROM US 1 HWY;TWO-WAY,DIVIDED,POSITIVE MEDIAN BARRIER;DAYLIGHT;CLEAR;0;0;;NO CONTROL PRESENT;SPORT UTILITY;PASSENGER CAR;PASSENGER CAR;NONE;;2017-10-03T18:25:56-04:00;2017;No;No;10;18
CARY;TWO-WAY,NOT DIVIDED;DAYLIGHT;CLEAR;0;1;;STOP AND GO SIGNAL;SPORT UTILITY;SPORT UTILITY;NONE;NONE;;2017-10-04T09:56:15-04:00;2017;No;Yes;10;09
.1 MILES FROM PVA (3700 NW CARY PKWY);TWO-WAY,NOT DIVIDED;DAYLIGHT;CLEAR;0;0;;NO CONTROL PRESENT;PASSENGER CAR;PICKUP;NONE;NONE;;2017-10-04T15:13:22-04:00;2017;No;No;10;15
.15 MILES FROM SR 1415 (NW MAYNARD RD);TWO-WAY,NOT DIVIDED;DAYLIGHT;CLEAR;0;0;;NO CONTROL PRESENT;PASSENGER CAR;PICKUP;NONE;NONE;;2017-10-04T14:28:43-04:00;2017;No;No;10;14
240 FEET FROM P.V.A. DOLLAR GENERAL (990 SR;TWO-WAY,NOT DIVIDED;DAYLIGHT;CLEAR;0;0;;NO CONTROL PRESENT;SPORT UTILITY;PASSENGER CAR;NONE;NONE;;2017-10-05T10:58:00-04:00;2017;No;No;10;10
CARY;TWO-WAY,NOT DIVIDED;DAYLIGHT;CLEAR;0;0;;STOP SIGN;PASSENGER CAR;PASSENGER CAR;NONE;NONE;;2017-10-05T10:24:00-04:00;2017;No;No;10;10
CARY;TWO-WAY,DIVIDED,UNPROTECTED MEDIAN;DAYLIGHT;RAIN;0;3;;FLASHING STOP AND GO SIGNAL;PASSENGER CAR;PASSENGER CAR;NONE;NONE;;2017-10-07T07:57:33-04:00;2017;No;Yes;10;07
.75 MILES FROM SR 1615 (HIGH HOUSE RD);TWO-WAY,DIVIDED,UNPROTECTED MEDIAN;DAYLIGHT;CLEAR;0;0;;STOP AND GO SIGNAL;VAN;PASSENGER CAR;NONE;NONE;;2017-10-07T13:06:07-04:00;2017;No;No;10;13
30 FEET FROM 103 SR 1415 (SW MAYNARD RD);TWO-WAY,NOT DIVIDED;DUSK;CLEAR;0;0;;NO CONTROL PRESENT;SPORT UTILITY;NONE;NONE;NONE;;2017-10-06T18:24:02-04:00;2017;No;No;10;18
100 FEET FROM SR 1615 (HIGH HOUSE RD);TWO-WAY,DIVIDED,UNPROTECTED MEDIAN;DAYLIGHT;CLEAR;0;0;;STOP AND GO SIGNAL;PASSENGER CAR;SPORT UTILITY;VAN;NONE;;2017-10-07T11:31:00-04:00;2017;No;No;10;11
0 FEET FROM NC 55 HWY;TWO-WAY,DIVIDED,UNPROTECTED MEDIAN;DAYLIGHT;CLOUDY;0;0;;STOP AND GO SIGNAL;PASSENGER CAR;PASSENGER CAR;NONE;NONE;;2017-10-07T12:43:00-04:00;2017;No;No;10;12
CARY;TWO-WAY,DIVIDED,UNPROTECTED MEDIAN;DAYLIGHT;CLOUDY;0;0;;STOP AND GO SIGNAL;VAN;PASSENGER CAR;NONE;NONE;;2017-10-08T13:09:12-04:00;2017;No;No;10;13
.25 MILES FROM PVA (123 MIDDLE CREEK PARK AV);ONE-WAY,NOT DIVIDED;DARK - LIGHTED ROADWAY;CLEAR;0;0;;NO CONTROL PRESENT;PASSENGER CAR;NONE;NONE;NONE;;2017-10-08T04:24:53-04:00;2017;No;No;10;04
125 FEET FROM 1393 KILDAIRE FARM RD (PVA);TWO-WAY,NOT DIVIDED;DAYLIGHT;CLEAR;0;0;;NO CONTROL PRESENT;PASSENGER CAR;SPORT UTILITY;NONE;NONE;;2017-10-03T09:35:48-04:00;2017;No;No;10;09
CARY;TWO-WAY,NOT DIVIDED;DAYLIGHT;CLEAR;0;0;;NO CONTROL PRESENT;SPORT UTILITY;PICKUP;NONE;NONE;;2017-10-05T17:11:18-04:00;2017;No;No;10;17
50 FEET FROM SR 1152 (HOLLY SPRINGS RD);TWO-WAY,NOT DIVIDED;DAYLIGHT;CLEAR;0;1;;NO CONTROL PRESENT;PASSENGER CAR;PASSENGER CAR;VAN;NONE;;2017-10-05T09:45:44-04:00;2017;No;Yes;10;09
250 FEET FROM SR1300 (KILDAIRE FARM RD);TWO-WAY,DIVIDED,UNPROTECTED MEDIAN;DAYLIGHT;CLEAR;0;0;;NO CONTROL PRESENT;PICKUP;PASSENGER CAR;NONE;NONE;;2017-10-03T14:16:08-04:00;2017;No;No;10;14
50 FEET FROM SW CARY PKWY;TWO-WAY,DIVIDED,UNPROTECTED MEDIAN;DAYLIGHT;CLEAR;0;0;;NO CONTROL PRESENT;SPORT UTILITY;VAN;NONE;NONE;;2017-10-06T12:52:00-04:00;2017;No;No;10;12
5 FEET FROM PVA (800 HIGH HOUSE RD);TWO-WAY,NOT DIVIDED;DAYLIGHT;CLEAR;0;0;;STOP SIGN;PASSENGER CAR;PASSENGER CAR;NONE;NONE;;2017-10-05T13:48:49-04:00;2017;No;No;10;13
22 FEET FROM P.V.A. (MATRIX DR);TWO-WAY,NOT DIVIDED;DAYLIGHT;CLEAR;0;0;;NO CONTROL PRESENT;LIGHT TRUCK (MINI-VAN- PANEL);SPORT UTILITY;NONE;NONE;;2017-10-10T12:45:00-04:00;2017;No;No;10;12
0.25 MILES FROM US 1 HWY;TWO-WAY,DIVIDED,POSITIVE MEDIAN BARRIER;DAYLIGHT;CLEAR;0;1;;NO CONTROL PRESENT;PASSENGER CAR;PASSENGER CAR;NONE;NONE;;2017-10-10T17:28:40-04:00;2017;No;Yes;10;17
.4 MILES FROM (PVA) 123 MIDDLE CREEK PARK AV;TWO-WAY,NOT DIVIDED;DAYLIGHT;CLEAR;0;0;;NO CONTROL PRESENT;PASSENGER CAR;NONE;NONE;NONE;;2017-10-09T08:51:44-04:00;2017;No;No;10;08
40 FEET FROM S.R.1615 (HIGH HOUSE RD);TWO-WAY,DIVIDED,UNPROTECTED MEDIAN;DAYLIGHT;CLEAR;0;0;;STOP AND GO SIGNAL;SPORT UTILITY;PASSENGER CAR;NONE;NONE;;2017-10-10T08:47:56-04:00;2017;No;No;10;08
75 FEET FROM PVA (1621 WHITE OAK CHURCH RD);TWO-WAY,NOT DIVIDED;DAYLIGHT;CLEAR;0;0;;;PASSENGER CAR;VAN;NONE;NONE;;2017-10-10T18:16:05-04:00;2017;No;No;10;18
CARY;TWO-WAY,DIVIDED,UNPROTECTED MEDIAN;DAYLIGHT;CLOUDY;0;0;;STOP SIGN;PASSENGER CAR;PASSENGER CAR;NONE;NONE;;2017-10-11T17:26:54-04:00;2017;No;No;10;17
150 FEET FROM P.V.A. 100 SAS CAMPUS DR;TWO-WAY,NOT DIVIDED;DAYLIGHT;CLEAR;0;0;;NO CONTROL PRESENT;PASSENGER CAR;PASSENGER CAR;NONE;NONE;;2017-10-12T07:59:53-04:00;2017;No;No;10;07
CARY;TWO-WAY,NOT DIVIDED;DAYLIGHT;CLOUDY;0;0;;STOP SIGN;PASSENGER CAR;PASSENGER CAR;NONE;NONE;;2017-10-12T09:04:28-04:00;2017;No;No;10;09
200 FEET FROM SR-1300 (KILDAIRE FARM RD);TWO-WAY,DIVIDED,UNPROTECTED MEDIAN;DAYLIGHT;CLOUDY;0;0;;NO CONTROL PRESENT;PICKUP;PASSENGER CAR;NONE;NONE;;2017-10-12T11:50:00-04:00;2017;No;No;10;11
CARY;TWO-WAY,NOT DIVIDED;DAYLIGHT;CLOUDY;0;0;;NO CONTROL PRESENT;PASSENGER CAR;PASSENGER CAR;NONE;NONE;;2017-10-13T13:32:59-04:00;2017;No;No;10;13
200 FEET FROM VILLAGE GREENWAY;TWO-WAY,DIVIDED,POSITIVE MEDIAN BARRIER;DAYLIGHT;CLEAR;0;0;;NO CONTROL PRESENT;PASSENGER CAR;NONE;NONE;NONE;;2017-10-15T13:25:05-04:00;2017;No;No;10;13
20 FEET FROM US 64 HWY;TWO-WAY,DIVIDED,UNPROTECTED MEDIAN;DARK - ROADWAY NOT LIGHTED;CLEAR;0;0;;NO CONTROL PRESENT;PICKUP;VAN;NONE;NONE;;2017-10-15T19:51:51-04:00;2017;No;No;10;19
300 FEET FROM PVA OF 201 CROSSROADS BLVD;TWO-WAY,NOT DIVIDED;DAYLIGHT;CLEAR;0;0;;NO CONTROL PRESENT;PICKUP;PASSENGER CAR;NONE;NONE;;2017-10-14T14:00:33-04:00;2017;No;No;10;14
75 FEET FROM P.V.A. (1001 AERIAL CENTER DR);TWO-WAY,NOT DIVIDED;NONE;NONE;0;0;;NO CONTROL PRESENT;PICKUP;SPORT UTILITY;NONE;NONE;;2017-10-15T20:05:45-04:00;2017;No;No;10;20
.27 MILES FROM US 64 HWY;TWO-WAY,DIVIDED,POSITIVE MEDIAN BARRIER;DAYLIGHT;CLOUDY;0;0;;STOP AND GO SIGNAL;VAN;PASSENGER CAR;NONE;NONE;;2017-10-13T15:30:18-04:00;2017;No;No;10;15
CARY;TWO-WAY,NOT DIVIDED;DAYLIGHT;CLEAR;0;1;;STOP AND GO SIGNAL;PASSENGER CAR;PASSENGER CAR;NONE;NONE;;2017-10-13T19:25:40-04:00;2017;No;Yes;10;19
0 FEET FROM SR 1313 (WALNUT ST);TWO-WAY,DIVIDED,UNPROTECTED MEDIAN;DAYLIGHT;CLEAR;0;0;;STOP SIGN;PASSENGER CAR;PASSENGER CAR;NONE;NONE;;2017-09-25T13:10:43-04:00;2017;No;No;9;13
40 FEET FROM SR 1300 (KILDAIRE FARM RD);TWO-WAY,DIVIDED,UNPROTECTED MEDIAN;DAYLIGHT;CLEAR;0;0;;STOP AND GO SIGNAL;PASSENGER CAR;PASSENGER CAR;NONE;NONE;;2017-10-15T15:05:39-04:00;2017;No;No;10;15
30 FEET FROM SR 1313 (WALNUT ST);TWO-WAY,DIVIDED,UNPROTECTED MEDIAN;DAYLIGHT;CLOUDY;0;1;;STOP AND GO SIGNAL;PASSENGER CAR;VAN;NONE;NONE;;2017-10-16T15:15:36-04:00;2017;No;Yes;10;15
.1 MILES FROM SR 1011 (W CHATHAM ST);TWO-WAY,NOT DIVIDED;DAYLIGHT;CLEAR;0;0;;NO CONTROL PRESENT;NONE;PASSENGER CAR;NONE;NONE;;2017-10-02T20:25:19-04:00;2017;No;No;10;20
0 MILES FROM I40 EXIT 287 RAMP EB;ONE-WAY,NOT DIVIDED;DAYLIGHT;CLOUDY;0;0;;STOP AND GO SIGNAL;PASSENGER CAR;PASSENGER CAR;NONE;NONE;;2017-10-16T07:53:13-04:00;2017;No;No;10;07
200 FEET FROM PVA (98 CORNERSTONE DR);TWO-WAY,NOT DIVIDED;DAYLIGHT;CLEAR;0;0;;NO CONTROL PRESENT;PASSENGER CAR;PASSENGER CAR;NONE;NONE;;2017-10-17T13:08:40-04:00;2017;No;No;10;13
.5 MILES FROM SR 1300 (KILDAIRE FARM RD);TWO-WAY,NOT DIVIDED;DAYLIGHT;CLEAR;0;0;;NO CONTROL PRESENT;VAN;SPORT UTILITY;NONE;NONE;;2017-10-17T16:48:39-04:00;2017;No;No;10;16
0.5 MILES FROM US 1 HWY;TWO-WAY,DIVIDED,POSITIVE MEDIAN BARRIER;DAYLIGHT;CLEAR;0;0;;NO CONTROL PRESENT;PICKUP;SPORT UTILITY;PICKUP;NONE;;2017-10-17T17:22:32-04:00;2017;No;No;10;17
CARY;TWO-WAY,NOT DIVIDED;DAYLIGHT;CLEAR;0;0;;STOP SIGN;NONE;NONE;NONE;NONE;;2017-10-17T17:05:58-04:00;2017;No;No;10;17
.1 MILES FROM 216 E CHATHAM ST;TWO-WAY,NOT DIVIDED;DAYLIGHT;CLEAR;0;0;;NO CONTROL PRESENT;PICKUP;PASSENGER CAR;NONE;NONE;;2017-10-18T17:33:12-04:00;2017;No;No;10;17
CARY;TWO-WAY,DIVIDED,UNPROTECTED MEDIAN;DAYLIGHT;CLEAR;0;0;;STOP AND GO SIGNAL;PASSENGER CAR;PASSENGER CAR;NONE;NONE;;2017-10-19T12:59:00-04:00;2017;No;No;10;12
.1 MILES FROM PVA (6770 MCCRIMMON PKWY);TWO-WAY,NOT DIVIDED;DAYLIGHT;CLEAR;0;1;;NO CONTROL PRESENT;PASSENGER CAR;PASSENGER CAR;NONE;NONE;;2017-10-17T00:00:00-04:00;2017;No;Yes;10;00
CARY;TWO-WAY,NOT DIVIDED;DAYLIGHT;CLEAR;0;0;;STOP SIGN;SPORT UTILITY;SPORT UTILITY;NONE;NONE;;2017-10-19T10:29:00-04:00;2017;No;No;10;10
CARY;TWO-WAY,DIVIDED,UNPROTECTED MEDIAN;DAYLIGHT;CLEAR;0;0;;STOP AND GO SIGNAL;PASSENGER CAR;SPORT UTILITY;NONE;NONE;;2017-10-19T15:40:02-04:00;2017;No;No;10;15
400 FEET FROM BUCK JONES RD;TWO-WAY,NOT DIVIDED;DAYLIGHT;CLEAR;0;0;;NO CONTROL PRESENT;PASSENGER CAR;PICKUP;NONE;NONE;;2017-10-22T14:59:42-04:00;2017;No;No;10;14
CARY;TWO-WAY,NOT DIVIDED;DARK - ROADWAY NOT LIGHTED;CLEAR;0;2;;NO CONTROL PRESENT;PASSENGER CAR;PICKUP;NONE;NONE;;2017-10-22T19:17:48-04:00;2017;No;Yes;10;19
.5 MILES FROM SR 1615 (HIGH HOUSE RD);TWO-WAY,DIVIDED,UNPROTECTED MEDIAN;DAYLIGHT;CLEAR;0;0;;STOP AND GO SIGNAL;PASSENGER CAR;PICKUP;SPORT UTILITY;NONE;;2017-10-19T15:18:48-04:00;2017;No;No;10;15
300 FEET FROM NC 55 HWY;TWO-WAY,DIVIDED,UNPROTECTED MEDIAN;DAYLIGHT;CLEAR;0;0;;NO CONTROL PRESENT;PASSENGER CAR;SPORT UTILITY;NONE;NONE;;2017-10-20T17:18:13-04:00;2017;No;No;10;17
.5 MILES FROM US 1 HWY;TWO-WAY,DIVIDED,POSITIVE MEDIAN BARRIER;DAYLIGHT;CLEAR;0;0;;NO CONTROL PRESENT;PASSENGER CAR;PASSENGER CAR;NONE;NONE;;2017-10-20T17:39:44-04:00;2017;No;No;10;17
CARY;TWO-WAY,DIVIDED,UNPROTECTED MEDIAN;DARK - LIGHTED ROADWAY;CLEAR;0;0;;STOP AND GO SIGNAL;PASSENGER CAR;PASSENGER CAR;NONE;NONE;;2017-10-21T02:46:12-04:00;2017;No;No;10;02
.50 MILES FROM SR 3073 (NW MAYNARD RD;TWO-WAY,DIVIDED,POSITIVE MEDIAN BARRIER;DAYLIGHT;CLEAR;0;1;;OTHER *;PASSENGER CAR;SPORT UTILITY;NONE;NONE;;2017-10-22T12:22:00-04:00;2017;No;Yes;10;12
CARY;TWO-WAY,DIVIDED,POSITIVE MEDIAN BARRIER;DARK - LIGHTED ROADWAY;CLEAR;0;0;;STOP AND GO SIGNAL;SPORT UTILITY;PASSENGER CAR;NONE;NONE;;2017-10-22T20:11:32-04:00;2017;No;No;10;20
.5 MILES FROM 1300 (KILDAIRE FARM ROAD);TWO-WAY,DIVIDED,POSITIVE MEDIAN BARRIER;DAYLIGHT;CLEAR;0;0;;STOP AND GO SIGNAL;PASSENGER CAR;PASSENGER CAR;NONE;NONE;;2017-10-23T15:44:57-04:00;2017;No;No;10;15
CARY;TWO-WAY,NOT DIVIDED;DAYLIGHT;CLEAR;0;0;;NO CONTROL PRESENT;SPORT UTILITY;PASSENGER CAR;NONE;NONE;;2017-10-24T12:09:00-04:00;2017;No;No;10;12
.2 MILES FROM SR 1010 (TEN-TEN RD.);NONE;NONE;NONE;0;1;;;SPORT UTILITY;NONE;NONE;NONE;;2017-09-28T00:00:00-04:00;2017;No;Yes;9;00
CARY;TWO-WAY,DIVIDED,UNPROTECTED MEDIAN;DARK - LIGHTED ROADWAY;CLEAR;0;0;;STOP AND GO SIGNAL;SPORT UTILITY;SPORT UTILITY;NONE;NONE;;2017-10-25T21:23:26-04:00;2017;No;No;10;21
15 FEET FROM SR-1521 LAKE PINE DR;TWO-WAY,NOT DIVIDED;DAYLIGHT;CLEAR;0;0;;STOP AND GO SIGNAL;PASSENGER CAR;PASSENGER CAR;NONE;NONE;;2017-10-25T08:44:55-04:00;2017;No;No;10;08
30 FEET FROM SR 1300 (KILDAIRE FARM RD);TWO-WAY,DIVIDED,UNPROTECTED MEDIAN;DARK - LIGHTED ROADWAY;CLEAR;0;0;;STOP AND GO SIGNAL;SPORT UTILITY;PASSENGER CAR;NONE;NONE;;2017-10-24T21:01:53-04:00;2017;No;No;10;21
35 FEET FROM SENTINEL FERRY LN;TWO-WAY,NOT DIVIDED;DAYLIGHT;CLEAR;0;0;DARTING;NO CONTROL PRESENT;PASSENGER CAR;NONE;NONE;NONE;;2017-10-25T13:22:29-04:00;2017;No;No;10;13
50 FEET FROM SR 1621 (GREEN HOPE SCHOOL RD);TWO-WAY,NOT DIVIDED;DAYLIGHT;CLEAR;0;1;;STOP AND GO SIGNAL;PICKUP;PASSENGER CAR;NONE;NONE;;2017-10-25T15:44:02-04:00;2017;No;Yes;10;15
300 FEET FROM SR 1010 TEN TEN RD;TWO-WAY,NOT DIVIDED;DUSK;CLEAR;0;0;;STOP AND GO SIGNAL;PICKUP;PASSENGER CAR;SPORT UTILITY;NONE;;2017-10-25T17:36:37-04:00;2017;No;No;10;17
50 FEET FROM SR 1152 (HOLLY SPRINGS RD);TWO-WAY,DIVIDED,UNPROTECTED MEDIAN;DAYLIGHT;CLEAR;0;0;;STOP AND GO SIGNAL;PASSENGER CAR;PASSENGER CAR;NONE;NONE;;2017-10-26T14:07:19-04:00;2017;No;No;10;14
10 FEET FROM S.R. 1616 (OLD APEX RD);TWO-WAY,NOT DIVIDED;DAYLIGHT;CLEAR;0;0;;NO CONTROL PRESENT;SPORT UTILITY;PICKUP;NONE;NONE;;2017-10-26T07:59:42-04:00;2017;No;No;10;07
120 FEET FROM PVA 1640 SR 1011 (OLD APEX RD);TWO-WAY,NOT DIVIDED;DAYLIGHT;CLEAR;0;0;;NO CONTROL PRESENT;PICKUP;LIGHT TRUCK (MINI-VAN- PANEL);NONE;NONE;;2017-10-26T12:26:00-04:00;2017;No;No;10;12
200 FEET FROM PVA 1601 SEABROOK AV;TWO-WAY,NOT DIVIDED;DAYLIGHT;CLEAR;0;0;;NO CONTROL PRESENT;PASSENGER CAR;PASSENGER CAR;NONE;NONE;;2017-10-25T12:17:00-04:00;2017;No;No;10;12
.5 MILES FROM NC 55 HWY;TWO-WAY,DIVIDED,UNPROTECTED MEDIAN;DAYLIGHT;CLEAR;0;0;;NO CONTROL PRESENT;PASSENGER CAR;SPORT UTILITY;NONE;NONE;;2017-10-24T17:37:19-04:00;2017;No;No;10;17
.25 MILES FROM US 1 HWY;TWO-WAY,DIVIDED,POSITIVE MEDIAN BARRIER;DAYLIGHT;CLEAR;0;0;;NO CONTROL PRESENT;SPORT UTILITY;SPORT UTILITY;NONE;NONE;;2017-10-27T15:16:42-04:00;2017;No;No;10;15
.2 MILES FROM NC55 HWY;TWO-WAY,DIVIDED,UNPROTECTED MEDIAN;DARK - ROADWAY NOT LIGHTED;CLEAR;0;0;DARTING;NO CONTROL PRESENT;SPORT UTILITY;NONE;NONE;NONE;;2017-10-29T19:36:15-04:00;2017;No;No;10;19
.39 MILES FROM HWY US 1 (SOUTHBOUND);TWO-WAY,DIVIDED,POSITIVE MEDIAN BARRIER;DARK - LIGHTED ROADWAY;CLEAR;0;0;;NO CONTROL PRESENT;PICKUP;NONE;NONE;NONE;;2017-10-28T06:01:45-04:00;2017;No;No;10;06
CARY;TWO-WAY,NOT DIVIDED;DAYLIGHT;CLEAR;0;0;;NO CONTROL PRESENT;PASSENGER CAR;NONE;NONE;NONE;;2017-10-27T18:23:02-04:00;2017;No;No;10;18
CARY;TWO-WAY,DIVIDED,UNPROTECTED MEDIAN;DAYLIGHT;CLEAR;0;0;;STOP AND GO SIGNAL;PASSENGER CAR;PASSENGER CAR;NONE;NONE;;2017-10-28T09:26:03-04:00;2017;No;No;10;09
174 FEET FROM SEABROOK AVE;TWO-WAY,NOT DIVIDED;DAYLIGHT;CLOUDY;0;0;;NO CONTROL PRESENT;PASSENGER CAR;PASSENGER CAR;NONE;NONE;;2017-10-29T06:10:26-04:00;2017;No;No;10;06
20 FEET FROM SR 3073 (NW MAYNARD RD);TWO-WAY,NOT DIVIDED;DARK - LIGHTED ROADWAY;CLOUDY;0;0;;STOP AND GO SIGNAL;PASSENGER CAR;SPORT UTILITY;NONE;NONE;;2017-10-29T19:49:39-04:00;2017;No;No;10;19
30 FEET FROM US 64 HWY;TWO-WAY,DIVIDED,UNPROTECTED MEDIAN;DAYLIGHT;CLEAR;0;0;;STOP AND GO SIGNAL;VAN;PASSENGER CAR;NONE;NONE;;2017-10-30T09:31:30-04:00;2017;No;No;10;09
.36 MILES FROM SR 1009 (TRYON RD);TWO-WAY,DIVIDED,UNPROTECTED MEDIAN;DAYLIGHT;CLEAR;0;1;;NO CONTROL PRESENT;PASSENGER CAR;PICKUP;SPORT UTILITY;NONE;;2017-10-30T17:15:20-04:00;2017;No;Yes;10;17
147 FEET FROM SR#1613 (DAVIS DR);TWO-WAY,DIVIDED,UNPROTECTED MEDIAN;DAYLIGHT;CLEAR;0;0;;NO CONTROL PRESENT;PASSENGER CAR;PASSENGER CAR;NONE;NONE;;2017-10-30T17:22:23-04:00;2017;No;No;10;17
125 FEET FROM SR 1415 (SW MAYNARD RD);TWO-WAY,NOT DIVIDED;DAYLIGHT;CLEAR;0;0;;STOP AND GO SIGNAL;PASSENGER CAR;PASSENGER CAR;NONE;NONE;;2017-10-31T10:06:00-04:00;2017;No;No;10;10
.5 MILES FROM US 1 HWY;TWO-WAY,DIVIDED,POSITIVE MEDIAN BARRIER;DAYLIGHT;CLEAR;0;0;;NO CONTROL PRESENT;PASSENGER CAR;PASSENGER CAR;NONE;NONE;;2017-10-31T12:57:00-04:00;2017;No;No;10;12
25 FEET FROM AUTO MALL DR;TWO-WAY,NOT DIVIDED;DAYLIGHT;CLEAR;0;0;;NO CONTROL PRESENT;PASSENGER CAR;PASSENGER CAR;NONE;NONE;;2017-10-31T15:49:27-04:00;2017;No;No;10;15
200 FEET FROM P.V.A. (543 KEISLER DR);TWO-WAY,NOT DIVIDED;DAYLIGHT;CLEAR;0;0;;NO CONTROL PRESENT;PASSENGER CAR;PASSENGER CAR;NONE;NONE;;2017-11-01T16:02:51-04:00;2017;No;No;11;16
100 FEET FROM REGENCY PKWY;TWO-WAY,DIVIDED,POSITIVE MEDIAN BARRIER;DAYLIGHT;CLEAR;0;0;;YIELD SIGN;PASSENGER CAR;PASSENGER CAR;NONE;NONE;;2017-11-02T08:36:38-04:00;2017;No;No;11;08
5 FEET FROM SHELDON DR;TWO-WAY,DIVIDED,UNPROTECTED MEDIAN;DAYLIGHT;CLEAR;0;0;;STOP SIGN;PASSENGER CAR;SPORT UTILITY;NONE;NONE;;2017-11-02T16:37:56-04:00;2017;No;No;11;16
450 FEET FROM SR 1300 (KILDAIRE FARM RD);TWO-WAY,DIVIDED,UNPROTECTED MEDIAN;DAYLIGHT;CLEAR;0;1;;NO CONTROL PRESENT;PASSENGER CAR;PASSENGER CAR;NONE;NONE;;2017-11-02T18:10:07-04:00;2017;No;Yes;11;18
50 FEET FROM US 1;ONE-WAY,NOT DIVIDED;DAYLIGHT;CLEAR;0;0;;STOP AND GO SIGNAL;PICKUP;PASSENGER CAR;NONE;NONE;;2017-11-03T11:23:00-04:00;2017;No;No;11;11
.25 MILES FROM SR 1152 HOLLY SPRINGS RD;TWO-WAY,DIVIDED,UNPROTECTED MEDIAN;DAYLIGHT;CLEAR;0;0;;STOP AND GO SIGNAL;SPORT UTILITY;PASSENGER CAR;NONE;NONE;;2017-11-03T07:43:30-04:00;2017;No;No;11;07
5 FEET FROM SR3977 (SE CARY PKWY);TWO-WAY,DIVIDED,UNPROTECTED MEDIAN;DAYLIGHT;CLOUDY;0;0;;STOP AND GO SIGNAL;SPORT UTILITY;SPORT UTILITY;NONE;NONE;;2017-11-04T12:41:00-04:00;2017;No;No;11;12
100 FEET FROM SR 1152 (HOLLY SPRINGS RD);TWO-WAY,NOT DIVIDED;DAYLIGHT;CLEAR;0;0;;STOP AND GO SIGNAL;PICKUP;PASSENGER CAR;NONE;NONE;;2017-11-03T13:57:40-04:00;2017;No;No;11;13
75 FEET FROM W CHATHAM ST;TWO-WAY,NOT DIVIDED;DAYLIGHT;CLEAR;0;0;;NO CONTROL PRESENT;SPORT UTILITY;PASSENGER CAR;NONE;NONE;;2017-11-03T15:33:12-04:00;2017;No;No;11;15
CARY;TWO-WAY,DIVIDED,POSITIVE MEDIAN BARRIER;DAYLIGHT;CLEAR;0;0;;NO CONTROL PRESENT;SPORT UTILITY;PICKUP;PASSENGER CAR;NONE;;2017-11-03T16:01:10-04:00;2017;No;No;11;16
.2309 MILES FROM NC 54 (CHAPEL HILL RD);TWO-WAY,DIVIDED,UNPROTECTED MEDIAN;DAYLIGHT;CLEAR;0;1;;NO CONTROL PRESENT;PASSENGER CAR;PASSENGER CAR;NONE;NONE;;2017-11-03T14:02:43-04:00;2017;No;Yes;11;14
200 FEET FROM US 1 HWY;TWO-WAY,DIVIDED,POSITIVE MEDIAN BARRIER;DAYLIGHT;CLEAR;0;0;;;PASSENGER CAR;PASSENGER CAR;NONE;NONE;;2017-11-06T09:15:59-05:00;2017;No;No;11;09
300 FEET FROM APRIL BLOOM LN;TWO-WAY,NOT DIVIDED;DAYLIGHT;CLEAR;0;1;;NO CONTROL PRESENT;PASSENGER CAR;PASSENGER CAR;NONE;NONE;;2017-11-05T17:37:13-05:00;2017;No;Yes;11;17
100 FEET FROM US 1;NONE;NONE;NONE;0;0;;;NONE;NONE;NONE;NONE;;2017-11-03T14:30:40-04:00;2017;No;No;11;14
100 FEET FROM HIGH HOUSE RD SR 1615;TWO-WAY,DIVIDED,UNPROTECTED MEDIAN;DARK - LIGHTED ROADWAY;CLOUDY;0;0;;NO CONTROL PRESENT;PASSENGER CAR;SPORT UTILITY;NONE;NONE;;2017-11-07T17:32:35-05:00;2017;No;No;11;17
10 FEET FROM SR 1300 (KILDARE FARM RD);TWO-WAY,DIVIDED,UNPROTECTED MEDIAN;DAYLIGHT;RAIN;0;0;;STOP AND GO SIGNAL;LIGHT TRUCK (MINI-VAN- PANEL);PASSENGER CAR;NONE;NONE;;2017-11-07T13:10:49-05:00;2017;No;No;11;13
.10 MILES FROM SR 1300 KILDAIRE FARM RD;TWO-WAY,DIVIDED,UNPROTECTED MEDIAN;DAYLIGHT;CLOUDY;0;0;;STOP AND GO SIGNAL;PICKUP;PICKUP;NONE;NONE;;2017-11-08T07:47:30-05:00;2017;No;No;11;07
300 FEET FROM SR 1313 WALNUT ST;TWO-WAY,DIVIDED,POSITIVE MEDIAN BARRIER;DUSK;RAIN;0;0;;STOP AND GO SIGNAL;PASSENGER CAR;PASSENGER CAR;NONE;NONE;;2017-11-08T17:29:32-05:00;2017;No;No;11;17
200 FEET FROM SR 1307 W CHATHAM ST;TWO-WAY,NOT DIVIDED;DUSK;RAIN;0;0;;NO CONTROL PRESENT;PASSENGER CAR;VAN;NONE;NONE;;2017-11-08T21:04:57-05:00;2017;No;No;11;21
150 FEET FROM PVA (5016 COMMINS HILL DR);TWO-WAY,NOT DIVIDED;DAYLIGHT;RAIN;0;0;;NO CONTROL PRESENT;SINGLE UNIT TRUCK (2-AXLE- 6-TIRE);NONE;NONE;NONE;;2017-11-08T06:42:45-05:00;2017;No;No;11;06