Location_Description;Road_Configuration;Light_Condition;Weather;Fatality;Injury;Contributing_Factor;Traffic_Control;Vehicle1;Vehicle2;Vehicle3;Vehicle4;Vehicle5;Crash_Date;year;Fatalities;Injuries;Month;Hour
100 FEET FROM MILLS PARK DR;TWO-WAY,NOT DIVIDED;DAYLIGHT;RAIN;0;0;;STOP AND GO SIGNAL;PASSENGER CAR;SPORT UTILITY;NONE;NONE;;2017-11-09T07:52:29-05:00;2017;No;No;11;07
300 FEET FROM PVA AT 7210 TRYON RD;TWO-WAY,NOT DIVIDED;DAYLIGHT;CLOUDY;0;0;;NO CONTROL PRESENT;SPORT UTILITY;VAN;NONE;NONE;;2017-11-09T12:30:00-05:00;2017;No;No;11;12
.15 MILES FROM SR 1011 (OLD APEX RD);TWO-WAY,NOT DIVIDED;DARK - ROADWAY NOT LIGHTED;CLOUDY;0;1;;NO CONTROL PRESENT;PASSENGER CAR;NONE;NONE;NONE;;2017-11-10T04:53:39-05:00;2017;No;Yes;11;04
20 FEET FROM NC 54 NE MAYNARD RD;TWO-WAY,DIVIDED,UNPROTECTED MEDIAN;DAYLIGHT;RAIN;0;3;;STOP AND GO SIGNAL;PASSENGER CAR;PASSENGER CAR;PASSENGER CAR;NONE;;2017-11-09T16:38:07-05:00;2017;No;Yes;11;16
CARY;TWO-WAY,NOT DIVIDED;DAYLIGHT;CLEAR;0;0;;STOP AND GO SIGNAL;PICKUP;PASSENGER CAR;NONE;NONE;;2017-11-10T07:50:39-05:00;2017;No;No;11;07
100 FEET FROM KIRKFIELD DR;TWO-WAY,NOT DIVIDED;DARK - LIGHTED ROADWAY;CLEAR;0;0;;NO CONTROL PRESENT;SPORT UTILITY;SPORT UTILITY;NONE;NONE;;2017-11-10T21:57:22-05:00;2017;No;No;11;21
.42 MILES FROM HWY US 1;ONE-WAY,NOT DIVIDED;DAYLIGHT;CLEAR;0;0;;STOP AND GO SIGNAL;PASSENGER CAR;SPORT UTILITY;NONE;NONE;;2017-11-11T12:18:00-05:00;2017;No;No;11;12
CARY;TWO-WAY,DIVIDED,POSITIVE MEDIAN BARRIER;DARK - LIGHTED ROADWAY;CLEAR;0;0;;FLASHING STOP AND GO SIGNAL;PASSENGER CAR;PASSENGER CAR;NONE;NONE;;2017-11-07T18:15:18-05:00;2017;No;No;11;18
100 FEET FROM SR 1313 (WALNUT ST);TWO-WAY,DIVIDED,UNPROTECTED MEDIAN;DAYLIGHT;RAIN;0;0;;NO CONTROL PRESENT;PASSENGER CAR;PASSENGER CAR;PASSENGER CAR;NONE;;2017-11-09T16:47:45-05:00;2017;No;No;11;16
10 FEET FROM NC 54 (CHAPEL HILL RD);TWO-WAY,NOT DIVIDED;DARK - LIGHTED ROADWAY;CLEAR;0;0;;STOP AND GO SIGNAL;PASSENGER CAR;PICKUP;NONE;NONE;;2017-11-10T18:20:35-05:00;2017;No;No;11;18
.1 MILES FROM P.V.A. SPRINGHILL SUITES;TWO-WAY,NOT DIVIDED;DARK - LIGHTED ROADWAY;CLEAR;0;0;;NO CONTROL PRESENT;NONE;PASSENGER CAR;NONE;NONE;;2017-11-12T13:27:31-05:00;2017;No;No;11;13
.5 MILES FROM (3977) SW CARY PARKWAY;TWO-WAY,DIVIDED,POSITIVE MEDIAN BARRIER;DAYLIGHT;CLEAR;0;0;;FLASHING STOP AND GO SIGNAL;PASSENGER CAR;PASSENGER CAR;PASSENGER CAR;NONE;;2017-11-12T01:22:01-05:00;2017;No;No;11;01
.1 MILES FROM P.V.A. (7000 UNDERWOOD ARBOR D;TWO-WAY,NOT DIVIDED;NONE;CLOUDY;0;0;;NO CONTROL PRESENT;PASSENGER CAR;NONE;NONE;NONE;;2017-11-13T13:57:02-05:00;2017;No;No;11;13
.14 MILES FROM COLONADES WAY;TWO-WAY,DIVIDED,UNPROTECTED MEDIAN;DAYLIGHT;CLEAR;0;0;;NO CONTROL PRESENT;VAN;PASSENGER CAR;NONE;NONE;;2017-11-13T12:18:00-05:00;2017;No;No;11;12
CARY;TWO-WAY,NOT DIVIDED;DARK - ROADWAY NOT LIGHTED;CLEAR;0;0;;NO CONTROL PRESENT;PASSENGER CAR;PASSENGER CAR;NONE;NONE;;2017-11-13T20:33:09-05:00;2017;No;No;11;20
230 FEET FROM P.V.A (6001 HOSPITALITY CT);TWO-WAY,NOT DIVIDED;DAYLIGHT;CLEAR;0;0;;NO CONTROL PRESENT;PASSENGER CAR;PICKUP;NONE;NONE;;2017-11-13T17:51:55-05:00;2017;No;No;11;17
369 FEET FROM GLENSTONE LN;TWO-WAY,NOT DIVIDED;DAYLIGHT;CLOUDY;0;0;;NO CONTROL PRESENT;VAN;PASSENGER CAR;NONE;NONE;;2017-11-14T09:08:21-05:00;2017;No;No;11;09
200 FEET FROM US 64 HWY;TWO-WAY,DIVIDED,UNPROTECTED MEDIAN;DARK - LIGHTED ROADWAY;CLEAR;0;0;;NO CONTROL PRESENT;PICKUP;PASSENGER CAR;NONE;NONE;;2017-11-14T00:16:00-05:00;2017;No;No;11;00
.1 MILES FROM SR 1415 (NW MAYNARD RD);TWO-WAY,DIVIDED,POSITIVE MEDIAN BARRIER;DAYLIGHT;CLEAR;0;0;;NO CONTROL PRESENT;LIGHT TRUCK (MINI-VAN- PANEL);SPORT UTILITY;NONE;NONE;;2017-11-15T07:48:18-05:00;2017;No;No;11;07
250 FEET FROM SR 1600 (GREEN LEVEL CHURCH RD;TWO-WAY,DIVIDED,UNPROTECTED MEDIAN;DAYLIGHT;CLEAR;0;0;DARTING;NO CONTROL PRESENT;SPORT UTILITY;NONE;NONE;NONE;;2017-11-15T07:58:37-05:00;2017;No;No;11;07
400 FEET FROM PVA OF 3434 KILDAIRE FARM RD;TWO-WAY,NOT DIVIDED;DARK - ROADWAY NOT LIGHTED;CLEAR;0;0;;NO CONTROL PRESENT;SPORT UTILITY;VAN;NONE;NONE;;2017-11-15T21:39:41-05:00;2017;No;No;11;21
CARY;TWO-WAY,NOT DIVIDED;DAYLIGHT;CLEAR;0;0;;STOP AND GO SIGNAL;PASSENGER CAR;PASSENGER CAR;NONE;NONE;;2017-11-16T09:57:54-05:00;2017;No;No;11;09
CARY;TWO-WAY,DIVIDED,UNPROTECTED MEDIAN;DAYLIGHT;CLEAR;0;0;;YIELD SIGN;PASSENGER CAR;SPORT UTILITY;NONE;NONE;;2017-11-16T16:35:16-05:00;2017;No;No;11;16
CARY;TWO-WAY,DIVIDED,UNPROTECTED MEDIAN;DARK - LIGHTED ROADWAY;CLEAR;0;0;;STOP AND GO SIGNAL;LIGHT TRUCK (MINI-VAN- PANEL);SPORT UTILITY;NONE;NONE;;2017-11-16T19:21:13-05:00;2017;No;No;11;19
.1 MILES FROM SR 1300 (KILDAIRE FARM RD);TWO-WAY,DIVIDED,POSITIVE MEDIAN BARRIER;DAYLIGHT;CLEAR;0;0;;NO CONTROL PRESENT;PASSENGER CAR;PICKUP;NONE;NONE;;2017-11-17T12:33:00-05:00;2017;No;No;11;12
.2 MILES FROM 2370 SR 1313 (WALNUT ST);TWO-WAY,NOT DIVIDED;DAYLIGHT;CLEAR;0;0;;NO CONTROL PRESENT;PASSENGER CAR;SPORT UTILITY;NONE;NONE;;2017-11-17T14:07:13-05:00;2017;No;No;11;14
150 FEET FROM SR 3090 (WESTON PKWY);TWO-WAY,DIVIDED,UNPROTECTED MEDIAN;DAYLIGHT;CLEAR;0;0;;NO CONTROL PRESENT;PASSENGER CAR;PASSENGER CAR;NONE;NONE;;2017-11-17T09:04:49-05:00;2017;No;No;11;09
200 FEET FROM PVA TOWN HALL PARKING DECK 121;TWO-WAY,NOT DIVIDED;DAYLIGHT;CLEAR;0;0;;NO CONTROL PRESENT;PICKUP;SPORT UTILITY;NONE;NONE;;2017-11-16T15:44:36-05:00;2017;No;No;11;15
50 FEET FROM P.V.A (1409 KILDAIRE FARM RD);TWO-WAY,NOT DIVIDED;DARK - LIGHTED ROADWAY;CLEAR;0;0;;NO CONTROL PRESENT;NONE;PASSENGER CAR;NONE;NONE;;2017-11-17T18:26:42-05:00;2017;No;No;11;18
30 FEET FROM SR 1605 (GREEN LEVEL WEST RD);TWO-WAY,NOT DIVIDED;DARK - LIGHTED ROADWAY;CLEAR;0;0;;STOP AND GO SIGNAL;VAN;VAN;NONE;NONE;;2017-11-17T19:48:49-05:00;2017;No;No;11;19
.8 MILES FROM US 1;TWO-WAY,DIVIDED,POSITIVE MEDIAN BARRIER;DARK - LIGHTED ROADWAY;CLEAR;0;0;;NO CONTROL PRESENT;PASSENGER CAR;PASSENGER CAR;NONE;NONE;;2017-11-16T18:00:03-05:00;2017;No;No;11;18
250 FEET FROM S.R. 1643 (HIGH HOUSE RD);TWO-WAY,NOT DIVIDED;DAYLIGHT;CLEAR;0;0;;STOP SIGN;PASSENGER CAR;PASSENGER CAR;NONE;NONE;;2017-11-19T16:41:05-05:00;2017;No;No;11;16
200 FEET FROM P.V.A. (1920 NW MAYNARD RD);TWO-WAY,NOT DIVIDED;DAYLIGHT;CLEAR;0;0;;NO CONTROL PRESENT;PICKUP;PICKUP;NONE;NONE;;2017-11-19T08:01:02-05:00;2017;No;No;11;08
50 FEET FROM ROBERTS RD;TWO-WAY,NOT DIVIDED;DARK - ROADWAY NOT LIGHTED;CLEAR;0;0;;NO CONTROL PRESENT;SPORT UTILITY;NONE;NONE;NONE;;2017-11-20T03:15:38-05:00;2017;No;No;11;03
CARY;TWO-WAY,NOT DIVIDED;DARK - ROADWAY NOT LIGHTED;CLEAR;0;0;DARTING;NO CONTROL PRESENT;PASSENGER CAR;NONE;NONE;NONE;;2017-11-20T00:25:00-05:00;2017;No;No;11;00
CARY;TWO-WAY,DIVIDED,POSITIVE MEDIAN BARRIER;DAYLIGHT;CLEAR;0;0;;STOP AND GO SIGNAL;SPORT UTILITY;PASSENGER CAR;NONE;NONE;;2017-11-21T17:41:51-05:00;2017;No;No;11;17
CARY;TWO-WAY,NOT DIVIDED;DARK - ROADWAY NOT LIGHTED;CLEAR;0;0;;STOP AND GO SIGNAL;SPORT UTILITY;NONE;NONE;NONE;;2017-11-18T04:12:49-05:00;2017;No;No;11;04
50 FEET FROM PVA 2462 WALNUT ST;TWO-WAY,NOT DIVIDED;DAYLIGHT;CLEAR;0;0;;NO CONTROL PRESENT;PASSENGER CAR;PASSENGER CAR;NONE;NONE;;2017-11-22T12:50:00-05:00;2017;No;No;11;12
5 FEET FROM SR 1313 (WALNUT ST);TWO-WAY,DIVIDED,UNPROTECTED MEDIAN;DAYLIGHT;CLEAR;0;2;;STOP AND GO SIGNAL;PASSENGER CAR;PASSENGER CAR;NONE;NONE;;2017-11-22T08:59:17-05:00;2017;No;Yes;11;08
15 FEET FROM NOTTINGHAM DR;TWO-WAY,NOT DIVIDED;DAWN;CLEAR;0;1;;NO CONTROL PRESENT;NONE;NONE;NONE;NONE;;2017-11-25T06:46:02-05:00;2017;No;Yes;11;06
104 FEET FROM US 1 HWY;ONE-WAY,NOT DIVIDED;DARK - LIGHTED ROADWAY;CLEAR;0;0;;YIELD SIGN;PASSENGER CAR;PASSENGER CAR;NONE;NONE;;2017-11-25T22:19:00-05:00;2017;No;No;11;22
376 FEET FROM MAINSAIL DR;TWO-WAY,NOT DIVIDED;DARK - ROADWAY NOT LIGHTED;CLEAR;0;0;;NO CONTROL PRESENT;NONE;PICKUP;NONE;NONE;;2017-11-26T18:03:15-05:00;2017;No;No;11;18
CARY;TWO-WAY,DIVIDED,UNPROTECTED MEDIAN;DARK - LIGHTED ROADWAY;CLEAR;0;1;;STOP SIGN;PASSENGER CAR;PASSENGER CAR;NONE;NONE;;2017-11-22T20:45:51-05:00;2017;No;Yes;11;20
.10 MILES FROM MEETING ST;TWO-WAY,NOT DIVIDED;DAYLIGHT;CLEAR;0;0;;STOP AND GO SIGNAL;SPORT UTILITY;VAN;NONE;NONE;;2017-11-24T13:47:14-05:00;2017;No;No;11;13
50 FEET FROM PVA 1195 W CHATHAM ST SR 1011;TWO-WAY,NOT DIVIDED;DARK - ROADWAY NOT LIGHTED;CLEAR;0;0;;NO CONTROL PRESENT;PASSENGER CAR;PASSENGER CAR;NONE;NONE;;2017-11-24T19:58:10-05:00;2017;No;No;11;19
350 FEET FROM S.R. 1613 (DAVIS DR);TWO-WAY,NOT DIVIDED;DARK - LIGHTED ROADWAY;CLEAR;0;0;DARTING;NO CONTROL PRESENT;PASSENGER CAR;NONE;NONE;NONE;;2017-11-15T01:21:01-05:00;2017;No;No;11;01
430 FEET FROM HIGH HOUSE RD (SR1615);TWO-WAY,DIVIDED,UNPROTECTED MEDIAN;DARK - LIGHTED ROADWAY;CLOUDY;0;0;;NO CONTROL PRESENT;PASSENGER CAR;NONE;NONE;NONE;;2017-11-24T03:18:31-05:00;2017;No;No;11;03
0 FEET FROM (NC54) CHAPEL HILL RD;TWO-WAY,DIVIDED,UNPROTECTED MEDIAN;DAYLIGHT;CLEAR;0;0;;STOP AND GO SIGNAL;PASSENGER CAR;PASSENGER CAR;PASSENGER CAR;NONE;;2017-11-27T07:26:28-05:00;2017;No;No;11;07
50 FEET FROM NC 54 (CHAPEL HILL RD);TWO-WAY,NOT DIVIDED;DAYLIGHT;CLEAR;0;0;;STOP AND GO SIGNAL;PASSENGER CAR;SPORT UTILITY;NONE;NONE;;2017-11-27T07:42:25-05:00;2017;No;No;11;07
400 FEET FROM SR 1300 (KILDAIRE FARM RD);TWO-WAY,NOT DIVIDED;DAYLIGHT;CLEAR;0;0;;STOP AND GO SIGNAL;PASSENGER CAR;PICKUP;NONE;NONE;;2017-11-27T09:59:08-05:00;2017;No;No;11;09
.13 MILES FROM WESTON PKWY;TWO-WAY,DIVIDED,UNPROTECTED MEDIAN;DAYLIGHT;CLEAR;0;0;;STOP AND GO SIGNAL;PASSENGER CAR;PASSENGER CAR;NONE;NONE;;2017-11-27T09:23:48-05:00;2017;No;No;11;09
82 FEET FROM SR1300 (KILDAIRE FARM RD);TWO-WAY,DIVIDED,UNPROTECTED MEDIAN;DARK - LIGHTED ROADWAY;CLEAR;0;0;;NO CONTROL PRESENT;PASSENGER CAR;PASSENGER CAR;NONE;NONE;;2017-11-27T18:21:57-05:00;2017;No;No;11;18
.09 MILES FROM SR-1415 (NW MAYNARD RD);TWO-WAY,NOT DIVIDED;DAYLIGHT;CLEAR;0;0;;NO CONTROL PRESENT;PASSENGER CAR;PASSENGER CAR;NONE;NONE;;2017-11-27T16:08:24-05:00;2017;No;No;11;16
.5 MILES FROM (3977) SW CARY PARKWAY;TWO-WAY,NOT DIVIDED;DAYLIGHT;CLEAR;0;0;;NO CONTROL PRESENT;PASSENGER CAR;NONE;NONE;NONE;;2017-11-27T13:56:44-05:00;2017;No;No;11;13
20 FEET FROM PVA 111 ADVENT CT;TWO-WAY,NOT DIVIDED;DAYLIGHT;CLEAR;0;0;;NO CONTROL PRESENT;TRACTOR/SEMI-TRAILER;PASSENGER CAR;NONE;NONE;;2017-11-28T13:49:17-05:00;2017;No;No;11;13
300 FEET FROM SR 3977 (SW CARY PKWY);TWO-WAY,DIVIDED,POSITIVE MEDIAN BARRIER;DAYLIGHT;CLEAR;0;0;;NO CONTROL PRESENT;PASSENGER CAR;PASSENGER CAR;NONE;NONE;;2017-11-29T08:37:39-05:00;2017;No;No;11;08
CARY;TWO-WAY,NOT DIVIDED;DARK - ROADWAY NOT LIGHTED;CLEAR;0;0;;NO CONTROL PRESENT;SPORT UTILITY;PASSENGER CAR;NONE;NONE;;2017-11-28T22:42:00-05:00;2017;No;No;11;22
NEAR 100 FEET FROM SR 1152 (HOLLY SPRINGS RD);TWO-WAY,NOT DIVIDED;DARK - ROADWAY NOT LIGHTED;CLEAR;0;0;DARTING;NO CONTROL PRESENT;SPORT UTILITY;NONE;NONE;NONE;;2017-11-23T13:47:14-05:00;2017;No;No;11;13
10 FEET FROM NC 54 (NW MAYNARD RD);TWO-WAY,NOT DIVIDED;DARK - LIGHTED ROADWAY;CLEAR;0;0;;STOP AND GO SIGNAL;PASSENGER CAR;PASSENGER CAR;NONE;NONE;;2017-11-29T17:35:41-05:00;2017;No;No;11;17
50 FEET FROM 638 WALNUT ST;TWO-WAY,NOT DIVIDED;DAYLIGHT;CLEAR;0;0;;NO CONTROL PRESENT;PASSENGER CAR;PICKUP;NONE;NONE;;2017-11-29T08:09:47-05:00;2017;No;No;11;08
200 FEET FROM GILMANTON RD;TWO-WAY,NOT DIVIDED;DARK - LIGHTED ROADWAY;CLEAR;0;0;;NO CONTROL PRESENT;SPORT UTILITY;NONE;NONE;NONE;;2017-11-30T06:37:09-05:00;2017;No;No;11;06
330 FEET FROM SR 3977 (SE CARY PKWY);TWO-WAY,DIVIDED,UNPROTECTED MEDIAN;DAYLIGHT;CLEAR;0;0;;NO CONTROL PRESENT;LIGHT TRUCK (MINI-VAN- PANEL);PASSENGER CAR;NONE;NONE;;2017-11-30T11:12:00-05:00;2017;No;No;11;11
CARY;TWO-WAY,NOT DIVIDED;DARK - LIGHTED ROADWAY;CLEAR;0;0;;NO CONTROL PRESENT;SPORT UTILITY;PASSENGER CAR;NONE;NONE;;2017-11-30T16:53:42-05:00;2017;No;No;11;16
CARY;TWO-WAY,DIVIDED,UNPROTECTED MEDIAN;DARK - LIGHTED ROADWAY;CLEAR;0;0;;STOP AND GO SIGNAL;PASSENGER CAR;PASSENGER CAR;NONE;NONE;;2017-11-28T22:51:00-05:00;2017;No;No;11;22
1 MILES FROM US 1;TWO-WAY,DIVIDED,POSITIVE MEDIAN BARRIER;DAYLIGHT;CLEAR;0;0;;NO CONTROL PRESENT;PASSENGER CAR;PASSENGER CAR;NONE;NONE;;2017-12-01T07:38:32-05:00;2017;No;No;12;07
CARY;TWO-WAY,NOT DIVIDED;DAYLIGHT;CLEAR;0;0;;NO CONTROL PRESENT;PASSENGER CAR;NONE;NONE;NONE;;2017-12-01T11:42:00-05:00;2017;No;No;12;11
.2 MILES FROM NC 55 HWY NC 55;TWO-WAY,DIVIDED,POSITIVE MEDIAN BARRIER;DAYLIGHT;CLEAR;0;0;;NO CONTROL PRESENT;SINGLE UNIT TRUCK (2-AXLE- 6-TIRE);SPORT UTILITY;NONE;NONE;;2017-11-30T13:03:06-05:00;2017;No;No;11;13
50 FEET FROM PVA-429 CROSSROADS BLVD;TWO-WAY,DIVIDED,POSITIVE MEDIAN BARRIER;DARK - LIGHTED ROADWAY;CLOUDY;0;0;;STOP SIGN;SPORT UTILITY;SPORT UTILITY;NONE;NONE;;2017-12-02T18:27:53-05:00;2017;No;No;12;18
400 FEET FROM PVA (1105 WALNUT ST);ONE-WAY,NOT DIVIDED;DAYLIGHT;CLEAR;0;0;;NO CONTROL PRESENT;PASSENGER CAR;PASSENGER CAR;NONE;NONE;;2017-12-01T17:05:12-05:00;2017;No;No;12;17
.2 MILES FROM US1;TWO-WAY,DIVIDED,POSITIVE MEDIAN BARRIER;DARK - LIGHTED ROADWAY;CLEAR;0;0;;NO CONTROL PRESENT;PASSENGER CAR;PASSENGER CAR;NONE;NONE;;2017-12-01T18:42:57-05:00;2017;No;No;12;18
499 FEET FROM GREEN HOPE SCHOOL RD 1621;TWO-WAY,NOT DIVIDED;DARK - LIGHTED ROADWAY;CLEAR;0;0;;NO CONTROL PRESENT;PASSENGER CAR;NONE;NONE;NONE;;2017-12-01T19:36:42-05:00;2017;No;No;12;19
CARY;TWO-WAY,DIVIDED,UNPROTECTED MEDIAN;DAYLIGHT;CLOUDY;0;0;;NO CONTROL PRESENT;PASSENGER CAR;PASSENGER CAR;NONE;NONE;;2017-12-02T11:11:00-05:00;2017;No;No;12;11
100 FEET FROM W PARK ST;TWO-WAY,NOT DIVIDED;DAYLIGHT;CLEAR;0;0;;NO CONTROL PRESENT;SPORT UTILITY;PICKUP;NONE;NONE;;2017-12-02T09:10:08-05:00;2017;No;No;12;09
.10 MILES FROM US 1 NORTH;TWO-WAY,DIVIDED,POSITIVE MEDIAN BARRIER;DARK - LIGHTED ROADWAY;CLEAR;0;0;;NO CONTROL PRESENT;PASSENGER CAR;SPORT UTILITY;NONE;NONE;;2017-12-01T17:37:55-05:00;2017;No;No;12;17
.1 MILES FROM SR 1615 (HIGH HOUSE RD);TWO-WAY,DIVIDED,UNPROTECTED MEDIAN;DAYLIGHT;CLEAR;0;0;;NO CONTROL PRESENT;LIGHT TRUCK (MINI-VAN- PANEL);SINGLE UNIT TRUCK (2-AXLE- 6-TIRE);NONE;NONE;;2017-12-01T16:42:51-05:00;2017;No;No;12;16
1 MILES FROM US 1 HWY;TWO-WAY,DIVIDED,POSITIVE MEDIAN BARRIER;DARK - LIGHTED ROADWAY;CLEAR;0;1;;NO CONTROL PRESENT;PASSENGER CAR;PASSENGER CAR;NONE;NONE;;2017-12-02T03:00:48-05:00;2017;No;Yes;12;03
499 FEET FROM SR 1600 (GREEN LEVEL CHURCH RD;TWO-WAY,DIVIDED,UNPROTECTED MEDIAN;DAYLIGHT;CLEAR;0;0;;NO CONTROL PRESENT;PASSENGER CAR;SPORT UTILITY;NONE;NONE;;2017-12-04T09:04:01-05:00;2017;No;No;12;09
254 FEET FROM P.V.A. (1301 BUCK JONES RD);TWO-WAY,NOT DIVIDED;DARK - LIGHTED ROADWAY;CLEAR;0;0;;NO CONTROL PRESENT;VAN;PASSENGER CAR;NONE;NONE;;2017-12-04T18:50:49-05:00;2017;No;No;12;18
CARY;TWO-WAY,DIVIDED,UNPROTECTED MEDIAN;DUSK;CLEAR;0;1;;STOP AND GO SIGNAL;PASSENGER CAR;PASSENGER CAR;NONE;NONE;;2017-12-04T17:29:58-05:00;2017;No;Yes;12;17
439 FEET FROM P.V.A. WEATHERSTONE ELEMENTARY;TWO-WAY,NOT DIVIDED;DAYLIGHT;CLEAR;0;0;;NO CONTROL PRESENT;NONE;NONE;NONE;NONE;;2017-12-04T18:24:19-05:00;2017;No;No;12;18
50 FEET FROM S.R. 5808 (E. CHATHAM ST.);TWO-WAY,DIVIDED,UNPROTECTED MEDIAN;DAYLIGHT;CLOUDY;0;0;;NO CONTROL PRESENT;SINGLE UNIT TRUCK (2-AXLE- 6-TIRE);SINGLE UNIT TRUCK (2-AXLE- 6-TIRE);NONE;NONE;;2017-12-05T10:46:00-05:00;2017;No;No;12;10
0 FEET FROM SR 1313 (WALNUT ST);TWO-WAY,DIVIDED,UNPROTECTED MEDIAN;DAYLIGHT;CLEAR;0;1;;STOP AND GO SIGNAL;SPORT UTILITY;PASSENGER CAR;NONE;NONE;;2017-12-04T15:00:42-05:00;2017;No;Yes;12;15
60 FEET FROM SR 1652 N HARRISON AVE;TWO-WAY,NOT DIVIDED;DAWN;CLEAR;0;0;;NO CONTROL PRESENT;VAN;NONE;NONE;NONE;;2017-11-30T10:04:00-05:00;2017;No;No;11;10
.3 MILES FROM US 1;TWO-WAY,DIVIDED,POSITIVE MEDIAN BARRIER;DAYLIGHT;RAIN;0;0;;NO CONTROL PRESENT;PASSENGER CAR;PASSENGER CAR;PASSENGER CAR;PASSENGER CAR;PASSENGER CAR;2017-12-06T07:58:06-05:00;2017;No;No;12;07
.5 MILES FROM US 1;TWO-WAY,DIVIDED,POSITIVE MEDIAN BARRIER;DARK - LIGHTED ROADWAY;SLEET, HAIL, FREEZING RAIN/DRIZZLE;0;0;;NO CONTROL PRESENT;PASSENGER CAR;PASSENGER CAR;NONE;NONE;;2017-12-06T22:39:00-05:00;2017;No;No;12;22
20 FEET FROM WEATHER RIDGE LN;TWO-WAY,DIVIDED,UNPROTECTED MEDIAN;DAYLIGHT;RAIN;0;1;;STOP SIGN;NONE;PASSENGER CAR;NONE;NONE;;2017-12-08T12:14:00-05:00;2017;No;Yes;12;12
200 FEET FROM SR 1655 (TRINITY RD);TWO-WAY,NOT DIVIDED;DARK - LIGHTED ROADWAY;RAIN;0;0;;NO CONTROL PRESENT;PASSENGER CAR;NONE;NONE;NONE;;2017-12-08T22:42:00-05:00;2017;No;No;12;22
.1 MILES FROM PVA (6770 MCCRIMMON PKWY);TWO-WAY,NOT DIVIDED;DAYLIGHT;CLEAR;0;0;;NO CONTROL PRESENT;PASSENGER CAR;SPORT UTILITY;NONE;NONE;;2017-12-07T00:00:00-05:00;2017;No;No;12;00
CARY;TWO-WAY,DIVIDED,UNPROTECTED MEDIAN;DARK - LIGHTED ROADWAY;SLEET, HAIL, FREEZING RAIN/DRIZZLE;0;0;;STOP AND GO SIGNAL;PASSENGER CAR;PASSENGER CAR;NONE;NONE;;2017-12-08T16:54:23-05:00;2017;No;No;12;16
CARY;TWO-WAY,NOT DIVIDED;DARK - LIGHTED ROADWAY;SLEET, HAIL, FREEZING RAIN/DRIZZLE;0;0;;STOP AND GO SIGNAL;SPORT UTILITY;PICKUP;NONE;NONE;;2017-12-08T17:26:55-05:00;2017;No;No;12;17
400 FEET FROM P.V.A (2010 KILDAIRE FARM RD);TWO-WAY,NOT DIVIDED;DAWN;RAIN;0;0;;NO CONTROL PRESENT;PASSENGER CAR;NONE;NONE;NONE;;2017-12-09T10:34:00-05:00;2017;No;No;12;10
400 FEET FROM SR 1313 (WALNUT ST);TWO-WAY,DIVIDED,UNPROTECTED MEDIAN;DAYLIGHT;CLOUDY;0;0;;NO CONTROL PRESENT;PASSENGER CAR;PASSENGER CAR;NONE;NONE;;2017-12-09T12:28:00-05:00;2017;No;No;12;12
0 FEET FROM (SR 1652) N HARRISON AVE;TWO-WAY,DIVIDED,UNPROTECTED MEDIAN;DAYLIGHT;RAIN;0;0;COMING FROM BEHIND PARKED VEHICLE;STOP AND GO SIGNAL;PASSENGER CAR;PASSENGER CAR;NONE;NONE;;2017-12-09T08:05:57-05:00;2017;No;No;12;08
.1 MILES FROM 1101 BUCK JONES RD (PVA);TWO-WAY,NOT DIVIDED;DAYLIGHT;CLEAR;0;0;;NO CONTROL PRESENT;SPORT UTILITY;SPORT UTILITY;NONE;NONE;;2017-12-10T10:54:00-05:00;2017;No;No;12;10
8 FEET FROM KILMAYNE DR;ONE-WAY,NOT DIVIDED;DAYLIGHT;CLEAR;0;0;;STOP AND GO SIGNAL;PICKUP;SPORT UTILITY;NONE;NONE;;2017-12-11T14:14:19-05:00;2017;No;No;12;14
.1 MILES FROM SR 1009 (TRYON RD);TWO-WAY,DIVIDED,POSITIVE MEDIAN BARRIER;DARK - LIGHTED ROADWAY;CLEAR;0;0;;NO CONTROL PRESENT;SPORT UTILITY;PICKUP;NONE;NONE;;2017-12-11T22:43:00-05:00;2017;No;No;12;22
.1 MILES FROM 1184 PARKSIDE MAIN ST;ONE-WAY,NOT DIVIDED;DARK - LIGHTED ROADWAY;CLEAR;0;0;;NO CONTROL PRESENT;SPORT UTILITY;PASSENGER CAR;NONE;NONE;;2017-12-11T21:48:12-05:00;2017;No;No;12;21
.25 MILES FROM PVA (GREEN HOPE ES);TWO-WAY,NOT DIVIDED;DAYLIGHT;CLEAR;0;0;;NO CONTROL PRESENT;SPORT UTILITY;PASSENGER CAR;NONE;NONE;;2017-12-11T14:49:16-05:00;2017;No;No;12;14
20 FEET FROM CARRIAGE WOODS CIR;TWO-WAY,NOT DIVIDED;DARK - ROADWAY NOT LIGHTED;CLEAR;0;0;;NO CONTROL PRESENT;PASSENGER CAR;PASSENGER CAR;NONE;NONE;;2017-12-12T07:08:37-05:00;2017;No;No;12;07
20 FEET FROM PVA ENTRANCE 1805 N HARRISON A;TWO-WAY,NOT DIVIDED;DAYLIGHT;CLEAR;0;0;;STOP SIGN;PASSENGER CAR;SPORT UTILITY;NONE;NONE;;2017-12-12T08:05:30-05:00;2017;No;No;12;08