Location_Description;Road_Configuration;Light_Condition;Weather;Fatality;Injury;Contributing_Factor;Traffic_Control;Vehicle1;Vehicle2;Vehicle3;Vehicle4;Vehicle5;Crash_Date;year;Fatalities;Injuries;Month;Hour
CARY;TWO-WAY,DIVIDED,UNPROTECTED MEDIAN;DARK - LIGHTED ROADWAY;CLEAR;0;2;;STOP SIGN;PASSENGER CAR;SPORT UTILITY;NONE;NONE;;2018-02-25T04:26:38-05:00;2018;No;Yes;2;04
236 FEET FROM P.V.A 191 CRESCENT COMMONS DR;TWO-WAY,NOT DIVIDED;DAYLIGHT;CLEAR;0;0;;NO CONTROL PRESENT;SPORT UTILITY;PASSENGER CAR;NONE;NONE;;2018-02-23T15:53:21-05:00;2018;No;No;2;15
200 FEET FROM GAMBARDELLI CT;TWO-WAY,NOT DIVIDED;DAYLIGHT;CLEAR;0;0;;NO CONTROL PRESENT;PASSENGER CAR;NONE;NONE;NONE;;2018-02-24T17:04:44-05:00;2018;No;No;2;17
40 FEET FROM NC 55 HWY;TWO-WAY,DIVIDED,UNPROTECTED MEDIAN;DAYLIGHT;CLEAR;0;0;;STOP AND GO SIGNAL;PASSENGER CAR;PASSENGER CAR;NONE;NONE;;2018-02-21T07:53:38-05:00;2018;No;No;2;07
CARY;ONE-WAY,NOT DIVIDED;DAYLIGHT;CLOUDY;0;0;;STOP AND GO SIGNAL;PASSENGER CAR;PASSENGER CAR;NONE;NONE;;2018-02-25T14:25:00-05:00;2018;No;No;2;14
.1 MILES FROM US HWY 1;ONE-WAY,NOT DIVIDED;DAYLIGHT;CLOUDY;0;0;;NO CONTROL PRESENT;SINGLE UNIT TRUCK (2-AXLE- 6-TIRE);PASSENGER CAR;NONE;NONE;;2018-02-26T08:35:22-05:00;2018;No;No;2;08
400 FEET FROM PVA (1711 N HARRISON AV);ONE-WAY,NOT DIVIDED;DARK - LIGHTED ROADWAY;CLEAR;0;0;;NO CONTROL PRESENT;NONE;VAN;NONE;NONE;;2018-02-25T18:04:32-05:00;2018;No;No;2;18
CARY;TWO-WAY,DIVIDED,UNPROTECTED MEDIAN;DARK - LIGHTED ROADWAY;CLEAR;0;0;;STOP AND GO SIGNAL;PASSENGER CAR;PASSENGER CAR;NONE;NONE;;2018-02-26T18:30:28-05:00;2018;No;No;2;18
10 FEET FROM SR 1313 (WALNUT STREET);TWO-WAY,DIVIDED,UNPROTECTED MEDIAN;DARK - LIGHTED ROADWAY;CLEAR;0;0;;STOP AND GO SIGNAL;SPORT UTILITY;PASSENGER CAR;NONE;NONE;;2018-02-26T20:32:18-05:00;2018;No;No;2;20
150 FEET FROM SR 1624 (CARPENTER FIRE STATIO;TWO-WAY,NOT DIVIDED;DARK - LIGHTED ROADWAY;RAIN;0;1;;STOP AND GO SIGNAL;PASSENGER CAR;PASSENGER CAR;NONE;NONE;;2018-02-26T18:54:35-05:00;2018;No;Yes;2;18
.1 MILES FROM P.V.A (350 ASHVILLE AVE);TWO-WAY,NOT DIVIDED;DAWN;CLEAR;0;0;;NO CONTROL PRESENT;PASSENGER CAR;NONE;NONE;NONE;;2018-02-27T08:54:54-05:00;2018;No;No;2;08
CARY;TWO-WAY,NOT DIVIDED;DAYLIGHT;CLEAR;0;0;;STOP SIGN;PASSENGER CAR;SPORT UTILITY;NONE;NONE;;2018-02-27T14:30:59-05:00;2018;No;No;2;14
10 FEET FROM SR1497 (CARY TOWNE BLVD);TWO-WAY,NOT DIVIDED;DAYLIGHT;CLEAR;0;0;;STOP AND GO SIGNAL;PASSENGER CAR;PASSENGER CAR;NONE;NONE;;2018-02-28T14:28:53-05:00;2018;No;No;2;14
.13 MILES FROM US 1;TWO-WAY,DIVIDED,POSITIVE MEDIAN BARRIER;DAYLIGHT;CLEAR;0;0;;NO CONTROL PRESENT;PASSENGER CAR;PASSENGER CAR;NONE;NONE;;2018-02-27T17:57:27-05:00;2018;No;No;2;17
50 FEET FROM SR1621 GREEN HOPE SCHOOL RD;TWO-WAY,NOT DIVIDED;DAYLIGHT;CLEAR;0;1;;STOP AND GO SIGNAL;SPORT UTILITY;SPORT UTILITY;NONE;NONE;;2018-02-27T12:34:00-05:00;2018;No;Yes;2;12
20 FEET FROM SR 1009 TRYON RD;TWO-WAY,DIVIDED,POSITIVE MEDIAN BARRIER;DAYLIGHT;RAIN;0;0;;STOP AND GO SIGNAL;SPORT UTILITY;PASSENGER CAR;SPORT UTILITY;NONE;;2018-03-01T14:36:19-05:00;2018;No;No;3;14
CARY;NONE;NONE;NONE;0;0;;;PASSENGER CAR;PASSENGER CAR;NONE;NONE;;2018-02-27T07:24:39-05:00;2018;No;No;2;07
50 FEET FROM BETHABARA LN;TWO-WAY,NOT DIVIDED;DARK - LIGHTED ROADWAY;CLEAR;0;0;;NO CONTROL PRESENT;PASSENGER CAR;PASSENGER CAR;NONE;NONE;;2018-03-04T21:00:46-05:00;2018;No;No;3;21
.1234 MILES FROM MONETA DR;TWO-WAY,NOT DIVIDED;DAYLIGHT;CLEAR;0;0;;NO CONTROL PRESENT;PASSENGER CAR;PASSENGER CAR;NONE;NONE;;2018-03-02T17:42:06-05:00;2018;No;No;3;17
468 FEET FROM P.V.A. (2031 WALNUT ST);TWO-WAY,NOT DIVIDED;DAYLIGHT;CLEAR;0;0;;NO CONTROL PRESENT;PICKUP;PICKUP;NONE;NONE;;2018-03-03T11:27:00-05:00;2018;No;No;3;11
300 FEET FROM 980 KILDAIRE FARM RD (PVA);TWO-WAY,NOT DIVIDED;DAYLIGHT;CLEAR;0;0;;NO CONTROL PRESENT;PASSENGER CAR;PASSENGER CAR;NONE;NONE;;2018-03-02T15:53:39-05:00;2018;No;No;3;15
CARY;TWO-WAY,NOT DIVIDED;DUSK;CLEAR;0;0;;STOP AND GO SIGNAL;PASSENGER CAR;PASSENGER CAR;NONE;NONE;;2018-03-04T18:21:31-05:00;2018;No;No;3;18
15 FEET FROM SR 1613 (DAVIS DR);TWO-WAY,DIVIDED,UNPROTECTED MEDIAN;DARK - LIGHTED ROADWAY;CLEAR;0;0;;STOP AND GO SIGNAL;PASSENGER CAR;PASSENGER CAR;NONE;NONE;;2018-03-03T00:49:00-05:00;2018;No;No;3;00
100 FEET FROM NC 55 HWY;TWO-WAY,DIVIDED,UNPROTECTED MEDIAN;DAYLIGHT;CLEAR;0;0;;NO CONTROL PRESENT;PASSENGER CAR;PASSENGER CAR;NONE;NONE;;2018-03-04T17:23:29-05:00;2018;No;No;3;17
219 FEET FROM HWY US 64;TWO-WAY,DIVIDED,UNPROTECTED MEDIAN;DAYLIGHT;CLOUDY;0;1;;NO CONTROL PRESENT;PASSENGER CAR;SPORT UTILITY;NONE;NONE;;2018-03-06T08:22:01-05:00;2018;No;Yes;3;08
CARY;TWO-WAY,DIVIDED,UNPROTECTED MEDIAN;DAYLIGHT;RAIN;0;0;;STOP AND GO SIGNAL;PASSENGER CAR;PICKUP;NONE;NONE;;2018-02-19T15:38:39-05:00;2018;No;No;2;15
.2652 MILES FROM US 1 HWY US 1;TWO-WAY,DIVIDED,POSITIVE MEDIAN BARRIER;DAYLIGHT;RAIN;0;0;;NO CONTROL PRESENT;PASSENGER CAR;PASSENGER CAR;NONE;NONE;;2018-03-06T16:55:56-05:00;2018;No;No;3;16
CARY;TWO-WAY,DIVIDED,UNPROTECTED MEDIAN;DAYLIGHT;RAIN;0;0;;STOP AND GO SIGNAL;PASSENGER CAR;PASSENGER CAR;NONE;NONE;;2018-03-06T13:05:15-05:00;2018;No;No;3;13
.1 MILES FROM NC 55 HWY;TWO-WAY,DIVIDED,UNPROTECTED MEDIAN;DAYLIGHT;CLEAR;0;0;;NO CONTROL PRESENT;PASSENGER CAR;PASSENGER CAR;NONE;NONE;;2018-03-05T11:43:00-05:00;2018;No;No;3;11
150 FEET FROM SR 1379 (PENNY RD);TWO-WAY,DIVIDED,UNPROTECTED MEDIAN;DAYLIGHT;CLOUDY;0;0;;NO CONTROL PRESENT;TRUCK/TRAILER;PICKUP;NONE;NONE;;2018-03-07T08:07:57-05:00;2018;No;No;3;08
.2 MILES FROM US1;TWO-WAY,DIVIDED,POSITIVE MEDIAN BARRIER;DAYLIGHT;RAIN;0;0;;NO CONTROL PRESENT;PASSENGER CAR;NONE;NONE;NONE;;2018-03-06T20:29:22-05:00;2018;No;No;3;20
CARY;TWO-WAY,NOT DIVIDED;DAYLIGHT;CLOUDY;0;0;;NO CONTROL PRESENT;SPORT UTILITY;VAN;NONE;NONE;;2018-03-07T09:07:41-05:00;2018;No;No;3;09
.5 MILES FROM US1;TWO-WAY,DIVIDED,POSITIVE MEDIAN BARRIER;DAYLIGHT;CLEAR;0;0;;NO CONTROL PRESENT;PASSENGER CAR;NONE;NONE;NONE;;2018-03-07T16:31:29-05:00;2018;No;No;3;16
CARY;TWO-WAY,DIVIDED,UNPROTECTED MEDIAN;DAYLIGHT;CLEAR;0;1;;STOP AND GO SIGNAL;PASSENGER CAR;PASSENGER CAR;NONE;NONE;;2018-03-07T16:53:34-05:00;2018;No;Yes;3;16
2 FEET FROM SR-3081 CHAPEL HILL RD;TWO-WAY,DIVIDED,UNPROTECTED MEDIAN;DARK - LIGHTED ROADWAY;RAIN;0;0;;STOP AND GO SIGNAL;PASSENGER CAR;PASSENGER CAR;NONE;NONE;;2018-03-06T20:02:45-05:00;2018;No;No;3;20
400 FEET FROM 1273 NW MAYNARD RD (PVA);TWO-WAY,NOT DIVIDED;DAYLIGHT;CLOUDY;0;0;;NO CONTROL PRESENT;PICKUP;PASSENGER CAR;NONE;NONE;;2018-03-08T17:37:03-05:00;2018;No;No;3;17
.10 MILES FROM SR 2541 WESTON PKWY;TWO-WAY,DIVIDED,UNPROTECTED MEDIAN;DAWN;CLEAR;0;0;;NO CONTROL PRESENT;PICKUP;PASSENGER CAR;NONE;NONE;;2018-03-09T10:27:00-05:00;2018;No;No;3;10
200 FEET FROM P.V.A. (5055 ARCO ST);TWO-WAY,NOT DIVIDED;DAYLIGHT;CLEAR;0;0;;NO CONTROL PRESENT;PICKUP;PASSENGER CAR;NONE;NONE;;2018-03-05T16:57:21-05:00;2018;No;No;3;16
.2 MILES FROM SR 1435;TWO-WAY,DIVIDED,UNPROTECTED MEDIAN;DARK - LIGHTED ROADWAY;CLOUDY;0;0;;NO CONTROL PRESENT;NONE;NONE;NONE;NONE;;2018-03-11T19:11:07-04:00;2018;No;No;3;19
CARY;TWO-WAY,DIVIDED,POSITIVE MEDIAN BARRIER;DAYLIGHT;CLEAR;0;0;;FLASHING STOP AND GO SIGNAL;SPORT UTILITY;SPORT UTILITY;NONE;NONE;;2018-03-08T08:02:52-05:00;2018;No;No;3;08
25 FEET FROM SR 3977 SW CARY PKWY;TWO-WAY,DIVIDED,POSITIVE MEDIAN BARRIER;DAYLIGHT;CLEAR;0;0;;STOP AND GO SIGNAL;PASSENGER CAR;PASSENGER CAR;NONE;NONE;;2018-03-09T11:59:00-05:00;2018;No;No;3;11
CARY;TWO-WAY,NOT DIVIDED;DAYLIGHT;CLOUDY;0;0;;NO CONTROL PRESENT;PASSENGER CAR;PICKUP;NONE;NONE;;2018-03-09T13:04:30-05:00;2018;No;No;3;13
5 FEET FROM CROSSROADS BLVD;TWO-WAY,DIVIDED,UNPROTECTED MEDIAN;DAYLIGHT;CLEAR;0;0;;STOP AND GO SIGNAL;SPORT UTILITY;SPORT UTILITY;NONE;NONE;;2018-03-09T18:00:32-05:00;2018;No;No;3;18
0.1 MILES FROM CHAPEL HILL RD (NC54);TWO-WAY,NOT DIVIDED;DAYLIGHT;CLEAR;0;0;;NO CONTROL PRESENT;PASSENGER CAR;NONE;NONE;NONE;;2018-03-09T17:35:44-05:00;2018;No;No;3;17
280 FEET FROM SR 1300 (KILDAIRE FARM RD);TWO-WAY,DIVIDED,UNPROTECTED MEDIAN;DAYLIGHT;CLEAR;0;0;;STOP SIGN;SPORT UTILITY;PASSENGER CAR;NONE;NONE;;2018-03-09T20:42:59-05:00;2018;No;No;3;20
50 FEET FROM SR3799 (SE CARY PKWY);TWO-WAY,DIVIDED,UNPROTECTED MEDIAN;DAYLIGHT;CLOUDY;0;0;;STOP AND GO SIGNAL;SPORT UTILITY;SPORT UTILITY;NONE;NONE;;2018-03-10T11:42:00-05:00;2018;No;No;3;11
10 FEET FROM US HWY 1;ONE-WAY,NOT DIVIDED;DAYLIGHT;RAIN;0;1;;STOP AND GO SIGNAL;PICKUP;PASSENGER CAR;NONE;NONE;;2018-03-11T12:26:00-04:00;2018;No;Yes;3;12
.2 MILES FROM PVA 7612 ROBERTS RD;TWO-WAY,NOT DIVIDED;DAYLIGHT;CLOUDY;0;0;;NO CONTROL PRESENT;SPORT UTILITY;PASSENGER CAR;NONE;NONE;;2018-03-08T16:23:52-05:00;2018;No;No;3;16
CARY;TWO-WAY,DIVIDED,UNPROTECTED MEDIAN;DAYLIGHT;CLEAR;0;0;;NO CONTROL PRESENT;PASSENGER CAR;PASSENGER CAR;NONE;NONE;;2018-03-08T17:30:20-05:00;2018;No;No;3;17
100 FEET FROM PVA OF 3901 GATEWAY CENTRE BLV;TWO-WAY,NOT DIVIDED;DAYLIGHT;CLEAR;0;0;;NO CONTROL PRESENT;PASSENGER CAR;PICKUP;NONE;NONE;;2018-03-08T19:25:05-05:00;2018;No;No;3;19
CARY;TWO-WAY,NOT DIVIDED;DAYLIGHT;CLEAR;0;0;;NO CONTROL PRESENT;PASSENGER CAR;VAN;NONE;NONE;;2018-03-09T19:24:59-05:00;2018;No;No;3;19
10 FEET FROM US 64 EAST;TWO-WAY,DIVIDED,UNPROTECTED MEDIAN;DAYLIGHT;CLEAR;0;0;;STOP AND GO SIGNAL;PASSENGER CAR;PASSENGER CAR;NONE;NONE;;2018-03-09T17:18:50-05:00;2018;No;No;3;17
300 FEET FROM KINGSCLERE DR;TWO-WAY,NOT DIVIDED;DAYLIGHT;CLEAR;0;0;;NO CONTROL PRESENT;PASSENGER CAR;PASSENGER CAR;NONE;NONE;;2018-02-03T11:57:00-05:00;2018;No;No;2;11
25 FEET FROM 543 KEISLER DR PVA;TWO-WAY,NOT DIVIDED;DARK - LIGHTED ROADWAY;RAIN;0;0;;NO CONTROL PRESENT;PASSENGER CAR;SPORT UTILITY;NONE;NONE;;2018-03-12T20:18:25-04:00;2018;No;No;3;20
300 FEET FROM 103 RUBIN CT (PVA);TWO-WAY,NOT DIVIDED;DARK - UNKNOWN LIGHTING;CLOUDY;0;0;;NO CONTROL PRESENT;NONE;PASSENGER CAR;NONE;NONE;;2018-02-04T08:58:07-05:00;2018;No;No;2;08
42 FEET FROM SR 1313 (WALNUT ST);TWO-WAY,DIVIDED,UNPROTECTED MEDIAN;DAYLIGHT;CLOUDY;0;0;;STOP AND GO SIGNAL;SINGLE UNIT TRUCK (2-AXLE- 6-TIRE);PASSENGER CAR;NONE;NONE;;2018-03-12T15:20:16-04:00;2018;No;No;3;15
400 FEET FROM 1741 WALNUT ST (PVA);NONE;NONE;NONE;0;0;;;NONE;SPORT UTILITY;NONE;NONE;;2018-02-05T10:44:00-05:00;2018;No;No;2;10
100 FEET FROM  SR 1621 (GREEN HOPE SCHOOL RD;TWO-WAY,NOT DIVIDED;DARK - ROADWAY NOT LIGHTED;CLOUDY;0;1;;NO CONTROL PRESENT;VAN;NONE;NONE;NONE;;2018-03-12T22:09:00-04:00;2018;No;Yes;3;22
10 FEET FROM SR 3977 (SE CARY PARKWAY);TWO-WAY,DIVIDED,UNPROTECTED MEDIAN;DAYLIGHT;CLEAR;0;0;;STOP AND GO SIGNAL;PASSENGER CAR;SPORT UTILITY;NONE;NONE;;2018-02-05T09:24:30-05:00;2018;No;No;2;09
0 FEET FROM SR 1009 (TRYON RD);TWO-WAY,NOT DIVIDED;DARK - LIGHTED ROADWAY;CLEAR;0;3;;STOP AND GO SIGNAL;PASSENGER CAR;PASSENGER CAR;NONE;NONE;;2018-03-07T13:53:44-05:00;2018;No;Yes;3;13
100 FEET FROM SR 3014(MORRISVILLE CARPENTER);TWO-WAY,NOT DIVIDED;DAYLIGHT;CLEAR;0;0;WRONG SIDE OF ROAD;NO CONTROL PRESENT;NONE;NONE;NONE;NONE;;2018-02-05T08:19:18-05:00;2018;No;No;2;08
NEAR .20 MILES NW OF NW SR 1644 GLOBE RD;TWO-WAY,NOT DIVIDED;DAWN;CLEAR;0;0;COMING FROM BEHIND PARKED VEHICLE;NO CONTROL PRESENT;SPORT UTILITY;NONE;NONE;NONE;;2018-03-13T07:04:29-04:00;2018;No;No;3;07
15 FEET FROM NC 55 HWY;TWO-WAY,DIVIDED,POSITIVE MEDIAN BARRIER;DARK - LIGHTED ROADWAY;CLOUDY;0;0;;STOP AND GO SIGNAL;PASSENGER CAR;PASSENGER CAR;NONE;NONE;;2018-02-04T18:26:34-05:00;2018;No;No;2;18
CARY;TWO-WAY,DIVIDED,UNPROTECTED MEDIAN;DAYLIGHT;CLEAR;0;0;;STOP AND GO SIGNAL;PASSENGER CAR;SPORT UTILITY;NONE;NONE;;2018-03-13T12:19:00-04:00;2018;No;No;3;12
400 FEET FROM PVA OF 500 SAS CAMPUS DR;ONE-WAY,NOT DIVIDED;DAYLIGHT;CLEAR;0;0;;NO CONTROL PRESENT;PICKUP;SPORT UTILITY;NONE;NONE;;2018-02-05T06:11:54-05:00;2018;No;No;2;06
150 FEET FROM DAVIS DR SR 1613;TWO-WAY,DIVIDED,UNPROTECTED MEDIAN;DAYLIGHT;CLEAR;0;0;;NO CONTROL PRESENT;VAN;VAN;NONE;NONE;;2018-03-13T10:16:00-04:00;2018;No;No;3;10
250 FEET FROM PVA (575 NEW WAVERLY PLACE);TWO-WAY,NOT DIVIDED;DAYLIGHT;CLEAR;0;0;;NO CONTROL PRESENT;VAN;VAN;NONE;NONE;;2018-02-05T00:00:00-05:00;2018;No;No;2;00
CARY;TWO-WAY,NOT DIVIDED;DAYLIGHT;CLEAR;0;0;;STOP AND GO SIGNAL;PICKUP;PASSENGER CAR;NONE;NONE;;2018-03-13T20:10:37-04:00;2018;No;No;3;20
0 FEET FROM SR3112 (NW CARY PKWY);TWO-WAY,DIVIDED,UNPROTECTED MEDIAN;DAYLIGHT;CLEAR;0;0;;NO CONTROL PRESENT;PASSENGER CAR;PICKUP;NONE;NONE;;2018-01-30T10:23:00-05:00;2018;No;No;1;10
80 FEET FROM KILDAIRE FARM RD (SR1300);TWO-WAY,NOT DIVIDED;DAYLIGHT;CLEAR;0;0;;STOP AND GO SIGNAL;VAN;PASSENGER CAR;NONE;NONE;;2018-03-13T16:02:19-04:00;2018;No;No;3;16
.32 MILES FROM SR 3073 NW MAYNARD RD;TWO-WAY,NOT DIVIDED;DARK - LIGHTED ROADWAY;CLEAR;0;1;;STOP AND GO SIGNAL;PICKUP;PASSENGER CAR;NONE;NONE;;2018-01-29T09:55:32-05:00;2018;No;Yes;1;09
348 FEET FROM SR 3090 (WESTON PKWY);TWO-WAY,DIVIDED,UNPROTECTED MEDIAN;DAYLIGHT;CLEAR;0;0;;NO CONTROL PRESENT;PICKUP;PASSENGER CAR;NONE;NONE;;2018-03-13T17:24:35-04:00;2018;No;No;3;17
300 FEET FROM SR 1300 (KILDAIRE FARM RD);TWO-WAY,DIVIDED,UNPROTECTED MEDIAN;DAYLIGHT;CLOUDY;0;0;FAILURE TO YIELD RIGHT OF WAY;NO CONTROL PRESENT;PASSENGER CAR;PICKUP;NONE;NONE;;2018-02-06T13:36:26-05:00;2018;No;No;2;13
80 FEET FROM PVA BONEFISH GRILL 2060 RENAIS;TWO-WAY,NOT DIVIDED;DAYLIGHT;CLEAR;0;0;;NO CONTROL PRESENT;PASSENGER CAR;PASSENGER CAR;NONE;NONE;;2018-03-15T09:09:36-04:00;2018;No;No;3;09
.01 MILES FROM PVA 5028 KOSTER HILL PL;TWO-WAY,NOT DIVIDED;NONE;CLEAR;0;0;;NO CONTROL PRESENT;PASSENGER CAR;PASSENGER CAR;NONE;NONE;;2018-02-06T14:54:54-05:00;2018;No;No;2;14
.1 MILES FROM PVA OF 940 REEDY CREEK RD;TWO-WAY,NOT DIVIDED;DAYLIGHT;CLEAR;0;0;;NO CONTROL PRESENT;PASSENGER CAR;PASSENGER CAR;NONE;NONE;;2018-03-15T16:23:21-04:00;2018;No;No;3;16
400 FEET FROM (PVA) 6910 CARPENTER FIRE STAT;TWO-WAY,NOT DIVIDED;DARK - LIGHTED ROADWAY;CLEAR;0;0;;NO CONTROL PRESENT;PASSENGER CAR;PASSENGER CAR;NONE;NONE;;2018-02-02T14:18:04-05:00;2018;No;No;2;14
25 FEET FROM PVA (885 WALNUT ST);TWO-WAY,NOT DIVIDED;DAYLIGHT;CLEAR;0;0;;NO CONTROL PRESENT;NONE;SPORT UTILITY;NONE;NONE;;2018-03-16T11:08:00-04:00;2018;No;No;3;11
CARY;NONE;NONE;NONE;0;0;;;NONE;NONE;NONE;NONE;;2018-01-11T06:32:34-05:00;2018;No;No;1;06
CARY;TWO-WAY,DIVIDED,UNPROTECTED MEDIAN;DAYLIGHT;CLEAR;0;1;;STOP AND GO SIGNAL;PASSENGER CAR;PASSENGER CAR;NONE;NONE;;2018-03-16T10:48:00-04:00;2018;No;Yes;3;10
.1 MILES FROM 4000 SR 1300 (KILDAIRE FARM RD;TWO-WAY,NOT DIVIDED;DAYLIGHT;CLEAR;0;0;;NO CONTROL PRESENT;VAN;PICKUP;NONE;NONE;;2018-02-08T13:13:23-05:00;2018;No;No;2;13
CARY;TWO-WAY,DIVIDED,UNPROTECTED MEDIAN;DAYLIGHT;CLEAR;0;0;;STOP AND GO SIGNAL;PASSENGER CAR;PASSENGER CAR;NONE;NONE;;2018-03-16T08:40:03-04:00;2018;No;No;3;08
150 FEET FROM SR 3977 (SE CARY PKWY);TWO-WAY,NOT DIVIDED;DARK - LIGHTED ROADWAY;CLEAR;0;0;;YIELD SIGN;PASSENGER CAR;NONE;NONE;NONE;;2017-12-25T19:47:56-05:00;2017;No;No;12;19
.10 MILES FROM SR1011 (E. CHATHAM ST);TWO-WAY,NOT DIVIDED;DAYLIGHT;CLEAR;0;0;;NO CONTROL PRESENT;SPORT UTILITY;PASSENGER CAR;NONE;NONE;;2018-03-16T18:32:16-04:00;2018;No;No;3;18
CARY;TWO-WAY,NOT DIVIDED;DARK - LIGHTED ROADWAY;CLEAR;0;0;;STOP SIGN;SPORT UTILITY;PASSENGER CAR;NONE;NONE;;2018-02-09T21:47:12-05:00;2018;No;No;2;21
.1 MILES FROM NC 54 (CHAPEL HILL RD);TWO-WAY,DIVIDED,UNPROTECTED MEDIAN;DAYLIGHT;RAIN;0;0;;NO CONTROL PRESENT;PICKUP;SPORT UTILITY;NONE;NONE;;2018-03-12T13:37:29-04:00;2018;No;No;3;13
250 FEET FROM SR 1415 (SE MAYNARD RD;TWO-WAY,NOT DIVIDED;DAYLIGHT;CLEAR;0;0;;NO CONTROL PRESENT;SPORT UTILITY;SPORT UTILITY;NONE;NONE;;2018-02-12T10:01:00-05:00;2018;No;No;2;10
90 FEET FROM 502 E CHATHAM ST (PVA);TWO-WAY,NOT DIVIDED;DAYLIGHT;CLEAR;0;0;;NO CONTROL PRESENT;SPORT UTILITY;NONE;NONE;NONE;;2018-03-15T13:52:19-04:00;2018;No;No;3;13
150 FEET FROM PVA (1200 NW MAYNARD RD);TWO-WAY,NOT DIVIDED;DAYLIGHT;CLOUDY;0;0;;NO CONTROL PRESENT;PASSENGER CAR;SPORT UTILITY;NONE;NONE;;2018-02-11T07:23:01-05:00;2018;No;No;2;07
.2 MILES FROM US1 HWY;TWO-WAY,DIVIDED,POSITIVE MEDIAN BARRIER;DAYLIGHT;CLEAR;0;0;;NO CONTROL PRESENT;PICKUP;VAN;SPORT UTILITY;PASSENGER CAR;SPORT UTILITY;2018-03-16T17:13:52-04:00;2018;No;No;3;17
10 FEET FROM TATE ST;TWO-WAY,NOT DIVIDED;DARK - LIGHTED ROADWAY;CLOUDY;0;2;;NO CONTROL PRESENT;PICKUP;PICKUP;NONE;NONE;;2018-02-04T23:56:00-05:00;2018;No;Yes;2;23
225 FEET FROM WESTON PKWY;TWO-WAY,DIVIDED,UNPROTECTED MEDIAN;DAYLIGHT;CLEAR;0;1;;NO CONTROL PRESENT;FIRETRUCK;SPORT UTILITY;NONE;NONE;;2018-03-16T17:39:43-04:00;2018;No;Yes;3;17
150 FEET FROM PVA (869 SE MAYNARD RD);ONE-WAY,NOT DIVIDED;DAYLIGHT;RAIN;0;0;;NO CONTROL PRESENT;NONE;VAN;NONE;NONE;;2018-02-10T17:25:08-05:00;2018;No;No;2;17
100 FEET FROM PVA OF 1803 N HARRISON AVE;ONE-WAY,NOT DIVIDED;DAYLIGHT;CLEAR;0;0;;NO CONTROL PRESENT;PASSENGER CAR;PICKUP;NONE;NONE;;2018-03-16T21:31:07-04:00;2018;No;No;3;21
500 FEET FROM SR 1002 (AVIATION PKWY);TWO-WAY,NOT DIVIDED;DARK - ROADWAY NOT LIGHTED;CLOUDY;0;0;;STOP AND GO SIGNAL;PASSENGER CAR;PASSENGER CAR;NONE;NONE;;2018-02-11T18:12:29-05:00;2018;No;No;2;18
CARY;TWO-WAY,DIVIDED,UNPROTECTED MEDIAN;DAYLIGHT;CLEAR;0;0;;STOP AND GO SIGNAL;PASSENGER CAR;PASSENGER CAR;NONE;NONE;;2018-03-17T15:33:01-04:00;2018;No;No;3;15
.415 MILES FROM US 1 HWY;TWO-WAY,DIVIDED,POSITIVE MEDIAN BARRIER;DARK - LIGHTED ROADWAY;RAIN;0;0;;NO CONTROL PRESENT;PASSENGER CAR;SPORT UTILITY;NONE;NONE;;2018-02-12T21:18:25-05:00;2018;No;No;2;21
75 FEET FROM SR 1415 (SW MAYNARD RD);TWO-WAY,DIVIDED,UNPROTECTED MEDIAN;DAYLIGHT;CLEAR;0;0;;NO CONTROL PRESENT;VAN;NONE;NONE;NONE;;2018-03-18T13:25:45-04:00;2018;No;No;3;13
CARY;TWO-WAY,DIVIDED,UNPROTECTED MEDIAN;DAYLIGHT;CLEAR;0;0;;STOP AND GO SIGNAL;PASSENGER CAR;PASSENGER CAR;NONE;NONE;;2018-02-14T13:05:06-05:00;2018;No;No;2;13
.1 MILES FROM SR 1315 (BUCK JONES RD);TWO-WAY,DIVIDED,UNPROTECTED MEDIAN;DAYLIGHT;CLEAR;0;0;;NO CONTROL PRESENT;PASSENGER CAR;PASSENGER CAR;NONE;NONE;;2018-03-18T15:04:50-04:00;2018;No;No;3;15
CARY;NONE;NONE;NONE;0;2;;;NONE;NONE;NONE;NONE;;2018-02-09T05:54:48-05:00;2018;No;Yes;2;05
225 FEET FROM S HARRISON AV;TWO-WAY,NOT DIVIDED;NONE;RAIN;0;0;;NO CONTROL PRESENT;PASSENGER CAR;SPORT UTILITY;NONE;NONE;;2018-03-18T09:54:46-04:00;2018;No;No;3;09
280 FEET FROM P.V.A. BARNES AND NOBLE (760 S;TWO-WAY,NOT DIVIDED;DARK - LIGHTED ROADWAY;CLEAR;0;0;;NO CONTROL PRESENT;SPORT UTILITY;NONE;NONE;NONE;;2018-02-14T19:03:31-05:00;2018;No;No;2;19
2 FEET FROM PVA 2370 WALNUT ST;TWO-WAY,NOT DIVIDED;DAYLIGHT;CLEAR;0;0;;NO CONTROL PRESENT;NONE;PASSENGER CAR;NONE;NONE;;2018-03-19T14:41:25-04:00;2018;No;No;3;14
CARY;TWO-WAY,NOT DIVIDED;DARK - LIGHTED ROADWAY;CLEAR;0;2;;STOP AND GO SIGNAL;PICKUP;SPORT UTILITY;NONE;NONE;;2018-02-15T19:25:05-05:00;2018;No;Yes;2;19
70 FEET FROM SR 1300 (KILDAIRE FARM RD);TWO-WAY,NOT DIVIDED;DAYLIGHT;CLOUDY;0;0;;NO CONTROL PRESENT;PICKUP;PASSENGER CAR;NONE;NONE;;2018-03-20T16:23:05-04:00;2018;No;No;3;16