Location_Description;Road_Configuration;Light_Condition;Weather;Fatality;Injury;Contributing_Factor;Traffic_Control;Vehicle1;Vehicle2;Vehicle3;Vehicle4;Vehicle5;Crash_Date;year;Fatalities;Injuries;Month;Hour
30 FEET FROM SR 3977 (SE CARY PARKWAY);TWO-WAY,DIVIDED,UNPROTECTED MEDIAN;DAYLIGHT;CLEAR;0;0;;YIELD SIGN;SPORT UTILITY;PASSENGER CAR;NONE;NONE;;2018-02-16T07:37:59-05:00;2018;No;No;2;07
100 FEET FROM HIGHCROFT DR;TWO-WAY,NOT DIVIDED;DAYLIGHT;CLEAR;0;0;;NO CONTROL PRESENT;PASSENGER CAR;SPORT UTILITY;NONE;NONE;;2018-03-08T08:32:05-05:00;2018;No;No;3;08
300 FEET FROM PVA (220 KILMAYNE DR);ONE-WAY,NOT DIVIDED;DAYLIGHT;CLEAR;0;0;;NO CONTROL PRESENT;PASSENGER CAR;NONE;NONE;NONE;;2018-02-18T19:07:32-05:00;2018;No;No;2;19
141 FEET FROM CHRONICLE DR;TWO-WAY,NOT DIVIDED;DAYLIGHT;SNOW;0;0;;NO CONTROL PRESENT;VAN;VAN;NONE;NONE;;2018-03-21T09:15:59-04:00;2018;No;No;3;09
0 FEET FROM SR 3977 (SW CARY PKWY);TWO-WAY,DIVIDED,UNPROTECTED MEDIAN;DARK - LIGHTED ROADWAY;RAIN;0;1;;STOP SIGN;PASSENGER CAR;PASSENGER CAR;NONE;NONE;;2018-02-16T18:36:56-05:00;2018;No;Yes;2;18
20 FEET FROM SR 1313 (WALNUT ST);TWO-WAY,NOT DIVIDED;DAYLIGHT;CLOUDY;0;0;;STOP AND GO SIGNAL;SPORT UTILITY;VAN;NONE;NONE;;2018-03-20T16:49:18-04:00;2018;No;No;3;16
40 FEET FROM 2021 WALNUT ST (PVA);TWO-WAY,NOT DIVIDED;DUSK;CLOUDY;0;0;;NO CONTROL PRESENT;SPORT UTILITY;SPORT UTILITY;NONE;NONE;;2018-02-17T19:37:26-05:00;2018;No;No;2;19
.02 MILES FROM PVA- 3131 RDU CENTER DR;TWO-WAY,NOT DIVIDED;DAYLIGHT;CLEAR;0;0;;NO CONTROL PRESENT;NONE;PASSENGER CAR;NONE;NONE;;2018-03-13T17:40:35-04:00;2018;No;No;3;17
CARY;TWO-WAY,DIVIDED,UNPROTECTED MEDIAN;DAYLIGHT;CLEAR;0;0;;STOP AND GO SIGNAL;SPORT UTILITY;PASSENGER CAR;NONE;NONE;;2018-02-17T13:47:45-05:00;2018;No;No;2;13
.1 MILES FROM (PVA) 123 MIDDLE CREEK PARK AV;TWO-WAY,NOT DIVIDED;DAYLIGHT;SNOW;0;0;;STOP SIGN;PASSENGER CAR;NONE;NONE;NONE;;2018-03-21T11:50:00-04:00;2018;No;No;3;11
CARY;ONE-WAY,NOT DIVIDED;DAYLIGHT;CLEAR;0;0;;STOP AND GO SIGNAL;PASSENGER CAR;PASSENGER CAR;NONE;NONE;;2018-02-16T08:37:59-05:00;2018;No;No;2;08
0 FEET FROM 1023 ASKHAM DR;TWO-WAY,NOT DIVIDED;DAYLIGHT;CLEAR;0;0;;NO CONTROL PRESENT;PASSENGER CAR;PASSENGER CAR;NONE;NONE;;2018-03-22T11:57:00-04:00;2018;No;No;3;11
75 FEET FROM FERN MEADOW DR;TWO-WAY,NOT DIVIDED;DAYLIGHT;CLOUDY;0;0;;NO CONTROL PRESENT;NONE;NONE;NONE;NONE;;2018-02-18T10:59:00-05:00;2018;No;No;2;10
75 FEET FROM PVA 575 NEW WAVERLY PL;TWO-WAY,NOT DIVIDED;DAYLIGHT;CLOUDY;0;0;;NO CONTROL PRESENT;NONE;PASSENGER CAR;NONE;NONE;;2018-03-21T16:13:14-04:00;2018;No;No;3;16
327 FEET FROM P.V.A. (1515 SW CARY PKWY);TWO-WAY,DIVIDED,UNPROTECTED MEDIAN;DAYLIGHT;CLOUDY;0;0;;NO CONTROL PRESENT;NONE;PASSENGER CAR;NONE;NONE;;2018-02-19T17:10:01-05:00;2018;No;No;2;17
265 FEET FROM SR 1010 (TEN TEN RD);TWO-WAY,NOT DIVIDED;DAYLIGHT;CLEAR;0;2;;NO CONTROL PRESENT;PASSENGER CAR;PASSENGER CAR;SPORT UTILITY;NONE;;2018-03-22T18:53:18-04:00;2018;No;Yes;3;18
182 FEET FROM P.V.A. (300 KEISLER DR);TWO-WAY,NOT DIVIDED;DAYLIGHT;CLOUDY;0;0;;NO CONTROL PRESENT;PASSENGER CAR;PASSENGER CAR;NONE;NONE;;2018-02-19T13:11:55-05:00;2018;No;No;2;13
20 FEET FROM WESTON PKWY;TWO-WAY,DIVIDED,POSITIVE MEDIAN BARRIER;DAYLIGHT;CLOUDY;0;0;;NO CONTROL PRESENT;PASSENGER CAR;PASSENGER CAR;NONE;NONE;;2018-03-21T17:04:21-04:00;2018;No;No;3;17
160 FEET FROM ECLIPSE DR;TWO-WAY,NOT DIVIDED;DARK - LIGHTED ROADWAY;RAIN;0;2;;STOP SIGN;PASSENGER CAR;NONE;NONE;NONE;;2018-02-19T05:04:11-05:00;2018;No;Yes;2;05
10 FEET FROM S.R.3060 (MORRISVILLE PKWY);TWO-WAY,DIVIDED,UNPROTECTED MEDIAN;DAYLIGHT;CLEAR;0;0;;STOP AND GO SIGNAL;PASSENGER CAR;SPORT UTILITY;NONE;NONE;;2018-03-22T10:32:00-04:00;2018;No;No;3;10
.02 MILES FROM US 1 HIGHWAY;TWO-WAY,DIVIDED,POSITIVE MEDIAN BARRIER;DAYLIGHT;FOG, SMOG, SMOKE;0;0;;NO CONTROL PRESENT;SPORT UTILITY;PASSENGER CAR;NONE;NONE;;2018-02-20T09:05:23-05:00;2018;No;No;2;09
CARY;TWO-WAY,NOT DIVIDED;DAYLIGHT;CLEAR;0;0;;STOP AND GO SIGNAL;SPORT UTILITY;PASSENGER CAR;NONE;NONE;;2018-03-23T07:09:46-04:00;2018;No;No;3;07
50 FEET FROM PVA OF 1809 WALNUT ST;TWO-WAY,NOT DIVIDED;DAYLIGHT;CLEAR;0;0;;NO CONTROL PRESENT;PASSENGER CAR;SPORT UTILITY;NONE;NONE;;2018-02-20T16:25:51-05:00;2018;No;No;2;16
CARY;NONE;NONE;NONE;0;0;;;NONE;NONE;NONE;NONE;;2018-03-24T16:06:15-04:00;2018;No;No;3;16
.1 MILES FROM PVA OF 2530 WALNUT ST;TWO-WAY,NOT DIVIDED;DAYLIGHT;CLEAR;0;0;;NO CONTROL PRESENT;PASSENGER CAR;PASSENGER CAR;NONE;NONE;;2018-02-20T18:01:31-05:00;2018;No;No;2;18
100 FEET FROM SWAN QUARTER DR;TWO-WAY,NOT DIVIDED;DARK - ROADWAY NOT LIGHTED;CLEAR;0;0;;NO CONTROL PRESENT;VAN;NONE;NONE;NONE;;2018-03-18T14:07:35-04:00;2018;No;No;3;14
175 FEET FROM PVA 101 STEPHANIE DR;ONE-WAY,NOT DIVIDED;DAYLIGHT;CLEAR;0;0;;NO CONTROL PRESENT;PICKUP;PICKUP;NONE;NONE;;2018-02-20T12:06:00-05:00;2018;No;No;2;12
125 FEET FROM P.V.A. (1809 N HARRISON AV);ONE-WAY,NOT DIVIDED;DAYLIGHT;CLEAR;0;0;;NO CONTROL PRESENT;PASSENGER CAR;PASSENGER CAR;NONE;NONE;;2018-03-23T13:50:13-04:00;2018;No;No;3;13
47 FEET FROM PVA OF 316 COLONADES WAY;TWO-WAY,NOT DIVIDED;DARK - LIGHTED ROADWAY;CLEAR;0;0;;NO CONTROL PRESENT;VAN;SPORT UTILITY;NONE;NONE;;2018-02-21T18:04:25-05:00;2018;No;No;2;18
.5034 MILES FROM US 1 HWY US 1 NB;TWO-WAY,DIVIDED,POSITIVE MEDIAN BARRIER;DAYLIGHT;RAIN;0;0;;NO CONTROL PRESENT;PASSENGER CAR;SPORT UTILITY;NONE;NONE;;2018-03-24T16:07:26-04:00;2018;No;No;3;16
.15 MILES FROM SAS CAMPUS DR;TWO-WAY,NOT DIVIDED;DAYLIGHT;CLOUDY;0;0;;NO CONTROL PRESENT;PASSENGER CAR;PASSENGER CAR;NONE;NONE;;2018-02-22T08:24:02-05:00;2018;No;No;2;08
25 FEET FROM SR 1383 (CAMPBELL RD);TWO-WAY,DIVIDED,UNPROTECTED MEDIAN;DAYLIGHT;CLEAR;0;1;;NO CONTROL PRESENT;SPORT UTILITY;NONE;NONE;NONE;;2018-03-25T13:19:59-04:00;2018;No;Yes;3;13
225 FEET FROM PVA 2914 TRELLIS GREEN;TWO-WAY,NOT DIVIDED;NONE;CLOUDY;0;0;;NO CONTROL PRESENT;PASSENGER CAR;PASSENGER CAR;NONE;NONE;;2018-02-22T11:32:00-05:00;2018;No;No;2;11
CARY;TWO-WAY,NOT DIVIDED;DAYLIGHT;CLEAR;0;0;;NO CONTROL PRESENT;SPORT UTILITY;SPORT UTILITY;NONE;NONE;;2018-03-26T08:25:09-04:00;2018;No;No;3;08
.25 MILES FROM NC 55 HWY;TWO-WAY,DIVIDED,UNPROTECTED MEDIAN;DAYLIGHT;CLEAR;0;0;;STOP AND GO SIGNAL;SPORT UTILITY;PASSENGER CAR;NONE;NONE;;2018-02-23T10:32:00-05:00;2018;No;No;2;10
200 FEET FROM SR 1415 (NE MAYNARD RD);TWO-WAY,NOT DIVIDED;DAYLIGHT;CLEAR;0;0;;NO CONTROL PRESENT;PASSENGER CAR;PASSENGER CAR;NONE;NONE;;2018-03-26T16:20:23-04:00;2018;No;No;3;16
.1 MILES FROM US 1 HWY-SB;TWO-WAY,DIVIDED,POSITIVE MEDIAN BARRIER;DAYLIGHT;CLEAR;0;0;;NO CONTROL PRESENT;SPORT UTILITY;PASSENGER CAR;NONE;NONE;;2018-02-23T19:22:11-05:00;2018;No;No;2;19
300 FEET FROM US 64 HWY;TWO-WAY,DIVIDED,UNPROTECTED MEDIAN;DAYLIGHT;CLOUDY;0;0;;STOP AND GO SIGNAL;PASSENGER CAR;PASSENGER CAR;NONE;NONE;;2018-03-27T08:35:18-04:00;2018;No;No;3;08
400 FEET FROM SR 3977 (SW CARY PKWY);TWO-WAY,DIVIDED,UNPROTECTED MEDIAN;DAYLIGHT;CLEAR;0;0;;STOP AND GO SIGNAL;PASSENGER CAR;PASSENGER CAR;NONE;NONE;;2018-02-24T09:34:35-05:00;2018;No;No;2;09
9 FEET FROM US 1S OFF RAMP TO 64;TWO-WAY,DIVIDED,UNPROTECTED MEDIAN;DAYLIGHT;CLOUDY;0;1;;STOP AND GO SIGNAL;PASSENGER CAR;PASSENGER CAR;NONE;NONE;;2018-03-27T11:30:00-04:00;2018;No;Yes;3;11
10 FEET FROM NC 540 OFF RAMP;ONE-WAY,NOT DIVIDED;DUSK;CLEAR;0;0;;STOP AND GO SIGNAL;PASSENGER CAR;PASSENGER CAR;NONE;NONE;;2018-02-23T17:59:58-05:00;2018;No;No;2;17
100 FEET FROM SR 1300 (KILDAIRE FARM RD);TWO-WAY,NOT DIVIDED;DAYLIGHT;CLOUDY;0;1;;STOP AND GO SIGNAL;PASSENGER CAR;PASSENGER CAR;NONE;NONE;;2018-03-28T08:35:31-04:00;2018;No;Yes;3;08
.1 MILES FROM US HWY 1-NB;TWO-WAY,DIVIDED,UNPROTECTED MEDIAN;DAYLIGHT;CLEAR;0;0;;NO CONTROL PRESENT;PASSENGER CAR;PICKUP;PASSENGER CAR;VAN;;2018-02-23T16:26:25-05:00;2018;No;No;2;16
18 FEET FROM I-40 EXIT 287 RAMP EB;ONE-WAY,NOT DIVIDED;DAYLIGHT;CLEAR;0;0;;STOP AND GO SIGNAL;PASSENGER CAR;PASSENGER CAR;NONE;NONE;;2018-03-28T12:54:00-04:00;2018;No;No;3;12
60 FEET FROM SR 1300 KILDAIRE FARM RD;NONE;NONE;NONE;0;0;;;PASSENGER CAR;SPORT UTILITY;NONE;NONE;;2018-02-17T07:57:06-05:00;2018;No;No;2;07
22 FEET FROM I-40 EXIT 287 RAMP EB;ONE-WAY,NOT DIVIDED;DAYLIGHT;CLEAR;0;0;;STOP AND GO SIGNAL;PASSENGER CAR;PICKUP;NONE;NONE;;2018-03-28T12:54:00-04:00;2018;No;No;3;12
.1 MILES FROM (PVA) 123 MIDDLE CREEK PARK AV;TWO-WAY,NOT DIVIDED;DAYLIGHT;CLEAR;0;0;;NO CONTROL PRESENT;SPORT UTILITY;PICKUP;NONE;NONE;;2018-02-22T08:14:08-05:00;2018;No;No;2;08
.2 MILES FROM PVA 1505 SW CARY PKWY;TWO-WAY,NOT DIVIDED;DAYLIGHT;CLEAR;0;0;;NO CONTROL PRESENT;NONE;PASSENGER CAR;NONE;NONE;;2018-03-28T17:46:22-04:00;2018;No;No;3;17
100 FEET FROM SR 1011 W CHATHAM ST;TWO-WAY,NOT DIVIDED;DAYLIGHT;CLEAR;0;0;;NO CONTROL PRESENT;SPORT UTILITY;SPORT UTILITY;NONE;NONE;;2018-02-27T10:57:00-05:00;2018;No;No;2;10
.01 MILES FROM PVA 2010 KILDAIRE FARM RD;TWO-WAY,NOT DIVIDED;DARK - LIGHTED ROADWAY;CLEAR;0;0;;NO CONTROL PRESENT;SPORT UTILITY;PASSENGER CAR;NONE;NONE;;2018-03-29T21:55:59-04:00;2018;No;No;3;21
CARY;TWO-WAY,DIVIDED,POSITIVE MEDIAN BARRIER;DAYLIGHT;CLEAR;0;0;;STOP AND GO SIGNAL;PASSENGER CAR;PASSENGER CAR;NONE;NONE;;2018-02-27T08:33:50-05:00;2018;No;No;2;08
.25 MILES FROM SR 1625 GREEN LEVEL CHURCH RD;TWO-WAY,NOT DIVIDED;DAYLIGHT;CLEAR;0;0;;STOP AND GO SIGNAL;PASSENGER CAR;PASSENGER CAR;NONE;NONE;;2018-04-01T14:48:47-04:00;2018;No;No;4;14
.1 MILES FROM PVA OF 117 WOODWINDS INDUSTRIA;TWO-WAY,NOT DIVIDED;DAYLIGHT;RAIN;0;0;;NO CONTROL PRESENT;PICKUP;NONE;NONE;NONE;;2018-02-28T18:04:14-05:00;2018;No;No;2;18
0 FEET FROM SHELDON DR;TWO-WAY,DIVIDED,POSITIVE MEDIAN BARRIER;DAYLIGHT;CLEAR;0;0;;STOP SIGN;PASSENGER CAR;PASSENGER CAR;NONE;NONE;;2018-04-02T12:21:00-04:00;2018;No;No;4;12
.5 MILES FROM US 1;TWO-WAY,DIVIDED,POSITIVE MEDIAN BARRIER;DAYLIGHT;CLEAR;0;0;;NO CONTROL PRESENT;PASSENGER CAR;SPORT UTILITY;NONE;NONE;;2018-02-27T19:17:39-05:00;2018;No;No;2;19
CARY;TWO-WAY,NOT DIVIDED;DARK - LIGHTED ROADWAY;CLEAR;0;0;;NO CONTROL PRESENT;PASSENGER CAR;SINGLE UNIT TRUCK (2-AXLE- 6-TIRE);NONE;NONE;;2018-04-01T13:57:07-04:00;2018;No;No;4;13
0 FEET FROM SR 3073 (NW MAYNARD RD);TWO-WAY,DIVIDED,UNPROTECTED MEDIAN;DAYLIGHT;CLEAR;0;1;;STOP AND GO SIGNAL;PICKUP;SPORT UTILITY;NONE;NONE;;2018-02-27T15:42:28-05:00;2018;No;Yes;2;15
400 FEET FROM SR 1300 - KILDAIRE FARM ROAD;TWO-WAY,NOT DIVIDED;DAYLIGHT;CLOUDY;0;0;;NO CONTROL PRESENT;PASSENGER CAR;NONE;NONE;NONE;;2018-03-30T12:05:00-04:00;2018;No;No;3;12
40 FEET FROM CHAPEL HILL RD;TWO-WAY,NOT DIVIDED;DARK - LIGHTED ROADWAY;RAIN;0;0;;STOP AND GO SIGNAL;PASSENGER CAR;PICKUP;NONE;NONE;;2018-02-28T19:17:37-05:00;2018;No;No;2;19
0 FEET FROM SR 1415 (SW MAYNARD RD);TWO-WAY,NOT DIVIDED;DAYLIGHT;CLEAR;0;1;;STOP SIGN;PASSENGER CAR;VAN;NONE;NONE;;2018-03-31T14:56:31-04:00;2018;No;Yes;3;14
20 FEET FROM US 1 HWY US1;ONE-WAY,NOT DIVIDED;DARK - ROADWAY NOT LIGHTED;RAIN;0;1;;STOP AND GO SIGNAL;PASSENGER CAR;SPORT UTILITY;NONE;NONE;;2018-03-01T18:57:13-05:00;2018;No;Yes;3;18
CARY;TWO-WAY,NOT DIVIDED;DAYLIGHT;CLEAR;0;0;;NO CONTROL PRESENT;PASSENGER CAR;SPORT UTILITY;NONE;NONE;;2018-03-31T15:06:58-04:00;2018;No;No;3;15
CARY;TWO-WAY,DIVIDED,UNPROTECTED MEDIAN;DAYLIGHT;CLEAR;0;0;;STOP SIGN;PASSENGER CAR;PICKUP;NONE;NONE;;2018-03-02T12:57:00-05:00;2018;No;No;3;12
.3 MILES FROM PVA 201 CROSSROADS BLVD;TWO-WAY,NOT DIVIDED;DARK - LIGHTED ROADWAY;CLEAR;0;0;;NO CONTROL PRESENT;PASSENGER CAR;PASSENGER CAR;NONE;NONE;;2018-03-28T19:47:07-04:00;2018;No;No;3;19
77 FEET FROM PVA (5016 COMMONS HILL DR);TWO-WAY,NOT DIVIDED;DAYLIGHT;CLEAR;0;0;;NO CONTROL PRESENT;PICKUP;PASSENGER CAR;NONE;NONE;;2018-03-03T12:12:00-05:00;2018;No;No;3;12
75 FEET FROM NC 54 (CHAPEL HILL RD);TWO-WAY,NOT DIVIDED;DAYLIGHT;CLOUDY;0;1;;NO CONTROL PRESENT;PICKUP;NONE;NONE;NONE;;2018-03-30T13:31:47-04:00;2018;No;Yes;3;13
CARY;TWO-WAY,NOT DIVIDED;DAYLIGHT;CLEAR;0;0;;STOP AND GO SIGNAL;SPORT UTILITY;SPORT UTILITY;NONE;NONE;;2018-03-03T15:11:39-05:00;2018;No;No;3;15
120 FEET FROM SR 1313 WALNUT ST;TWO-WAY,NOT DIVIDED;DAYLIGHT;CLEAR;0;0;;NO CONTROL PRESENT;PASSENGER CAR;PICKUP;NONE;NONE;;2018-03-26T16:56:24-04:00;2018;No;No;3;16
410 FEET FROM N HARRISON AV;TWO-WAY,NOT DIVIDED;DAYLIGHT;CLEAR;0;0;;NO CONTROL PRESENT;SPORT UTILITY;PASSENGER CAR;NONE;NONE;;2018-03-04T16:19:10-05:00;2018;No;No;3;16
85 FEET FROM PVA 501 CAITBOO AV;TWO-WAY,NOT DIVIDED;DARK - LIGHTED ROADWAY;CLEAR;0;0;;NO CONTROL PRESENT;PASSENGER CAR;PASSENGER CAR;NONE;NONE;;2018-04-03T20:40:57-04:00;2018;No;No;4;20
200 FEET FROM PVA 973 N HARRISON AVE;TWO-WAY,NOT DIVIDED;DARK - LIGHTED ROADWAY;CLEAR;0;0;NOT VISIBLE (DARK CLOTHING,ETC.);NO CONTROL PRESENT;PASSENGER CAR;NONE;NONE;NONE;;2018-03-05T19:11:44-05:00;2018;No;No;3;19
210 FEET FROM S WEST ST;TWO-WAY,NOT DIVIDED;DAYLIGHT;CLOUDY;0;0;;NO CONTROL PRESENT;PASSENGER CAR;NONE;NONE;NONE;;2018-04-03T20:37:13-04:00;2018;No;No;4;20
10 FEET FROM US HIGHWAY 1;ONE-WAY,NOT DIVIDED;DAYLIGHT;CLEAR;0;1;;STOP AND GO SIGNAL;PASSENGER CAR;SPORT UTILITY;NONE;NONE;;2018-03-05T15:56:32-05:00;2018;No;Yes;3;15
CARY;TWO-WAY,DIVIDED,UNPROTECTED MEDIAN;DAYLIGHT;CLEAR;0;0;;STOP AND GO SIGNAL;PASSENGER CAR;VAN;NONE;NONE;;2018-04-04T12:12:00-04:00;2018;No;No;4;12
0 FEET FROM SR 1313 (WALNUT ST);TWO-WAY,NOT DIVIDED;DAYLIGHT;RAIN;0;2;;STOP SIGN;PASSENGER CAR;PASSENGER CAR;SPORT UTILITY;NONE;;2018-03-01T15:35:05-05:00;2018;No;Yes;3;15
50 FEET FROM PVA OF 231 E JOHNSON ST;TWO-WAY,NOT DIVIDED;DAYLIGHT;CLEAR;0;0;;NO CONTROL PRESENT;PICKUP;VAN;NONE;NONE;;2018-03-29T15:01:54-04:00;2018;No;No;3;15
10 FEET FROM S.R. 1613 (DAVIS DR);TWO-WAY,DIVIDED,UNPROTECTED MEDIAN;DAYLIGHT;RAIN;0;0;;STOP AND GO SIGNAL;SPORT UTILITY;PASSENGER CAR;NONE;NONE;;2018-03-06T13:49:22-05:00;2018;No;No;3;13
.1 MILES FROM WESTON PKWY;TWO-WAY,DIVIDED,UNPROTECTED MEDIAN;DAYLIGHT;CLEAR;0;0;;NO CONTROL PRESENT;PASSENGER CAR;NONE;NONE;NONE;;2018-04-05T06:27:52-04:00;2018;No;No;4;06
25 FEET FROM US 64 EAST;TWO-WAY,NOT DIVIDED;DARK - LIGHTED ROADWAY;RAIN;0;1;;NO CONTROL PRESENT;PICKUP;PASSENGER CAR;SPORT UTILITY;PICKUP;;2018-03-06T20:35:13-05:00;2018;No;Yes;3;20
20 FEET FROM NC 55 HWY;TWO-WAY,DIVIDED,UNPROTECTED MEDIAN;DAYLIGHT;CLEAR;0;0;;STOP AND GO SIGNAL;PASSENGER CAR;PICKUP;NONE;NONE;;2018-04-05T07:46:12-04:00;2018;No;No;4;07
250 FEET FROM US 1N HWY;TWO-WAY,DIVIDED,UNPROTECTED MEDIAN;DAYLIGHT;RAIN;0;0;;NO CONTROL PRESENT;SPORT UTILITY;PASSENGER CAR;NONE;NONE;;2018-03-06T17:58:05-05:00;2018;No;No;3;17
.10 MILES FROM 1105 WALNUT ST;ONE-WAY,NOT DIVIDED;DAYLIGHT;CLEAR;0;0;;NO CONTROL PRESENT;VAN;VAN;NONE;NONE;;2018-04-05T12:56:00-04:00;2018;No;No;4;12
.1 MILES FROM US 1N HWY;TWO-WAY,DIVIDED,UNPROTECTED MEDIAN;DAYLIGHT;CLEAR;0;0;;NO CONTROL PRESENT;SPORT UTILITY;PASSENGER CAR;NONE;NONE;;2018-03-07T19:04:13-05:00;2018;No;No;3;19
.1 MILES FROM PVA OF 1001 ST CHARLES PL;TWO-WAY,NOT DIVIDED;DAYLIGHT;CLEAR;0;0;;NO CONTROL PRESENT;SPORT UTILITY;PASSENGER CAR;NONE;NONE;;2018-04-05T13:38:42-04:00;2018;No;No;4;13
CARY;TWO-WAY,NOT DIVIDED;DAYLIGHT;CLEAR;0;0;;NO CONTROL PRESENT;SPORT UTILITY;PASSENGER CAR;NONE;NONE;;2018-03-07T17:38:35-05:00;2018;No;No;3;17
.1 MILES FROM US 64;TWO-WAY,DIVIDED,POSITIVE MEDIAN BARRIER;DAYLIGHT;CLEAR;0;2;;NO CONTROL PRESENT;PICKUP;PASSENGER CAR;NONE;NONE;;2018-04-05T18:22:50-04:00;2018;No;Yes;4;18
.2 MILES FROM US 1;TWO-WAY,DIVIDED,POSITIVE MEDIAN BARRIER;DAYLIGHT;CLOUDY;0;1;;NO CONTROL PRESENT;PASSENGER CAR;PASSENGER CAR;PASSENGER CAR;NONE;;2018-03-07T08:20:12-05:00;2018;No;Yes;3;08
0 FEET FROM WALDO ROOD BLVD;TWO-WAY,DIVIDED,UNPROTECTED MEDIAN;DAYLIGHT;CLEAR;0;1;;STOP SIGN;SPORT UTILITY;PASSENGER CAR;NONE;NONE;;2018-04-05T09:29:00-04:00;2018;No;Yes;4;09
.2 MILES FROM US 1;TWO-WAY,DIVIDED,POSITIVE MEDIAN BARRIER;DAYLIGHT;CLEAR;0;0;;NO CONTROL PRESENT;PASSENGER CAR;PASSENGER CAR;PASSENGER CAR;NONE;;2018-03-08T11:54:00-05:00;2018;No;No;3;11
227 FEET FROM 2031 WALNUT ST.;TWO-WAY,NOT DIVIDED;DAYLIGHT;CLEAR;0;0;;NO CONTROL PRESENT;PASSENGER CAR;PASSENGER CAR;NONE;NONE;;2018-04-05T14:01:53-04:00;2018;No;No;4;14
5 FEET FROM SR-1415 SE MAYNARD RD;TWO-WAY,DIVIDED,UNPROTECTED MEDIAN;DAYLIGHT;CLEAR;0;0;;STOP AND GO SIGNAL;PASSENGER CAR;PASSENGER CAR;NONE;NONE;;2018-03-07T18:39:22-05:00;2018;No;No;3;18
200 FEET FROM MORRISVILLE CARPENTER RD;TWO-WAY,NOT DIVIDED;DARK - ROADWAY NOT LIGHTED;CLEAR;0;0;;NO CONTROL PRESENT;PASSENGER CAR;NONE;NONE;NONE;;2018-04-06T04:49:25-04:00;2018;No;No;4;04
110 FEET FROM SR 3081 (CHAPEL HILL RD);TWO-WAY,NOT DIVIDED;DARK - LIGHTED ROADWAY;CLEAR;0;0;;STOP AND GO SIGNAL;SPORT UTILITY;SPORT UTILITY;NONE;NONE;;2018-03-07T20:58:07-05:00;2018;No;No;3;20
200 FEET FROM PVA (651 CARY TOWNE BLVD);TWO-WAY,NOT DIVIDED;DAYLIGHT;CLOUDY;0;1;;NO CONTROL PRESENT;PASSENGER CAR;PICKUP;NONE;NONE;;2018-04-06T16:30:18-04:00;2018;No;Yes;4;16
.25 MILES FROM SR1625 GREEN LEVEL CHURCH RD;TWO-WAY,DIVIDED,UNPROTECTED MEDIAN;DAYLIGHT;CLEAR;0;0;;STOP AND GO SIGNAL;SPORT UTILITY;PICKUP;NONE;NONE;;2018-03-08T12:44:00-05:00;2018;No;No;3;12
0 FEET FROM SR1415 (SE MAYNARD RD);TWO-WAY,DIVIDED,POSITIVE MEDIAN BARRIER;DARK - LIGHTED ROADWAY;RAIN;0;1;;STOP AND GO SIGNAL;PASSENGER CAR;PASSENGER CAR;NONE;NONE;;2018-04-07T22:09:00-04:00;2018;No;Yes;4;22
10 FEET FROM NC 55 HWY;TWO-WAY,DIVIDED,UNPROTECTED MEDIAN;DAYLIGHT;CLEAR;0;0;;STOP AND GO SIGNAL;LIGHT TRUCK (MINI-VAN- PANEL);NONE;NONE;NONE;;2018-03-09T13:19:11-05:00;2018;No;No;3;13
63 FEET FROM WESTON PKWY;TWO-WAY,DIVIDED,UNPROTECTED MEDIAN;DARK - LIGHTED ROADWAY;RAIN;0;0;;STOP SIGN;PASSENGER CAR;PASSENGER CAR;NONE;NONE;;2018-04-07T22:45:00-04:00;2018;No;No;4;22
217 FEET FROM PVA 98 CORNERSTONE DR;TWO-WAY,NOT DIVIDED;DARK - LIGHTED ROADWAY;CLEAR;0;0;;NO CONTROL PRESENT;PASSENGER CAR;PASSENGER CAR;NONE;NONE;;2018-03-09T18:37:21-05:00;2018;No;No;3;18
100 FEET FROM SR 1313 (WALNUT ST);TWO-WAY,DIVIDED,POSITIVE MEDIAN BARRIER;DAYLIGHT;RAIN;0;0;;NO CONTROL PRESENT;SPORT UTILITY;PICKUP;NONE;NONE;;2018-04-07T12:41:00-04:00;2018;No;No;4;12
326 FEET FROM P.V.A. 2861 JONES FRANKLIN RD;TWO-WAY,NOT DIVIDED;DAYLIGHT;CLOUDY;0;0;;NO CONTROL PRESENT;FIRETRUCK;SPORT UTILITY;NONE;NONE;;2018-03-10T17:06:20-05:00;2018;No;No;3;17
1 MILES FROM US 1 SOUTHBOUND;TWO-WAY,DIVIDED,POSITIVE MEDIAN BARRIER;DAYLIGHT;CLOUDY;0;2;;NO CONTROL PRESENT;PICKUP;PASSENGER CAR;PASSENGER CAR;NONE;;2018-04-06T15:39:48-04:00;2018;No;Yes;4;15
.25 MILES FROM SR 3120 (MORRISVILLE PKWY);TWO-WAY,DIVIDED,UNPROTECTED MEDIAN;DARK - LIGHTED ROADWAY;CLEAR;0;0;;NO CONTROL PRESENT;SPORT UTILITY;SPORT UTILITY;NONE;NONE;;2018-03-10T20:56:29-05:00;2018;No;No;3;20
0 FEET FROM (SR 1652) N HARRISON AVE;ONE-WAY,NOT DIVIDED;DAYLIGHT;CLEAR;0;0;;NO CONTROL PRESENT;PASSENGER CAR;PASSENGER CAR;NONE;NONE;;2018-04-08T13:06:24-04:00;2018;No;No;4;13