Location_Description;Road_Configuration;Light_Condition;Weather;Fatality;Injury;Contributing_Factor;Traffic_Control;Vehicle1;Vehicle2;Vehicle3;Vehicle4;Vehicle5;Crash_Date;year;Fatalities;Injuries;Month;Hour
CARY;TWO-WAY,DIVIDED,UNPROTECTED MEDIAN;DARK - ROADWAY NOT LIGHTED;CLEAR;0;0;;STOP AND GO SIGNAL;PASSENGER CAR;PICKUP;NONE;NONE;;2018-03-10T19:23:39-05:00;2018;No;No;3;19
10 FEET FROM S.R. 1652 (HARRISON AV);TWO-WAY,NOT DIVIDED;DAYLIGHT;CLEAR;0;0;;NO CONTROL PRESENT;PASSENGER CAR;PASSENGER CAR;NONE;NONE;;2018-04-09T09:16:04-04:00;2018;No;No;4;09
50 FEET FROM SR 1300 (KILDAIRE FARM RD);TWO-WAY,NOT DIVIDED;DAYLIGHT;CLEAR;0;0;;STOP AND GO SIGNAL;PICKUP;PICKUP;PICKUP;NONE;;2018-03-09T15:42:13-05:00;2018;No;No;3;15
50 FEET FROM PVA (869 SE MAYNARD RD);NONE;NONE;NONE;0;0;;;PASSENGER CAR;NONE;NONE;NONE;;2018-04-02T10:19:00-04:00;2018;No;No;4;10
200 FEET FROM CARPENTER FIRE STATION RD 1624;TWO-WAY,DIVIDED,UNPROTECTED MEDIAN;DAYLIGHT;CLEAR;0;0;;NO CONTROL PRESENT;PASSENGER CAR;NONE;NONE;NONE;;2018-03-07T16:53:15-05:00;2018;No;No;3;16
281 FEET FROM P.V.A. (940 SE CARY PKWY);TWO-WAY,NOT DIVIDED;DAYLIGHT;CLEAR;0;0;;NO CONTROL PRESENT;SPORT UTILITY;PICKUP;NONE;NONE;;2018-04-09T18:16:19-04:00;2018;No;No;4;18
5 FEET FROM NW CARY PKWY;TWO-WAY,DIVIDED,UNPROTECTED MEDIAN;DAYLIGHT;RAIN;0;0;;STOP AND GO SIGNAL;SPORT UTILITY;SPORT UTILITY;NONE;NONE;;2018-03-11T15:49:57-04:00;2018;No;No;3;15
75 FEET FROM P.V.A. (1105 WALNUT STREET);TWO-WAY,DIVIDED,UNPROTECTED MEDIAN;DARK - LIGHTED ROADWAY;CLEAR;0;0;;NO CONTROL PRESENT;PASSENGER CAR;NONE;NONE;NONE;;2018-04-09T23:56:00-04:00;2018;No;No;4;23
0 FEET FROM SR 1313 (WALNUT ST);TWO-WAY,DIVIDED,UNPROTECTED MEDIAN;DAYLIGHT;RAIN;0;0;;STOP AND GO SIGNAL;PASSENGER CAR;PASSENGER CAR;NONE;NONE;;2018-03-12T12:43:00-04:00;2018;No;No;3;12
400 FEET FROM P.V.A. 940 SE CARY PKWY;TWO-WAY,NOT DIVIDED;DAYLIGHT;CLEAR;0;0;;NO CONTROL PRESENT;VAN;PASSENGER CAR;NONE;NONE;;2018-04-09T18:32:48-04:00;2018;No;No;4;18
,01 MILES FROM SR 1010 (TEN TEN RD);TWO-WAY,NOT DIVIDED;DAYLIGHT;CLEAR;0;0;;NO CONTROL PRESENT;PASSENGER CAR;NONE;NONE;NONE;;2018-03-13T12:09:00-04:00;2018;No;No;3;12
.1 MILES FROM SR-3081 CHAPEL HILL RD;TWO-WAY,NOT DIVIDED;DAYLIGHT;CLOUDY;0;0;;NO CONTROL PRESENT;PASSENGER CAR;PASSENGER CAR;NONE;NONE;;2018-04-10T09:13:06-04:00;2018;No;No;4;09
200 FEET FROM SR 1652 (N HARRISON AVE);TWO-WAY,DIVIDED,UNPROTECTED MEDIAN;DAYLIGHT;CLEAR;0;0;COMING FROM BEHIND PARKED VEHICLE;NO CONTROL PRESENT;PASSENGER CAR;NONE;NONE;NONE;;2018-03-13T08:44:54-04:00;2018;No;No;3;08
350 FEET FROM P.V.A. OF 8745 HOLLY SPRINGS R;TWO-WAY,NOT DIVIDED;DAYLIGHT;CLEAR;0;0;;NO CONTROL PRESENT;PASSENGER CAR;PASSENGER CAR;NONE;NONE;;2018-04-10T14:16:22-04:00;2018;No;No;4;14
CARY;ONE-WAY,NOT DIVIDED;DARK - LIGHTED ROADWAY;CLEAR;0;0;;NO CONTROL PRESENT;PASSENGER CAR;PASSENGER CAR;NONE;NONE;;2018-03-09T20:53:13-05:00;2018;No;No;3;20
.2 MILES FROM PVA (275 CONVENTION DR);ONE-WAY,NOT DIVIDED;DAYLIGHT;CLEAR;0;0;;NO CONTROL PRESENT;VAN;SPORT UTILITY;NONE;NONE;;2018-04-10T17:37:02-04:00;2018;No;No;4;17
100 FEET FROM S.R.1313 (WALNUT ST);NONE;NONE;NONE;0;0;;;PASSENGER CAR;NONE;NONE;NONE;;2018-03-14T09:31:27-04:00;2018;No;No;3;09
200 FEET FROM SR1415 (SE MAYNARD RD);TWO-WAY,NOT DIVIDED;DAYLIGHT;CLEAR;0;1;;NO CONTROL PRESENT;NONE;SPORT UTILITY;NONE;NONE;;2018-04-11T12:53:00-04:00;2018;No;Yes;4;12
311 FEET FROM SR 1600 (GREEN LEVEL CHURCH RD;TWO-WAY,DIVIDED,UNPROTECTED MEDIAN;DARK - ROADWAY NOT LIGHTED;CLEAR;0;2;;NO CONTROL PRESENT;PASSENGER CAR;SPORT UTILITY;NONE;NONE;;2018-03-07T09:15:10-05:00;2018;No;Yes;3;09
50 FEET FROM OLDE WEATHERSTONE WAY;TWO-WAY,NOT DIVIDED;DAYLIGHT;CLEAR;0;0;;NO CONTROL PRESENT;PASSENGER CAR;PASSENGER CAR;NONE;NONE;;2018-04-14T12:06:00-04:00;2018;No;No;4;12
.1403 MILES FROM SR 1300 (KILDAIRE FARM RD);TWO-WAY,DIVIDED,UNPROTECTED MEDIAN;DAYLIGHT;CLEAR;0;0;;NO CONTROL PRESENT;SPORT UTILITY;SPORT UTILITY;NONE;NONE;;2018-03-14T16:56:58-04:00;2018;No;No;3;16
20 FEET FROM SR 1011 (W CHATHAM ST);TWO-WAY,DIVIDED,UNPROTECTED MEDIAN;DAYLIGHT;CLEAR;0;0;;NO CONTROL PRESENT;PICKUP;PASSENGER CAR;NONE;NONE;;2018-04-14T16:37:08-04:00;2018;No;No;4;16
.5 MILES FROM 1625 GREEN LEVEL CHURCH RD;TWO-WAY,DIVIDED,UNPROTECTED MEDIAN;DAYLIGHT;CLEAR;0;0;;NO CONTROL PRESENT;SPORT UTILITY;NONE;NONE;NONE;;2018-03-13T07:56:45-04:00;2018;No;No;3;07
300 FEET FROM P.V.A. (10140 GREEN LEVEL CHU);TWO-WAY,NOT DIVIDED;DAYLIGHT;CLEAR;0;0;;NO CONTROL PRESENT;PASSENGER CAR;PASSENGER CAR;NONE;NONE;;2018-04-14T15:43:25-04:00;2018;No;No;4;15
CARY;TWO-WAY,DIVIDED,UNPROTECTED MEDIAN;DAYLIGHT;CLEAR;0;0;;YIELD SIGN;PASSENGER CAR;SPORT UTILITY;NONE;NONE;;2018-03-14T16:56:58-04:00;2018;No;No;3;16
400 FEET FROM 100 BLOCK GREGORY DR;TWO-WAY,NOT DIVIDED;NONE;CLOUDY;0;0;;NO CONTROL PRESENT;NONE;PASSENGER CAR;NONE;NONE;;2018-04-16T07:45:19-04:00;2018;No;No;4;07
11 FEET FROM CAITBOO AV;TWO-WAY,DIVIDED,UNPROTECTED MEDIAN;DUSK;CLEAR;0;0;;YIELD SIGN;PASSENGER CAR;PASSENGER CAR;NONE;NONE;;2018-03-14T18:09:30-04:00;2018;No;No;3;18
.20 MILES FROM SR 1615 (HIGH HOUSE RD);TWO-WAY,DIVIDED,POSITIVE MEDIAN BARRIER;DAYLIGHT;CLEAR;0;0;;STOP AND GO SIGNAL;PASSENGER CAR;SPORT UTILITY;NONE;NONE;;2018-04-16T19:41:43-04:00;2018;No;No;4;19
207 FEET FROM SR 1011 (W CHATHAM ST);TWO-WAY,NOT DIVIDED;DAYLIGHT;CLEAR;0;0;;NO CONTROL PRESENT;SPORT UTILITY;LIGHT TRUCK (MINI-VAN- PANEL);NONE;NONE;;2018-03-13T11:44:00-04:00;2018;No;No;3;11
.16 MILES FROM SR #1653 (EVANS RD);TWO-WAY,NOT DIVIDED;DAYLIGHT;CLEAR;0;0;;STOP AND GO SIGNAL;PASSENGER CAR;PASSENGER CAR;NONE;NONE;;2018-04-17T08:59:06-04:00;2018;No;No;4;08
50 FEET FROM PVA (310 S. ACADEMY ST);TWO-WAY,NOT DIVIDED;DAYLIGHT;CLEAR;0;0;;NO CONTROL PRESENT;PICKUP;SPORT UTILITY;NONE;NONE;;2018-03-15T11:46:00-04:00;2018;No;No;3;11
25 FEET FROM (PVA) 7980 CHAPEL HILL RD;TWO-WAY,NOT DIVIDED;DAYLIGHT;CLEAR;0;0;;NO CONTROL PRESENT;LIGHT TRUCK (MINI-VAN- PANEL);VAN;NONE;NONE;;2018-04-17T16:46:06-04:00;2018;No;No;4;16
.2 MILES FROM SR 1747 (NW MAYNARD RD);TWO-WAY,DIVIDED,UNPROTECTED MEDIAN;DAYLIGHT;CLEAR;0;0;;NO CONTROL PRESENT;PICKUP;SPORT UTILITY;NONE;NONE;;2018-03-15T21:24:06-04:00;2018;No;No;3;21
.3 MILES FROM OLD APEX RD SR 1616;TWO-WAY,NOT DIVIDED;DAYLIGHT;CLEAR;0;0;;NO CONTROL PRESENT;VAN;SPORT UTILITY;NONE;NONE;;2018-04-17T16:38:25-04:00;2018;No;No;4;16
CARY;TWO-WAY,DIVIDED,UNPROTECTED MEDIAN;DAYLIGHT;CLEAR;0;0;;STOP AND GO SIGNAL;SPORT UTILITY;PASSENGER CAR;NONE;NONE;;2018-03-14T18:41:42-04:00;2018;No;No;3;18
75 FEET FROM (SR 1613) DAVIS DR;NONE;DAYLIGHT;CLEAR;0;0;;NO CONTROL PRESENT;PASSENGER CAR;VAN;NONE;NONE;;2018-04-17T17:56:55-04:00;2018;No;No;4;17
CARY;TWO-WAY,NOT DIVIDED;DARK - LIGHTED ROADWAY;CLEAR;0;1;;STOP SIGN;PASSENGER CAR;SPORT UTILITY;NONE;NONE;;2018-03-14T21:29:48-04:00;2018;No;Yes;3;21
.01 MILES FROM (PVA) 123 MIDDLE CREEK PARK AV;TWO-WAY,NOT DIVIDED;DAYLIGHT;CLEAR;0;0;;NO CONTROL PRESENT;PASSENGER CAR;SPORT UTILITY;NONE;NONE;;2018-04-11T07:36:40-04:00;2018;No;No;4;07
10 FEET FROM REGENCY PKWY;TWO-WAY,NOT DIVIDED;DAYLIGHT;CLEAR;0;1;;STOP AND GO SIGNAL;PICKUP;PASSENGER CAR;NONE;NONE;;2018-03-15T13:36:29-04:00;2018;No;Yes;3;13
.2 MILES FROM US 1 HWY;TWO-WAY,DIVIDED,POSITIVE MEDIAN BARRIER;DAYLIGHT;CLEAR;0;2;;NO CONTROL PRESENT;SPORT UTILITY;PASSENGER CAR;NONE;NONE;;2018-04-18T10:32:00-04:00;2018;No;Yes;4;10
10 FEET FROM US 1 N OFF RAMP;ONE-WAY,NOT DIVIDED;DAYLIGHT;CLEAR;0;0;;STOP AND GO SIGNAL;SPORT UTILITY;PASSENGER CAR;NONE;NONE;;2018-03-16T15:18:15-04:00;2018;No;No;3;15
5 FEET FROM SR 1423 (PINEY PLAINS RD);TWO-WAY,DIVIDED,UNPROTECTED MEDIAN;DAYLIGHT;CLEAR;0;0;;STOP AND GO SIGNAL;PASSENGER CAR;PASSENGER CAR;NONE;NONE;;2018-04-18T16:04:49-04:00;2018;No;No;4;16
CARY;TWO-WAY,DIVIDED,POSITIVE MEDIAN BARRIER;DAYLIGHT;CLEAR;0;1;;NO CONTROL PRESENT;SPORT UTILITY;PICKUP;NONE;NONE;;2018-03-16T10:01:00-04:00;2018;No;Yes;3;10
CARY;TWO-WAY,NOT DIVIDED;DAYLIGHT;CLEAR;0;0;;NO CONTROL PRESENT;SPORT UTILITY;PICKUP;NONE;NONE;;2018-04-18T15:20:49-04:00;2018;No;No;4;15
CARY;TWO-WAY,NOT DIVIDED;NONE;NONE;0;0;;NO CONTROL PRESENT;NONE;NONE;NONE;NONE;;2018-03-18T08:37:30-04:00;2018;No;No;3;08
0 FEET FROM 558 CROSSROADS BLVD;TWO-WAY,DIVIDED,UNPROTECTED MEDIAN;DARK - ROADWAY NOT LIGHTED;CLEAR;0;2;;STOP SIGN;PASSENGER CAR;PASSENGER CAR;NONE;NONE;;2018-04-13T16:26:21-04:00;2018;No;Yes;4;16
80 FEET FROM FRANKS CREEK DR;TWO-WAY,NOT DIVIDED;DAYLIGHT;CLEAR;0;0;;NO CONTROL PRESENT;PASSENGER CAR;PASSENGER CAR;NONE;NONE;;2018-03-18T14:20:55-04:00;2018;No;No;3;14
200 FEET FROM P.V.A. (301 METLIFE WAY);TWO-WAY,NOT DIVIDED;DAYLIGHT;CLEAR;0;0;;NO CONTROL PRESENT;NONE;NONE;NONE;NONE;;2018-04-19T11:45:00-04:00;2018;No;No;4;11
499 FEET FROM NC 55 HWY;TWO-WAY,DIVIDED,UNPROTECTED MEDIAN;DARK - UNKNOWN LIGHTING;CLEAR;0;0;;NO CONTROL PRESENT;PASSENGER CAR;PASSENGER CAR;NONE;NONE;;2018-03-17T03:51:08-04:00;2018;No;No;3;03
69 FEET FROM MEETING ST;TWO-WAY,DIVIDED,UNPROTECTED MEDIAN;DAYLIGHT;CLEAR;0;0;;STOP AND GO SIGNAL;PASSENGER CAR;PASSENGER CAR;NONE;NONE;;2018-04-19T14:34:54-04:00;2018;No;No;4;14
300 FEET FROM 101 LEDGESTONE WAY;ONE-WAY,NOT DIVIDED;DAYLIGHT;CLEAR;0;0;;NO CONTROL PRESENT;VAN;SPORT UTILITY;NONE;NONE;;2018-03-18T11:58:00-04:00;2018;No;No;3;11
100 FEET FROM P.V.A. 214 CROSSROADS BLVD;ONE-WAY,NOT DIVIDED;DAYLIGHT;CLEAR;0;0;;NO CONTROL PRESENT;PASSENGER CAR;VAN;PASSENGER CAR;NONE;;2018-04-19T12:23:00-04:00;2018;No;No;4;12
.191 MILES FROM SR1315 (BUCK JONES RD);TWO-WAY,NOT DIVIDED;DAYLIGHT;CLEAR;0;0;;NO CONTROL PRESENT;PASSENGER CAR;PASSENGER CAR;NONE;NONE;;2018-03-17T23:10:00-04:00;2018;No;No;3;23
.12 MILES FROM SR# 1600 (GREEN LEVEL CHURCH);TWO-WAY,NOT DIVIDED;DARK - ROADWAY NOT LIGHTED;CLEAR;0;0;;NO CONTROL PRESENT;PASSENGER CAR;NONE;NONE;NONE;;2018-04-22T12:50:00-04:00;2018;No;No;4;12
300 FEET FROM SR 1319 (JONES FRANKLIN RD);TWO-WAY,DIVIDED,UNPROTECTED MEDIAN;DAYLIGHT;CLEAR;0;0;;STOP AND GO SIGNAL;PICKUP;PASSENGER CAR;NONE;NONE;;2018-03-19T09:33:38-04:00;2018;No;No;3;09
.098 MILES FROM NC 54 HWY;TWO-WAY,NOT DIVIDED;DARK - ROADWAY NOT LIGHTED;CLEAR;0;1;;NO CONTROL PRESENT;PASSENGER CAR;NONE;NONE;NONE;;2018-04-22T05:45:57-04:00;2018;No;Yes;4;05
.1 MILES FROM SR 3977;TWO-WAY,DIVIDED,POSITIVE MEDIAN BARRIER;DAYLIGHT;CLEAR;0;0;;NO CONTROL PRESENT;PASSENGER CAR;NONE;NONE;NONE;;2018-03-19T14:39:21-04:00;2018;No;No;3;14
40 FEET FROM PVA 123 MIDDLE CREEK PARK AV;TWO-WAY,NOT DIVIDED;DAYLIGHT;CLEAR;0;0;;NO CONTROL PRESENT;PASSENGER CAR;VAN;NONE;NONE;;2018-04-20T17:23:18-04:00;2018;No;No;4;17
300 FEET FROM P.V.A. 10120-202 GREEN LEVEL C;TWO-WAY,NOT DIVIDED;DAYLIGHT;CLEAR;0;0;;NO CONTROL PRESENT;PASSENGER CAR;PASSENGER CAR;NONE;NONE;;2018-03-19T23:29:00-04:00;2018;No;No;3;23
200 FEET FROM CROSSROADS BLVD;TWO-WAY,DIVIDED,POSITIVE MEDIAN BARRIER;DAYLIGHT;CLEAR;0;0;;YIELD SIGN;PASSENGER CAR;PASSENGER CAR;NONE;NONE;;2018-04-21T13:00:48-04:00;2018;No;No;4;13
.132 MILES FROM US 64 HWY;TWO-WAY,DIVIDED,UNPROTECTED MEDIAN;DARK - LIGHTED ROADWAY;CLOUDY;0;0;;NO CONTROL PRESENT;PASSENGER CAR;PASSENGER CAR;NONE;NONE;;2018-03-20T01:00:10-04:00;2018;No;No;3;01
90 FEET FROM P.V.A. (SPECTRUM);TWO-WAY,NOT DIVIDED;DAYLIGHT;CLOUDY;0;0;;NO CONTROL PRESENT;SINGLE UNIT TRUCK (2-AXLE- 6-TIRE);NONE;NONE;NONE;;2018-04-23T12:25:00-04:00;2018;No;No;4;12
102 FEET FROM P.V.A 100 WRENN DR;TWO-WAY,NOT DIVIDED;DAYLIGHT;CLEAR;0;0;;NO CONTROL PRESENT;PASSENGER CAR;SPORT UTILITY;NONE;NONE;;2018-03-19T15:37:06-04:00;2018;No;No;3;15
.24 MILES FROM HWY US 64;TWO-WAY,DIVIDED,UNPROTECTED MEDIAN;DAYLIGHT;CLOUDY;0;0;;STOP AND GO SIGNAL;PICKUP;PASSENGER CAR;PASSENGER CAR;NONE;;2018-04-23T09:11:02-04:00;2018;No;No;4;09
.03 MILES FROM PVA (1310 SE MAYNARD RD);TWO-WAY,NOT DIVIDED;DAYLIGHT;CLEAR;0;0;;NO CONTROL PRESENT;PASSENGER CAR;PASSENGER CAR;NONE;NONE;;2018-03-19T11:46:00-04:00;2018;No;No;3;11
CARY;TWO-WAY,DIVIDED,UNPROTECTED MEDIAN;DAYLIGHT;CLEAR;0;0;;STOP AND GO SIGNAL;VAN;PASSENGER CAR;NONE;NONE;;2018-04-21T15:34:39-04:00;2018;No;No;4;15
125 FEET FROM WINSTEAD DR;TWO-WAY,DIVIDED,UNPROTECTED MEDIAN;DAYLIGHT;CLEAR;0;0;;NO CONTROL PRESENT;SPORT UTILITY;NONE;NONE;NONE;;2018-03-19T20:14:25-04:00;2018;No;No;3;20
.1 MILES FROM P.V.A. 427 CROSSROADS BLVD;TWO-WAY,NOT DIVIDED;DAYLIGHT;CLOUDY;0;0;;NO CONTROL PRESENT;PASSENGER CAR;SPORT UTILITY;NONE;NONE;;2018-04-23T13:44:24-04:00;2018;No;No;4;13
CARY;TWO-WAY,DIVIDED,POSITIVE MEDIAN BARRIER;DAYLIGHT;CLOUDY;0;0;;STOP SIGN;PASSENGER CAR;VAN;NONE;NONE;;2018-03-19T19:19:52-04:00;2018;No;No;3;19
306 FEET FROM P.V.A 2010 KILDAIRE FARM RD;TWO-WAY,DIVIDED,UNPROTECTED MEDIAN;DARK - LIGHTED ROADWAY;RAIN;0;0;;NO CONTROL PRESENT;SPORT UTILITY;PASSENGER CAR;NONE;NONE;;2018-04-23T20:40:50-04:00;2018;No;No;4;20
5 FEET FROM SR 3081 (CHAPEL HILL RD);TWO-WAY,DIVIDED,POSITIVE MEDIAN BARRIER;DARK - LIGHTED ROADWAY;CLEAR;0;0;;STOP AND GO SIGNAL;PASSENGER CAR;PASSENGER CAR;NONE;NONE;;2018-03-19T21:10:00-04:00;2018;No;No;3;21
100 FEET FROM P.V.A. ABC STORE;TWO-WAY,NOT DIVIDED;DAYLIGHT;CLOUDY;0;0;;;PASSENGER CAR;PASSENGER CAR;NONE;NONE;;2018-04-23T03:26:29-04:00;2018;No;No;4;03
.2 MILES FROM 1 HWY;TWO-WAY,DIVIDED,POSITIVE MEDIAN BARRIER;DAYLIGHT;CLEAR;0;2;;NO CONTROL PRESENT;SPORT UTILITY;PICKUP;SPORT UTILITY;NONE;;2018-03-16T09:52:38-04:00;2018;No;Yes;3;09
CARY;TWO-WAY,DIVIDED,POSITIVE MEDIAN BARRIER;DAYLIGHT;CLOUDY;0;1;;STOP AND GO SIGNAL;PASSENGER CAR;SPORT UTILITY;NONE;NONE;;2018-04-24T13:47:31-04:00;2018;No;Yes;4;13
.25 MILES FROM SR 1638 (OKELLY CHAPEL RD);TWO-WAY,DIVIDED,POSITIVE MEDIAN BARRIER;DAYLIGHT;CLOUDY;0;0;;NO CONTROL PRESENT;PASSENGER CAR;PASSENGER CAR;NONE;NONE;;2018-03-20T17:52:02-04:00;2018;No;No;3;17
CARY;TWO-WAY,DIVIDED,UNPROTECTED MEDIAN;DAYLIGHT;CLOUDY;0;1;;STOP AND GO SIGNAL;SPORT UTILITY;PASSENGER CAR;NONE;NONE;;2018-04-24T11:04:00-04:00;2018;No;Yes;4;11
CARY;TWO-WAY,NOT DIVIDED;DAYLIGHT;RAIN;0;0;;STOP SIGN;LIGHT TRUCK (MINI-VAN- PANEL);PICKUP;NONE;NONE;;2018-03-20T08:49:39-04:00;2018;No;No;3;08
.5 MILES FROM US 1 HWY;TWO-WAY,DIVIDED,POSITIVE MEDIAN BARRIER;DAYLIGHT;CLEAR;0;0;;NO CONTROL PRESENT;PASSENGER CAR;NONE;NONE;NONE;;2018-04-20T07:49:36-04:00;2018;No;No;4;07
.5 MILES FROM NC 55 HWY;TWO-WAY,DIVIDED,UNPROTECTED MEDIAN;DAYLIGHT;CLOUDY;0;0;;NO CONTROL PRESENT;VAN;PASSENGER CAR;NONE;NONE;;2018-03-21T17:00:58-04:00;2018;No;No;3;17
.18 MILES FROM PVA CARY TOWNE CENTER 1105 WAL;TWO-WAY,NOT DIVIDED;DAYLIGHT;CLEAR;0;0;;NO CONTROL PRESENT;PASSENGER CAR;PASSENGER CAR;NONE;NONE;;2018-04-25T17:57:41-04:00;2018;No;No;4;17
360 FEET FROM SR 1300 (KILDAIRE FARM RD);TWO-WAY,NOT DIVIDED;DAYLIGHT;CLOUDY;0;0;;NO CONTROL PRESENT;SPORT UTILITY;SPORT UTILITY;NONE;NONE;;2018-03-21T16:56:08-04:00;2018;No;No;3;16
.5 MILES FROM US 64 HWY;TWO-WAY,DIVIDED,POSITIVE MEDIAN BARRIER;DAYLIGHT;CLEAR;0;1;;NO CONTROL PRESENT;SPORT UTILITY;SPORT UTILITY;NONE;NONE;;2018-04-26T09:29:07-04:00;2018;No;Yes;4;09
400 FEET FROM PVA OF 2054 KILDAIRE FARM RD;TWO-WAY,NOT DIVIDED;DAYLIGHT;CLEAR;0;0;;NO CONTROL PRESENT;PASSENGER CAR;SPORT UTILITY;NONE;NONE;;2018-03-22T13:52:36-04:00;2018;No;No;3;13
.12 MILES FROM SR #1652 (N HARRISON AV);TWO-WAY,DIVIDED,POSITIVE MEDIAN BARRIER;DAYLIGHT;CLOUDY;0;0;;NO CONTROL PRESENT;PASSENGER CAR;PASSENGER CAR;NONE;NONE;;2018-04-25T07:37:07-04:00;2018;No;No;4;07
CARY;TWO-WAY,NOT DIVIDED;DAYLIGHT;CLEAR;0;0;;STOP AND GO SIGNAL;PICKUP;PASSENGER CAR;NONE;NONE;;2018-03-22T15:19:43-04:00;2018;No;No;3;15
CARY;TWO-WAY,DIVIDED,UNPROTECTED MEDIAN;DARK - LIGHTED ROADWAY;RAIN;0;0;;STOP AND GO SIGNAL;SPORT UTILITY;PASSENGER CAR;NONE;NONE;;2018-04-26T21:24:01-04:00;2018;No;No;4;21
200 FEET FROM SR 1652 (N HARRISON AV);TWO-WAY,NOT DIVIDED;DAYLIGHT;CLOUDY;0;0;;NO CONTROL PRESENT;PICKUP;SPORT UTILITY;NONE;NONE;;2018-03-21T13:54:59-04:00;2018;No;No;3;13
.10 MILES FROM P.V.A. (1012 AFTON MEADOW LN);TWO-WAY,NOT DIVIDED;DAYLIGHT;CLEAR;0;0;;NO CONTROL PRESENT;NONE;VAN;NONE;NONE;;2018-04-30T09:40:12-04:00;2018;No;No;4;09
CARY;TWO-WAY,NOT DIVIDED;DAYLIGHT;RAIN;0;0;;NO CONTROL PRESENT;PASSENGER CAR;SPORT UTILITY;NONE;NONE;;2018-03-21T11:27:00-04:00;2018;No;No;3;11
.5 MILES FROM SR 1315 (BUCK JONES RD);TWO-WAY,DIVIDED,UNPROTECTED MEDIAN;DAYLIGHT;CLEAR;0;0;;NO CONTROL PRESENT;SPORT UTILITY;PASSENGER CAR;NONE;NONE;;2018-04-30T13:33:45-04:00;2018;No;No;4;13
170 FEET FROM SR 1624 (CARPENTER FIRE STATIO;TWO-WAY,NOT DIVIDED;DARK - LIGHTED ROADWAY;RAIN;0;0;;NO CONTROL PRESENT;PICKUP;NONE;NONE;NONE;;2018-03-25T02:47:48-04:00;2018;No;No;3;02
.1 MILES FROM P.V.A. 155 PARKWAY OFFICE CT;TWO-WAY,NOT DIVIDED;DAYLIGHT;CLEAR;0;0;LYING AND/OR ILLEGALLY IN ROADWAY;NO CONTROL PRESENT;PASSENGER CAR;PASSENGER CAR;NONE;NONE;;2018-04-30T14:12:00-04:00;2018;No;No;4;14
.19 MILES FROM NC 55 HWY;TWO-WAY,NOT DIVIDED;DARK - ROADWAY NOT LIGHTED;RAIN;0;0;;FLASHING STOP AND GO SIGNAL;PASSENGER CAR;PASSENGER CAR;NONE;NONE;;2018-03-24T20:23:06-04:00;2018;No;No;3;20
.11 MILES FROM P.V.A. (2000 WALNUT ST);TWO-WAY,NOT DIVIDED;DAYLIGHT;CLEAR;0;0;;NO CONTROL PRESENT;PASSENGER CAR;NONE;NONE;NONE;;2018-04-30T13:14:14-04:00;2018;No;No;4;13
NEAR .01 MILES W OF W I 40 EXIT 287 RAMP EB;ONE-WAY,NOT DIVIDED;DAYLIGHT;CLEAR;0;0;;STOP AND GO SIGNAL;PASSENGER CAR;PASSENGER CAR;NONE;NONE;;2018-03-22T18:04:51-04:00;2018;No;No;3;18
.1 MILES FROM US HWY 1;TWO-WAY,DIVIDED,POSITIVE MEDIAN BARRIER;DAYLIGHT;CLEAR;0;0;;NO CONTROL PRESENT;VAN;PASSENGER CAR;NONE;NONE;;2018-04-30T13:39:51-04:00;2018;No;No;4;13
50 FEET FROM PVA (3701 NW CARY PKWY);TWO-WAY,NOT DIVIDED;DAYLIGHT;CLEAR;0;0;;NO CONTROL PRESENT;SPORT UTILITY;PASSENGER CAR;NONE;NONE;;2018-03-21T17:04:00-04:00;2018;No;No;3;17
CARY;TWO-WAY,DIVIDED,UNPROTECTED MEDIAN;DAYLIGHT;CLEAR;0;0;;STOP SIGN;SPORT UTILITY;PASSENGER CAR;NONE;NONE;;2018-05-01T17:54:01-04:00;2018;No;No;5;17
400 FEET FROM SR 1315 (BUCK JONES RD);TWO-WAY,NOT DIVIDED;DAYLIGHT;CLEAR;0;0;;NO CONTROL PRESENT;PASSENGER CAR;SPORT UTILITY;NONE;NONE;;2018-03-25T13:37:02-04:00;2018;No;No;3;13
20 FEET FROM I40 EXIT 287 RAMP EB;ONE-WAY,NOT DIVIDED;DAYLIGHT;CLEAR;0;1;;STOP AND GO SIGNAL;PASSENGER CAR;PASSENGER CAR;NONE;NONE;;2018-05-01T13:56:48-04:00;2018;No;Yes;5;13
50 FEET FROM SR 1313 (WALNUT ST);TWO-WAY,DIVIDED,UNPROTECTED MEDIAN;DAYLIGHT;CLEAR;0;0;;STOP AND GO SIGNAL;SPORT UTILITY;PICKUP;NONE;NONE;;2018-03-24T12:19:00-04:00;2018;No;No;3;12
20 FEET FROM SR 1009 (TRYON RD);TWO-WAY,DIVIDED,UNPROTECTED MEDIAN;DAYLIGHT;CLEAR;0;0;;NO CONTROL PRESENT;PASSENGER CAR;EMS VEHICLE- AMBULANCE- RESCUE SQUAD;NONE;NONE;;2018-05-01T13:18:28-04:00;2018;No;No;5;13
.25 MILES FROM SR 1613 (DAVIS DR);TWO-WAY,DIVIDED,UNPROTECTED MEDIAN;DAYLIGHT;RAIN;0;0;;NO CONTROL PRESENT;PASSENGER CAR;SPORT UTILITY;NONE;NONE;;2018-03-24T16:08:00-04:00;2018;No;No;3;16
CARY;TWO-WAY,NOT DIVIDED;DAYLIGHT;CLEAR;0;0;;YIELD SIGN;SPORT UTILITY;SPORT UTILITY;NONE;NONE;;2018-05-02T13:43:08-04:00;2018;No;No;5;13