Location_Description;Road_Configuration;Light_Condition;Weather;Fatality;Injury;Contributing_Factor;Traffic_Control;Vehicle1;Vehicle2;Vehicle3;Vehicle4;Vehicle5;Crash_Date;year;Fatalities;Injuries;Month;Hour
250 FEET FROM PVA (1105 WALNUT ST.);ONE-WAY,NOT DIVIDED;DAYLIGHT;CLOUDY;0;0;;NO CONTROL PRESENT;NONE;PASSENGER CAR;NONE;NONE;;2018-05-23T10:50:00-04:00;2018;No;No;5;10
CARY;TWO-WAY,DIVIDED,UNPROTECTED MEDIAN;DAYLIGHT;CLEAR;0;4;;STOP AND GO SIGNAL;PASSENGER CAR;SPORT UTILITY;NONE;NONE;;2018-06-27T17:32:15-04:00;2018;No;Yes;6;17
100 FEET FROM SR 1615 (HIGH HOUSE RD);TWO-WAY,DIVIDED,POSITIVE MEDIAN BARRIER;DAYLIGHT;CLEAR;0;0;;NO CONTROL PRESENT;LIGHT TRUCK (MINI-VAN- PANEL);PASSENGER CAR;NONE;NONE;;2018-05-22T11:45:00-04:00;2018;No;No;5;11
10 FEET FROM SR 1313 (WALNUT ST);TWO-WAY,DIVIDED,UNPROTECTED MEDIAN;DAYLIGHT;CLEAR;0;0;;STOP AND GO SIGNAL;PASSENGER CAR;PASSENGER CAR;NONE;NONE;;2018-06-28T17:27:38-04:00;2018;No;No;6;17
CARY;TWO-WAY,DIVIDED,POSITIVE MEDIAN BARRIER;DAYLIGHT;CLEAR;0;0;;STOP AND GO SIGNAL;SPORT UTILITY;SPORT UTILITY;NONE;NONE;;2018-05-24T11:02:00-04:00;2018;No;No;5;11
CARY;TWO-WAY,DIVIDED,UNPROTECTED MEDIAN;DAYLIGHT;CLEAR;0;0;;STOP AND GO SIGNAL;PASSENGER CAR;PASSENGER CAR;NONE;NONE;;2018-06-28T19:32:52-04:00;2018;No;No;6;19
400 FEET FROM P.V.A. (238 GRANDE HEIGHTS DR);TWO-WAY,NOT DIVIDED;DAYLIGHT;CLEAR;0;0;;;NONE;NONE;NONE;NONE;;2018-05-24T11:54:00-04:00;2018;No;No;5;11
120 FEET FROM PVA (1101 TRINITY RD);TWO-WAY,NOT DIVIDED;DAYLIGHT;CLEAR;0;0;;NO CONTROL PRESENT;SINGLE UNIT TRUCK (2-AXLE- 6-TIRE);NONE;NONE;NONE;;2018-06-28T15:26:11-04:00;2018;No;No;6;15
CARY;TWO-WAY,DIVIDED,UNPROTECTED MEDIAN;DAYLIGHT;CLEAR;0;2;;STOP AND GO SIGNAL;PASSENGER CAR;SPORT UTILITY;NONE;NONE;;2018-05-23T20:02:24-04:00;2018;No;Yes;5;20
300 FEET FROM SR1652 (N HARRISON AVE);TWO-WAY,DIVIDED,UNPROTECTED MEDIAN;DAYLIGHT;CLEAR;0;0;;NO CONTROL PRESENT;PICKUP;PASSENGER CAR;NONE;NONE;;2018-06-29T16:44:57-04:00;2018;No;No;6;16
142 FEET FROM WESTON PKWY;TWO-WAY,DIVIDED,POSITIVE MEDIAN BARRIER;DAYLIGHT;CLEAR;0;0;FAILURE TO YIELD RIGHT OF WAY,FAILURE TO YIELD RIGHT OF WAY;NO CONTROL PRESENT;SPORT UTILITY;SPORT UTILITY;NONE;NONE;;2018-05-25T06:47:40-04:00;2018;No;No;5;06
150 FEET FROM P.V.A. 6699 GREEN HOPE SCHOOL;TWO-WAY,NOT DIVIDED;DAYLIGHT;CLEAR;0;0;;NO CONTROL PRESENT;PICKUP;VAN;NONE;NONE;;2018-06-28T11:47:00-04:00;2018;No;No;6;11
.01 MILES FROM W LOCHMERE DR;TWO-WAY,DIVIDED,UNPROTECTED MEDIAN;DARK - LIGHTED ROADWAY;CLEAR;0;1;;NO CONTROL PRESENT;PASSENGER CAR;NONE;NONE;NONE;;2018-05-25T06:04:51-04:00;2018;No;Yes;5;06
.25 MILES FROM REGENCY PKWY;TWO-WAY,DIVIDED,UNPROTECTED MEDIAN;DAYLIGHT;CLEAR;0;0;;STOP SIGN;PASSENGER CAR;VAN;NONE;NONE;;2018-06-28T08:30:45-04:00;2018;No;No;6;08
.01 MILES FROM US 1 HIGHWAY;TWO-WAY,DIVIDED,UNPROTECTED MEDIAN;DAYLIGHT;CLEAR;0;0;;STOP AND GO SIGNAL;PASSENGER CAR;PASSENGER CAR;NONE;NONE;;2018-05-25T09:09:29-04:00;2018;No;No;5;09
30 FEET FROM SR 1152;TWO-WAY,DIVIDED,UNPROTECTED MEDIAN;DAYLIGHT;CLEAR;0;0;;NO CONTROL PRESENT;PICKUP;SPORT UTILITY;NONE;NONE;;2018-06-30T18:17:41-04:00;2018;No;No;6;18
200 FEET FROM NC 55 HWY;TWO-WAY,NOT DIVIDED;DAYLIGHT;CLEAR;0;0;;NO CONTROL PRESENT;PASSENGER CAR;PASSENGER CAR;NONE;NONE;;2018-05-25T11:32:00-04:00;2018;No;No;5;11
85 FEET FROM P.V.A. (7129 OKELLY CHAPEL RD);TWO-WAY,NOT DIVIDED;DAYLIGHT;CLEAR;0;0;;NO CONTROL PRESENT;PASSENGER CAR;PASSENGER CAR;NONE;NONE;;2018-07-01T14:19:21-04:00;2018;No;No;7;14
250 FEET FROM SR 1010 (TEN TEN RD);TWO-WAY,DIVIDED,UNPROTECTED MEDIAN;DAYLIGHT;CLEAR;0;0;;STOP SIGN;PASSENGER CAR;PICKUP;NONE;NONE;;2018-05-25T12:23:00-04:00;2018;No;No;5;12
150 FEET FROM SR 1655 (TRINITY RD);TWO-WAY,NOT DIVIDED;DAYLIGHT;CLEAR;0;0;;NO CONTROL PRESENT;PASSENGER CAR;PASSENGER CAR;NONE;NONE;;2018-06-29T14:14:53-04:00;2018;No;No;6;14
.09 MILES FROM SR 1652 (N HARRISON AVE);TWO-WAY,DIVIDED,UNPROTECTED MEDIAN;DARK - LIGHTED ROADWAY;CLEAR;0;0;;RR GATE AND FLASHER;PASSENGER CAR;NONE;NONE;NONE;;2018-05-27T21:16:11-04:00;2018;No;No;5;21
.159 MILES FROM US 64 HWY;TWO-WAY,DIVIDED,UNPROTECTED MEDIAN;DAYLIGHT;CLEAR;0;2;;STOP AND GO SIGNAL;PICKUP;PASSENGER CAR;SPORT UTILITY;NONE;;2018-07-01T06:49:49-04:00;2018;No;Yes;7;06
.25 MILES FROM SR 3120 (MORRISVILLE PKWY);TWO-WAY,DIVIDED,UNPROTECTED MEDIAN;DAYLIGHT;RAIN;0;0;;STOP AND GO SIGNAL;SPORT UTILITY;SPORT UTILITY;NONE;NONE;;2018-05-28T15:21:58-04:00;2018;No;No;5;15
50 FEET FROM TWO CREEKS RD;TWO-WAY,DIVIDED,UNPROTECTED MEDIAN;DARK - ROADWAY NOT LIGHTED;CLEAR;0;0;DARTING;NO CONTROL PRESENT;PASSENGER CAR;NONE;NONE;NONE;;2018-07-03T04:47:31-04:00;2018;No;No;7;04
447 FEET FROM P.V.A DILLARDS;TWO-WAY,NOT DIVIDED;DAYLIGHT;RAIN;0;0;;;PASSENGER CAR;PASSENGER CAR;NONE;NONE;;2018-05-29T01:19:25-04:00;2018;No;No;5;01
.15 MILES FROM SR #3801 (CHAPEL HILL RD);TWO-WAY,NOT DIVIDED;DAYLIGHT;CLEAR;0;0;;NO CONTROL PRESENT;PASSENGER CAR;PASSENGER CAR;NONE;NONE;;2018-07-03T14:46:25-04:00;2018;No;No;7;14
350 FEET FROM S.R. 1415 (SE MAYNARD RD);TWO-WAY,DIVIDED,UNPROTECTED MEDIAN;DAYLIGHT;RAIN;0;0;;NO CONTROL PRESENT;SPORT UTILITY;PASSENGER CAR;NONE;NONE;;2018-05-26T18:44:54-04:00;2018;No;No;5;18
.1 MILES FROM SR-1002 AVIATION PKWY;TWO-WAY,NOT DIVIDED;DAYLIGHT;CLEAR;0;0;;NO CONTROL PRESENT;VAN;PASSENGER CAR;NONE;NONE;;2018-07-05T09:23:49-04:00;2018;No;No;7;09
300 FEET FROM P.V.A OF 2000 WALNUT ST;TWO-WAY,NOT DIVIDED;DAYLIGHT;CLOUDY;0;0;;NO CONTROL PRESENT;SPORT UTILITY;PASSENGER CAR;NONE;NONE;;2018-05-27T15:25:37-04:00;2018;No;No;5;15
CARY;TWO-WAY,NOT DIVIDED;DAYLIGHT;CLEAR;0;0;;STOP AND GO SIGNAL;PASSENGER CAR;PASSENGER CAR;NONE;NONE;;2018-07-06T12:53:00-04:00;2018;No;No;7;12
25 FEET FROM PVA 575 NEW WAVERLY PL;ONE-WAY,NOT DIVIDED;DAYLIGHT;CLEAR;0;0;;NO CONTROL PRESENT;PICKUP;PASSENGER CAR;NONE;NONE;;2018-05-25T14:00:23-04:00;2018;No;No;5;14
120 FEET FROM P.V.A. (POLICE DEPARTMENT);TWO-WAY,NOT DIVIDED;DAYLIGHT;CLEAR;0;0;;NO CONTROL PRESENT;PASSENGER CAR;SPORT UTILITY;NONE;NONE;;2018-07-05T12:59:00-04:00;2018;No;No;7;12
.1 MILES FROM PVA 2420 WALNUT ST;TWO-WAY,NOT DIVIDED;DAYLIGHT;RAIN;0;0;;NO CONTROL PRESENT;PASSENGER CAR;NONE;NONE;NONE;;2018-05-28T16:25:30-04:00;2018;No;No;5;16
450 FEET FROM NC 55 HWY;TWO-WAY,DIVIDED,UNPROTECTED MEDIAN;DAYLIGHT;CLEAR;0;0;;NO CONTROL PRESENT;SPORT UTILITY;NONE;NONE;NONE;;2018-07-05T20:30:40-04:00;2018;No;No;7;20
40 FEET FROM HEIDINGER DR;TWO-WAY,NOT DIVIDED;DAYLIGHT;CLOUDY;0;0;;NO CONTROL PRESENT;PASSENGER CAR;PASSENGER CAR;PASSENGER CAR;NONE;;2018-05-26T12:34:00-04:00;2018;No;No;5;12
80 FEET FROM E CHATHAM ST;TWO-WAY,NOT DIVIDED;DAYLIGHT;CLEAR;0;0;;NO CONTROL PRESENT;PASSENGER CAR;NONE;NONE;NONE;;2018-07-05T20:18:35-04:00;2018;No;No;7;20
CARY;TWO-WAY,NOT DIVIDED;DAYLIGHT;CLOUDY;0;0;;STOP AND GO SIGNAL;PASSENGER CAR;PASSENGER CAR;NONE;NONE;;2018-05-26T10:22:00-04:00;2018;No;No;5;10
.1 MILES FROM NC 54 (CHAPEL HILL RD);TWO-WAY,NOT DIVIDED;DAYLIGHT;CLOUDY;0;0;;NO CONTROL PRESENT;VAN;PASSENGER CAR;PASSENGER CAR;PASSENGER CAR;;2018-07-06T15:34:23-04:00;2018;No;No;7;15
0 FEET FROM SR 1313 (WALNUT ST);TWO-WAY,NOT DIVIDED;DAYLIGHT;CLOUDY;0;0;;STOP AND GO SIGNAL;SPORT UTILITY;PICKUP;NONE;NONE;;2018-05-29T07:37:44-04:00;2018;No;No;5;07
75 FEET FROM SR 1300 (KILDAIRE FARM RD);TWO-WAY,NOT DIVIDED;DAYLIGHT;RAIN;0;0;;NO CONTROL PRESENT;PASSENGER CAR;PASSENGER CAR;NONE;NONE;;2018-07-07T08:21:42-04:00;2018;No;No;7;08
CARY;TWO-WAY,NOT DIVIDED;DAYLIGHT;CLOUDY;0;0;;STOP SIGN;NONE;PASSENGER CAR;NONE;NONE;;2018-05-29T08:40:07-04:00;2018;No;No;5;08
CARY;TWO-WAY,DIVIDED,UNPROTECTED MEDIAN;DAYLIGHT;RAIN;0;1;;STOP SIGN;PASSENGER CAR;SPORT UTILITY;NONE;NONE;;2018-07-07T11:52:00-04:00;2018;No;Yes;7;11
300 FEET FROM PVA OF 7129 OKELLY CHAPEL RD;TWO-WAY,NOT DIVIDED;DAYLIGHT;CLOUDY;0;0;;NO CONTROL PRESENT;SPORT UTILITY;PASSENGER CAR;NONE;NONE;;2018-05-29T10:44:00-04:00;2018;No;No;5;10
300 FEET FROM 1253 BUCK JONES RD;ONE-WAY,NOT DIVIDED;DAYLIGHT;RAIN;0;0;;NO CONTROL PRESENT;SPORT UTILITY;PASSENGER CAR;NONE;NONE;;2018-07-07T11:08:00-04:00;2018;No;No;7;11
.2 MILES FROM PVA 2370 WALNUT ST;TWO-WAY,NOT DIVIDED;DAYLIGHT;RAIN;0;0;;NO CONTROL PRESENT;NONE;PASSENGER CAR;NONE;NONE;;2018-05-29T11:58:00-04:00;2018;No;No;5;11
300 FEET FROM PVA (1105 WALNUT ST);ONE-WAY,NOT DIVIDED;DAYLIGHT;CLOUDY;0;1;;NO CONTROL PRESENT;PASSENGER CAR;SPORT UTILITY;NONE;NONE;;2018-07-07T09:43:32-04:00;2018;No;Yes;7;09
1 FEET FROM CARPENTER FIRE STATION RD 1624;TWO-WAY,NOT DIVIDED;DAYLIGHT;CLEAR;0;0;;NO CONTROL PRESENT;PASSENGER CAR;NONE;NONE;NONE;;2018-05-29T14:28:49-04:00;2018;No;No;5;14
CARY;TWO-WAY,DIVIDED,UNPROTECTED MEDIAN;DAYLIGHT;CLEAR;0;0;;STOP AND GO SIGNAL;PASSENGER CAR;PASSENGER CAR;NONE;NONE;;2018-07-09T08:59:21-04:00;2018;No;No;7;08
CARY;TWO-WAY,DIVIDED,UNPROTECTED MEDIAN;DAYLIGHT;CLOUDY;0;0;;NO CONTROL PRESENT;PASSENGER CAR;PASSENGER CAR;NONE;NONE;;2018-05-30T14:56:04-04:00;2018;No;No;5;14
75 FEET FROM SR 1615 (HIGH HOUSE RD);TWO-WAY,DIVIDED,UNPROTECTED MEDIAN;DAYLIGHT;CLEAR;0;0;;NO CONTROL PRESENT;PASSENGER CAR;PASSENGER CAR;SPORT UTILITY;NONE;;2018-07-09T12:44:00-04:00;2018;No;No;7;12
10 FEET FROM WALDO ROOD BLVD;TWO-WAY,DIVIDED,UNPROTECTED MEDIAN;DAYLIGHT;CLOUDY;0;0;;STOP SIGN;SPORT UTILITY;PASSENGER CAR;NONE;NONE;;2018-05-29T17:09:07-04:00;2018;No;No;5;17
18 FEET FROM GATEWAY CENTRE BLVD;TWO-WAY,DIVIDED,UNPROTECTED MEDIAN;DAYLIGHT;CLEAR;0;0;;STOP SIGN;PASSENGER CAR;NONE;NONE;NONE;;2018-07-10T18:16:08-04:00;2018;No;No;7;18
110 FEET FROM SR 1613 (DAVIS DR);TWO-WAY,DIVIDED,UNPROTECTED MEDIAN;DAYLIGHT;CLOUDY;0;0;;NO CONTROL PRESENT;SPORT UTILITY;SPORT UTILITY;NONE;NONE;;2018-05-31T14:42:51-04:00;2018;No;No;5;14
400 FEET FROM PVA (1273 NW MAYNARD RD);TWO-WAY,NOT DIVIDED;DAYLIGHT;CLEAR;0;0;;NO CONTROL PRESENT;PASSENGER CAR;NONE;NONE;NONE;;2018-07-10T09:44:34-04:00;2018;No;No;7;09
100 FEET FROM PVA 2010 KILDAIRE FARM RD;TWO-WAY,NOT DIVIDED;DAYLIGHT;CLEAR;0;0;;STOP SIGN;PASSENGER CAR;SPORT UTILITY;NONE;NONE;;2018-06-01T12:50:00-04:00;2018;No;No;6;12
250 FEET FROM SR 1652 (N HARRISON AV);TWO-WAY,NOT DIVIDED;DAYLIGHT;CLOUDY;0;0;;NO CONTROL PRESENT;SPORT UTILITY;PASSENGER CAR;NONE;NONE;;2018-07-11T19:14:42-04:00;2018;No;No;7;19
.2 MILES FROM SR 1615 (HIGH HOUSE RD);TWO-WAY,DIVIDED,UNPROTECTED MEDIAN;DAYLIGHT;CLEAR;0;0;;NO CONTROL PRESENT;PASSENGER CAR;SPORT UTILITY;SPORT UTILITY;NONE;;2018-05-30T08:12:18-04:00;2018;No;No;5;08
.2 MILES FROM METRO PARK DR;ONE-WAY,NOT DIVIDED;DAYLIGHT;CLEAR;0;0;;NO CONTROL PRESENT;PICKUP;NONE;NONE;NONE;;2018-07-12T09:09:34-04:00;2018;No;No;7;09
20 FEET FROM HARRISON AVE TO I 40 EB;ONE-WAY,NOT DIVIDED;DARK - LIGHTED ROADWAY;CLEAR;0;0;;NO CONTROL PRESENT;PASSENGER CAR;PASSENGER CAR;NONE;NONE;;2018-05-31T21:02:07-04:00;2018;No;No;5;21
500 FEET FROM PVA OF 12000 RESIDENT CIR.;TWO-WAY,NOT DIVIDED;DARK - LIGHTED ROADWAY;CLEAR;0;0;;NO CONTROL PRESENT;NONE;PASSENGER CAR;NONE;NONE;;2018-07-12T11:44:00-04:00;2018;No;No;7;11
320 FEET FROM PVA OF 2080 KILDAIRE FARM R;TWO-WAY,NOT DIVIDED;NONE;CLOUDY;0;0;;NO CONTROL PRESENT;PASSENGER CAR;NONE;NONE;NONE;;2018-05-30T22:18:00-04:00;2018;No;No;5;22
340 FEET FROM P.V.A. 10110 S.R. 1625 (GREEL;TWO-WAY,NOT DIVIDED;DARK - LIGHTED ROADWAY;CLEAR;0;0;;NO CONTROL PRESENT;PASSENGER CAR;SPORT UTILITY;NONE;NONE;;2018-07-14T21:01:21-04:00;2018;No;No;7;21
100 FEET FROM SR 1415 (SE MAYNARD RD);NONE;DAYLIGHT;CLEAR;0;0;;YIELD SIGN;SPORT UTILITY;PASSENGER CAR;NONE;NONE;;2018-06-02T07:43:39-04:00;2018;No;No;6;07
25 FEET FROM P.V.A. (998 HIGH HOUSE RD);TWO-WAY,NOT DIVIDED;DAYLIGHT;CLEAR;0;0;;NO CONTROL PRESENT;PASSENGER CAR;PASSENGER CAR;NONE;NONE;;2018-07-13T12:12:00-04:00;2018;No;No;7;12
.10 MILES FROM SR 1415 (SE MAYNARD RD);TWO-WAY,NOT DIVIDED;DAYLIGHT;CLEAR;0;0;;NO CONTROL PRESENT;SPORT UTILITY;NONE;NONE;NONE;;2018-06-03T03:09:23-04:00;2018;No;No;6;03
30 FEET FROM SR 1011 (E CHATHAM ST);TWO-WAY,NOT DIVIDED;DAYLIGHT;CLEAR;0;0;;STOP SIGN;PASSENGER CAR;PASSENGER CAR;NONE;NONE;;2018-07-13T15:07:29-04:00;2018;No;No;7;15
50 FEET FROM MAPLE AVE (LOCAL STREET);TWO-WAY,NOT DIVIDED;DAYLIGHT;CLEAR;0;0;;NO CONTROL PRESENT;SPORT UTILITY;PASSENGER CAR;NONE;NONE;;2018-05-31T16:54:00-04:00;2018;No;No;5;16
.4 MILES FROM I-40;TWO-WAY,DIVIDED,POSITIVE MEDIAN BARRIER;DARK - ROADWAY NOT LIGHTED;CLEAR;0;0;;NO CONTROL PRESENT;PICKUP;SPORT UTILITY;NONE;NONE;;2018-07-14T10:36:00-04:00;2018;No;No;7;10
.1 MILES FROM PVA OF 109 EDINBURGH SOUTH DR;TWO-WAY,NOT DIVIDED;DARK - LIGHTED ROADWAY;CLEAR;0;0;;STOP SIGN;SPORT UTILITY;NONE;NONE;NONE;;2018-06-05T00:22:00-04:00;2018;No;No;6;00
75 FEET FROM PVA (748 E CHATHAM ST);ONE-WAY,NOT DIVIDED;DAYLIGHT;CLOUDY;0;0;;NO CONTROL PRESENT;PASSENGER CAR;PASSENGER CAR;NONE;NONE;;2018-07-15T14:09:15-04:00;2018;No;No;7;14
243 FEET FROM PVA 204 CROSSROADS BLVD;TWO-WAY,NOT DIVIDED;DAYLIGHT;CLEAR;0;0;;NO CONTROL PRESENT;PASSENGER CAR;SPORT UTILITY;NONE;NONE;;2018-06-04T17:29:25-04:00;2018;No;No;6;17
50 FEET FROM DONALDSON DR;TWO-WAY,NOT DIVIDED;DAYLIGHT;CLEAR;0;0;;STOP AND GO SIGNAL;PASSENGER CAR;PASSENGER CAR;NONE;NONE;;2018-07-15T19:14:00-04:00;2018;No;No;7;19
100 FEET FROM SR 1615 (GREEN LEVEL WEST RD);TWO-WAY,NOT DIVIDED;DAYLIGHT;CLEAR;0;0;;NO CONTROL PRESENT;PASSENGER CAR;PASSENGER CAR;NONE;NONE;;2018-06-04T18:11:47-04:00;2018;No;No;6;18
15 FEET FROM WALDO ROOD BLVD;TWO-WAY,NOT DIVIDED;DAYLIGHT;CLEAR;0;1;;NO CONTROL PRESENT;PASSENGER CAR;SPORT UTILITY;NONE;NONE;;2018-07-11T12:10:00-04:00;2018;No;Yes;7;12
50 FEET FROM HWY US 1;ONE-WAY,NOT DIVIDED;DAYLIGHT;CLEAR;0;0;;YIELD SIGN;PASSENGER CAR;SPORT UTILITY;NONE;NONE;;2018-06-04T09:17:50-04:00;2018;No;No;6;09
400 FEET FROM SR 1152;TWO-WAY,NOT DIVIDED;DAYLIGHT;CLEAR;0;0;;NO CONTROL PRESENT;PASSENGER CAR;PASSENGER CAR;NONE;NONE;;2018-07-16T07:12:52-04:00;2018;No;No;7;07
489 FEET FROM SR 5039 (JONES FRANKLIN RD.);TWO-WAY,NOT DIVIDED;DAYLIGHT;CLEAR;0;0;;NO CONTROL PRESENT;SPORT UTILITY;VAN;NONE;NONE;;2018-06-05T17:32:50-04:00;2018;No;No;6;17
.5 MILES FROM US 1;TWO-WAY,DIVIDED,POSITIVE MEDIAN BARRIER;DAYLIGHT;CLEAR;0;0;;NO CONTROL PRESENT;PASSENGER CAR;SPORT UTILITY;NONE;NONE;;2018-07-16T08:21:30-04:00;2018;No;No;7;08
300 FEET FROM P.V.A. OF 3480 KILDAIRE FARM R;TWO-WAY,NOT DIVIDED;DAYLIGHT;CLEAR;0;0;;NO CONTROL PRESENT;PASSENGER CAR;PASSENGER CAR;NONE;NONE;;2018-06-05T16:36:19-04:00;2018;No;No;6;16
450 FEET FROM P.V.A 2024 KILDAIRE FARM RD;TWO-WAY,DIVIDED,UNPROTECTED MEDIAN;DAYLIGHT;CLEAR;0;0;;NO CONTROL PRESENT;SPORT UTILITY;PASSENGER CAR;NONE;NONE;;2018-07-16T11:56:00-04:00;2018;No;No;7;11
400 FEET FROM SR-4067 (REGENCY PKWY);TWO-WAY,DIVIDED,UNPROTECTED MEDIAN;DAYLIGHT;CLEAR;0;0;;STOP SIGN;PASSENGER CAR;PASSENGER CAR;NONE;NONE;;2018-06-05T17:25:54-04:00;2018;No;No;6;17
200 FEET FROM PVA OF 101 METLIFE WAY;ONE-WAY,NOT DIVIDED;DAYLIGHT;CLEAR;0;0;;NO CONTROL PRESENT;SPORT UTILITY;PASSENGER CAR;NONE;NONE;;2018-07-16T13:16:43-04:00;2018;No;No;7;13
160 FEET FROM US 64 HWY;TWO-WAY,DIVIDED,UNPROTECTED MEDIAN;DAYLIGHT;CLEAR;0;0;;STOP AND GO SIGNAL;PASSENGER CAR;PASSENGER CAR;NONE;NONE;;2018-06-06T08:19:50-04:00;2018;No;No;6;08
CARY;TWO-WAY,DIVIDED,UNPROTECTED MEDIAN;DAYLIGHT;CLEAR;0;0;;STOP AND GO SIGNAL;SPORT UTILITY;VAN;NONE;NONE;;2018-07-16T17:32:27-04:00;2018;No;No;7;17
0 FEET FROM WICKLOW DR;TWO-WAY,NOT DIVIDED;DAYLIGHT;CLEAR;0;0;;STOP SIGN;PASSENGER CAR;PASSENGER CAR;NONE;NONE;;2018-06-07T08:11:51-04:00;2018;No;No;6;08
325 FEET FROM P.V.A. (1239 NW MAYNARD RD);TWO-WAY,NOT DIVIDED;DAYLIGHT;CLEAR;0;0;;NO CONTROL PRESENT;PICKUP;PASSENGER CAR;NONE;NONE;;2018-07-17T17:58:55-04:00;2018;No;No;7;17
300 FEET FROM WALNUT ST TO US 1 RAMP NB;TWO-WAY,DIVIDED,UNPROTECTED MEDIAN;DAYLIGHT;CLEAR;0;0;;YIELD SIGN;PASSENGER CAR;SPORT UTILITY;NONE;NONE;;2018-06-07T10:16:00-04:00;2018;No;No;6;10
220 FEET FROM SR 3081 CHAPEL HILL RD;TWO-WAY,NOT DIVIDED;DAYLIGHT;CLOUDY;0;0;;NO CONTROL PRESENT;PASSENGER CAR;PASSENGER CAR;NONE;NONE;;2018-07-17T17:11:46-04:00;2018;No;No;7;17
CARY;TWO-WAY,NOT DIVIDED;DAYLIGHT;CLEAR;0;1;;STOP SIGN;PASSENGER CAR;PASSENGER CAR;NONE;NONE;;2018-06-07T18:42:56-04:00;2018;No;Yes;6;18
0 FEET FROM REGENCY PKWY;TWO-WAY,NOT DIVIDED;DARK - LIGHTED ROADWAY;RAIN;0;1;;STOP SIGN;PASSENGER CAR;PASSENGER CAR;NONE;NONE;;2018-07-17T02:22:29-04:00;2018;No;Yes;7;02
50 FEET FROM E DURHAM RD;TWO-WAY,NOT DIVIDED;DUSK;CLEAR;0;2;;NO CONTROL PRESENT;PASSENGER CAR;SPORT UTILITY;NONE;NONE;;2018-06-07T15:50:32-04:00;2018;No;Yes;6;15
CARY;TWO-WAY,NOT DIVIDED;DAYLIGHT;CLOUDY;0;0;;STOP AND GO SIGNAL;PASSENGER CAR;PASSENGER CAR;NONE;NONE;;2018-07-18T10:07:00-04:00;2018;No;No;7;10
300 FEET FROM P.V.A. OF 3420 KILDAIRE FARM R;TWO-WAY,NOT DIVIDED;DAYLIGHT;CLEAR;0;0;;NO CONTROL PRESENT;PICKUP;SPORT UTILITY;NONE;NONE;;2018-06-08T18:28:11-04:00;2018;No;No;6;18
100 FEET FROM (PVA) 638 WALNUT ST;TWO-WAY,NOT DIVIDED;DAYLIGHT;CLEAR;0;0;;NO CONTROL PRESENT;PASSENGER CAR;VAN;VAN;NONE;;2018-07-18T19:53:45-04:00;2018;No;No;7;19
.1 MILES FROM PVA OF 7001 WESTON PKWY;TWO-WAY,NOT DIVIDED;DAYLIGHT;CLEAR;0;0;;NO CONTROL PRESENT;SPORT UTILITY;SPORT UTILITY;NONE;NONE;;2018-06-08T21:02:28-04:00;2018;No;No;6;21
CARY;TWO-WAY,DIVIDED,UNPROTECTED MEDIAN;DAYLIGHT;CLEAR;0;0;;STOP AND GO SIGNAL;PASSENGER CAR;PASSENGER CAR;NONE;NONE;;2018-07-20T11:45:00-04:00;2018;No;No;7;11
CARY;TWO-WAY,DIVIDED,POSITIVE MEDIAN BARRIER;DAYLIGHT;CLEAR;0;0;;STOP AND GO SIGNAL;PASSENGER CAR;PICKUP;NONE;NONE;;2018-06-09T12:26:00-04:00;2018;No;No;6;12
.25 MILES FROM (PVA) 531 WALNUT ST;ONE-WAY,NOT DIVIDED;DAYLIGHT;CLEAR;0;0;;NO CONTROL PRESENT;VAN;NONE;NONE;NONE;;2018-07-20T16:31:45-04:00;2018;No;No;7;16
0.10 MILES FROM P.V.A (BASS PRO SHOPS);TWO-WAY,NOT DIVIDED;DAYLIGHT;CLEAR;0;0;;NO CONTROL PRESENT;PASSENGER CAR;PASSENGER CAR;NONE;NONE;;2018-06-10T16:44:19-04:00;2018;No;No;6;16
50 FEET FROM PVA 1145 EXECUTIVE CIR;TWO-WAY,NOT DIVIDED;DAYLIGHT;CLEAR;0;0;;NO CONTROL PRESENT;SPORT UTILITY;PASSENGER CAR;NONE;NONE;;2018-07-19T19:05:48-04:00;2018;No;No;7;19
330 FEET FROM P.V.A. (2010 KILDAIRE FARM RD);TWO-WAY,NOT DIVIDED;DAYLIGHT;CLEAR;0;0;;NO CONTROL PRESENT;PASSENGER CAR;PASSENGER CAR;NONE;NONE;;2018-06-10T14:53:44-04:00;2018;No;No;6;14
400 FEET FROM NW CARY PKWY;TWO-WAY,DIVIDED,POSITIVE MEDIAN BARRIER;DAYLIGHT;CLEAR;0;0;;;LIGHT TRUCK (MINI-VAN- PANEL);VAN;NONE;NONE;;2018-07-20T16:55:01-04:00;2018;No;No;7;16
292 FEET FROM P.V.A. (5353 CARY GLEN BLVD);TWO-WAY,NOT DIVIDED;DAYLIGHT;CLEAR;0;0;;NO CONTROL PRESENT;PASSENGER CAR;PASSENGER CAR;NONE;NONE;;2018-06-10T17:57:45-04:00;2018;No;No;6;17
100 FEET FROM (PVA) 885 WALNUT ST;TWO-WAY,NOT DIVIDED;DAYLIGHT;CLEAR;0;0;;NO CONTROL PRESENT;PASSENGER CAR;SPORT UTILITY;NONE;NONE;;2018-07-20T20:25:02-04:00;2018;No;No;7;20
30 FEET FROM P.V.A. 218 TOWNE VILLAGE DR;TWO-WAY,NOT DIVIDED;DAYLIGHT;CLEAR;0;0;;NO CONTROL PRESENT;PASSENGER CAR;PASSENGER CAR;NONE;NONE;;2018-06-11T09:21:47-04:00;2018;No;No;6;09