Location_Description;Road_Configuration;Light_Condition;Weather;Fatality;Injury;Contributing_Factor;Traffic_Control;Vehicle1;Vehicle2;Vehicle3;Vehicle4;Vehicle5;Crash_Date;year;Fatalities;Injuries;Month;Hour
0 FEET FROM SR 1615 (HIGH HOUSE RD);TWO-WAY,NOT DIVIDED;DARK - LIGHTED ROADWAY;CLEAR;0;1;;STOP AND GO SIGNAL;SPORT UTILITY;MOPED;NONE;NONE;;2018-11-21T00:05:00-05:00;2018;No;Yes;11;00
200 FEET FROM SR1415 (SE MAYNARD RD);TWO-WAY,NOT DIVIDED;DAYLIGHT;CLEAR;0;0;;NO CONTROL PRESENT;VAN;VAN;NONE;NONE;;2018-10-30T14:30:47-04:00;2018;No;No;10;14
.20 MILES FROM SR 1613 (DAVIS DR.);TWO-WAY,DIVIDED,UNPROTECTED MEDIAN;DARK - LIGHTED ROADWAY;CLEAR;0;0;;NO CONTROL PRESENT;PASSENGER CAR;NONE;NONE;NONE;;2018-11-21T02:56:14-05:00;2018;No;No;11;02
10 FEET FROM TOWN COMMONS DR.;TWO-WAY,NOT DIVIDED;DAYLIGHT;CLEAR;0;0;;STOP SIGN;PASSENGER CAR;PASSENGER CAR;NONE;NONE;;2018-10-30T15:15:54-04:00;2018;No;No;10;15
160 FEET FROM P.V.A. (1021 N HARRISON AV);TWO-WAY,NOT DIVIDED;DAYLIGHT;CLEAR;0;0;;NO CONTROL PRESENT;PASSENGER CAR;PASSENGER CAR;NONE;NONE;;2018-11-21T06:11:34-05:00;2018;No;No;11;06
.10 MILES FROM SR1415 (SE MAYNARD RD);TWO-WAY,NOT DIVIDED;DAYLIGHT;CLEAR;0;0;;NO CONTROL PRESENT;PASSENGER CAR;VAN;NONE;NONE;;2018-10-30T15:31:32-04:00;2018;No;No;10;15
100 FEET FROM PVA (1661 NW MAYNARD RD);TWO-WAY,NOT DIVIDED;DAYLIGHT;RAIN;0;0;;NO CONTROL PRESENT;PASSENGER CAR;PASSENGER CAR;NONE;NONE;;2018-11-26T10:53:00-05:00;2018;No;No;11;10
35 FEET FROM SR-1379 PENNY RD;TWO-WAY,DIVIDED,UNPROTECTED MEDIAN;DAYLIGHT;CLEAR;0;0;;STOP AND GO SIGNAL;SPORT UTILITY;PASSENGER CAR;NONE;NONE;;2018-10-30T16:07:40-04:00;2018;No;No;10;16
5 FEET FROM  N ACADEMY ST;TWO-WAY,DIVIDED,UNPROTECTED MEDIAN;DAYLIGHT;CLOUDY;0;0;;STOP AND GO SIGNAL;PASSENGER CAR;PASSENGER CAR;NONE;NONE;;2018-11-26T12:42:00-05:00;2018;No;No;11;12
15 FEET FROM US1 HWY OFFRAMP TO CARY PKWY;TWO-WAY,DIVIDED,UNPROTECTED MEDIAN;DUSK;CLEAR;0;0;;STOP AND GO SIGNAL;PASSENGER CAR;PICKUP;NONE;NONE;;2018-10-30T18:10:30-04:00;2018;No;No;10;18
200 FEET FROM 2370 WALNUT ST;TWO-WAY,NOT DIVIDED;DAYLIGHT;CLEAR;0;0;;NO CONTROL PRESENT;PASSENGER CAR;SPORT UTILITY;NONE;NONE;;2018-11-26T13:11:09-05:00;2018;No;No;11;13
300 FEET FROM SR 1009 (TRYON RD);TWO-WAY,DIVIDED,UNPROTECTED MEDIAN;DAYLIGHT;CLEAR;0;0;;NO CONTROL PRESENT;SPORT UTILITY;PASSENGER CAR;NONE;NONE;;2018-10-30T16:09:51-04:00;2018;No;No;10;16
50 FEET FROM RIDGECREST RD;TWO-WAY,NOT DIVIDED;DAYLIGHT;CLEAR;0;0;;NO CONTROL PRESENT;SPORT UTILITY;PASSENGER CAR;NONE;NONE;;2018-11-26T15:14:09-05:00;2018;No;No;11;15
.10 MILES FROM SR 3112 (NW CARY PKWY);TWO-WAY,DIVIDED,UNPROTECTED MEDIAN;DAYLIGHT;CLEAR;0;0;;NO CONTROL PRESENT;PASSENGER CAR;PASSENGER CAR;NONE;NONE;;2018-10-31T15:46:13-04:00;2018;No;No;10;15
CARY;TWO-WAY,NOT DIVIDED;DAYLIGHT;CLEAR;0;2;;STOP AND GO SIGNAL;SPORT UTILITY;PASSENGER CAR;NONE;NONE;;2018-11-20T11:15:00-05:00;2018;No;Yes;11;11
90 FEET FROM RUSSO VALLEY DR;TWO-WAY,NOT DIVIDED;DARK - LIGHTED ROADWAY;CLEAR;0;0;;NO CONTROL PRESENT;SPORT UTILITY;PASSENGER CAR;NONE;NONE;;2018-10-31T18:44:29-04:00;2018;No;No;10;18
CARY;ONE-WAY,NOT DIVIDED;DAYLIGHT;CLEAR;0;0;;STOP SIGN;SPORT UTILITY;SPORT UTILITY;NONE;NONE;;2018-11-27T16:01:06-05:00;2018;No;No;11;16
40 FEET FROM SR1300 (KILDAIRE FARM RD);TWO-WAY,NOT DIVIDED;DAYLIGHT;CLEAR;0;1;;STOP AND GO SIGNAL;SPORT UTILITY;PASSENGER CAR;NONE;NONE;;2018-10-31T16:00:14-04:00;2018;No;Yes;10;16
.1 MILES FROM SR 1300 (KILDAIRE FARM RD);TWO-WAY,DIVIDED,UNPROTECTED MEDIAN;DUSK;CLEAR;0;0;;NO CONTROL PRESENT;PASSENGER CAR;PASSENGER CAR;SPORT UTILITY;NONE;;2018-11-27T17:13:49-05:00;2018;No;No;11;17
CARY;TWO-WAY,DIVIDED,UNPROTECTED MEDIAN;DAYLIGHT;CLEAR;0;1;;STOP AND GO SIGNAL;SPORT UTILITY;PASSENGER CAR;NONE;NONE;;2018-10-31T16:30:43-04:00;2018;No;Yes;10;16
150 FEET FROM SR 1625 (GREEN LEVEL CHURCH RD;TWO-WAY,NOT DIVIDED;DARK - ROADWAY NOT LIGHTED;CLEAR;0;0;;NO CONTROL PRESENT;PASSENGER CAR;NONE;NONE;NONE;;2018-11-27T20:12:57-05:00;2018;No;No;11;20
209 FEET FROM P.V.A. (973 N HARRISON AVE);TWO-WAY,NOT DIVIDED;DAYLIGHT;CLEAR;0;0;;NO CONTROL PRESENT;PASSENGER CAR;PASSENGER CAR;NONE;NONE;;2018-10-31T17:17:44-04:00;2018;No;No;10;17
0 FEET FROM CAITBOO AVE;TWO-WAY,DIVIDED,UNPROTECTED MEDIAN;DAYLIGHT;CLEAR;0;0;;STOP AND GO SIGNAL;SPORT UTILITY;PASSENGER CAR;NONE;NONE;;2018-11-24T15:10:25-05:00;2018;No;No;11;15
185 FEET FROM 1803 N HARRISON AV (PVA);TWO-WAY,NOT DIVIDED;DAYLIGHT;CLOUDY;0;1;;NO CONTROL PRESENT;PASSENGER CAR;PICKUP;NONE;NONE;;2018-11-01T13:56:55-04:00;2018;No;Yes;11;13
100 FEET FROM SR 1313 (WALNUT ST);TWO-WAY,DIVIDED,UNPROTECTED MEDIAN;DAYLIGHT;CLEAR;0;0;;STOP AND GO SIGNAL;PASSENGER CAR;NONE;NONE;NONE;;2018-11-27T10:40:00-05:00;2018;No;No;11;10
50 FEET FROM SR1652(N HARRISON AVE);TWO-WAY,NOT DIVIDED;DAYLIGHT;CLEAR;0;0;;NO CONTROL PRESENT;PASSENGER CAR;PASSENGER CAR;NONE;NONE;;2018-10-30T14:52:38-04:00;2018;No;No;10;14
CARY;TWO-WAY,DIVIDED,POSITIVE MEDIAN BARRIER;DARK - LIGHTED ROADWAY;CLEAR;0;0;;STOP AND GO SIGNAL;PASSENGER CAR;PICKUP;NONE;NONE;;2018-11-28T18:08:41-05:00;2018;No;No;11;18
CARY;TWO-WAY,NOT DIVIDED;DAWN;CLEAR;0;0;;STOP AND GO SIGNAL;PICKUP;PASSENGER CAR;NONE;NONE;;2018-11-02T12:10:00-04:00;2018;No;No;11;12
100 FEET FROM US HIGHWAY 1;TWO-WAY,DIVIDED,POSITIVE MEDIAN BARRIER;DARK - LIGHTED ROADWAY;CLEAR;0;0;;NO CONTROL PRESENT;PASSENGER CAR;PASSENGER CAR;PASSENGER CAR;PASSENGER CAR;;2018-11-28T17:38:05-05:00;2018;No;No;11;17
.1 MILES FROM US 1;NONE;NONE;NONE;0;0;;;NONE;NONE;NONE;NONE;;2018-10-26T13:04:10-04:00;2018;No;No;10;13
1 MILES FROM US 1 HWY;TWO-WAY,DIVIDED,POSITIVE MEDIAN BARRIER;DAYLIGHT;CLEAR;0;0;;NO CONTROL PRESENT;PASSENGER CAR;PASSENGER CAR;NONE;NONE;;2018-11-29T07:23:44-05:00;2018;No;No;11;07
.1 MILES FROM SR 1307 (W CHATHAM ST);TWO-WAY,DIVIDED,UNPROTECTED MEDIAN;DARK - LIGHTED ROADWAY;CLEAR;0;0;;NO CONTROL PRESENT;PASSENGER CAR;PASSENGER CAR;NONE;NONE;;2018-11-01T22:12:00-04:00;2018;No;No;11;22
20 FEET FROM SR-1009 (TRYON RD);TWO-WAY,DIVIDED,UNPROTECTED MEDIAN;DAYLIGHT;NONE;0;0;;YIELD SIGN;PASSENGER CAR;SPORT UTILITY;NONE;NONE;;2018-11-29T11:04:00-05:00;2018;No;No;11;11
100 FEET FROM S.R. 1653 (EVANS RD);TWO-WAY,NOT DIVIDED;DAYLIGHT;CLEAR;0;0;;NO CONTROL PRESENT;PASSENGER CAR;PASSENGER CAR;NONE;NONE;;2018-11-03T10:31:00-04:00;2018;No;No;11;10
100 FEET FROM SR 1652 (N HARRISON AV);TWO-WAY,NOT DIVIDED;DUSK;CLEAR;0;1;;NO CONTROL PRESENT;PASSENGER CAR;PASSENGER CAR;PASSENGER CAR;NONE;;2018-11-29T16:45:17-05:00;2018;No;Yes;11;16
300 FEET FROM CROSSROADS BLVD;TWO-WAY,NOT DIVIDED;DAYLIGHT;CLEAR;0;2;;FLASHING STOP AND GO SIGNAL;PASSENGER CAR;PASSENGER CAR;NONE;NONE;;2018-11-04T16:10:08-05:00;2018;No;Yes;11;16
30 FEET FROM P.V.A. (MCDONALDS);TWO-WAY,NOT DIVIDED;DAYLIGHT;CLEAR;0;0;;NO CONTROL PRESENT;SPORT UTILITY;PASSENGER CAR;NONE;NONE;;2018-11-29T14:00:09-05:00;2018;No;No;11;14
1 MILES FROM BUCK JONES RD;TWO-WAY,DIVIDED,UNPROTECTED MEDIAN;DARK - LIGHTED ROADWAY;CLEAR;0;0;;STOP SIGN;PASSENGER CAR;PASSENGER CAR;NONE;NONE;;2018-11-03T18:47:53-04:00;2018;No;No;11;18
250 FEET FROM SR 1415 (NE MAYNARD RD);TWO-WAY,NOT DIVIDED;DUSK;CLEAR;0;0;;NO CONTROL PRESENT;SPORT UTILITY;PICKUP;NONE;NONE;;2018-11-28T17:56:19-05:00;2018;No;No;11;17
300 FEET FROM S. HARRISON AVE;TWO-WAY,NOT DIVIDED;DARK - LIGHTED ROADWAY;CLEAR;0;0;;NO CONTROL PRESENT;PASSENGER CAR;PASSENGER CAR;NONE;NONE;;2018-11-03T20:06:37-04:00;2018;No;No;11;20
100 FEET FROM SR #3977 (SE CARY PKWY);TWO-WAY,NOT DIVIDED;DARK - LIGHTED ROADWAY;CLEAR;0;0;;NO CONTROL PRESENT;PASSENGER CAR;PASSENGER CAR;NONE;NONE;;2018-11-29T17:31:11-05:00;2018;No;No;11;17
10 FEET FROM P.V.A. 700 MAROUBRA LOOP;TWO-WAY,NOT DIVIDED;DAYLIGHT;CLEAR;0;0;;NO CONTROL PRESENT;NONE;PASSENGER CAR;NONE;NONE;;2018-11-04T11:05:00-05:00;2018;No;No;11;11
.1 MILES FROM SR 1624 (CARPENTER FIRE STATIO;TWO-WAY,NOT DIVIDED;DAYLIGHT;CLOUDY;0;0;;NO CONTROL PRESENT;PASSENGER CAR;NONE;NONE;NONE;;2018-12-02T10:59:00-05:00;2018;No;No;12;10
2 MILES FROM US HWY 1;TWO-WAY,DIVIDED,POSITIVE MEDIAN BARRIER;DARK - LIGHTED ROADWAY;CLEAR;0;0;;NO CONTROL PRESENT;SPORT UTILITY;NONE;NONE;NONE;;2018-11-03T20:44:21-04:00;2018;No;No;11;20
100 FEET FROM S.R. 1415 (MAYNARD RD);TWO-WAY,NOT DIVIDED;DARK - LIGHTED ROADWAY;CLEAR;0;0;;NO CONTROL PRESENT;SPORT UTILITY;PASSENGER CAR;NONE;NONE;;2018-12-02T03:39:25-05:00;2018;No;No;12;03
200 FEET FROM ( PVA ) 1111 SE MAYNARD RD;ONE-WAY,NOT DIVIDED;DAYLIGHT;CLOUDY;0;0;;NO CONTROL PRESENT;PASSENGER CAR;NONE;NONE;NONE;;2018-11-02T10:21:00-04:00;2018;No;No;11;10
420 FEET FROM NC 54 HWY;TWO-WAY,NOT DIVIDED;DAYLIGHT;RAIN;0;0;;NO CONTROL PRESENT;PASSENGER CAR;PASSENGER CAR;NONE;NONE;;2018-12-01T16:46:11-05:00;2018;No;No;12;16
CARY;TWO-WAY,DIVIDED,UNPROTECTED MEDIAN;DARK - LIGHTED ROADWAY;CLEAR;0;0;;FLASHING SIGNAL WITH STOP SIGN;SPORT UTILITY;VAN;NONE;NONE;;2018-11-04T04:40:49-05:00;2018;No;No;11;04
200 FEET FROM PVA (300 GLENOLDEN CT);TWO-WAY,NOT DIVIDED;DAYLIGHT;RAIN;0;0;;NO CONTROL PRESENT;PASSENGER CAR;PICKUP;NONE;NONE;;2018-12-01T16:27:16-05:00;2018;No;No;12;16
.193 MILES FROM US 1;TWO-WAY,DIVIDED,POSITIVE MEDIAN BARRIER;DAYLIGHT;RAIN;0;1;;NO CONTROL PRESENT;PASSENGER CAR;PASSENGER CAR;NONE;NONE;;2018-11-05T06:39:11-05:00;2018;No;Yes;11;06
0 FEET FROM SR 1415 (NE MAYNARD RD);TWO-WAY,NOT DIVIDED;DARK - LIGHTED ROADWAY;CLOUDY;0;0;;STOP AND GO SIGNAL;PASSENGER CAR;VAN;NONE;NONE;;2018-12-02T00:20:00-05:00;2018;No;No;12;00
100 FEET FROM PVA 103 SPRINGSET DR;TWO-WAY,NOT DIVIDED;DAYLIGHT;CLEAR;0;0;;NO CONTROL PRESENT;PASSENGER CAR;PASSENGER CAR;NONE;NONE;;2018-11-04T05:47:15-05:00;2018;No;No;11;05
CARY;TWO-WAY,NOT DIVIDED;DAYLIGHT;CLOUDY;0;0;;STOP AND GO SIGNAL;PASSENGER CAR;PASSENGER CAR;NONE;NONE;;2018-12-02T14:52:26-05:00;2018;No;No;12;14
150 FEET FROM US 1 SB;TWO-WAY,DIVIDED,POSITIVE MEDIAN BARRIER;DAYLIGHT;RAIN;0;0;;NO CONTROL PRESENT;SPORT UTILITY;SINGLE UNIT TRUCK (2-AXLE- 6-TIRE);NONE;NONE;;2018-11-05T06:56:36-05:00;2018;No;No;11;06
450 FEET FROM NC 54 (NW MAYNARD RD);TWO-WAY,NOT DIVIDED;DAYLIGHT;CLOUDY;0;0;;NO CONTROL PRESENT;PASSENGER CAR;PASSENGER CAR;NONE;NONE;;2018-12-02T12:39:00-05:00;2018;No;No;12;12
300 FEET FROM 6903 CARPENTER FIRE STATON RD;TWO-WAY,NOT DIVIDED;DAYLIGHT;CLEAR;0;0;;NO CONTROL PRESENT;PICKUP;PASSENGER CAR;NONE;NONE;;2018-11-07T07:10:04-05:00;2018;No;No;11;07
395 FEET FROM PVA (10140 GREEN LEVEL CHURCH;TWO-WAY,NOT DIVIDED;DAYLIGHT;CLEAR;0;0;;NO CONTROL PRESENT;PASSENGER CAR;SPORT UTILITY;NONE;NONE;;2018-12-02T07:53:37-05:00;2018;No;No;12;07
30 FEET FROM SR 3081 (CHAPEL HILL RD);TWO-WAY,NOT DIVIDED;DARK - LIGHTED ROADWAY;CLOUDY;0;0;;NO CONTROL PRESENT;PASSENGER CAR;NONE;NONE;NONE;;2018-11-07T02:16:31-05:00;2018;No;No;11;02
400 FEET FROM NC 55 HWY;TWO-WAY,DIVIDED,UNPROTECTED MEDIAN;DARK - LIGHTED ROADWAY;CLEAR;0;0;;NO CONTROL PRESENT;PASSENGER CAR;PASSENGER CAR;NONE;NONE;;2018-12-03T19:05:00-05:00;2018;No;No;12;19
CARY;TWO-WAY,NOT DIVIDED;DAYLIGHT;CLEAR;0;1;;STOP SIGN;PICKUP;PASSENGER CAR;NONE;NONE;;2018-11-07T21:29:00-05:00;2018;No;Yes;11;21
10 FEET FROM SR 1415 (MAYNARD RD);TWO-WAY,DIVIDED,UNPROTECTED MEDIAN;DUSK;CLEAR;0;0;;STOP AND GO SIGNAL;PICKUP;PASSENGER CAR;NONE;NONE;;2018-12-03T21:27:55-05:00;2018;No;No;12;21
50 FEET FROM US 64;TWO-WAY,DIVIDED,UNPROTECTED MEDIAN;DAYLIGHT;CLEAR;0;0;;NO CONTROL PRESENT;SPORT UTILITY;SPORT UTILITY;NONE;NONE;;2018-11-07T12:42:00-05:00;2018;No;No;11;12
221 FEET FROM AIRPORT BLVD;TWO-WAY,DIVIDED,UNPROTECTED MEDIAN;DAYLIGHT;CLEAR;0;0;DARTING;NO CONTROL PRESENT;SPORT UTILITY;NONE;NONE;NONE;;2018-12-04T07:46:02-05:00;2018;No;No;12;07
0 FEET FROM US 64 HWY;TWO-WAY,DIVIDED,UNPROTECTED MEDIAN;DAYLIGHT;CLEAR;0;0;;NO CONTROL PRESENT;SPORT UTILITY;VAN;NONE;NONE;;2018-11-07T15:47:56-05:00;2018;No;No;11;15
.05 MILES FROM US 1 HWY;TWO-WAY,DIVIDED,UNPROTECTED MEDIAN;DAYLIGHT;CLEAR;0;0;;NO CONTROL PRESENT;PASSENGER CAR;PASSENGER CAR;NONE;NONE;;2018-12-04T09:46:57-05:00;2018;No;No;12;09
50 FEET FROM SR 1009 (TRYON RD);ONE-WAY,NOT DIVIDED;DAYLIGHT;CLOUDY;0;0;;YIELD SIGN;PASSENGER CAR;SPORT UTILITY;NONE;NONE;;2018-11-06T08:40:20-05:00;2018;No;No;11;08
100 FEET FROM PVA (7107 O`KELLY CHAPEL RD);ONE-WAY,NOT DIVIDED;DAYLIGHT;CLEAR;0;0;;NO CONTROL PRESENT;PICKUP;PASSENGER CAR;NONE;NONE;;2018-12-01T10:08:00-05:00;2018;No;No;12;10
.27 MILES FROM US 1 HWY;TWO-WAY,DIVIDED,POSITIVE MEDIAN BARRIER;DAYLIGHT;CLEAR;0;0;;HUMAN CONTROL;VAN;LIGHT TRUCK (MINI-VAN- PANEL);NONE;NONE;;2018-11-08T08:35:34-05:00;2018;No;No;11;08
300 FEET FROM (PVA) 750 E. CHATHAM ST;TWO-WAY,NOT DIVIDED;DAYLIGHT;CLEAR;0;0;;NO CONTROL PRESENT;PASSENGER CAR;SPORT UTILITY;NONE;NONE;;2018-11-26T10:40:00-05:00;2018;No;No;11;10
75 FEET FROM SR 2541 WESTON PKWY;TWO-WAY,DIVIDED,UNPROTECTED MEDIAN;DAYLIGHT;CLOUDY;0;0;;NO CONTROL PRESENT;PASSENGER CAR;NONE;NONE;NONE;;2018-11-09T06:46:49-05:00;2018;No;No;11;06
100 FEET FROM DELCHESTER CT;TWO-WAY,NOT DIVIDED;DAYLIGHT;CLEAR;0;0;;NO CONTROL PRESENT;SPORT UTILITY;SPORT UTILITY;NONE;NONE;;2018-12-05T11:04:00-05:00;2018;No;No;12;11
185 FEET FROM 1803 N HARRISON AV (PVA);NONE;NONE;NONE;0;0;;;PASSENGER CAR;PICKUP;NONE;NONE;;2018-11-01T16:47:57-04:00;2018;No;No;11;16
32 FEET FROM SR 3090 (WESTON PKWY);TWO-WAY,DIVIDED,UNPROTECTED MEDIAN;DAYLIGHT;CLEAR;0;1;;NO CONTROL PRESENT;SPORT UTILITY;SPORT UTILITY;NONE;NONE;;2018-12-06T09:24:27-05:00;2018;No;Yes;12;09
.18 MILES FROM 301 CROSSROADS BLVD (PVA);TWO-WAY,NOT DIVIDED;DUSK;CLOUDY;0;0;;NO CONTROL PRESENT;VAN;NONE;NONE;NONE;;2018-11-05T16:08:52-05:00;2018;No;No;11;16
100 FEET FROM PVA OF 150 WRENN DR;ONE-WAY,NOT DIVIDED;DAYLIGHT;CLEAR;0;0;;NO CONTROL PRESENT;PASSENGER CAR;PASSENGER CAR;NONE;NONE;;2018-12-06T10:19:00-05:00;2018;No;No;12;10
.1 MILES FROM S.R. 1011 (E CHATHAM ST);TWO-WAY,NOT DIVIDED;DARK - LIGHTED ROADWAY;RAIN;0;0;COMING FROM BEHIND PARKED VEHICLE;NO CONTROL PRESENT;PASSENGER CAR;PICKUP;NONE;NONE;;2018-11-12T18:35:24-05:00;2018;No;No;11;18
464 FEET FROM CORNERSTONE DR;TWO-WAY,NOT DIVIDED;DAYLIGHT;CLEAR;0;0;;NO CONTROL PRESENT;PASSENGER CAR;PASSENGER CAR;NONE;NONE;;2018-12-06T11:23:00-05:00;2018;No;No;12;11
CARY;TWO-WAY,DIVIDED,UNPROTECTED MEDIAN;DUSK;RAIN;0;0;;STOP AND GO SIGNAL;PASSENGER CAR;PASSENGER CAR;NONE;NONE;;2018-11-12T17:02:04-05:00;2018;No;No;11;17
100 FEET FROM P.V.A. 1000 VALLEYSTONE DR;NONE;DAYLIGHT;CLEAR;0;0;COMING FROM BEHIND PARKED VEHICLE;NO CONTROL PRESENT;SPORT UTILITY;VAN;NONE;NONE;;2018-12-06T12:58:00-05:00;2018;No;No;12;12
100 FEET FROM SPRINGLAND CT;TWO-WAY,NOT DIVIDED;DAYLIGHT;CLEAR;0;0;;NO CONTROL PRESENT;SPORT UTILITY;LIGHT TRUCK (MINI-VAN- PANEL);NONE;NONE;;2018-11-11T17:01:51-05:00;2018;No;No;11;17
.2 MILES FROM SR 1010 (TEN TEN RD);NONE;NONE;NONE;0;0;;;PASSENGER CAR;SPORT UTILITY;NONE;NONE;;2018-12-03T15:27:35-05:00;2018;No;No;12;15
25 FEET FROM S.R. 1625 (GREEN LEVEL CHURCH);TWO-WAY,DIVIDED,UNPROTECTED MEDIAN;DARK - LIGHTED ROADWAY;FOG, SMOG, SMOKE;0;0;;STOP AND GO SIGNAL;PASSENGER CAR;PASSENGER CAR;NONE;NONE;;2018-11-06T21:24:54-05:00;2018;No;No;11;21
120 FEET FROM SR 3081 (CHAPEL HILL RD);TWO-WAY,DIVIDED,UNPROTECTED MEDIAN;DAYLIGHT;CLOUDY;0;0;;STOP AND GO SIGNAL;PASSENGER CAR;PASSENGER CAR;NONE;NONE;;2018-12-02T16:07:43-05:00;2018;No;No;12;16
50 FEET FROM PVA 2303 NW MAYNARD RD;TWO-WAY,NOT DIVIDED;DAYLIGHT;CLEAR;0;0;;NO CONTROL PRESENT;PASSENGER CAR;PASSENGER CAR;NONE;NONE;;2018-11-10T13:25:30-05:00;2018;No;No;11;13
200 FEET FROM 2472 WALNUT ST (PVA);TWO-WAY,NOT DIVIDED;DAYLIGHT;CLOUDY;0;0;;NO CONTROL PRESENT;PASSENGER CAR;PASSENGER CAR;NONE;NONE;;2018-12-07T15:20:51-05:00;2018;No;No;12;15
200 FEET FROM SR 1300 (KILDAIRE FARM RD);TWO-WAY,NOT DIVIDED;DAYLIGHT;CLOUDY;0;0;;NO CONTROL PRESENT;PASSENGER CAR;PASSENGER CAR;NONE;NONE;;2018-11-12T12:33:00-05:00;2018;No;No;11;12
140 FEET FROM PVA OF 1225 CRESCENT GREEN;TWO-WAY,NOT DIVIDED;DARK - LIGHTED ROADWAY;CLEAR;0;0;;NO CONTROL PRESENT;PASSENGER CAR;PASSENGER CAR;NONE;NONE;;2018-12-07T17:39:16-05:00;2018;No;No;12;17
10 FEET FROM SEABROOK AV;TWO-WAY,NOT DIVIDED;DAYLIGHT;RAIN;0;0;;STOP AND GO SIGNAL;SPORT UTILITY;SPORT UTILITY;NONE;NONE;;2018-11-09T11:48:00-05:00;2018;No;No;11;11
.28 MILES FROM MACKENAN DR;TWO-WAY,NOT DIVIDED;DAYLIGHT;SNOW;0;0;;NO CONTROL PRESENT;PASSENGER CAR;NONE;NONE;NONE;;2018-12-10T08:37:56-05:00;2018;No;No;12;08
.1 MILES FROM CROSSROADS BLVD;TWO-WAY,DIVIDED,POSITIVE MEDIAN BARRIER;DAYLIGHT;CLOUDY;0;0;;NO CONTROL PRESENT;PASSENGER CAR;SPORT UTILITY;NONE;NONE;;2018-11-09T15:14:55-05:00;2018;No;No;11;15
.13 MILES FROM US 1;TWO-WAY,DIVIDED,POSITIVE MEDIAN BARRIER;DAYLIGHT;SNOW;0;0;;NO CONTROL PRESENT;SPORT UTILITY;NONE;NONE;NONE;;2018-12-10T09:02:18-05:00;2018;No;No;12;09
CARY;TWO-WAY,NOT DIVIDED;DARK - LIGHTED ROADWAY;CLOUDY;0;0;;STOP AND GO SIGNAL;PASSENGER CAR;PASSENGER CAR;SPORT UTILITY;NONE;;2018-11-09T19:19:18-05:00;2018;No;No;11;19
265 FEET FROM WESTON PKWY;TWO-WAY,DIVIDED,UNPROTECTED MEDIAN;DAYLIGHT;CLEAR;0;0;;STOP AND GO SIGNAL;PASSENGER CAR;PASSENGER CAR;NONE;NONE;;2018-12-11T13:36:52-05:00;2018;No;No;12;13
.10 MILES FROM US 1 NORTH;TWO-WAY,DIVIDED,POSITIVE MEDIAN BARRIER;DUSK;CLEAR;0;1;;NO CONTROL PRESENT;SPORT UTILITY;SPORT UTILITY;NONE;NONE;;2018-11-09T20:34:05-05:00;2018;No;Yes;11;20
50 FEET FROM SR 3977 (CARY PKWY);TWO-WAY,DIVIDED,UNPROTECTED MEDIAN;DAYLIGHT;CLEAR;0;0;;NO CONTROL PRESENT;PASSENGER CAR;NONE;NONE;NONE;;2018-12-12T07:13:47-05:00;2018;No;No;12;07
10 FEET FROM SR 1300 (KILDIARE FARM RD);TWO-WAY,DIVIDED,UNPROTECTED MEDIAN;DAYLIGHT;CLEAR;0;1;;STOP AND GO SIGNAL;PASSENGER CAR;PASSENGER CAR;SINGLE UNIT TRUCK (2-AXLE- 6-TIRE);NONE;;2018-11-10T12:13:00-05:00;2018;No;Yes;11;12
0 FEET FROM WALDO ROOD BLVD;TWO-WAY,DIVIDED,UNPROTECTED MEDIAN;DAYLIGHT;CLEAR;0;0;COMING FROM BEHIND PARKED VEHICLE;STOP SIGN;SPORT UTILITY;SPORT UTILITY;NONE;NONE;;2018-12-12T10:09:00-05:00;2018;No;No;12;10
100 FEET FROM SR 1628 (OKELLY CHAPEL RD);TWO-WAY,NOT DIVIDED;DARK - LIGHTED ROADWAY;CLOUDY;0;0;;NO CONTROL PRESENT;PASSENGER CAR;NONE;NONE;NONE;;2018-11-10T01:00:06-05:00;2018;No;No;11;01
0 FEET FROM SR 1650 (REEDY CREEK RD);TWO-WAY,NOT DIVIDED;DAYLIGHT;CLEAR;0;1;;STOP SIGN;PASSENGER CAR;SPORT UTILITY;NONE;NONE;;2018-12-13T08:43:47-05:00;2018;No;Yes;12;08
CARY;TWO-WAY,DIVIDED,UNPROTECTED MEDIAN;DAWN;RAIN;0;0;;STOP AND GO SIGNAL;PASSENGER CAR;SPORT UTILITY;NONE;NONE;;2018-11-13T06:18:37-05:00;2018;No;No;11;06
168 FEET FROM 1120 SE CARY PKWY (PVA);TWO-WAY,NOT DIVIDED;DAYLIGHT;CLOUDY;0;0;;NO CONTROL PRESENT;PASSENGER CAR;PASSENGER CAR;NONE;NONE;;2018-12-13T09:55:54-05:00;2018;No;No;12;09
100 FEET FROM MEETING ST;TWO-WAY,DIVIDED,POSITIVE MEDIAN BARRIER;DAYLIGHT;RAIN;0;0;;STOP AND GO SIGNAL;PASSENGER CAR;NONE;NONE;NONE;;2018-11-13T13:19:54-05:00;2018;No;No;11;13