Location_Description;Road_Configuration;Light_Condition;Weather;Fatality;Injury;Contributing_Factor;Traffic_Control;Vehicle1;Vehicle2;Vehicle3;Vehicle4;Vehicle5;Crash_Date;year;Fatalities;Injuries;Month;Hour
0 FEET FROM NC 54  HWY (NE MAYNARD RD);TWO-WAY,NOT DIVIDED;DARK - LIGHTED ROADWAY;CLEAR;0;1;;STOP AND GO SIGNAL;SPORT UTILITY;PASSENGER CAR;NONE;NONE;;2019-01-18T06:27:30-05:00;2019;No;Yes;1;06
400 FEET FROM SR 1300 (KILDAIRE FARM RD);TWO-WAY,DIVIDED,POSITIVE MEDIAN BARRIER;DAYLIGHT;CLEAR;0;0;;NO CONTROL PRESENT;PASSENGER CAR;SPORT UTILITY;NONE;NONE;;2018-12-17T08:01:47-05:00;2018;No;No;12;08
40 FEET FROM SR 3977 SE CARY PKWY;NONE;NONE;NONE;0;0;;;NONE;NONE;NONE;NONE;;2019-01-02T00:39:00-05:00;2019;No;No;1;00
CARY;TWO-WAY,DIVIDED,UNPROTECTED MEDIAN;DAYLIGHT;CLEAR;0;0;;STOP AND GO SIGNAL;PASSENGER CAR;PASSENGER CAR;NONE;NONE;;2018-12-17T07:38:39-05:00;2018;No;No;12;07
250 FEET FROM SR 1652 (N HARRISON AV);TWO-WAY,NOT DIVIDED;DARK - LIGHTED ROADWAY;CLEAR;0;0;;RR GATE AND FLASHER;PASSENGER CAR;NONE;NONE;NONE;;2019-01-19T20:17:17-05:00;2019;No;No;1;20
10 FEET FROM CORNERSTONE DR;TWO-WAY,NOT DIVIDED;DARK - LIGHTED ROADWAY;CLEAR;0;0;;STOP AND GO SIGNAL;PASSENGER CAR;PICKUP;NONE;NONE;;2018-12-17T19:54:50-05:00;2018;No;No;12;19
75 FEET FROM 2000 WALNUT ST;TWO-WAY,NOT DIVIDED;DAYLIGHT;CLEAR;0;0;;NO CONTROL PRESENT;PASSENGER CAR;PASSENGER CAR;NONE;NONE;;2019-01-21T15:43:37-05:00;2019;No;No;1;15
50 FEET FROM US HWY 1;TWO-WAY,DIVIDED,POSITIVE MEDIAN BARRIER;DAYLIGHT;CLEAR;0;0;;NO CONTROL PRESENT;PASSENGER CAR;PASSENGER CAR;NONE;NONE;;2018-12-17T16:39:26-05:00;2018;No;No;12;16
260 FEET FROM P.V.A OF 1151 TRYON VILLAGE DR;TWO-WAY,NOT DIVIDED;DAYLIGHT;CLEAR;0;0;;NO CONTROL PRESENT;SPORT UTILITY;PASSENGER CAR;NONE;NONE;;2019-01-20T15:38:18-05:00;2019;No;No;1;15
.1 MILES FROM US HWY 1;TWO-WAY,DIVIDED,POSITIVE MEDIAN BARRIER;DAYLIGHT;CLEAR;0;0;;NO CONTROL PRESENT;PASSENGER CAR;PASSENGER CAR;SPORT UTILITY;NONE;;2018-12-17T16:57:57-05:00;2018;No;No;12;16
.263 MILES FROM SR1315 (BUCK JONES RD);TWO-WAY,NOT DIVIDED;DAYLIGHT;CLEAR;0;0;;NO CONTROL PRESENT;SPORT UTILITY;SPORT UTILITY;NONE;NONE;;2019-01-20T16:45:44-05:00;2019;No;No;1;16
100 FEET FROM SR 1300 (KILDAIRE FARM RD);TWO-WAY,NOT DIVIDED;DARK - LIGHTED ROADWAY;CLEAR;0;0;;NO CONTROL PRESENT;PASSENGER CAR;NONE;NONE;NONE;;2018-12-14T23:59:00-05:00;2018;No;No;12;23
100 FEET FROM 3025 WINSTON HILL DR PVA;ONE-WAY,NOT DIVIDED;DARK - LIGHTED ROADWAY;CLEAR;0;0;;NO CONTROL PRESENT;PASSENGER CAR;PASSENGER CAR;NONE;NONE;;2019-01-20T21:10:24-05:00;2019;No;No;1;21
200 FEET FROM SR 1009 (TRYON RD);TWO-WAY,DIVIDED,POSITIVE MEDIAN BARRIER;DARK - ROADWAY NOT LIGHTED;CLEAR;0;0;;NO CONTROL PRESENT;SPORT UTILITY;PASSENGER CAR;PASSENGER CAR;NONE;;2018-12-18T17:38:27-05:00;2018;No;No;12;17
CARY;NONE;NONE;NONE;0;0;;;NONE;NONE;NONE;NONE;;2019-01-11T20:57:24-05:00;2019;No;No;1;20
CARY;TWO-WAY,DIVIDED,UNPROTECTED MEDIAN;DARK - LIGHTED ROADWAY;CLEAR;0;0;;STOP AND GO SIGNAL;PASSENGER CAR;PASSENGER CAR;NONE;NONE;;2018-12-18T18:39:48-05:00;2018;No;No;12;18
250 FEET FROM DONALDSON DR;TWO-WAY,NOT DIVIDED;DAYLIGHT;CLOUDY;0;0;;STOP SIGN;SPORT UTILITY;PASSENGER CAR;NONE;NONE;;2019-01-19T16:15:59-05:00;2019;No;No;1;16
300 FEET FROM SR-1300 (KILDAIRE FARM RD);TWO-WAY,DIVIDED,UNPROTECTED MEDIAN;DAYLIGHT;CLOUDY;0;0;;NO CONTROL PRESENT;SPORT UTILITY;PASSENGER CAR;NONE;NONE;;2018-12-19T12:20:00-05:00;2018;No;No;12;12
CARY;TWO-WAY,DIVIDED,UNPROTECTED MEDIAN;DAYLIGHT;CLOUDY;0;0;;STOP SIGN;PICKUP;PASSENGER CAR;NONE;NONE;;2019-01-23T08:08:43-05:00;2019;No;No;1;08
30 FEET FROM P.V.A. (U-HAUL);TWO-WAY,NOT DIVIDED;DAYLIGHT;CLEAR;0;0;;NO CONTROL PRESENT;PASSENGER CAR;NONE;NONE;NONE;;2018-12-19T15:52:44-05:00;2018;No;No;12;15
0 FEET FROM SR 1600 (GREEN LEVEL CH RD);TWO-WAY,DIVIDED,UNPROTECTED MEDIAN;DAWN;RAIN;0;0;;STOP AND GO SIGNAL;PASSENGER CAR;PASSENGER CAR;NONE;NONE;;2019-01-24T07:08:59-05:00;2019;No;No;1;07
CARY;TWO-WAY,NOT DIVIDED;DARK - LIGHTED ROADWAY;CLEAR;0;0;;NO CONTROL PRESENT;SPORT UTILITY;PASSENGER CAR;NONE;NONE;;2018-12-19T18:08:16-05:00;2018;No;No;12;18
50 FEET FROM PVA (840 E CHATHAM ST);ONE-WAY,NOT DIVIDED;DAYLIGHT;CLEAR;0;0;;NO CONTROL PRESENT;PASSENGER CAR;SPORT UTILITY;NONE;NONE;;2019-01-24T12:22:00-05:00;2019;No;No;1;12
.1 MILES FROM SR 1379 (PENNY RD);TWO-WAY,NOT DIVIDED;DAYLIGHT;CLEAR;0;0;;NO CONTROL PRESENT;PASSENGER CAR;NONE;NONE;NONE;;2018-12-19T16:07:29-05:00;2018;No;No;12;16
CARY;TWO-WAY,DIVIDED,UNPROTECTED MEDIAN;DAYLIGHT;CLOUDY;0;0;;STOP AND GO SIGNAL;SPORT UTILITY;PASSENGER CAR;NONE;NONE;;2019-01-23T17:33:16-05:00;2019;No;No;1;17
CARY;TWO-WAY,NOT DIVIDED;DUSK;RAIN;0;0;;NO CONTROL PRESENT;PASSENGER CAR;PASSENGER CAR;NONE;NONE;;2018-12-20T13:45:12-05:00;2018;No;No;12;13
200 FEET FROM P.V.A. (101 YMCA DR);NONE;DAYLIGHT;CLEAR;0;0;;NO CONTROL PRESENT;SPORT UTILITY;PASSENGER CAR;NONE;NONE;;2019-01-25T16:14:40-05:00;2019;No;No;1;16
.26 MILES FROM P.P. (N CARY TREATMNT PLANT);TWO-WAY,NOT DIVIDED;DAYLIGHT;RAIN;0;0;;NO CONTROL PRESENT;PICKUP;PICKUP;NONE;NONE;;2018-12-20T16:06:14-05:00;2018;No;No;12;16
1.42 MILES FROM U.S. 1;TWO-WAY,DIVIDED,POSITIVE MEDIAN BARRIER;DAYLIGHT;CLEAR;0;0;;NO CONTROL PRESENT;SPORT UTILITY;SINGLE UNIT TRUCK (2-AXLE- 6-TIRE);NONE;NONE;;2019-01-25T14:31:54-05:00;2019;No;No;1;14
300 FEET FROM SR 1313 (WALNUT ST;TWO-WAY,DIVIDED,UNPROTECTED MEDIAN;DARK - LIGHTED ROADWAY;RAIN;0;0;COMING FROM BEHIND PARKED VEHICLE;NO CONTROL PRESENT;PASSENGER CAR;NONE;NONE;NONE;;2018-12-20T18:09:17-05:00;2018;No;No;12;18
CARY;TWO-WAY,DIVIDED,UNPROTECTED MEDIAN;DARK - LIGHTED ROADWAY;CLEAR;0;0;;FLASHING STOP AND GO SIGNAL;SPORT UTILITY;SPORT UTILITY;SPORT UTILITY;NONE;;2019-01-25T18:12:49-05:00;2019;No;No;1;18
217 FEET FROM (S.R. 1300) KILDAIRE FARM RD;TWO-WAY,DIVIDED,UNPROTECTED MEDIAN;DAYLIGHT;RAIN;0;0;;NO CONTROL PRESENT;PASSENGER CAR;PASSENGER CAR;NONE;NONE;;2018-12-20T12:19:00-05:00;2018;No;No;12;12
.5 MILES FROM S.R. 1315 (BUCK JONES RD);TWO-WAY,NOT DIVIDED;DAYLIGHT;CLEAR;0;0;;STOP SIGN;PASSENGER CAR;PASSENGER CAR;NONE;NONE;;2019-01-26T15:11:55-05:00;2019;No;No;1;15
430 FEET FROM S.R. 1621 (GREEN HOPE SCHOOL R;TWO-WAY,NOT DIVIDED;DAYLIGHT;CLOUDY;0;0;;NO CONTROL PRESENT;SPORT UTILITY;NONE;NONE;NONE;;2018-12-21T09:23:56-05:00;2018;No;No;12;09
300 FEET FROM SR 1652 (N HARRISON AV);TWO-WAY,NOT DIVIDED;DAYLIGHT;CLOUDY;0;0;;NO CONTROL PRESENT;PICKUP;PASSENGER CAR;NONE;NONE;;2019-01-27T17:58:49-05:00;2019;No;No;1;17
CARY;TWO-WAY,NOT DIVIDED;DARK - LIGHTED ROADWAY;RAIN;0;0;;NO CONTROL PRESENT;PICKUP;NONE;NONE;NONE;;2018-12-21T11:20:00-05:00;2018;No;No;12;11
.14 MILES FROM US 1;TWO-WAY,DIVIDED,POSITIVE MEDIAN BARRIER;DAYLIGHT;CLEAR;0;0;;NO CONTROL PRESENT;PASSENGER CAR;SPORT UTILITY;NONE;NONE;;2019-01-23T10:49:00-05:00;2019;No;No;1;10
CARY;TWO-WAY,NOT DIVIDED;DAYLIGHT;CLEAR;0;3;;STOP AND GO SIGNAL;PASSENGER CAR;VAN;NONE;NONE;;2018-12-21T09:01:37-05:00;2018;No;Yes;12;09
.378 MILES FROM US 1 HWY;TWO-WAY,DIVIDED,POSITIVE MEDIAN BARRIER;DAYLIGHT;CLEAR;0;0;;NO CONTROL PRESENT;PICKUP;PASSENGER CAR;NONE;NONE;;2019-01-28T18:50:15-05:00;2019;No;No;1;18
400 FEET FROM SR 1300 (KILDAIRE FARM RD);TWO-WAY,NOT DIVIDED;DAYLIGHT;CLEAR;0;0;;NO CONTROL PRESENT;PICKUP;SPORT UTILITY;PASSENGER CAR;NONE;;2018-12-21T13:16:08-05:00;2018;No;No;12;13
32 FEET FROM P.V.A. (3000 KILDAIRE FARM RD);TWO-WAY,NOT DIVIDED;DAYLIGHT;CLEAR;0;0;;NO CONTROL PRESENT;SINGLE UNIT TRUCK (2-AXLE- 6-TIRE);PICKUP;NONE;NONE;;2019-01-28T14:00:15-05:00;2019;No;No;1;14
0.1 MILES FROM PVA (3717 DAVIS DR);TWO-WAY,NOT DIVIDED;DARK - LIGHTED ROADWAY;RAIN;0;0;;STOP SIGN;SPORT UTILITY;PASSENGER CAR;NONE;NONE;;2018-12-20T19:56:03-05:00;2018;No;No;12;19
CARY;TWO-WAY,DIVIDED,UNPROTECTED MEDIAN;DAYLIGHT;CLEAR;0;0;;STOP AND GO SIGNAL;PASSENGER CAR;PASSENGER CAR;NONE;NONE;;2019-01-27T15:53:17-05:00;2019;No;No;1;15
200 FEET FROM SR 1747 (NE MAYNARD RD);TWO-WAY,NOT DIVIDED;DARK - LIGHTED ROADWAY;RAIN;0;0;;NO CONTROL PRESENT;PASSENGER CAR;PASSENGER CAR;NONE;NONE;;2018-12-20T17:37:46-05:00;2018;No;No;12;17
84 FEET FROM US 64 HWY;TWO-WAY,DIVIDED,UNPROTECTED MEDIAN;DARK - LIGHTED ROADWAY;RAIN;0;0;;NO CONTROL PRESENT;SPORT UTILITY;PASSENGER CAR;NONE;NONE;;2019-01-29T17:55:38-05:00;2019;No;No;1;17
0 FEET FROM SR 4067 (REGENCY PKWY);TWO-WAY,DIVIDED,UNPROTECTED MEDIAN;DAYLIGHT;CLEAR;0;0;;STOP SIGN;PASSENGER CAR;SPORT UTILITY;NONE;NONE;;2018-12-21T12:55:00-05:00;2018;No;No;12;12
200 FEET FROM SR1415 (SE MAYNARD RD);TWO-WAY,NOT DIVIDED;DAYLIGHT;RAIN;0;0;;NO CONTROL PRESENT;PASSENGER CAR;PASSENGER CAR;NONE;NONE;;2019-01-29T15:52:43-05:00;2019;No;No;1;15
CARY;TWO-WAY,NOT DIVIDED;DARK - LIGHTED ROADWAY;CLEAR;0;0;;STOP AND GO SIGNAL;PASSENGER CAR;PASSENGER CAR;NONE;NONE;;2018-12-24T23:22:00-05:00;2018;No;No;12;23
180 FEET FROM MCCRIMMON PKWY;TWO-WAY,DIVIDED,UNPROTECTED MEDIAN;DAYLIGHT;CLEAR;0;0;;NO CONTROL PRESENT;PASSENGER CAR;NONE;NONE;NONE;;2019-01-29T11:25:00-05:00;2019;No;No;1;11
5 FEET FROM NC 55 HWY;TWO-WAY,DIVIDED,UNPROTECTED MEDIAN;DAYLIGHT;CLEAR;0;0;;STOP AND GO SIGNAL;PASSENGER CAR;SPORT UTILITY;NONE;NONE;;2018-12-24T14:07:16-05:00;2018;No;No;12;14
30 FEET FROM PIERSIDE DR;TWO-WAY,NOT DIVIDED;DAYLIGHT;CLEAR;0;0;;NO CONTROL PRESENT;LIGHT TRUCK (MINI-VAN- PANEL);VAN;NONE;NONE;;2019-01-29T09:05:58-05:00;2019;No;No;1;09
0 FEET FROM W CORNWALL RD;TWO-WAY,DIVIDED,UNPROTECTED MEDIAN;DAYLIGHT;CLEAR;0;0;;STOP SIGN;SPORT UTILITY;PASSENGER CAR;NONE;NONE;;2018-12-25T14:30:13-05:00;2018;No;No;12;14
50 FEET FROM US 64;TWO-WAY,DIVIDED,UNPROTECTED MEDIAN;DAYLIGHT;CLEAR;0;0;;NO CONTROL PRESENT;PASSENGER CAR;SPORT UTILITY;NONE;NONE;;2019-01-30T10:13:00-05:00;2019;No;No;1;10
.1 MILES FROM SR 1625(GREEN LEVEL CHURCH RD);TWO-WAY,DIVIDED,UNPROTECTED MEDIAN;DAYLIGHT;CLEAR;0;1;;NO CONTROL PRESENT;PASSENGER CAR;VAN;NONE;NONE;;2018-12-26T07:34:02-05:00;2018;No;Yes;12;07
.1 MILES FROM US 1;TWO-WAY,DIVIDED,POSITIVE MEDIAN BARRIER;DAYLIGHT;CLEAR;0;0;;NO CONTROL PRESENT;PASSENGER CAR;PASSENGER CAR;NONE;NONE;;2019-01-30T09:30:58-05:00;2019;No;No;1;09
50 FEET FROM SR 1152 HOLLY SPRINGS RD;TWO-WAY,DIVIDED,POSITIVE MEDIAN BARRIER;DAYLIGHT;CLEAR;0;0;;STOP AND GO SIGNAL;SPORT UTILITY;PASSENGER CAR;NONE;NONE;;2018-12-27T17:57:36-05:00;2018;No;No;12;17
.10 MILES FROM WOOD ST;TWO-WAY,NOT DIVIDED;DAYLIGHT;CLEAR;0;0;;NO CONTROL PRESENT;PASSENGER CAR;PICKUP;NONE;NONE;;2019-01-30T13:41:55-05:00;2019;No;No;1;13
CARY;TWO-WAY,NOT DIVIDED;DARK - LIGHTED ROADWAY;CLEAR;0;1;;NO CONTROL PRESENT;PASSENGER CAR;PASSENGER CAR;NONE;NONE;;2018-12-27T22:04:00-05:00;2018;No;Yes;12;22
CARY;TWO-WAY,NOT DIVIDED;DAYLIGHT;CLEAR;0;0;;STOP SIGN;PASSENGER CAR;PASSENGER CAR;NONE;NONE;;2019-01-30T14:51:37-05:00;2019;No;No;1;14
.5 MILES FROM 109 SIR JAMES CT;TWO-WAY,NOT DIVIDED;DAYLIGHT;CLOUDY;0;0;;NO CONTROL PRESENT;PASSENGER CAR;NONE;NONE;NONE;;2018-12-27T12:24:00-05:00;2018;No;No;12;12
200 FEET FROM NC 54 (CHAPEL HILL RD);TWO-WAY,NOT DIVIDED;DARK - LIGHTED ROADWAY;RAIN;0;0;;NO CONTROL PRESENT;PASSENGER CAR;VAN;NONE;NONE;;2019-01-29T16:59:58-05:00;2019;No;No;1;16
100 FEET FROM 3480 SR 1300 (KILDARE FARM RD);TWO-WAY,NOT DIVIDED;DAYLIGHT;RAIN;0;0;;NO CONTROL PRESENT;PICKUP;SPORT UTILITY;NONE;NONE;;2018-12-28T11:33:00-05:00;2018;No;No;12;11
.1 MILES FROM US 1 HWY;TWO-WAY,DIVIDED,POSITIVE MEDIAN BARRIER;DAYLIGHT;CLEAR;0;0;;NO CONTROL PRESENT;SPORT UTILITY;PICKUP;NONE;NONE;;2019-01-30T16:43:34-05:00;2019;No;No;1;16
15 FEET FROM S.R. 1628 (OKELLY CHAPEL RD);TWO-WAY,DIVIDED,POSITIVE MEDIAN BARRIER;DAYLIGHT;CLEAR;0;0;;STOP AND GO SIGNAL;SPORT UTILITY;SPORT UTILITY;NONE;NONE;;2018-12-29T11:39:00-05:00;2018;No;No;12;11
200 FEET FROM US 64;TWO-WAY,DIVIDED,POSITIVE MEDIAN BARRIER;DAYLIGHT;CLEAR;0;0;;NO CONTROL PRESENT;PASSENGER CAR;PASSENGER CAR;NONE;NONE;;2019-01-31T07:51:07-05:00;2019;No;No;1;07
200 FEET FROM SR 1010 (TEN TEN RD);TWO-WAY,NOT DIVIDED;DAYLIGHT;RAIN;0;0;;NO CONTROL PRESENT;SPORT UTILITY;PASSENGER CAR;NONE;NONE;;2018-12-28T13:12:22-05:00;2018;No;No;12;13
300 FEET FROM P.V.A. 110 LASKY CT;TWO-WAY,NOT DIVIDED;DARK - LIGHTED ROADWAY;CLEAR;0;0;;NO CONTROL PRESENT;PASSENGER CAR;PASSENGER CAR;NONE;NONE;;2019-02-02T11:49:00-05:00;2019;No;No;2;11
200 FEET FROM CROSSROADS BLVD;TWO-WAY,DIVIDED,POSITIVE MEDIAN BARRIER;DAYLIGHT;RAIN;0;0;;NO CONTROL PRESENT;PASSENGER CAR;PASSENGER CAR;NONE;NONE;;2018-12-28T14:34:08-05:00;2018;No;No;12;14
CARY;TWO-WAY,DIVIDED,UNPROTECTED MEDIAN;DARK - LIGHTED ROADWAY;CLEAR;0;0;;STOP AND GO SIGNAL;PASSENGER CAR;PASSENGER CAR;NONE;NONE;;2019-02-03T22:48:00-05:00;2019;No;No;2;22
50 FEET FROM P.V.A (3470 KILDAIRE FARM RD);TWO-WAY,NOT DIVIDED;DAYLIGHT;CLEAR;0;0;;STOP SIGN;SPORT UTILITY;PASSENGER CAR;NONE;NONE;;2018-12-30T15:31:40-05:00;2018;No;No;12;15
20 FEET FROM PVA (750 E CHATHAM ST);ONE-WAY,NOT DIVIDED;DUSK;CLOUDY;0;0;;NO CONTROL PRESENT;PICKUP;PASSENGER CAR;NONE;NONE;;2019-02-03T20:29:05-05:00;2019;No;No;2;20
10 FEET FROM GREGORY DR;TWO-WAY,DIVIDED,UNPROTECTED MEDIAN;DARK - LIGHTED ROADWAY;CLOUDY;0;0;;STOP AND GO SIGNAL;PICKUP;PASSENGER CAR;NONE;NONE;;2018-12-31T17:46:00-05:00;2018;No;No;12;17
CARY;TWO-WAY,NOT DIVIDED;DAYLIGHT;CLEAR;0;0;;NO CONTROL PRESENT;PASSENGER CAR;PASSENGER CAR;NONE;NONE;;2019-02-01T14:29:45-05:00;2019;No;No;2;14
100 FEET FROM 1961 HIGH HOUSE RD SR 1615;TWO-WAY,NOT DIVIDED;DAYLIGHT;CLEAR;0;0;;NO CONTROL PRESENT;PASSENGER CAR;VAN;NONE;NONE;;2019-01-02T13:31:32-05:00;2019;No;No;1;13
CARY;TWO-WAY,DIVIDED,UNPROTECTED MEDIAN;DUSK;CLEAR;0;1;;STOP AND GO SIGNAL;PASSENGER CAR;SPORT UTILITY;NONE;NONE;;2019-02-01T17:35:45-05:00;2019;No;Yes;2;17
230 FEET FROM SR 1415 (SE MAYNARD RD);TWO-WAY,NOT DIVIDED;DAYLIGHT;CLEAR;0;1;;NO CONTROL PRESENT;PASSENGER CAR;PASSENGER CAR;NONE;NONE;;2019-01-02T12:29:00-05:00;2019;No;Yes;1;12
499 FEET FROM P.V.A (270 GRANDE HEIGHTS DR);TWO-WAY,NOT DIVIDED;DAYLIGHT;CLEAR;0;0;;NO CONTROL PRESENT;PASSENGER CAR;PASSENGER CAR;NONE;NONE;;2019-01-28T12:28:00-05:00;2019;No;No;1;12
.05 MILES FROM SR 1625 (GREEN LEVEL CHURCH RD;TWO-WAY,DIVIDED,UNPROTECTED MEDIAN;DAYLIGHT;CLEAR;0;0;;STOP AND GO SIGNAL;SPORT UTILITY;VAN;VAN;NONE;;2019-01-02T09:14:14-05:00;2019;No;No;1;09
CARY;TWO-WAY,NOT DIVIDED;DAYLIGHT;CLEAR;0;0;;STOP AND GO SIGNAL;PICKUP;PASSENGER CAR;NONE;NONE;;2019-02-03T18:09:04-05:00;2019;No;No;2;18
CARY;TWO-WAY,DIVIDED,UNPROTECTED MEDIAN;DAYLIGHT;RAIN;0;0;;STOP AND GO SIGNAL;PICKUP;PASSENGER CAR;NONE;NONE;;2019-01-04T12:08:00-05:00;2019;No;No;1;12
CARY;TWO-WAY,DIVIDED,UNPROTECTED MEDIAN;DAYLIGHT;CLEAR;0;0;;STOP AND GO SIGNAL;SPORT UTILITY;PASSENGER CAR;NONE;NONE;;2019-02-04T14:18:52-05:00;2019;No;No;2;14
30 FEET FROM P.V.A. (WELLS FARGO BANK);TWO-WAY,NOT DIVIDED;DAYLIGHT;RAIN;0;0;;NO CONTROL PRESENT;PASSENGER CAR;PICKUP;NONE;NONE;;2019-01-04T12:59:00-05:00;2019;No;No;1;12
.2 MILES FROM US HWY 1;TWO-WAY,DIVIDED,POSITIVE MEDIAN BARRIER;DAYLIGHT;CLEAR;0;4;;NO CONTROL PRESENT;VAN;SPORT UTILITY;NONE;NONE;;2019-02-04T16:27:30-05:00;2019;No;Yes;2;16
CARY;TWO-WAY,DIVIDED,POSITIVE MEDIAN BARRIER;DAYLIGHT;RAIN;0;0;;STOP AND GO SIGNAL;PASSENGER CAR;SPORT UTILITY;NONE;NONE;;2019-01-04T08:01:47-05:00;2019;No;No;1;08
20 FEET FROM SR 1300 (KILDAIRE FARM RD);TWO-WAY,NOT DIVIDED;DAYLIGHT;CLEAR;0;0;;STOP AND GO SIGNAL;PASSENGER CAR;PASSENGER CAR;NONE;NONE;;2019-02-04T12:13:00-05:00;2019;No;No;2;12
169 FEET FROM P.V.A. (1500 N HARRISON AV);NONE;DARK - LIGHTED ROADWAY;NONE;0;0;;;NONE;NONE;NONE;NONE;;2018-12-08T00:00:00-05:00;2018;No;No;12;00
50 FEET FROM US1;TWO-WAY,DIVIDED,POSITIVE MEDIAN BARRIER;DAYLIGHT;CLEAR;0;0;;NO CONTROL PRESENT;PASSENGER CAR;SPORT UTILITY;SPORT UTILITY;NONE;;2019-02-05T07:17:04-05:00;2019;No;No;2;07
0 FEET FROM SR 3081 (CHAPEL HILL RD);TWO-WAY,DIVIDED,UNPROTECTED MEDIAN;DARK - LIGHTED ROADWAY;CLEAR;0;0;;STOP AND GO SIGNAL;PASSENGER CAR;PASSENGER CAR;NONE;NONE;;2019-01-06T00:52:00-05:00;2019;No;No;1;00
15 FEET FROM WALDO ROOD BLVD;NONE;NONE;NONE;0;0;;;PASSENGER CAR;NONE;NONE;NONE;;2019-01-29T07:33:34-05:00;2019;No;No;1;07
75 FEET FROM P.V.A. (748-D E CHATHAM ST);TWO-WAY,NOT DIVIDED;DAYLIGHT;RAIN;0;2;;;SPORT UTILITY;PASSENGER CAR;NONE;NONE;;2019-01-04T16:02:15-05:00;2019;No;Yes;1;16
400 FEET FROM SR1300 (KLDAIRE FARM RD);TWO-WAY,NOT DIVIDED;DAYLIGHT;CLEAR;0;0;;NO CONTROL PRESENT;PASSENGER CAR;PICKUP;NONE;NONE;;2019-02-05T14:57:12-05:00;2019;No;No;2;14
0.081 MILES FROM 2861 JONES FRANKLIN RD;TWO-WAY,NOT DIVIDED;DARK - LIGHTED ROADWAY;RAIN;0;0;;NO CONTROL PRESENT;PASSENGER CAR;PASSENGER CAR;NONE;NONE;;2019-01-04T17:05:22-05:00;2019;No;No;1;17
50 FEET FROM P.V.A. OF 1210 KILDAIRE FARM R;TWO-WAY,NOT DIVIDED;DAYLIGHT;CLEAR;0;0;;NO CONTROL PRESENT;PASSENGER CAR;SPORT UTILITY;NONE;NONE;;2019-02-05T14:27:07-05:00;2019;No;No;2;14
60 FEET FROM SR 1618 (WALDO ROOD BLVD);TWO-WAY,NOT DIVIDED;DAYLIGHT;CLEAR;0;0;;STOP AND GO SIGNAL;PASSENGER CAR;SPORT UTILITY;NONE;NONE;;2019-01-05T13:40:58-05:00;2019;No;No;1;13
30 FEET FROM SR 1379 (PENNY RD);TWO-WAY,DIVIDED,UNPROTECTED MEDIAN;DARK - LIGHTED ROADWAY;CLEAR;0;0;;NO CONTROL PRESENT;VAN;PASSENGER CAR;NONE;NONE;;2019-02-05T19:33:14-05:00;2019;No;No;2;19
110 FEET FROM P.V.A (302 COLONADES WAY);TWO-WAY,DIVIDED,UNPROTECTED MEDIAN;DAYLIGHT;CLEAR;0;0;;NO CONTROL PRESENT;PICKUP;PASSENGER CAR;NONE;NONE;;2019-01-06T15:32:24-05:00;2019;No;No;1;15
CARY;TWO-WAY,NOT DIVIDED;DARK - LIGHTED ROADWAY;CLEAR;0;0;;STOP SIGN;PASSENGER CAR;PASSENGER CAR;NONE;NONE;;2019-02-01T19:52:55-05:00;2019;No;No;2;19
208 FEET FROM P.V.A (110 MIDDLE CREEK PARK A;ONE-WAY,NOT DIVIDED;DAYLIGHT;CLEAR;0;0;;NO CONTROL PRESENT;VAN;NONE;NONE;NONE;;2019-01-07T15:08:55-05:00;2019;No;No;1;15
CARY;TWO-WAY,DIVIDED,UNPROTECTED MEDIAN;DAYLIGHT;CLEAR;0;0;;STOP AND GO SIGNAL;PASSENGER CAR;SPORT UTILITY;NONE;NONE;;2019-02-06T12:07:00-05:00;2019;No;No;2;12
211 FEET FROM PVA (1510 N HARRISON AV);TWO-WAY,NOT DIVIDED;DAYLIGHT;CLEAR;0;0;;NO CONTROL PRESENT;PASSENGER CAR;PASSENGER CAR;NONE;NONE;;2019-01-07T14:52:10-05:00;2019;No;No;1;14
CARY;TWO-WAY,DIVIDED,UNPROTECTED MEDIAN;DARK - LIGHTED ROADWAY;CLEAR;0;0;;STOP AND GO SIGNAL;VAN;SPORT UTILITY;NONE;NONE;;2019-02-06T18:15:01-05:00;2019;No;No;2;18
.25 MILES FROM PVA (270 NOTTINGHAM DR);TWO-WAY,NOT DIVIDED;DARK - LIGHTED ROADWAY;CLEAR;0;0;;NO CONTROL PRESENT;PASSENGER CAR;PASSENGER CAR;NONE;NONE;;2019-01-08T18:54:29-05:00;2019;No;No;1;18
.10 MILES FROM SR1415 (SE MAYNARD RD);TWO-WAY,NOT DIVIDED;DARK - LIGHTED ROADWAY;CLEAR;0;0;;NO CONTROL PRESENT;SPORT UTILITY;NONE;NONE;NONE;;2019-02-07T18:12:15-05:00;2019;No;No;2;18
323 FEET FROM SR 1313 (WALNUT ST);TWO-WAY,NOT DIVIDED;DAYLIGHT;CLOUDY;0;0;;NO CONTROL PRESENT;PASSENGER CAR;NONE;NONE;NONE;;2019-01-03T15:45:16-05:00;2019;No;No;1;15