Location_Description;Road_Configuration;Light_Condition;Weather;Fatality;Injury;Contributing_Factor;Traffic_Control;Vehicle1;Vehicle2;Vehicle3;Vehicle4;Vehicle5;Crash_Date;year;Fatalities;Injuries;Month;Hour
CARY;TWO-WAY,DIVIDED,POSITIVE MEDIAN BARRIER;DAYLIGHT;CLEAR;0;0;;STOP AND GO SIGNAL;SPORT UTILITY;SPORT UTILITY;NONE;NONE;;2019-03-29T15:42:45-04:00;2019;No;No;3;15
100 FEET FROM SR 1313 (WALNUT ST);TWO-WAY,DIVIDED,UNPROTECTED MEDIAN;DAYLIGHT;RAIN;0;1;;FLASHING STOP AND GO SIGNAL;PASSENGER CAR;PICKUP;NONE;NONE;;2019-04-12T14:44:44-04:00;2019;No;Yes;4;14
400 FEET FROM P.V.A. (951 HIGH HOUSE RD);TWO-WAY,NOT DIVIDED;DAYLIGHT;CLEAR;0;0;;NO CONTROL PRESENT;SPORT UTILITY;PASSENGER CAR;NONE;NONE;;2019-03-30T17:52:56-04:00;2019;No;No;3;17
145 FEET FROM WALNUT ST TO US 1 NB;ONE-WAY,NOT DIVIDED;DARK - LIGHTED ROADWAY;RAIN;0;0;;NO CONTROL PRESENT;PASSENGER CAR;NONE;NONE;NONE;;2019-04-12T19:03:15-04:00;2019;No;No;4;19
100 FEET FROM HWY 64;TWO-WAY,DIVIDED,POSITIVE MEDIAN BARRIER;DAYLIGHT;CLEAR;0;0;;NO CONTROL PRESENT;PASSENGER CAR;PASSENGER CAR;NONE;NONE;;2019-03-28T16:36:13-04:00;2019;No;No;3;16
CARY;TWO-WAY,DIVIDED,UNPROTECTED MEDIAN;DAYLIGHT;RAIN;0;0;;STOP AND GO SIGNAL;SPORT UTILITY;VAN;NONE;NONE;;2019-04-12T15:06:42-04:00;2019;No;No;4;15
CARY;TWO-WAY,DIVIDED,UNPROTECTED MEDIAN;DAYLIGHT;CLEAR;0;1;;NO CONTROL PRESENT;PASSENGER CAR;PICKUP;NONE;NONE;;2019-03-28T10:57:00-04:00;2019;No;Yes;3;10
CARY;NONE;NONE;NONE;0;0;;;SPORT UTILITY;NONE;NONE;NONE;;2018-01-13T00:00:00-05:00;2018;No;No;1;00
200 FEET FROM PVA 8745 HOLLY SPRINGS RD;TWO-WAY,NOT DIVIDED;DAYLIGHT;CLEAR;0;0;;NO CONTROL PRESENT;PICKUP;SPORT UTILITY;NONE;NONE;;2019-03-28T16:05:55-04:00;2019;No;No;3;16
CARY;TWO-WAY,NOT DIVIDED;DAYLIGHT;CLEAR;0;0;;STOP AND GO SIGNAL;PICKUP;PASSENGER CAR;NONE;NONE;;2019-04-16T01:34:32-04:00;2019;No;No;4;01
160 FEET FROM PVA 8745 HOLLY SPRINGS RD;TWO-WAY,NOT DIVIDED;DAYLIGHT;CLEAR;0;0;;NO CONTROL PRESENT;SPORT UTILITY;PASSENGER CAR;NONE;NONE;;2019-03-29T16:41:55-04:00;2019;No;No;3;16
.19 MILES FROM 1105 WALNUT ST;TWO-WAY,NOT DIVIDED;DAYLIGHT;CLEAR;0;0;;NO CONTROL PRESENT;SPORT UTILITY;SPORT UTILITY;NONE;NONE;;2019-04-08T13:03:16-04:00;2019;No;No;4;13
100 FEET FROM PVA (201 HAMPTON LEE CT);TWO-WAY,NOT DIVIDED;DARK - LIGHTED ROADWAY;CLEAR;0;0;;NO CONTROL PRESENT;PASSENGER CAR;PICKUP;NONE;NONE;;2019-03-29T19:54:59-04:00;2019;No;No;3;19
.104 MILES FROM P.V.A (3480 KILDAIRE FARM RD);NONE;DAYLIGHT;CLEAR;0;0;;NO CONTROL PRESENT;PASSENGER CAR;SPORT UTILITY;NONE;NONE;;2019-04-14T16:03:27-04:00;2019;No;No;4;16
206 FEET FROM NC54 (CHAPEL HILL RD);TWO-WAY,DIVIDED,UNPROTECTED MEDIAN;DAYLIGHT;CLEAR;0;0;;STOP AND GO SIGNAL;PASSENGER CAR;NONE;NONE;NONE;;2019-03-27T07:06:51-04:00;2019;No;No;3;07
CARY;TWO-WAY,NOT DIVIDED;DAYLIGHT;CLEAR;0;0;;NO CONTROL PRESENT;PASSENGER CAR;SPORT UTILITY;NONE;NONE;;2019-04-16T14:12:40-04:00;2019;No;No;4;14
.10 MILES FROM PVA 2791 NC 55 HWY;TWO-WAY,NOT DIVIDED;DAYLIGHT;CLEAR;0;0;;NO CONTROL PRESENT;PASSENGER CAR;SPORT UTILITY;NONE;NONE;;2019-04-01T14:07:17-04:00;2019;No;No;4;14
100 FEET FROM FRYAR CREEK DR;TWO-WAY,NOT DIVIDED;DAYLIGHT;CLEAR;0;0;;NO CONTROL PRESENT;SPORT UTILITY;VAN;NONE;NONE;;2019-04-16T18:26:42-04:00;2019;No;No;4;18
.2 MILES FROM P.V.A (GOOSENECK DR);TWO-WAY,NOT DIVIDED;DAYLIGHT;CLEAR;0;0;;NO CONTROL PRESENT;PASSENGER CAR;SINGLE UNIT TRUCK (2-AXLE- 6-TIRE);NONE;NONE;;2019-04-01T13:53:22-04:00;2019;No;No;4;13
CARY;TWO-WAY,DIVIDED,UNPROTECTED MEDIAN;DAYLIGHT;CLEAR;0;0;;STOP AND GO SIGNAL;PASSENGER CAR;PASSENGER CAR;NONE;NONE;;2019-04-15T17:05:23-04:00;2019;No;No;4;17
150 FEET FROM SR 1415 (SE MAYNARD RD);TWO-WAY,DIVIDED,UNPROTECTED MEDIAN;DAYLIGHT;RAIN;0;0;;NO CONTROL PRESENT;PICKUP;PASSENGER CAR;NONE;NONE;;2019-04-02T10:48:00-04:00;2019;No;No;4;10
.1 MILES FROM US 1 HWY;TWO-WAY,DIVIDED,UNPROTECTED MEDIAN;DAYLIGHT;CLEAR;0;1;;NO CONTROL PRESENT;PASSENGER CAR;NONE;NONE;NONE;;2019-04-17T15:15:54-04:00;2019;No;Yes;4;15
10 FEET FROM W. CHATHAM ST;TWO-WAY,DIVIDED,UNPROTECTED MEDIAN;DAYLIGHT;CLOUDY;0;0;;STOP AND GO SIGNAL;PASSENGER CAR;SPORT UTILITY;NONE;NONE;;2019-04-02T17:12:35-04:00;2019;No;No;4;17
CARY;TWO-WAY,NOT DIVIDED;DARK - LIGHTED ROADWAY;CLEAR;0;1;;STOP AND GO SIGNAL;PICKUP;PASSENGER CAR;NONE;NONE;;2019-04-21T00:49:00-04:00;2019;No;Yes;4;00
CARY;TWO-WAY,DIVIDED,UNPROTECTED MEDIAN;DAYLIGHT;RAIN;0;2;;STOP AND GO SIGNAL;PASSENGER CAR;PASSENGER CAR;NONE;NONE;;2019-04-02T15:40:16-04:00;2019;No;Yes;4;15
300 FEET FROM PREMIER KEY DR;TWO-WAY,NOT DIVIDED;DAYLIGHT;CLEAR;0;1;LYING AND/OR ILLEGALLY IN ROADWAY;NO CONTROL PRESENT;VAN;NONE;NONE;NONE;;2019-04-18T12:59:00-04:00;2019;No;Yes;4;12
400 FEET FROM SR 1300 KILDAIRE FARM  RD;TWO-WAY,NOT DIVIDED;DAYLIGHT;CLEAR;0;0;;NO CONTROL PRESENT;PASSENGER CAR;PASSENGER CAR;NONE;NONE;;2019-04-03T07:51:11-04:00;2019;No;No;4;07
31 FEET FROM SR1152 (HOLLY SPRINGS RD);TWO-WAY,DIVIDED,UNPROTECTED MEDIAN;DARK - LIGHTED ROADWAY;CLEAR;0;1;;STOP AND GO SIGNAL;PASSENGER CAR;NONE;NONE;NONE;;2019-04-21T02:02:27-04:00;2019;No;Yes;4;02
92 FEET FROM PVA OF 600 AUTO PARK BLVD;TWO-WAY,NOT DIVIDED;DAYLIGHT;CLEAR;0;0;;NO CONTROL PRESENT;PASSENGER CAR;SPORT UTILITY;NONE;NONE;;2019-04-03T11:49:00-04:00;2019;No;No;4;11
.26 MILES FROM SR3977 (SE CARY PKWY);TWO-WAY,NOT DIVIDED;DARK - LIGHTED ROADWAY;CLEAR;0;1;;NO CONTROL PRESENT;PASSENGER CAR;NONE;NONE;NONE;;2019-04-21T04:29:08-04:00;2019;No;Yes;4;04
75 FEET FROM 930 HIGH HOUSE RD (PVA);NONE;NONE;NONE;0;0;;;NONE;NONE;NONE;NONE;;2018-06-08T00:51:00-04:00;2018;No;No;6;00
196 FEET FROM P.V.A. (1803 N HARRISON AVE);ONE-WAY,NOT DIVIDED;DAYLIGHT;CLOUDY;0;0;;NO CONTROL PRESENT;PASSENGER CAR;PASSENGER CAR;NONE;NONE;;2019-04-19T14:29:38-04:00;2019;No;No;4;14
250 FEET FROM SR 3977 SE CARY PKWY;TWO-WAY,DIVIDED,POSITIVE MEDIAN BARRIER;DAYLIGHT;CLEAR;0;0;;NO CONTROL PRESENT;PASSENGER CAR;PASSENGER CAR;NONE;NONE;;2019-04-03T17:21:49-04:00;2019;No;No;4;17
.1 MILES FROM SR-1147 EVANS RD;TWO-WAY,NOT DIVIDED;DAYLIGHT;RAIN;0;0;COMING FROM BEHIND PARKED VEHICLE;NO CONTROL PRESENT;PASSENGER CAR;NONE;NONE;NONE;;2019-04-19T17:50:23-04:00;2019;No;No;4;17
.20 MILES FROM HWY US 64;TWO-WAY,DIVIDED,UNPROTECTED MEDIAN;DAYLIGHT;RAIN;0;1;;NO CONTROL PRESENT;PASSENGER CAR;PASSENGER CAR;NONE;NONE;;2019-04-02T12:32:00-04:00;2019;No;Yes;4;12
150 FEET FROM 409 GOLDEN HARVEST LOOP;TWO-WAY,NOT DIVIDED;DARK - LIGHTED ROADWAY;CLEAR;0;0;;NO CONTROL PRESENT;PICKUP;PASSENGER CAR;NONE;NONE;;2019-04-18T22:25:00-04:00;2019;No;No;4;22
.34 MILES FROM HWY US 1;TWO-WAY,DIVIDED,POSITIVE MEDIAN BARRIER;DAYLIGHT;RAIN;0;0;;NO CONTROL PRESENT;PASSENGER CAR;NONE;NONE;NONE;;2019-04-02T10:40:00-04:00;2019;No;No;4;10
CARY;TWO-WAY,NOT DIVIDED;DUSK;CLOUDY;0;0;;NO CONTROL PRESENT;PASSENGER CAR;PASSENGER CAR;NONE;NONE;;2019-04-19T20:33:41-04:00;2019;No;No;4;20
0 FEET FROM NW CARY PKWY;TWO-WAY,NOT DIVIDED;DAYLIGHT;CLEAR;0;1;;STOP SIGN;PASSENGER CAR;PASSENGER CAR;NONE;NONE;;2019-04-03T09:15:24-04:00;2019;No;Yes;4;09
250 FEET FROM PVA OF 22000 DOCTINE WAY;TWO-WAY,NOT DIVIDED;DAYLIGHT;CLEAR;0;0;;NO CONTROL PRESENT;LIGHT TRUCK (MINI-VAN- PANEL);PICKUP;NONE;NONE;;2019-04-22T12:34:00-04:00;2019;No;No;4;12
.05 MILES FROM SR 1613 (DAVIS DR);TWO-WAY,DIVIDED,UNPROTECTED MEDIAN;DAYLIGHT;CLEAR;0;0;;NO CONTROL PRESENT;PICKUP;NONE;NONE;NONE;;2019-04-03T13:24:10-04:00;2019;No;No;4;13
.14 MILES FROM P.V.A (1151 TRYON VILLAGE DR;ONE-WAY,NOT DIVIDED;DAYLIGHT;CLEAR;0;0;;NO CONTROL PRESENT;SINGLE UNIT TRUCK (2-AXLE- 6-TIRE);SINGLE UNIT TRUCK (2-AXLE- 6-TIRE);NONE;NONE;;2019-04-22T06:12:52-04:00;2019;No;No;4;06
75 FEET FROM SR 1618 (WALDO ROOD BLVD);TWO-WAY,NOT DIVIDED;DAYLIGHT;CLEAR;0;0;;STOP AND GO SIGNAL;SPORT UTILITY;PASSENGER CAR;NONE;NONE;;2019-04-04T12:12:00-04:00;2019;No;No;4;12
.74 MILES FROM US 1 HWY;TWO-WAY,DIVIDED,POSITIVE MEDIAN BARRIER;DAYLIGHT;CLEAR;0;0;;NO CONTROL PRESENT;PICKUP;PASSENGER CAR;NONE;NONE;;2019-04-22T18:11:20-04:00;2019;No;No;4;18
30 FEET FROM SR 1300 (KILDAIRE FARM RD);TWO-WAY,DIVIDED,UNPROTECTED MEDIAN;DAYLIGHT;CLEAR;0;0;;NO CONTROL PRESENT;PASSENGER CAR;SPORT UTILITY;NONE;NONE;;2019-04-04T16:16:02-04:00;2019;No;No;4;16
300 FEET FROM P.V.A. 2010 KILDAIRE FARM RD;TWO-WAY,NOT DIVIDED;DAYLIGHT;CLEAR;0;2;;NO CONTROL PRESENT;SPORT UTILITY;PASSENGER CAR;NONE;NONE;;2019-04-22T18:29:40-04:00;2019;No;Yes;4;18
240 FEET FROM PVA 600 NEW WAVERLY PL;TWO-WAY,NOT DIVIDED;DAYLIGHT;CLEAR;0;0;;NO CONTROL PRESENT;PASSENGER CAR;PASSENGER CAR;NONE;NONE;;2019-04-04T17:59:09-04:00;2019;No;No;4;17
CARY;TWO-WAY,NOT DIVIDED;DARK - LIGHTED ROADWAY;CLEAR;0;1;;STOP AND GO SIGNAL;PASSENGER CAR;PASSENGER CAR;NONE;NONE;;2019-04-22T01:58:03-04:00;2019;No;Yes;4;01
65 FEET FROM SR 1315 (BUCK JONES RD);TWO-WAY,DIVIDED,UNPROTECTED MEDIAN;DAYLIGHT;CLEAR;0;0;;NO CONTROL PRESENT;PICKUP;PASSENGER CAR;NONE;NONE;;2019-04-04T12:56:00-04:00;2019;No;No;4;12
.1 MILES FROM PARKSIDE MAIN ST;ONE-WAY,NOT DIVIDED;DAYLIGHT;CLOUDY;0;0;;NO CONTROL PRESENT;SPORT UTILITY;PASSENGER CAR;NONE;NONE;;2019-04-22T22:24:00-04:00;2019;No;No;4;22
.19 MILES FROM SR 3977 (CARY PKWY);TWO-WAY,DIVIDED,POSITIVE MEDIAN BARRIER;DAYLIGHT;CLEAR;0;2;;NO CONTROL PRESENT;PASSENGER CAR;PASSENGER CAR;NONE;NONE;;2019-04-04T15:20:29-04:00;2019;No;Yes;4;15
.6 MILES FROM US 1 HWY;NONE;NONE;NONE;0;0;;;PASSENGER CAR;NONE;NONE;NONE;;2019-04-05T00:00:00-04:00;2019;No;No;4;00
200 FEET FROM SR 1497 (CARY TOWNE BLVD);TWO-WAY,DIVIDED,UNPROTECTED MEDIAN;DAYLIGHT;CLEAR;0;0;;STOP SIGN;SPORT UTILITY;PASSENGER CAR;NONE;NONE;;2019-04-04T15:35:59-04:00;2019;No;No;4;15
CARY;TWO-WAY,NOT DIVIDED;DARK - LIGHTED ROADWAY;CLEAR;0;0;;NO CONTROL PRESENT;PASSENGER CAR;SPORT UTILITY;NONE;NONE;;2019-04-18T22:14:00-04:00;2019;No;No;4;22
10 FEET FROM MACKENAN DR;TWO-WAY,DIVIDED,POSITIVE MEDIAN BARRIER;DAYLIGHT;CLEAR;0;0;;STOP AND GO SIGNAL;PICKUP;SPORT UTILITY;NONE;NONE;;2019-04-04T21:20:11-04:00;2019;No;No;4;21
.10 MILES FROM SR 3977 (SW CARY PKWY);TWO-WAY,DIVIDED,UNPROTECTED MEDIAN;DAYLIGHT;CLEAR;0;0;;STOP AND GO SIGNAL;PASSENGER CAR;PASSENGER CAR;PASSENGER CAR;NONE;;2019-04-23T19:03:09-04:00;2019;No;No;4;19
25 FEET FROM US 1 EXIT RAMP NB;ONE-WAY,NOT DIVIDED;DAYLIGHT;RAIN;0;0;;STOP AND GO SIGNAL;PASSENGER CAR;PASSENGER CAR;NONE;NONE;;2019-04-05T08:42:10-04:00;2019;No;No;4;08
20 FEET FROM P.V.A. (748 E CHATHAM ST);TWO-WAY,NOT DIVIDED;DAYLIGHT;CLEAR;0;0;;NO CONTROL PRESENT;PASSENGER CAR;PASSENGER CAR;NONE;NONE;;2019-04-24T12:45:00-04:00;2019;No;No;4;12
0 FEET FROM NC 55 HWY;TWO-WAY,NOT DIVIDED;DAYLIGHT;CLEAR;0;0;;STOP SIGN;VAN;PASSENGER CAR;NONE;NONE;;2019-04-04T07:33:07-04:00;2019;No;No;4;07
CARY;TWO-WAY,NOT DIVIDED;DAYLIGHT;CLEAR;0;0;;STOP SIGN;PASSENGER CAR;PASSENGER CAR;NONE;NONE;;2019-04-23T18:35:41-04:00;2019;No;No;4;18
100 FEET FROM SR 1415 (SE MAYNRD RD);TWO-WAY,NOT DIVIDED;DAYLIGHT;RAIN;0;0;;STOP SIGN;VAN;VAN;NONE;NONE;;2019-04-05T14:41:58-04:00;2019;No;No;4;14
100 FEET FROM 103 PARKWAY OFFICE CT PVA;TWO-WAY,NOT DIVIDED;DAYLIGHT;CLEAR;0;0;;NO CONTROL PRESENT;PASSENGER CAR;PASSENGER CAR;NONE;NONE;;2019-04-24T11:57:00-04:00;2019;No;No;4;11
10 FEET FROM SR 1313(WALNUT ST);TWO-WAY,DIVIDED,UNPROTECTED MEDIAN;DARK - ROADWAY NOT LIGHTED;CLEAR;0;0;DARTING;NO CONTROL PRESENT;PASSENGER CAR;NONE;NONE;NONE;;2019-04-07T00:38:00-04:00;2019;No;No;4;00
400 FEET FROM E DURHAM RD;TWO-WAY,NOT DIVIDED;DAYLIGHT;CLEAR;0;0;;NO CONTROL PRESENT;PASSENGER CAR;SPORT UTILITY;NONE;NONE;;2019-04-23T13:38:25-04:00;2019;No;No;4;13
70 FEET FROM SR 1009 (TRYON RD);TWO-WAY,DIVIDED,UNPROTECTED MEDIAN;DAYLIGHT;CLEAR;0;0;;NO CONTROL PRESENT;PASSENGER CAR;SPORT UTILITY;SPORT UTILITY;NONE;;2019-04-06T08:26:43-04:00;2019;No;No;4;08
CARY;TWO-WAY,NOT DIVIDED;DAYLIGHT;CLEAR;0;0;;STOP SIGN;VAN;VAN;NONE;NONE;;2019-04-24T16:56:24-04:00;2019;No;No;4;16
240 FEET FROM SR 1624 (CARPENTER FIRE);TWO-WAY,NOT DIVIDED;DAYLIGHT;CLEAR;0;0;;NO CONTROL PRESENT;PASSENGER CAR;PASSENGER CAR;NONE;NONE;;2019-04-07T12:46:00-04:00;2019;No;No;4;12
5 FEET FROM P.V.A. 1105 WALNUT ST;TWO-WAY,NOT DIVIDED;DAYLIGHT;CLEAR;0;0;;NO CONTROL PRESENT;PASSENGER CAR;VAN;NONE;NONE;;2019-04-27T18:14:18-04:00;2019;No;No;4;18
.5 MILES FROM US1;TWO-WAY,DIVIDED,POSITIVE MEDIAN BARRIER;DAYLIGHT;CLEAR;0;0;;NO CONTROL PRESENT;NONE;PASSENGER CAR;NONE;NONE;;2019-03-19T21:15:39-04:00;2019;No;No;3;21
59 FEET FROM PVA LOWES(2000 WALNUT ST);TWO-WAY,NOT DIVIDED;DAYLIGHT;CLEAR;0;0;;NO CONTROL PRESENT;SPORT UTILITY;VAN;NONE;NONE;;2019-04-28T12:23:00-04:00;2019;No;No;4;12
50 FEET FROM P.V.A. (1001 ST CHARLES PL);TWO-WAY,NOT DIVIDED;DAYLIGHT;RAIN;0;0;;NO CONTROL PRESENT;PASSENGER CAR;PASSENGER CAR;NONE;NONE;;2019-04-02T12:47:00-04:00;2019;No;No;4;12
0 FEET FROM MORRISVILLE PKWY;TWO-WAY,DIVIDED,UNPROTECTED MEDIAN;DAYLIGHT;CLEAR;0;0;;STOP AND GO SIGNAL;PICKUP;PASSENGER CAR;NONE;NONE;;2019-04-25T07:51:37-04:00;2019;No;No;4;07
CARY;TWO-WAY,DIVIDED,POSITIVE MEDIAN BARRIER;DAYLIGHT;RAIN;0;0;;STOP AND GO SIGNAL;PASSENGER CAR;PASSENGER CAR;NONE;NONE;;2019-04-05T16:21:18-04:00;2019;No;No;4;16
0 FEET FROM SAS CAMPUS DR;TWO-WAY,DIVIDED,UNPROTECTED MEDIAN;DAYLIGHT;CLEAR;0;0;;NO CONTROL PRESENT;PASSENGER CAR;PASSENGER CAR;NONE;NONE;;2019-04-25T08:17:08-04:00;2019;No;No;4;08
300 FEET FROM PVA (10110 GREEN LEVEL CHURCH;TWO-WAY,NOT DIVIDED;DAYLIGHT;RAIN;0;0;;NO CONTROL PRESENT;PASSENGER CAR;PASSENGER CAR;NONE;NONE;;2019-04-05T17:30:09-04:00;2019;No;No;4;17
CARY;TWO-WAY,DIVIDED,UNPROTECTED MEDIAN;DAYLIGHT;CLEAR;0;0;;STOP SIGN;SPORT UTILITY;SPORT UTILITY;PASSENGER CAR;NONE;;2019-04-29T13:09:02-04:00;2019;No;No;4;13
130 FEET FROM APPLECROSS DR;TWO-WAY,NOT DIVIDED;DAYLIGHT;RAIN;0;0;;STOP SIGN;PASSENGER CAR;PASSENGER CAR;NONE;NONE;;2019-04-05T17:21:26-04:00;2019;No;No;4;17
35 FEET FROM SR 3977 (SE CARY PKWY);TWO-WAY,DIVIDED,UNPROTECTED MEDIAN;DAYLIGHT;CLEAR;0;0;;STOP AND GO SIGNAL;SPORT UTILITY;SPORT UTILITY;NONE;NONE;;2019-04-30T11:02:00-04:00;2019;No;No;4;11
200 FEET FROM US 1 HWY;TWO-WAY,DIVIDED,POSITIVE MEDIAN BARRIER;DAYLIGHT;RAIN;0;0;;NO CONTROL PRESENT;PASSENGER CAR;PASSENGER CAR;NONE;NONE;;2019-04-05T17:24:56-04:00;2019;No;No;4;17
.1 MILES FROM HWY US 1;TWO-WAY,DIVIDED,POSITIVE MEDIAN BARRIER;DAYLIGHT;CLEAR;0;0;;NO CONTROL PRESENT;NONE;PICKUP;NONE;NONE;;2019-04-30T12:05:00-04:00;2019;No;No;4;12
40 FEET FROM PVA OF 280 MEETING ST;TWO-WAY,NOT DIVIDED;DARK - LIGHTED ROADWAY;RAIN;0;0;;NO CONTROL PRESENT;SPORT UTILITY;SPORT UTILITY;NONE;NONE;;2019-04-05T22:14:00-04:00;2019;No;No;4;22
290 FEET FROM MCRAE RD;TWO-WAY,NOT DIVIDED;DAYLIGHT;CLEAR;0;0;;NO CONTROL PRESENT;SPORT UTILITY;SPORT UTILITY;NONE;NONE;;2019-05-01T09:56:24-04:00;2019;No;No;5;09
300 FEET FROM SR 5808 (E CHATHAM ST);ONE-WAY,NOT DIVIDED;DARK - LIGHTED ROADWAY;CLEAR;0;0;;YIELD SIGN;PASSENGER CAR;PASSENGER CAR;NONE;NONE;;2019-04-06T01:33:32-04:00;2019;No;No;4;01
30 FEET FROM DORSET DR;TWO-WAY,NOT DIVIDED;DAYLIGHT;CLEAR;0;0;;NO CONTROL PRESENT;PICKUP;NONE;NONE;NONE;;2019-05-01T11:18:00-04:00;2019;No;No;5;11
225 FEET FROM P.V.A. (2080 KILDAIRE FARM RD);TWO-WAY,NOT DIVIDED;DAYLIGHT;CLOUDY;0;0;;NO CONTROL PRESENT;PASSENGER CAR;PASSENGER CAR;NONE;NONE;;2019-04-07T16:14:20-04:00;2019;No;No;4;16
100 FEET FROM CROSSROADS BLVD;TWO-WAY,DIVIDED,POSITIVE MEDIAN BARRIER;DAYLIGHT;CLEAR;0;2;;NO CONTROL PRESENT;PASSENGER CAR;PASSENGER CAR;NONE;NONE;;2019-05-01T13:19:18-04:00;2019;No;Yes;5;13
350 FEET FROM SR 1313 (WALNUT ST);TWO-WAY,DIVIDED,UNPROTECTED MEDIAN;DAYLIGHT;CLOUDY;0;2;;NO CONTROL PRESENT;PASSENGER CAR;VAN;SPORT UTILITY;PASSENGER CAR;;2019-04-08T17:42:35-04:00;2019;No;Yes;4;17
428 FEET FROM SR 3977 (SE CARY PKWY);TWO-WAY,NOT DIVIDED;DAYLIGHT;CLEAR;0;0;;STOP AND GO SIGNAL;PASSENGER CAR;PASSENGER CAR;NONE;NONE;;2019-05-01T17:34:57-04:00;2019;No;No;5;17
150 FEET FROM SR 1615 (HIGH HOUSE RD);TWO-WAY,DIVIDED,UNPROTECTED MEDIAN;DAYLIGHT;CLEAR;0;0;;NO CONTROL PRESENT;PASSENGER CAR;PASSENGER CAR;NONE;NONE;;2019-04-06T16:54:25-04:00;2019;No;No;4;16
40 FEET FROM US 1 HWY;ONE-WAY,NOT DIVIDED;DAYLIGHT;CLEAR;0;1;;STOP AND GO SIGNAL;SPORT UTILITY;SPORT UTILITY;NONE;NONE;;2019-05-02T15:47:53-04:00;2019;No;Yes;5;15
CARY;TWO-WAY,NOT DIVIDED;DAYLIGHT;CLEAR;0;0;;NO CONTROL PRESENT;PASSENGER CAR;PASSENGER CAR;NONE;NONE;;2019-04-08T15:08:01-04:00;2019;No;No;4;15
15 FEET FROM SR 1650 (REEDY CREEK RD);TWO-WAY,NOT DIVIDED;DAYLIGHT;CLOUDY;0;0;;STOP SIGN;PASSENGER CAR;PASSENGER CAR;NONE;NONE;;2019-05-03T07:22:08-04:00;2019;No;No;5;07
50 FEET FROM SR 1011 (W CHATHAM ST);TWO-WAY,NOT DIVIDED;DAYLIGHT;CLOUDY;0;0;;STOP AND GO SIGNAL;PASSENGER CAR;PASSENGER CAR;NONE;NONE;;2019-04-09T08:15:28-04:00;2019;No;No;4;08
175 FEET FROM HIGHWOOD PINES PL;TWO-WAY,NOT DIVIDED;DAYLIGHT;CLEAR;0;0;;NO CONTROL PRESENT;SPORT UTILITY;SPORT UTILITY;NONE;NONE;;2019-05-03T13:41:15-04:00;2019;No;No;5;13
50 FEET FROM SR-1655 TRINITY RD;TWO-WAY,NOT DIVIDED;DARK - ROADWAY NOT LIGHTED;CLEAR;0;0;;RR GATE AND FLASHER;PASSENGER CAR;NONE;NONE;NONE;;2019-04-09T22:54:00-04:00;2019;No;No;4;22
100 FEET FROM 800 GLENDALE DR (PVA);TWO-WAY,NOT DIVIDED;DAYLIGHT;CLEAR;0;0;;NO CONTROL PRESENT;PASSENGER CAR;VAN;NONE;NONE;;2019-05-03T14:33:37-04:00;2019;No;No;5;14
2 MILES FROM US 1;TWO-WAY,DIVIDED,POSITIVE MEDIAN BARRIER;DAYLIGHT;CLOUDY;0;0;;NO CONTROL PRESENT;PASSENGER CAR;SPORT UTILITY;NONE;NONE;;2019-04-09T08:15:54-04:00;2019;No;No;4;08
415 FEET FROM PVA BJS (2370 WALNUT ST);TWO-WAY,NOT DIVIDED;DAYLIGHT;CLEAR;0;0;;NO CONTROL PRESENT;PASSENGER CAR;PASSENGER CAR;NONE;NONE;;2019-05-04T12:24:00-04:00;2019;No;No;5;12
.1 MILES FROM P.V.A. 4000 LOUIS STEPHENS DR;ONE-WAY,NOT DIVIDED;DARK - LIGHTED ROADWAY;CLOUDY;0;0;;NO CONTROL PRESENT;SPORT UTILITY;PASSENGER CAR;NONE;NONE;;2019-04-09T23:11:00-04:00;2019;No;No;4;23
200 FEET FROM SR 1300 (KILDAIRE FARM RD);TWO-WAY,DIVIDED,UNPROTECTED MEDIAN;DAYLIGHT;CLEAR;0;0;;NO CONTROL PRESENT;PASSENGER CAR;PICKUP;NONE;NONE;;2019-05-02T14:31:16-04:00;2019;No;No;5;14
50 FEET FROM AIRPORT BVLD;NONE;NONE;NONE;0;0;;;NONE;NONE;NONE;NONE;;2019-04-05T21:54:00-04:00;2019;No;No;4;21
.1 MILES FROM US 1 HWY;TWO-WAY,DIVIDED,POSITIVE MEDIAN BARRIER;DAYLIGHT;CLEAR;0;0;;NO CONTROL PRESENT;PASSENGER CAR;PASSENGER CAR;PASSENGER CAR;NONE;;2019-05-06T07:41:33-04:00;2019;No;No;5;07
CARY;TWO-WAY,DIVIDED,UNPROTECTED MEDIAN;DAYLIGHT;CLEAR;0;0;;STOP SIGN;NONE;NONE;NONE;NONE;;2019-04-11T14:38:49-04:00;2019;No;No;4;14
200 FEET FROM P.V.A. (2021 WALNUT ST);NONE;NONE;NONE;0;0;;;NONE;NONE;NONE;NONE;;2019-04-15T00:00:00-04:00;2019;No;No;4;00
.2 MILES FROM US HWY 1;TWO-WAY,DIVIDED,POSITIVE MEDIAN BARRIER;DAYLIGHT;CLEAR;0;2;;NO CONTROL PRESENT;PASSENGER CAR;VAN;VAN;NONE;;2019-04-10T09:01:28-04:00;2019;No;Yes;4;09
130 FEET FROM SR-3112 (NW CARY PKWY);TWO-WAY,NOT DIVIDED;DAYLIGHT;CLEAR;0;1;;NO CONTROL PRESENT;PASSENGER CAR;PASSENGER CAR;NONE;NONE;;2019-05-06T08:49:43-04:00;2019;No;Yes;5;08