Location_Description;Road_Configuration;Light_Condition;Weather;Fatality;Injury;Contributing_Factor;Traffic_Control;Vehicle1;Vehicle2;Vehicle3;Vehicle4;Vehicle5;Crash_Date;year;Fatalities;Injuries;Month;Hour
10 FEET FROM KILMAYNE DR;TWO-WAY,DIVIDED,POSITIVE MEDIAN BARRIER;DAYLIGHT;RAIN;0;0;;STOP AND GO SIGNAL;PASSENGER CAR;PICKUP;NONE;NONE;;2019-06-12T18:48:57-04:00;2019;No;No;6;18
75 FEET FROM S. R. 1152(HOLLY SPRINGS DR);TWO-WAY,DIVIDED,UNPROTECTED MEDIAN;DAYLIGHT;CLEAR;0;0;;STOP AND GO SIGNAL;PASSENGER CAR;SPORT UTILITY;NONE;NONE;;2019-05-18T12:28:00-04:00;2019;No;No;5;12
200 FEET FROM PVA OF 10900 SR 1379 (PENNY RD;TWO-WAY,NOT DIVIDED;DAYLIGHT;CLEAR;0;0;;NO CONTROL PRESENT;PASSENGER CAR;PASSENGER CAR;NONE;NONE;;2019-06-11T10:01:00-04:00;2019;No;No;6;10
20 FEET FROM PVA 1809 WALNUT ST;TWO-WAY,NOT DIVIDED;DAYLIGHT;CLEAR;0;0;;NO CONTROL PRESENT;PASSENGER CAR;NONE;NONE;NONE;;2019-05-17T13:52:30-04:00;2019;No;No;5;13
30 FEET FROM PVA OF 401 COLONADES WAY;TWO-WAY,NOT DIVIDED;DAYLIGHT;CLEAR;0;0;;NO CONTROL PRESENT;SPORT UTILITY;NONE;NONE;NONE;;2019-06-14T08:50:08-04:00;2019;No;No;6;08
100 FEET FROM SR 1300 (KILDAIRE FARM RD);TWO-WAY,NOT DIVIDED;DAYLIGHT;CLEAR;0;1;;NO CONTROL PRESENT;PASSENGER CAR;SPORT UTILITY;NONE;NONE;;2019-05-18T05:38:02-04:00;2019;No;Yes;5;05
200 FEET FROM 3470 KILDAIRE FARM RD;NONE;DAYLIGHT;CLEAR;0;0;;NO CONTROL PRESENT;PASSENGER CAR;PICKUP;NONE;NONE;;2019-06-16T18:51:35-04:00;2019;No;No;6;18
.1 MILES FROM SR 3977 (SE CARY PKWY);TWO-WAY,DIVIDED,UNPROTECTED MEDIAN;DAYLIGHT;CLEAR;0;0;;NO CONTROL PRESENT;VAN;PASSENGER CAR;NONE;NONE;;2019-05-19T16:25:56-04:00;2019;No;No;5;16
.14 MILES FROM SR 1313 (WALNUT ST);TWO-WAY,DIVIDED,POSITIVE MEDIAN BARRIER;DAYLIGHT;CLEAR;0;0;;NO CONTROL PRESENT;PASSENGER CAR;PASSENGER CAR;NONE;NONE;;2019-06-14T14:59:30-04:00;2019;No;No;6;14
CARY;TWO-WAY,DIVIDED,UNPROTECTED MEDIAN;DAYLIGHT;CLEAR;0;0;;STOP AND GO SIGNAL;PASSENGER CAR;PASSENGER CAR;NONE;NONE;;2019-05-20T16:53:52-04:00;2019;No;No;5;16
65 FEET FROM 104 BOURNE WOOD DR;TWO-WAY,NOT DIVIDED;DAYLIGHT;CLEAR;0;0;;NO CONTROL PRESENT;SPORT UTILITY;PASSENGER CAR;NONE;NONE;;2019-06-15T12:19:00-04:00;2019;No;No;6;12
CARY;ONE-WAY,NOT DIVIDED;DAYLIGHT;CLEAR;0;0;;STOP AND GO SIGNAL;PASSENGER CAR;SPORT UTILITY;NONE;NONE;;2019-05-21T18:45:52-04:00;2019;No;No;5;18
.3 MILES FROM P.V.A. (2021 WALNUT ST);TWO-WAY,NOT DIVIDED;DAYLIGHT;CLEAR;0;0;;NO CONTROL PRESENT;PICKUP;SPORT UTILITY;NONE;NONE;;2019-06-15T15:36:18-04:00;2019;No;No;6;15
.1 MILES FROM S.R. 1613 (DAVIS DR);TWO-WAY,DIVIDED,UNPROTECTED MEDIAN;DAYLIGHT;CLEAR;0;0;;STOP AND GO SIGNAL;PASSENGER CAR;PASSENGER CAR;NONE;NONE;;2019-05-21T10:43:00-04:00;2019;No;No;5;10
200 FEET FROM P.V.A. (1020 BRADFORD PLAZA WA;TWO-WAY,NOT DIVIDED;DAYLIGHT;CLEAR;0;0;;NO CONTROL PRESENT;PASSENGER CAR;PASSENGER CAR;PASSENGER CAR;NONE;;2019-06-12T17:13:26-04:00;2019;No;No;6;17
.16 MILES FROM SR 1315 (BUCK JONES RD);TWO-WAY,DIVIDED,UNPROTECTED MEDIAN;DAYLIGHT;CLEAR;0;0;;NO CONTROL PRESENT;SINGLE UNIT TRUCK (2-AXLE- 6-TIRE);SPORT UTILITY;NONE;NONE;;2019-05-21T08:29:43-04:00;2019;No;No;5;08
400 FEET FROM WESTON PKWY;TWO-WAY,DIVIDED,UNPROTECTED MEDIAN;DAYLIGHT;CLEAR;0;0;;NO CONTROL PRESENT;PASSENGER CAR;NONE;NONE;NONE;;2019-06-17T14:58:58-04:00;2019;No;No;6;14
50 FEET FROM SR 3081 (CHAPEL HILL RD);TWO-WAY,NOT DIVIDED;DAYLIGHT;CLOUDY;0;0;;NO CONTROL PRESENT;PASSENGER CAR;PASSENGER CAR;NONE;NONE;;2019-05-22T17:07:35-04:00;2019;No;No;5;17
0 FEET FROM SR 1313 (WALNUT ST);TWO-WAY,DIVIDED,UNPROTECTED MEDIAN;DAYLIGHT;CLEAR;0;1;;STOP AND GO SIGNAL;SPORT UTILITY;PICKUP;NONE;NONE;;2019-06-17T15:17:41-04:00;2019;No;Yes;6;15
CARY;TWO-WAY,DIVIDED,UNPROTECTED MEDIAN;DAYLIGHT;CLOUDY;0;0;;STOP SIGN;PASSENGER CAR;PASSENGER CAR;NONE;NONE;;2019-05-22T18:07:47-04:00;2019;No;No;5;18
85 FEET FROM P.V.A. (440 CROSSROADS BLVD);TWO-WAY,NOT DIVIDED;DAYLIGHT;CLEAR;0;0;;NO CONTROL PRESENT;SPORT UTILITY;PASSENGER CAR;NONE;NONE;;2019-06-17T16:03:19-04:00;2019;No;No;6;16
200 FEET FROM 1 HWY;TWO-WAY,DIVIDED,POSITIVE MEDIAN BARRIER;DAYLIGHT;CLEAR;0;0;;NO CONTROL PRESENT;SPORT UTILITY;PASSENGER CAR;NONE;NONE;;2019-05-22T08:51:23-04:00;2019;No;No;5;08
0 FEET FROM SR 1632 (LOUIS STEPHENS DR);TWO-WAY,DIVIDED,UNPROTECTED MEDIAN;DAYLIGHT;CLEAR;0;0;;STOP AND GO SIGNAL;VAN;PASSENGER CAR;NONE;NONE;;2019-06-17T13:20:26-04:00;2019;No;No;6;13
300 FEET FROM US 64;TWO-WAY,DIVIDED,UNPROTECTED MEDIAN;DAYLIGHT;CLEAR;0;0;;NO CONTROL PRESENT;PASSENGER CAR;PASSENGER CAR;NONE;NONE;;2019-05-23T16:52:06-04:00;2019;No;No;5;16
75 FEET FROM SR 1615 (HIGH HOUSE RD);TWO-WAY,DIVIDED,UNPROTECTED MEDIAN;DAYLIGHT;CLEAR;0;0;;STOP AND GO SIGNAL;PASSENGER CAR;SPORT UTILITY;NONE;NONE;;2019-06-18T09:02:03-04:00;2019;No;No;6;09
30 FEET FROM P.V.A. OF 300 ASHVILLE AVE;TWO-WAY,NOT DIVIDED;DAYLIGHT;CLOUDY;0;0;;NO CONTROL PRESENT;VAN;SPORT UTILITY;NONE;NONE;;2019-05-22T15:50:15-04:00;2019;No;No;5;15
95 FEET FROM PVA (10210 GREEN LEVEL CHURCH;TWO-WAY,NOT DIVIDED;DAYLIGHT;CLEAR;0;0;;NO CONTROL PRESENT;SPORT UTILITY;LIGHT TRUCK (MINI-VAN- PANEL);NONE;NONE;;2019-06-18T11:18:00-04:00;2019;No;No;6;11
100 FEET FROM 1 HWY;TWO-WAY,DIVIDED,POSITIVE MEDIAN BARRIER;DAYLIGHT;CLEAR;0;4;;NO CONTROL PRESENT;SPORT UTILITY;SPORT UTILITY;NONE;NONE;;2019-05-23T15:22:42-04:00;2019;No;Yes;5;15
.5 MILES FROM P.V.A. (300 PRESTONWOOD PKWY);TWO-WAY,NOT DIVIDED;DAYLIGHT;CLEAR;0;0;;NO CONTROL PRESENT;NONE;PASSENGER CAR;NONE;NONE;;2019-06-18T11:06:00-04:00;2019;No;No;6;11
20 FEET FROM SR 1300 (KILDAIRE FARM RD);TWO-WAY,DIVIDED,UNPROTECTED MEDIAN;DAYLIGHT;CLEAR;0;0;;STOP AND GO SIGNAL;PASSENGER CAR;SPORT UTILITY;NONE;NONE;;2019-05-24T12:26:00-04:00;2019;No;No;5;12
200 FEET FROM SR# 1300 (KILDAIRE FARM RD);TWO-WAY,NOT DIVIDED;DAYLIGHT;CLEAR;0;0;;NO CONTROL PRESENT;VAN;SPORT UTILITY;NONE;NONE;;2019-06-18T10:54:00-04:00;2019;No;No;6;10
CARY;TWO-WAY,NOT DIVIDED;DAYLIGHT;CLEAR;0;0;;NO CONTROL PRESENT;PICKUP;PASSENGER CAR;NONE;NONE;;2019-05-23T15:41:06-04:00;2019;No;No;5;15
5 FEET FROM SR 1652 (N HARRISON AV);TWO-WAY,DIVIDED,UNPROTECTED MEDIAN;DAYLIGHT;CLEAR;0;0;;STOP AND GO SIGNAL;PASSENGER CAR;PASSENGER CAR;NONE;NONE;;2019-06-18T08:18:58-04:00;2019;No;No;6;08
.5 MILES FROM US1 N;TWO-WAY,DIVIDED,POSITIVE MEDIAN BARRIER;DAYLIGHT;CLEAR;0;1;;NO CONTROL PRESENT;PASSENGER CAR;PASSENGER CAR;PICKUP;NONE;;2019-05-23T16:36:50-04:00;2019;No;Yes;5;16
30 FEET FROM SR 1009 (TRYON RD);TWO-WAY,DIVIDED,UNPROTECTED MEDIAN;DAYLIGHT;CLOUDY;0;0;;STOP AND GO SIGNAL;VAN;PASSENGER CAR;NONE;NONE;;2019-06-19T09:07:53-04:00;2019;No;No;6;09
214 FEET FROM P.V.A. (1904 NW MAYNARD RD);TWO-WAY,NOT DIVIDED;DAYLIGHT;CLEAR;0;0;;NO CONTROL PRESENT;SPORT UTILITY;PASSENGER CAR;NONE;NONE;;2019-05-24T12:44:00-04:00;2019;No;No;5;12
.01 MILES FROM US 64 HWY;TWO-WAY,DIVIDED,UNPROTECTED MEDIAN;DAYLIGHT;CLEAR;0;0;;STOP AND GO SIGNAL;PASSENGER CAR;SPORT UTILITY;NONE;NONE;;2019-06-19T16:17:45-04:00;2019;No;No;6;16
150 FEET FROM NC 54 (CHAPEL HILL RD);TWO-WAY,DIVIDED,UNPROTECTED MEDIAN;DAYLIGHT;CLEAR;0;0;;NO CONTROL PRESENT;PASSENGER CAR;PICKUP;NONE;NONE;;2019-05-25T14:30:29-04:00;2019;No;No;5;14
.01 MILES FROM US 64 HWY;TWO-WAY,DIVIDED,UNPROTECTED MEDIAN;DAYLIGHT;CLEAR;0;0;;FLASHING STOP AND GO SIGNAL;PICKUP;PASSENGER CAR;NONE;NONE;;2019-06-19T17:24:02-04:00;2019;No;No;6;17
350 FEET FROM PVA (100 NANTUCKET DR);ONE-WAY,NOT DIVIDED;DAYLIGHT;CLEAR;0;0;;NO CONTROL PRESENT;NONE;PICKUP;NONE;NONE;;2019-05-26T19:54:23-04:00;2019;No;No;5;19
.02 MILES FROM SR 3977 (SE CARY PARKWAY);TWO-WAY,NOT DIVIDED;DAYLIGHT;CLEAR;0;0;;NO CONTROL PRESENT;SPORT UTILITY;NONE;NONE;NONE;;2019-06-20T13:04:11-04:00;2019;No;No;6;13
0.12 MILES FROM P.V.A. 2000 SR 1313 (WALNUT ST;TWO-WAY,NOT DIVIDED;DAYLIGHT;CLEAR;0;0;;NO CONTROL PRESENT;PASSENGER CAR;SPORT UTILITY;NONE;NONE;;2019-05-25T14:18:25-04:00;2019;No;No;5;14
270 FEET FROM P.V.A. (1210 KILDAIRE FARM RD);TWO-WAY,NOT DIVIDED;DAYLIGHT;CLEAR;0;0;;NO CONTROL PRESENT;PASSENGER CAR;PASSENGER CAR;NONE;NONE;;2019-06-20T14:42:15-04:00;2019;No;No;6;14
30 FEET FROM PVA OF 1120 SR 3977 (CARY PKWY;TWO-WAY,NOT DIVIDED;DAYLIGHT;CLEAR;0;0;;NO CONTROL PRESENT;PASSENGER CAR;PASSENGER CAR;NONE;NONE;;2019-05-24T14:00:45-04:00;2019;No;No;5;14
300 FEET FROM P.V.A. 2861 JONES FRANKLIN RD;TWO-WAY,NOT DIVIDED;DAYLIGHT;CLEAR;0;0;;NO CONTROL PRESENT;PASSENGER CAR;VAN;NONE;NONE;;2019-06-20T12:13:00-04:00;2019;No;No;6;12
62 FEET FROM P.V.A. (4320 TEN TEN RD);TWO-WAY,NOT DIVIDED;DAYLIGHT;CLEAR;0;0;;NO CONTROL PRESENT;PICKUP;PASSENGER CAR;NONE;NONE;;2019-05-25T15:28:26-04:00;2019;No;No;5;15
280 FEET FROM PVA 1961 HIGH HOUSE RD;TWO-WAY,NOT DIVIDED;DAYLIGHT;CLEAR;0;0;;NO CONTROL PRESENT;PASSENGER CAR;NONE;NONE;NONE;;2019-06-21T12:11:00-04:00;2019;No;No;6;12
.1 MILES FROM PVA 790 CRABTREE CROSSING PKWY;TWO-WAY,NOT DIVIDED;DAYLIGHT;CLEAR;0;0;;NO CONTROL PRESENT;PASSENGER CAR;PICKUP;NONE;NONE;;2019-05-27T06:56:51-04:00;2019;No;No;5;06
CARY;TWO-WAY,DIVIDED,UNPROTECTED MEDIAN;DAYLIGHT;CLEAR;0;1;FAILURE TO YIELD RIGHT OF WAY;STOP AND GO SIGNAL;NONE;PASSENGER CAR;NONE;NONE;;2019-06-22T10:04:00-04:00;2019;No;Yes;6;10
35 FEET FROM WOODFIELD LAKE RD;TWO-WAY,NOT DIVIDED;DAYLIGHT;CLEAR;0;0;;NO CONTROL PRESENT;PASSENGER CAR;PASSENGER CAR;NONE;NONE;;2019-05-24T10:25:00-04:00;2019;No;No;5;10
68 FEET FROM SR 1300 (KILDAIRE FARM RD);TWO-WAY,DIVIDED,UNPROTECTED MEDIAN;DAYLIGHT;CLEAR;0;1;;STOP AND GO SIGNAL;SPORT UTILITY;PASSENGER CAR;NONE;NONE;;2019-06-22T10:43:00-04:00;2019;No;Yes;6;10
250 FEET FROM SR 1300 (KILDARE FARM RD);TWO-WAY,NOT DIVIDED;DAYLIGHT;CLEAR;0;0;;NO CONTROL PRESENT;PASSENGER CAR;PASSENGER CAR;NONE;NONE;;2019-05-28T17:53:44-04:00;2019;No;No;5;17
45 FEET FROM US 1 HWY;TWO-WAY,DIVIDED,POSITIVE MEDIAN BARRIER;DAYLIGHT;CLEAR;0;0;;NO CONTROL PRESENT;PASSENGER CAR;PASSENGER CAR;NONE;NONE;;2019-06-24T07:46:57-04:00;2019;No;No;6;07
100 FEET FROM US1 SOUTH;TWO-WAY,DIVIDED,POSITIVE MEDIAN BARRIER;DAYLIGHT;CLEAR;0;0;;NO CONTROL PRESENT;PASSENGER CAR;PASSENGER CAR;NONE;NONE;;2019-05-29T18:50:55-04:00;2019;No;No;5;18
153 FEET FROM P.V.A. (302 PEBBLE CREEK DR);TWO-WAY,NOT DIVIDED;DARK - ROADWAY NOT LIGHTED;CLEAR;0;0;;STOP SIGN;NONE;PASSENGER CAR;NONE;NONE;;2019-06-22T21:12:30-04:00;2019;No;No;6;21
.1 MILES FROM PVA (4248 NW CARY PKWY);TWO-WAY,NOT DIVIDED;DAYLIGHT;CLEAR;0;0;;NO CONTROL PRESENT;PASSENGER CAR;PASSENGER CAR;NONE;NONE;;2019-05-29T19:56:00-04:00;2019;No;No;5;19
400 FEET FROM SR 3977 (SW CARY PKWY);TWO-WAY,DIVIDED,UNPROTECTED MEDIAN;DAYLIGHT;CLEAR;0;0;;STOP AND GO SIGNAL;PASSENGER CAR;PASSENGER CAR;NONE;NONE;;2019-06-24T01:03:46-04:00;2019;No;No;6;01
15 FEET FROM SR-1010 TEN TEN RD;TWO-WAY,DIVIDED,UNPROTECTED MEDIAN;DAYLIGHT;CLEAR;0;0;;STOP AND GO SIGNAL;PASSENGER CAR;PASSENGER CAR;NONE;NONE;;2019-05-31T07:45:16-04:00;2019;No;No;5;07
.1 MILES FROM US HWY 1;TWO-WAY,DIVIDED,POSITIVE MEDIAN BARRIER;DAYLIGHT;CLEAR;0;3;;NO CONTROL PRESENT;PASSENGER CAR;SPORT UTILITY;PASSENGER CAR;PASSENGER CAR;;2019-06-24T17:27:15-04:00;2019;No;Yes;6;17
300 FEET FROM SR 1652 (N HARRISON AVE);TWO-WAY,DIVIDED,UNPROTECTED MEDIAN;DAYLIGHT;CLEAR;0;0;;FLASHING SIGNAL WITH STOP SIGN;PASSENGER CAR;SPORT UTILITY;NONE;NONE;;2019-05-31T09:05:13-04:00;2019;No;No;5;09
0 FEET FROM SR 1652 (N HARRISON AVE);TWO-WAY,DIVIDED,UNPROTECTED MEDIAN;DAYLIGHT;CLEAR;0;0;;STOP AND GO SIGNAL;SPORT UTILITY;SPORT UTILITY;NONE;NONE;;2019-06-25T08:09:25-04:00;2019;No;No;6;08
150 FEET FROM SR 3977 (CARY PKWY);TWO-WAY,DIVIDED,UNPROTECTED MEDIAN;DAYLIGHT;CLEAR;0;0;;NO CONTROL PRESENT;PICKUP;NONE;NONE;NONE;;2019-05-31T15:13:58-04:00;2019;No;No;5;15
.09 MILES FROM AMBASSADOR LOOP;TWO-WAY,NOT DIVIDED;DAYLIGHT;CLEAR;0;0;;NO CONTROL PRESENT;PASSENGER CAR;PASSENGER CAR;NONE;NONE;;2019-06-25T09:28:32-04:00;2019;No;No;6;09
50 FEET FROM P.V.A. 869 SE MAYNARD RD;ONE-WAY,NOT DIVIDED;DAYLIGHT;CLEAR;0;0;;NO CONTROL PRESENT;PASSENGER CAR;PASSENGER CAR;NONE;NONE;;2019-05-31T14:52:25-04:00;2019;No;No;5;14
CARY;TWO-WAY,NOT DIVIDED;DAYLIGHT;CLEAR;0;1;;STOP SIGN;PASSENGER CAR;SPORT UTILITY;NONE;NONE;;2019-06-25T09:52:15-04:00;2019;No;Yes;6;09
0 FEET FROM NC 55 HWY;TWO-WAY,DIVIDED,UNPROTECTED MEDIAN;DAYLIGHT;CLEAR;0;0;;STOP AND GO SIGNAL;SPORT UTILITY;PASSENGER CAR;NONE;NONE;;2019-05-31T16:02:25-04:00;2019;No;No;5;16
10 FEET FROM OLD WEATHERSTONE WAY;TWO-WAY,NOT DIVIDED;DAYLIGHT;CLEAR;0;0;;STOP SIGN;PASSENGER CAR;PASSENGER CAR;NONE;NONE;;2019-06-25T14:16:46-04:00;2019;No;No;6;14
270 FEET FROM PVA COOKOUT(1607 WALNUT ST);ONE-WAY,NOT DIVIDED;DARK - LIGHTED ROADWAY;CLEAR;0;0;;NO CONTROL PRESENT;SPORT UTILITY;SPORT UTILITY;NONE;NONE;;2019-06-01T21:13:06-04:00;2019;No;No;6;21
NEAR .01 MILES  OF SR 1349 (DILLARD DR);TWO-WAY,NOT DIVIDED;DAYLIGHT;CLEAR;0;2;;STOP AND GO SIGNAL;SPORT UTILITY;PASSENGER CAR;NONE;NONE;;2019-06-25T13:19:22-04:00;2019;No;Yes;6;13
.12 MILES FROM HWY US 1;ONE-WAY,NOT DIVIDED;DAYLIGHT;CLEAR;0;0;;STOP AND GO SIGNAL;PASSENGER CAR;PASSENGER CAR;NONE;NONE;;2019-06-01T10:31:00-04:00;2019;No;No;6;10
100 FEET FROM PVA (204 CROSSROADS BLVD);TWO-WAY,NOT DIVIDED;DAYLIGHT;CLEAR;0;0;;NO CONTROL PRESENT;PASSENGER CAR;PASSENGER CAR;NONE;NONE;;2019-06-26T16:24:21-04:00;2019;No;No;6;16
CARY;NONE;DAYLIGHT;CLEAR;0;0;;STOP AND GO SIGNAL;PASSENGER CAR;PASSENGER CAR;NONE;NONE;;2019-06-01T15:25:27-04:00;2019;No;No;6;15
.1 MILES FROM SR 1300 (KILDAIRE FARM RD);TWO-WAY,NOT DIVIDED;DAYLIGHT;CLEAR;0;1;;NO CONTROL PRESENT;PASSENGER CAR;PASSENGER CAR;NONE;NONE;;2019-06-20T15:06:16-04:00;2019;No;Yes;6;15
CARY;NONE;NONE;NONE;0;2;;;NONE;NONE;NONE;NONE;;2019-05-25T21:25:16-04:00;2019;No;Yes;5;21
.06 MILES FROM SR 1009 (TRYON RD);TWO-WAY,DIVIDED,POSITIVE MEDIAN BARRIER;DAYLIGHT;CLEAR;0;0;;NO CONTROL PRESENT;PASSENGER CAR;PASSENGER CAR;PASSENGER CAR;PASSENGER CAR;;2019-06-25T18:14:56-04:00;2019;No;No;6;18
25 FEET FROM CORNERSTONE DR;TWO-WAY,NOT DIVIDED;DAYLIGHT;CLEAR;0;0;;NO CONTROL PRESENT;SPORT UTILITY;PASSENGER CAR;NONE;NONE;;2019-06-03T10:42:00-04:00;2019;No;No;6;10
30 FEET FROM SR 1415 (SE MAYNARD RD);TWO-WAY,NOT DIVIDED;DAYLIGHT;CLEAR;0;0;;STOP AND GO SIGNAL;VAN;PASSENGER CAR;NONE;NONE;;2019-06-26T10:46:00-04:00;2019;No;No;6;10
380 FEET FROM P.V.A. 204 CROSSROADS BLVD;TWO-WAY,NOT DIVIDED;DAYLIGHT;CLEAR;0;0;;NO CONTROL PRESENT;SPORT UTILITY;SPORT UTILITY;NONE;NONE;;2019-06-03T13:19:28-04:00;2019;No;No;6;13
50 FEET FROM SR 1011 (E. CHATHAM ST);TWO-WAY,NOT DIVIDED;DAYLIGHT;CLEAR;0;0;;NO CONTROL PRESENT;SINGLE UNIT TRUCK (2-AXLE- 6-TIRE);NONE;NONE;NONE;;2019-06-26T12:34:00-04:00;2019;No;No;6;12
200 FEET FROM E DURHAM RD;TWO-WAY,NOT DIVIDED;DAYLIGHT;CLEAR;0;0;;NO CONTROL PRESENT;PASSENGER CAR;PASSENGER CAR;NONE;NONE;;2019-06-01T12:15:00-04:00;2019;No;No;6;12
.12 MILES FROM P.V.A. (108 COLLIER PL);TWO-WAY,NOT DIVIDED;DARK - LIGHTED ROADWAY;CLEAR;0;0;;NO CONTROL PRESENT;PASSENGER CAR;PASSENGER CAR;NONE;NONE;;2019-06-28T09:22:09-04:00;2019;No;No;6;09
CARY;TWO-WAY,DIVIDED,UNPROTECTED MEDIAN;DAYLIGHT;CLEAR;0;1;;STOP SIGN;PASSENGER CAR;PASSENGER CAR;NONE;NONE;;2019-06-04T19:49:18-04:00;2019;No;Yes;6;19
50 FEET FROM P.V.A. (1375 SE MAYNARD RD);TWO-WAY,NOT DIVIDED;DAYLIGHT;CLEAR;0;0;;NO CONTROL PRESENT;NONE;SPORT UTILITY;NONE;NONE;;2019-06-28T13:48:29-04:00;2019;No;No;6;13
0 FEET FROM SR 3977 (CARY PKWY);TWO-WAY,DIVIDED,UNPROTECTED MEDIAN;DAYLIGHT;CLEAR;0;0;;STOP SIGN;PASSENGER CAR;PASSENGER CAR;NONE;NONE;;2019-06-04T10:58:00-04:00;2019;No;No;6;10
10 FEET FROM US 64;TWO-WAY,DIVIDED,UNPROTECTED MEDIAN;DAYLIGHT;CLEAR;0;0;;YIELD SIGN;PASSENGER CAR;PASSENGER CAR;NONE;NONE;;2019-07-01T07:31:34-04:00;2019;No;No;7;07
.5 MILES FROM SR 3073 (NW MAYNARD RD);TWO-WAY,DIVIDED,UNPROTECTED MEDIAN;DAYLIGHT;CLOUDY;0;1;;NO CONTROL PRESENT;PASSENGER CAR;PASSENGER CAR;NONE;NONE;;2019-06-05T15:07:47-04:00;2019;No;Yes;6;15
300 FEET FROM P.V.A. (1120 SE CARY PKWY);TWO-WAY,NOT DIVIDED;DAYLIGHT;CLEAR;0;0;;NO CONTROL PRESENT;LIGHT TRUCK (MINI-VAN- PANEL);SPORT UTILITY;NONE;NONE;;2019-06-28T11:59:00-04:00;2019;No;No;6;11
CARY;TWO-WAY,NOT DIVIDED;DAYLIGHT;CLEAR;0;1;;STOP AND GO SIGNAL;PASSENGER CAR;PASSENGER CAR;NONE;NONE;;2019-06-05T13:28:14-04:00;2019;No;Yes;6;13
89 FEET FROM I40 EB ON RAMP;ONE-WAY,NOT DIVIDED;DAYLIGHT;CLEAR;0;0;;STOP AND GO SIGNAL;PASSENGER CAR;PASSENGER CAR;NONE;NONE;;2019-06-27T17:18:47-04:00;2019;No;No;6;17
50 FEET FROM US 64 HWY;TWO-WAY,DIVIDED,UNPROTECTED MEDIAN;DAYLIGHT;CLEAR;0;0;;STOP AND GO SIGNAL;SPORT UTILITY;SPORT UTILITY;NONE;NONE;;2019-06-06T10:55:00-04:00;2019;No;No;6;10
413 FEET FROM SR1652 (N HARRISON AV);TWO-WAY,DIVIDED,UNPROTECTED MEDIAN;DAYLIGHT;CLEAR;0;0;;NO CONTROL PRESENT;PASSENGER CAR;PASSENGER CAR;NONE;NONE;;2019-06-28T19:16:05-04:00;2019;No;No;6;19
50 FEET FROM SR# 1313 (WALNUT ST);TWO-WAY,NOT DIVIDED;DAYLIGHT;CLEAR;0;0;;NO CONTROL PRESENT;PASSENGER CAR;PASSENGER CAR;NONE;NONE;;2019-06-06T17:35:54-04:00;2019;No;No;6;17
CARY;TWO-WAY,NOT DIVIDED;DARK - LIGHTED ROADWAY;CLEAR;0;0;;STOP AND GO SIGNAL;PASSENGER CAR;PASSENGER CAR;NONE;NONE;;2019-06-29T01:17:14-04:00;2019;No;No;6;01
.15 MILES FROM NC 55 HWY;TWO-WAY,NOT DIVIDED;DAYLIGHT;CLEAR;0;0;;NO CONTROL PRESENT;PASSENGER CAR;PASSENGER CAR;NONE;NONE;;2019-06-06T18:47:26-04:00;2019;No;No;6;18
.1 MILES FROM PVA (200 BROOK ARBOR DR);TWO-WAY,NOT DIVIDED;DAYLIGHT;CLEAR;0;0;;NO CONTROL PRESENT;PASSENGER CAR;PASSENGER CAR;NONE;NONE;;2019-06-30T02:42:12-04:00;2019;No;No;6;02
CARY;TWO-WAY,NOT DIVIDED;DAYLIGHT;CLOUDY;0;0;;FLASHING STOP AND GO SIGNAL;SPORT UTILITY;PASSENGER CAR;NONE;NONE;;2019-06-07T12:58:00-04:00;2019;No;No;6;12
0 FEET FROM SR 1652 (N HARRISON AVE);TWO-WAY,DIVIDED,UNPROTECTED MEDIAN;DAYLIGHT;CLEAR;0;0;;STOP AND GO SIGNAL;PASSENGER CAR;PASSENGER CAR;NONE;NONE;;2019-06-29T00:00:00-04:00;2019;No;No;6;00
CARY;TWO-WAY,DIVIDED,UNPROTECTED MEDIAN;DAYLIGHT;CLOUDY;0;1;;STOP SIGN;SPORT UTILITY;SPORT UTILITY;NONE;NONE;;2019-06-07T20:32:42-04:00;2019;No;Yes;6;20
450 FEET FROM US 1;TWO-WAY,DIVIDED,POSITIVE MEDIAN BARRIER;DAYLIGHT;CLEAR;0;0;;NO CONTROL PRESENT;PASSENGER CAR;NONE;NONE;NONE;;2019-07-01T14:45:20-04:00;2019;No;No;7;14
NEAR .01 MILES W OF W NC 54 HWY;TWO-WAY,NOT DIVIDED;DAYLIGHT;RAIN;0;0;;STOP AND GO SIGNAL;VAN;PASSENGER CAR;NONE;NONE;;2019-06-07T15:18:48-04:00;2019;No;No;6;15
.13 MILES FROM NC 540 OFF-RAMP;ONE-WAY,NOT DIVIDED;DAYLIGHT;CLEAR;0;0;;NO CONTROL PRESENT;PICKUP;NONE;NONE;NONE;;2019-07-02T10:40:00-04:00;2019;No;No;7;10
100 FEET FROM NC 55 HWY;TWO-WAY,DIVIDED,UNPROTECTED MEDIAN;DAYLIGHT;CLEAR;0;0;;STOP AND GO SIGNAL;PICKUP;SPORT UTILITY;PICKUP;NONE;;2019-06-06T21:27:55-04:00;2019;No;No;6;21
180 FEET FROM SR 3081 (CHAPEL HILL RD);TWO-WAY,NOT DIVIDED;DAYLIGHT;CLEAR;0;0;;NO CONTROL PRESENT;PASSENGER CAR;NONE;NONE;NONE;;2019-07-02T14:37:59-04:00;2019;No;No;7;14
.10 MILES FROM US 1 HWY;ONE-WAY,NOT DIVIDED;DAYLIGHT;RAIN;0;1;;NO CONTROL PRESENT;SPORT UTILITY;SPORT UTILITY;PASSENGER CAR;NONE;;2019-06-10T17:05:55-04:00;2019;No;Yes;6;17