Location_Description;Road_Configuration;Light_Condition;Weather;Fatality;Injury;Contributing_Factor;Traffic_Control;Vehicle1;Vehicle2;Vehicle3;Vehicle4;Vehicle5;Crash_Date;year;Fatalities;Injuries;Month;Hour
170 FEET FROM P.V.A. (270 GRANDE HEIGHTS DR);TWO-WAY,NOT DIVIDED;DAYLIGHT;CLEAR;0;0;;NO CONTROL PRESENT;PASSENGER CAR;SPORT UTILITY;NONE;NONE;;2019-07-03T19:12:36-04:00;2019;No;No;7;19
0 FEET FROM SR 5808 (E CHATHAM ST);TWO-WAY,DIVIDED,UNPROTECTED MEDIAN;DAYLIGHT;CLEAR;0;0;;STOP SIGN;PASSENGER CAR;PASSENGER CAR;NONE;NONE;;2019-06-10T16:26:21-04:00;2019;No;No;6;16
150 FEET FROM P.V.A. (NORTHWOODS VILLAGE DR);TWO-WAY,NOT DIVIDED;DAYLIGHT;CLEAR;0;0;;NO CONTROL PRESENT;SINGLE UNIT TRUCK (2-AXLE- 6-TIRE);PASSENGER CAR;NONE;NONE;;2019-06-29T10:29:00-04:00;2019;No;No;6;10
CARY;TWO-WAY,DIVIDED,POSITIVE MEDIAN BARRIER;DAYLIGHT;CLEAR;0;0;;STOP AND GO SIGNAL;PASSENGER CAR;PASSENGER CAR;NONE;NONE;;2019-06-09T11:22:00-04:00;2019;No;No;6;11
CARY;TWO-WAY,DIVIDED,POSITIVE MEDIAN BARRIER;DAYLIGHT;CLEAR;0;4;;STOP SIGN;PASSENGER CAR;PASSENGER CAR;NONE;NONE;;2019-07-03T17:56:56-04:00;2019;No;Yes;7;17
75 FEET FROM SR# 1313 WALNUT ST);TWO-WAY,NOT DIVIDED;DAYLIGHT;CLEAR;0;0;;NO CONTROL PRESENT;PICKUP;SPORT UTILITY;NONE;NONE;;2019-06-11T15:07:45-04:00;2019;No;No;6;15
CARY;TWO-WAY,DIVIDED,UNPROTECTED MEDIAN;DAYLIGHT;CLEAR;0;0;;NO CONTROL PRESENT;SINGLE UNIT TRUCK (2-AXLE- 6-TIRE);VAN;NONE;NONE;;2019-07-02T18:53:55-04:00;2019;No;No;7;18
0 MILES FROM SR 1379 (PENNY RD);ONE-WAY,NOT DIVIDED;DAYLIGHT;CLEAR;0;0;;STOP SIGN;PASSENGER CAR;PICKUP;NONE;NONE;;2019-06-11T09:17:38-04:00;2019;No;No;6;09
.40 MILES FROM US 1 HWY;TWO-WAY,DIVIDED,POSITIVE MEDIAN BARRIER;DAYLIGHT;CLEAR;0;0;;NO CONTROL PRESENT;PASSENGER CAR;PASSENGER CAR;PASSENGER CAR;PASSENGER CAR;;2019-06-27T08:45:12-04:00;2019;No;No;6;08
CARY;TWO-WAY,NOT DIVIDED;DAYLIGHT;CLEAR;0;0;;STOP SIGN;PASSENGER CAR;PASSENGER CAR;NONE;NONE;;2019-06-11T15:01:57-04:00;2019;No;No;6;15
100 FEET FROM PVA JASMINE (9934 CHAPEL HILL;TWO-WAY,NOT DIVIDED;DAYLIGHT;CLEAR;0;0;;NO CONTROL PRESENT;SPORT UTILITY;PASSENGER CAR;NONE;NONE;;2019-07-08T13:02:26-04:00;2019;No;No;7;13
100 FEET FROM P.V.A. (220 W CHATHAM ST);TWO-WAY,NOT DIVIDED;DAYLIGHT;CLEAR;0;0;;NO CONTROL PRESENT;PASSENGER CAR;PASSENGER CAR;NONE;NONE;;2019-06-12T09:47:24-04:00;2019;No;No;6;09
CARY;TWO-WAY,DIVIDED,UNPROTECTED MEDIAN;DAYLIGHT;CLEAR;0;0;;NO CONTROL PRESENT;PASSENGER CAR;PASSENGER CAR;NONE;NONE;;2019-07-08T17:48:59-04:00;2019;No;No;7;17
192 FEET FROM SR3081 (CHAPEL HILL RD);TWO-WAY,DIVIDED,UNPROTECTED MEDIAN;DAYLIGHT;CLEAR;0;1;;STOP AND GO SIGNAL;PASSENGER CAR;PASSENGER CAR;NONE;NONE;;2019-06-13T16:06:03-04:00;2019;No;Yes;6;16
443 FEET FROM P.V.A. (107 EDINBURGH S DR);TWO-WAY,NOT DIVIDED;DAYLIGHT;CLEAR;0;0;;NO CONTROL PRESENT;PICKUP;PICKUP;NONE;NONE;;2019-07-01T09:35:17-04:00;2019;No;No;7;09
60 FEET FROM SR 3081 (CHAPEL HILL RD);TWO-WAY,NOT DIVIDED;DAYLIGHT;CLEAR;0;0;;NO CONTROL PRESENT;PASSENGER CAR;SPORT UTILITY;NONE;NONE;;2019-06-13T16:19:43-04:00;2019;No;No;6;16
220 FEET FROM PVA 1500 REGENCY PKWY;TWO-WAY,NOT DIVIDED;NONE;CLEAR;0;0;;NO CONTROL PRESENT;PICKUP;PASSENGER CAR;NONE;NONE;;2019-07-10T07:20:12-04:00;2019;No;No;7;07
100 FEET FROM DRYSTACK WAY;TWO-WAY,NOT DIVIDED;DAYLIGHT;RAIN;0;0;;NO CONTROL PRESENT;SPORT UTILITY;PASSENGER CAR;NONE;NONE;;2019-06-12T17:54:26-04:00;2019;No;No;6;17
0 FEET FROM CATALINA GRANDE DR;TWO-WAY,NOT DIVIDED;DAYLIGHT;CLEAR;0;0;;NO CONTROL PRESENT;PICKUP;VAN;NONE;NONE;;2019-07-10T15:35:24-04:00;2019;No;No;7;15
100 FEET FROM PVA 2350 WALNUT ST;ONE-WAY,NOT DIVIDED;DAYLIGHT;CLOUDY;0;0;;STOP SIGN;PASSENGER CAR;SPORT UTILITY;NONE;NONE;;2019-06-13T22:45:00-04:00;2019;No;No;6;22
100 FEET FROM PVA 1259 DONALDSON CT;ONE-WAY,NOT DIVIDED;DAYLIGHT;CLEAR;0;0;;NO CONTROL PRESENT;PASSENGER CAR;NONE;NONE;NONE;;2019-07-10T13:25:47-04:00;2019;No;No;7;13
300 FEET FROM PVA OF 3494 SR 1300 (KILDAIRE;TWO-WAY,NOT DIVIDED;DAYLIGHT;CLEAR;0;0;;NO CONTROL PRESENT;SPORT UTILITY;PASSENGER CAR;NONE;NONE;;2019-06-13T12:19:00-04:00;2019;No;No;6;12
CARY;TWO-WAY,DIVIDED,UNPROTECTED MEDIAN;DAYLIGHT;CLEAR;0;0;;STOP AND GO SIGNAL;LIGHT TRUCK (MINI-VAN- PANEL);NONE;NONE;NONE;;2019-07-10T16:04:08-04:00;2019;No;No;7;16
0 FEET FROM SR 1615 (HIGH HOUSE RD);TWO-WAY,DIVIDED,UNPROTECTED MEDIAN;DAYLIGHT;CLEAR;0;0;;STOP SIGN;VAN;SPORT UTILITY;NONE;NONE;;2019-06-14T07:00:59-04:00;2019;No;No;6;07
CARY;TWO-WAY,NOT DIVIDED;DAYLIGHT;CLEAR;0;0;;STOP AND GO SIGNAL;PASSENGER CAR;SPORT UTILITY;NONE;NONE;;2019-07-10T16:29:49-04:00;2019;No;No;7;16
5 FEET FROM LAUREL GARDEN WAY;TWO-WAY,NOT DIVIDED;DAYLIGHT;CLEAR;0;1;;STOP SIGN;PASSENGER CAR;PASSENGER CAR;NONE;NONE;;2019-06-14T09:08:27-04:00;2019;No;Yes;6;09
450 FEET FROM P.V.A. (906 NE MAYNARD RD);TWO-WAY,NOT DIVIDED;DAYLIGHT;CLEAR;0;0;;NO CONTROL PRESENT;SINGLE UNIT TRUCK (2-AXLE- 6-TIRE);NONE;NONE;NONE;;2019-07-10T18:05:16-04:00;2019;No;No;7;18
CARY;NONE;NONE;NONE;0;0;;;NONE;NONE;NONE;NONE;;2019-06-14T13:04:07-04:00;2019;No;No;6;13
300 FEET FROM NC 55 HWY;TWO-WAY,NOT DIVIDED;DAYLIGHT;CLOUDY;0;0;;NO CONTROL PRESENT;SPORT UTILITY;NONE;NONE;NONE;;2019-07-12T16:08:56-04:00;2019;No;No;7;16
CARY;ONE-WAY,NOT DIVIDED;DAYLIGHT;CLEAR;0;0;;STOP SIGN;VAN;PASSENGER CAR;NONE;NONE;;2019-06-15T07:58:49-04:00;2019;No;No;6;07
30 FEET FROM P.V.A. 1298 SR 1315 (BUCK JONE;TWO-WAY,NOT DIVIDED;DAYLIGHT;CLEAR;0;0;;NO CONTROL PRESENT;SPORT UTILITY;PASSENGER CAR;NONE;NONE;;2019-07-13T09:08:15-04:00;2019;No;No;7;09
.2 MILES FROM 1103 PARKSIDE MAIN ST;ONE-WAY,NOT DIVIDED;DARK - LIGHTED ROADWAY;CLEAR;0;0;;NO CONTROL PRESENT;PASSENGER CAR;NONE;NONE;NONE;;2019-06-16T22:52:00-04:00;2019;No;No;6;22
.9 MILES FROM HWY US 1;TWO-WAY,DIVIDED,POSITIVE MEDIAN BARRIER;DAYLIGHT;CLEAR;0;0;;NO CONTROL PRESENT;SPORT UTILITY;PASSENGER CAR;NONE;NONE;;2019-07-08T10:06:00-04:00;2019;No;No;7;10
15 FEET FROM 1151 TRYON VILLAGE DR PVA;TWO-WAY,NOT DIVIDED;DAYLIGHT;CLEAR;0;0;;NO CONTROL PRESENT;PASSENGER CAR;PASSENGER CAR;NONE;NONE;;2019-06-14T17:47:57-04:00;2019;No;No;6;17
400 FEET FROM SR 1300 (KILDAIRE FARM RD);TWO-WAY,NOT DIVIDED;DAYLIGHT;CLEAR;0;0;;STOP AND GO SIGNAL;PASSENGER CAR;PASSENGER CAR;NONE;NONE;;2019-07-13T20:12:40-04:00;2019;No;No;7;20
CARY;TWO-WAY,NOT DIVIDED;DAYLIGHT;CLEAR;0;0;;STOP SIGN;PASSENGER CAR;NONE;NONE;NONE;;2019-06-14T16:15:55-04:00;2019;No;No;6;16
450 FEET FROM PVA (804 HIGH HOUSE RD);ONE-WAY,NOT DIVIDED;DAYLIGHT;CLEAR;0;0;;NO CONTROL PRESENT;NONE;PASSENGER CAR;NONE;NONE;;2019-07-13T21:37:04-04:00;2019;No;No;7;21
20 FEET FROM PVA OF 1020 BRADFORD PLAZ;TWO-WAY,NOT DIVIDED;DAYLIGHT;CLEAR;0;0;;STOP SIGN;SPORT UTILITY;PASSENGER CAR;NONE;NONE;;2019-06-15T13:04:45-04:00;2019;No;No;6;13
50 FEET FROM P.V.A. 2021 SR 1313 (WALNUT ST;TWO-WAY,NOT DIVIDED;DAYLIGHT;CLEAR;0;0;;NO CONTROL PRESENT;VAN;SPORT UTILITY;NONE;NONE;;2019-07-14T10:45:00-04:00;2019;No;No;7;10
76 FEET FROM P.V.A (525 NEW WAVERLY PL);TWO-WAY,NOT DIVIDED;DAYLIGHT;CLEAR;0;0;;NO CONTROL PRESENT;NONE;PASSENGER CAR;NONE;NONE;;2019-06-16T17:11:31-04:00;2019;No;No;6;17
0 FEET FROM SR 1313 (WALNUT ST);TWO-WAY,NOT DIVIDED;DARK - LIGHTED ROADWAY;CLEAR;0;0;;STOP AND GO SIGNAL;PASSENGER CAR;PASSENGER CAR;NONE;NONE;;2019-07-14T21:34:24-04:00;2019;No;No;7;21
20 FEET FROM SR 1626 (YATES STORE RD);TWO-WAY,DIVIDED,UNPROTECTED MEDIAN;DAYLIGHT;CLEAR;0;0;;STOP AND GO SIGNAL;VAN;SPORT UTILITY;NONE;NONE;;2019-06-17T07:24:19-04:00;2019;No;No;6;07
CARY;TWO-WAY,DIVIDED,UNPROTECTED MEDIAN;DARK - LIGHTED ROADWAY;CLEAR;0;3;;STOP AND GO SIGNAL;PASSENGER CAR;PASSENGER CAR;NONE;NONE;;2019-07-14T23:36:00-04:00;2019;No;Yes;7;23
0 FEET FROM SR 3977 (SW CARY PKWY);TWO-WAY,DIVIDED,UNPROTECTED MEDIAN;DAYLIGHT;CLEAR;0;0;;NO CONTROL PRESENT;SPORT UTILITY;SPORT UTILITY;NONE;NONE;;2019-06-12T11:30:00-04:00;2019;No;No;6;11
300 FEET FROM PVA 651 CARY TOWNE BLVD;NONE;NONE;NONE;0;0;;;NONE;NONE;NONE;NONE;;2019-07-08T17:13:37-04:00;2019;No;No;7;17
20 FEET FROM NC 55 HWY;TWO-WAY,DIVIDED,UNPROTECTED MEDIAN;DAYLIGHT;CLEAR;0;0;;STOP AND GO SIGNAL;PASSENGER CAR;PASSENGER CAR;NONE;NONE;;2019-06-17T09:11:57-04:00;2019;No;No;6;09
100 FEET FROM WILLOUGHBY LN;TWO-WAY,NOT DIVIDED;DARK - ROADWAY NOT LIGHTED;CLEAR;0;0;;NO CONTROL PRESENT;PASSENGER CAR;NONE;NONE;NONE;;2019-07-12T22:21:00-04:00;2019;No;No;7;22
75 FEET FROM SR 1615 (HIGH HOUSE RD);NONE;NONE;NONE;0;0;;;NONE;NONE;NONE;NONE;;2019-06-18T11:36:00-04:00;2019;No;No;6;11
100 FEET FROM DAVIDSON POINT RD;TWO-WAY,NOT DIVIDED;DAYLIGHT;CLEAR;0;0;;NO CONTROL PRESENT;PASSENGER CAR;NONE;NONE;NONE;;2019-07-12T22:53:00-04:00;2019;No;No;7;22
.13 MILES FROM P.V.A. (1811 N HARRISON AV);TWO-WAY,NOT DIVIDED;DAYLIGHT;CLEAR;0;0;;NO CONTROL PRESENT;PASSENGER CAR;PASSENGER CAR;NONE;NONE;;2019-06-18T06:59:28-04:00;2019;No;No;6;06
CARY;TWO-WAY,DIVIDED,UNPROTECTED MEDIAN;DAYLIGHT;RAIN;0;0;;STOP SIGN;PASSENGER CAR;SPORT UTILITY;NONE;NONE;;2019-07-15T16:54:14-04:00;2019;No;No;7;16
10 FEET FROM NC 54 HWY;TWO-WAY,NOT DIVIDED;DAYLIGHT;CLOUDY;0;0;;STOP AND GO SIGNAL;PASSENGER CAR;PASSENGER CAR;NONE;NONE;;2019-06-19T07:44:39-04:00;2019;No;No;6;07
499 FEET FROM SR 3112 (SW CARY PKWY);TWO-WAY,DIVIDED,UNPROTECTED MEDIAN;DAYLIGHT;CLOUDY;0;0;;STOP AND GO SIGNAL;PASSENGER CAR;SPORT UTILITY;NONE;NONE;;2019-07-15T17:19:04-04:00;2019;No;No;7;17
0 FEET FROM SR# 1300 (WALNUT ST);TWO-WAY,DIVIDED,POSITIVE MEDIAN BARRIER;DAYLIGHT;CLEAR;0;0;;NO CONTROL PRESENT;PICKUP;PICKUP;NONE;NONE;;2019-06-19T12:40:00-04:00;2019;No;No;6;12
400 FEET FROM P.V.A. (1120 LEDSOME LN);TWO-WAY,NOT DIVIDED;DAYLIGHT;CLEAR;0;0;;STOP SIGN;PASSENGER CAR;PASSENGER CAR;NONE;NONE;;2019-07-16T09:53:29-04:00;2019;No;No;7;09
0 FEET FROM SR# 1300 (KILDAIRE FARM RD);TWO-WAY,NOT DIVIDED;DAYLIGHT;CLEAR;0;0;;STOP AND GO SIGNAL;PICKUP;PASSENGER CAR;NONE;NONE;;2019-06-18T12:21:00-04:00;2019;No;No;6;12
400 FEET FROM PVA OF 1515 SW CARY PKWY;TWO-WAY,NOT DIVIDED;DAYLIGHT;CLEAR;0;0;;NO CONTROL PRESENT;PASSENGER CAR;SPORT UTILITY;NONE;NONE;;2019-07-16T17:01:35-04:00;2019;No;No;7;17
.02 MILES FROM SR 1010 (TEN TEN RD);TWO-WAY,DIVIDED,UNPROTECTED MEDIAN;DAYLIGHT;CLOUDY;0;0;;STOP AND GO SIGNAL;SPORT UTILITY;SPORT UTILITY;PICKUP;NONE;;2019-06-20T16:13:27-04:00;2019;No;No;6;16
300 FEET FROM SR 1010(TEN TEN RD);TWO-WAY,DIVIDED,POSITIVE MEDIAN BARRIER;DAYLIGHT;CLEAR;0;0;;STOP AND GO SIGNAL;PASSENGER CAR;PASSENGER CAR;NONE;NONE;;2019-07-16T08:22:35-04:00;2019;No;No;7;08
400 FEET FROM PVA SPECTRUM CABLE 101 INNOVAT;TWO-WAY,NOT DIVIDED;DAYLIGHT;CLEAR;0;1;;STOP SIGN;PASSENGER CAR;PASSENGER CAR;NONE;NONE;;2019-06-20T13:49:36-04:00;2019;No;Yes;6;13
230 FEET FROM P.V.A. 923 SR 1652 (N HARRISON;TWO-WAY,NOT DIVIDED;DAYLIGHT;CLEAR;0;0;;NO CONTROL PRESENT;NONE;NONE;NONE;NONE;;2019-07-16T17:32:07-04:00;2019;No;No;7;17
25 FEET FROM SR 1650 (REEDY CREEK RD);TWO-WAY,NOT DIVIDED;DAYLIGHT;CLEAR;0;0;;STOP AND GO SIGNAL;LIGHT TRUCK (MINI-VAN- PANEL);SPORT UTILITY;NONE;NONE;;2019-06-21T09:10:20-04:00;2019;No;No;6;09
50 FEET FROM KIT CREEK RD;TWO-WAY,DIVIDED,POSITIVE MEDIAN BARRIER;DAYLIGHT;CLEAR;0;0;;NO CONTROL PRESENT;PASSENGER CAR;PASSENGER CAR;PASSENGER CAR;NONE;;2019-07-17T08:21:22-04:00;2019;No;No;7;08
100 FEET FROM NC 55 HWY;TWO-WAY,DIVIDED,UNPROTECTED MEDIAN;DAYLIGHT;CLEAR;0;0;;STOP AND GO SIGNAL;PASSENGER CAR;NONE;NONE;NONE;;2019-06-21T09:10:48-04:00;2019;No;No;6;09
206 FEET FROM P.V.A. 98 CORNERSTONE DR;ONE-WAY,NOT DIVIDED;DAYLIGHT;CLEAR;0;0;;NO CONTROL PRESENT;SPORT UTILITY;PASSENGER CAR;NONE;NONE;;2019-07-18T13:01:59-04:00;2019;No;No;7;13
100 FEET FROM 2790 NC 55 HWY;TWO-WAY,NOT DIVIDED;DAYLIGHT;CLEAR;0;0;;NO CONTROL PRESENT;PICKUP;NONE;NONE;NONE;;2019-06-21T09:20:43-04:00;2019;No;No;6;09
10 FEET FROM SR1633 (GOOD HOPE CHURCH RD);TWO-WAY,NOT DIVIDED;DAYLIGHT;CLOUDY;0;0;;STOP SIGN;PASSENGER CAR;SPORT UTILITY;NONE;NONE;;2019-07-18T17:26:59-04:00;2019;No;No;7;17
.21 MILES FROM US 1 HWY;TWO-WAY,DIVIDED,UNPROTECTED MEDIAN;DAYLIGHT;CLEAR;0;0;;NO CONTROL PRESENT;PASSENGER CAR;NONE;NONE;NONE;;2019-06-23T17:28:36-04:00;2019;No;No;6;17
40 FEET FROM SR 1521 (LAKE PINE DR);TWO-WAY,DIVIDED,UNPROTECTED MEDIAN;DAYLIGHT;CLEAR;0;0;;NO CONTROL PRESENT;PASSENGER CAR;SPORT UTILITY;NONE;NONE;;2019-07-18T18:57:17-04:00;2019;No;No;7;18
0 FEET FROM SR 3120 MORRISVILLE PKWY;TWO-WAY,DIVIDED,UNPROTECTED MEDIAN;DAYLIGHT;CLEAR;0;1;;STOP AND GO SIGNAL;SPORT UTILITY;SPORT UTILITY;NONE;NONE;;2019-06-22T14:14:49-04:00;2019;No;Yes;6;14
.02 MILES FROM US 64 HWY;TWO-WAY,NOT DIVIDED;DAYLIGHT;CLEAR;0;1;;STOP AND GO SIGNAL;VAN;PASSENGER CAR;PASSENGER CAR;NONE;;2019-07-18T07:35:11-04:00;2019;No;Yes;7;07
CARY;TWO-WAY,DIVIDED,UNPROTECTED MEDIAN;DAYLIGHT;CLEAR;0;0;;STOP SIGN;PASSENGER CAR;PASSENGER CAR;NONE;NONE;;2019-06-22T15:36:30-04:00;2019;No;No;6;15
450 FEET FROM SR1011- E CHATHAM ST;TWO-WAY,NOT DIVIDED;DAYLIGHT;CLEAR;0;1;;NO CONTROL PRESENT;PASSENGER CAR;PASSENGER CAR;NONE;NONE;;2019-07-17T13:29:28-04:00;2019;No;Yes;7;13
CARY;TWO-WAY,DIVIDED,POSITIVE MEDIAN BARRIER;DAYLIGHT;CLEAR;0;0;;STOP AND GO SIGNAL;PASSENGER CAR;PASSENGER CAR;NONE;NONE;;2019-06-21T15:45:11-04:00;2019;No;No;6;15
CARY;TWO-WAY,DIVIDED,POSITIVE MEDIAN BARRIER;DAYLIGHT;CLEAR;0;0;;NO CONTROL PRESENT;PASSENGER CAR;PASSENGER CAR;NONE;NONE;;2019-07-19T16:15:56-04:00;2019;No;No;7;16
20 FEET FROM  ROYAL BIRKDALE DR;ONE-WAY,NOT DIVIDED;DAYLIGHT;CLEAR;0;1;;NO CONTROL PRESENT;PASSENGER CAR;SPORT UTILITY;NONE;NONE;;2019-06-21T16:38:58-04:00;2019;No;Yes;6;16
250 FEET FROM PVA 837 BASS PRO LN;TWO-WAY,NOT DIVIDED;DAYLIGHT;CLEAR;0;0;;NO CONTROL PRESENT;PICKUP;PICKUP;NONE;NONE;;2019-07-20T00:04:00-04:00;2019;No;No;7;00
.20 MILES FROM PVA SUBWAY(311 CROSSROADS BLVD;TWO-WAY,NOT DIVIDED;DAYLIGHT;CLEAR;0;0;;NO CONTROL PRESENT;SPORT UTILITY;PASSENGER CAR;NONE;NONE;;2019-06-22T15:33:36-04:00;2019;No;No;6;15
100 FEET FROM NC 55 HWY;TWO-WAY,NOT DIVIDED;DAYLIGHT;RAIN;0;0;COMING FROM BEHIND PARKED VEHICLE;STOP AND GO SIGNAL;PASSENGER CAR;PASSENGER CAR;NONE;NONE;;2019-07-20T15:22:04-04:00;2019;No;No;7;15
10 FEET FROM SR 1315 (BUCK JONES RD);TWO-WAY,DIVIDED,UNPROTECTED MEDIAN;DAYLIGHT;CLOUDY;0;0;;STOP AND GO SIGNAL;PASSENGER CAR;PASSENGER CAR;NONE;NONE;;2019-06-22T16:07:49-04:00;2019;No;No;6;16
20 FEET FROM CAITBOO AVE;ONE-WAY,NOT DIVIDED;DAYLIGHT;CLEAR;0;0;;STOP AND GO SIGNAL;PASSENGER CAR;PASSENGER CAR;PASSENGER CAR;NONE;;2019-07-20T17:35:43-04:00;2019;No;No;7;17
CARY;TWO-WAY,DIVIDED,POSITIVE MEDIAN BARRIER;DAYLIGHT;CLEAR;0;0;;STOP SIGN;NONE;PASSENGER CAR;NONE;NONE;;2019-06-25T11:39:00-04:00;2019;No;No;6;11
CARY;TWO-WAY,DIVIDED,UNPROTECTED MEDIAN;DAYLIGHT;CLEAR;0;1;;STOP AND GO SIGNAL;SPORT UTILITY;PICKUP;NONE;NONE;;2019-07-20T18:07:09-04:00;2019;No;Yes;7;18
100 FEET FROM P.V.A. (HARRIS TEETER);TWO-WAY,NOT DIVIDED;DAYLIGHT;CLEAR;0;0;;NO CONTROL PRESENT;NONE;VAN;NONE;NONE;;2019-06-26T13:25:21-04:00;2019;No;No;6;13
113 FEET FROM US ROUTE 1;TWO-WAY,DIVIDED,POSITIVE MEDIAN BARRIER;DARK - ROADWAY NOT LIGHTED;CLEAR;0;0;;NO CONTROL PRESENT;PASSENGER CAR;PASSENGER CAR;NONE;NONE;;2019-07-20T22:42:00-04:00;2019;No;No;7;22
25 FEET FROM W LOCHMERE DR;TWO-WAY,DIVIDED,UNPROTECTED MEDIAN;DAYLIGHT;CLEAR;0;1;;NO CONTROL PRESENT;PASSENGER CAR;NONE;NONE;NONE;;2019-06-19T23:42:00-04:00;2019;No;Yes;6;23
100 FEET FROM SR 1652 (N HARRISON AV);TWO-WAY,DIVIDED,UNPROTECTED MEDIAN;DAYLIGHT;CLEAR;0;0;;STOP AND GO SIGNAL;PASSENGER CAR;PICKUP;NONE;NONE;;2019-07-17T20:57:00-04:00;2019;No;No;7;20
140 FEET FROM 2700 PICKET BRANCH RD (PVA);TWO-WAY,NOT DIVIDED;DAYLIGHT;CLEAR;0;0;;NO CONTROL PRESENT;SPORT UTILITY;PASSENGER CAR;NONE;NONE;;2019-06-27T18:53:40-04:00;2019;No;No;6;18
CARY;TWO-WAY,NOT DIVIDED;DAYLIGHT;CLEAR;0;1;;STOP AND GO SIGNAL;PASSENGER CAR;SPORT UTILITY;NONE;NONE;;2019-07-21T16:36:29-04:00;2019;No;Yes;7;16
CARY;TWO-WAY,DIVIDED,UNPROTECTED MEDIAN;DAYLIGHT;CLEAR;0;0;;STOP AND GO SIGNAL;PICKUP;VAN;NONE;NONE;;2019-06-26T09:06:51-04:00;2019;No;No;6;09
250 FEET FROM SR 1624 (CARPENTERFIRE STATION;TWO-WAY,NOT DIVIDED;DARK - ROADWAY NOT LIGHTED;CLEAR;0;0;;DOUBLE YELLOW LINE, NO PASSING ZONE;PASSENGER CAR;NONE;NONE;NONE;;2019-07-21T23:43:00-04:00;2019;No;No;7;23
125 FEET FROM SR-5808 (E CHATHAM ST);TWO-WAY,NOT DIVIDED;DARK - LIGHTED ROADWAY;CLEAR;0;0;;STOP AND GO SIGNAL;PASSENGER CAR;NONE;NONE;NONE;;2019-06-29T08:14:26-04:00;2019;No;No;6;08
12 FEET FROM S.R. 1624 (CARPENTER FIRE STA);TWO-WAY,NOT DIVIDED;DAYLIGHT;CLEAR;0;0;;NO CONTROL PRESENT;PICKUP;SPORT UTILITY;NONE;NONE;;2019-07-22T12:33:00-04:00;2019;No;No;7;12
0 FEET FROM TATE ST;TWO-WAY,NOT DIVIDED;NONE;CLEAR;0;0;;STOP SIGN;NONE;NONE;NONE;NONE;;2019-06-30T08:47:37-04:00;2019;No;No;6;08
.38 MILES FROM US HWY 64;TWO-WAY,DIVIDED,UNPROTECTED MEDIAN;DAYLIGHT;CLOUDY;0;1;;STOP SIGN;SPORT UTILITY;SPORT UTILITY;NONE;NONE;;2019-07-23T08:10:32-04:00;2019;No;Yes;7;08
50 FEET FROM P.V.A. 500 E CHATHAM ST;TWO-WAY,NOT DIVIDED;NONE;CLEAR;0;0;;NO CONTROL PRESENT;NONE;PASSENGER CAR;NONE;NONE;;2019-06-30T21:13:28-04:00;2019;No;No;6;21
.2 MILES FROM E CHATHAM ST;TWO-WAY,NOT DIVIDED;DAYLIGHT;CLOUDY;0;0;;NO CONTROL PRESENT;PICKUP;PASSENGER CAR;NONE;NONE;;2019-07-23T08:22:38-04:00;2019;No;No;7;08
.02 MILES FROM US 1 HWY;TWO-WAY,DIVIDED,POSITIVE MEDIAN BARRIER;DAYLIGHT;CLEAR;0;0;;NO CONTROL PRESENT;SPORT UTILITY;NONE;NONE;NONE;;2019-06-28T18:32:53-04:00;2019;No;No;6;18
10 FEET FROM US 1 EXIT 98 RAMP SB TO 64;TWO-WAY,DIVIDED,UNPROTECTED MEDIAN;DAYLIGHT;RAIN;0;0;;STOP AND GO SIGNAL;SPORT UTILITY;SPORT UTILITY;NONE;NONE;;2019-07-23T14:10:16-04:00;2019;No;No;7;14
400 FEET FROM PVA (337 CROSSROADS BLVD);ONE-WAY,NOT DIVIDED;DAYLIGHT;CLEAR;0;0;;NO CONTROL PRESENT;SPORT UTILITY;PASSENGER CAR;NONE;NONE;;2019-06-29T16:21:53-04:00;2019;No;No;6;16
50 FEET FROM SR1415 (SW MAYNARD RD);TWO-WAY,DIVIDED,UNPROTECTED MEDIAN;DAYLIGHT;CLOUDY;0;1;;STOP AND GO SIGNAL;PASSENGER CAR;SPORT UTILITY;NONE;NONE;;2019-07-23T15:18:07-04:00;2019;No;Yes;7;15
25 FEET FROM PVA 500 E CHATHAM ST;TWO-WAY,NOT DIVIDED;DAYLIGHT;CLEAR;0;0;;NO CONTROL PRESENT;LIGHT TRUCK (MINI-VAN- PANEL);PASSENGER CAR;NONE;NONE;;2019-06-29T11:26:00-04:00;2019;No;No;6;11
.15 MILES FROM SR 1307 (E CHATHAM ST);TWO-WAY,NOT DIVIDED;DAYLIGHT;CLEAR;0;0;;NO CONTROL PRESENT;PASSENGER CAR;PASSENGER CAR;NONE;NONE;;2019-07-24T08:54:23-04:00;2019;No;No;7;08
50 FEET FROM P.V.A. (802 E CHATHAM ST);TWO-WAY,NOT DIVIDED;DAYLIGHT;CLEAR;0;0;;NO CONTROL PRESENT;NONE;PASSENGER CAR;NONE;NONE;;2019-07-03T14:56:59-04:00;2019;No;No;7;14
30 FEET FROM US 1 HWY;ONE-WAY,NOT DIVIDED;DAYLIGHT;CLEAR;0;0;;NO CONTROL PRESENT;PASSENGER CAR;SPORT UTILITY;NONE;NONE;;2019-07-24T18:22:22-04:00;2019;No;No;7;18
320 FEET FROM WESTON PKWY;TWO-WAY,DIVIDED,POSITIVE MEDIAN BARRIER;DAYLIGHT;CLEAR;0;0;;STOP AND GO SIGNAL;PASSENGER CAR;PASSENGER CAR;NONE;NONE;;2019-07-03T09:43:56-04:00;2019;No;No;7;09