Location_Description;Road_Configuration;Light_Condition;Weather;Fatality;Injury;Contributing_Factor;Traffic_Control;Vehicle1;Vehicle2;Vehicle3;Vehicle4;Vehicle5;Crash_Date;year;Fatalities;Injuries;Month;Hour
.257 MILES FROM SR1747 (NW MAYNARD RD);TWO-WAY,NOT DIVIDED;DARK - LIGHTED ROADWAY;CLEAR;0;0;;NO CONTROL PRESENT;PASSENGER CAR;PASSENGER CAR;NONE;NONE;;2019-12-04T14:33:22-05:00;2019;No;No;12;14
CARY;TWO-WAY,DIVIDED,POSITIVE MEDIAN BARRIER;DAYLIGHT;CLEAR;0;0;;NO CONTROL PRESENT;PASSENGER CAR;PICKUP;NONE;NONE;;2019-10-31T15:48:28-04:00;2019;No;No;10;15
158 FEET FROM NC 54;TWO-WAY,NOT DIVIDED;DAYLIGHT;CLEAR;0;0;;NO CONTROL PRESENT;SPORT UTILITY;PASSENGER CAR;NONE;NONE;;2019-12-03T16:51:54-05:00;2019;No;No;12;16
.1 MILES FROM US 64 HWY;TWO-WAY,DIVIDED,UNPROTECTED MEDIAN;DAYLIGHT;CLEAR;0;0;;NO CONTROL PRESENT;PASSENGER CAR;PASSENGER CAR;NONE;NONE;;2019-10-31T17:20:07-04:00;2019;No;No;10;17
.10 MILES FROM P.V.A. PANTHER CREEK HIGH SCHO;TWO-WAY,NOT DIVIDED;DAYLIGHT;CLEAR;0;0;;NO CONTROL PRESENT;SPORT UTILITY;SPORT UTILITY;NONE;NONE;;2019-12-04T07:31:55-05:00;2019;No;No;12;07
50 FEET FROM SR 1652 (S. HARRISON AV);TWO-WAY,NOT DIVIDED;DAYLIGHT;CLOUDY;0;0;;STOP AND GO SIGNAL;PASSENGER CAR;PASSENGER CAR;NONE;NONE;;2019-10-31T14:34:22-04:00;2019;No;No;10;14
300 FEET FROM P.V.A. (1000 EVANS RD);ONE-WAY,NOT DIVIDED;DAYLIGHT;CLEAR;0;0;;NO CONTROL PRESENT;PICKUP;PASSENGER CAR;NONE;NONE;;2019-12-04T12:09:00-05:00;2019;No;No;12;12
CARY;TWO-WAY,NOT DIVIDED;DAYLIGHT;CLEAR;0;2;;STOP AND GO SIGNAL;SPORT UTILITY;SPORT UTILITY;NONE;NONE;;2019-10-31T06:42:39-04:00;2019;No;Yes;10;06
0 FEET FROM SR 1630 (GREEN LEVEL CHURCH RD;TWO-WAY,DIVIDED,UNPROTECTED MEDIAN;DARK - LIGHTED ROADWAY;CLEAR;0;1;;NO CONTROL PRESENT;PASSENGER CAR;PASSENGER CAR;NONE;NONE;;2019-12-04T09:37:53-05:00;2019;No;Yes;12;09
.01 MILES FROM NC 54;TWO-WAY,DIVIDED,UNPROTECTED MEDIAN;DAYLIGHT;CLEAR;0;0;;STOP AND GO SIGNAL;SPORT UTILITY;PASSENGER CAR;NONE;NONE;;2019-11-01T19:38:59-04:00;2019;No;No;11;19
0 FEET FROM SR 3112 (SW CARY PARKWAY);TWO-WAY,DIVIDED,UNPROTECTED MEDIAN;DAYLIGHT;CLEAR;0;0;;STOP AND GO SIGNAL;PASSENGER CAR;SPORT UTILITY;NONE;NONE;;2019-12-05T15:26:30-05:00;2019;No;No;12;15
CARY;TWO-WAY,NOT DIVIDED;DAYLIGHT;CLEAR;0;0;;STOP SIGN;SPORT UTILITY;PASSENGER CAR;NONE;NONE;;2019-11-02T09:35:32-04:00;2019;No;No;11;09
0 FEET FROM SR 1010 (TEN TEN RD);TWO-WAY,NOT DIVIDED;DARK - LIGHTED ROADWAY;CLEAR;0;0;;NO CONTROL PRESENT;PICKUP;PASSENGER CAR;NONE;NONE;;2019-12-05T18:08:30-05:00;2019;No;No;12;18
200 FEET FROM P.P SAS (200 MATRIX DR);ONE-WAY,NOT DIVIDED;DAYLIGHT;CLEAR;0;0;;NO CONTROL PRESENT;LIGHT TRUCK (MINI-VAN- PANEL);NONE;NONE;NONE;;2019-10-29T09:18:44-04:00;2019;No;No;10;09
CARY;TWO-WAY,DIVIDED,UNPROTECTED MEDIAN;DARK - LIGHTED ROADWAY;CLEAR;0;1;;STOP AND GO SIGNAL;PASSENGER CAR;PASSENGER CAR;NONE;NONE;;2019-12-03T23:15:00-05:00;2019;No;Yes;12;23
375 FEET FROM US 1 HWY ON-RAMP;TWO-WAY,DIVIDED,UNPROTECTED MEDIAN;DAYLIGHT;CLEAR;0;0;;NO CONTROL PRESENT;PASSENGER CAR;PASSENGER CAR;NONE;NONE;;2019-11-03T13:22:01-05:00;2019;No;No;11;13
.25 MILES FROM US 1 HWY;TWO-WAY,DIVIDED,POSITIVE MEDIAN BARRIER;DUSK;CLEAR;0;0;;NO CONTROL PRESENT;PASSENGER CAR;NONE;NONE;NONE;;2019-12-04T16:21:26-05:00;2019;No;No;12;16
.71 MILES FROM SR 1010 (TEN TEN RD);TWO-WAY,NOT DIVIDED;DAYLIGHT;CLEAR;0;0;;STOP SIGN;PASSENGER CAR;PASSENGER CAR;NONE;NONE;;2019-11-03T10:08:00-05:00;2019;No;No;11;10
10 FEET FROM SR 1652 (N HARRISON AV);TWO-WAY,NOT DIVIDED;DAYLIGHT;CLEAR;0;0;;STOP AND GO SIGNAL;PASSENGER CAR;PASSENGER CAR;NONE;NONE;;2019-12-06T07:20:16-05:00;2019;No;No;12;07
100 FEET FROM P.V.A. (330 CROSSROADS BLVD);TWO-WAY,NOT DIVIDED;DAYLIGHT;CLEAR;0;0;;STOP SIGN;PASSENGER CAR;PASSENGER CAR;NONE;NONE;;2019-11-03T13:26:33-05:00;2019;No;No;11;13
0 FEET FROM GREGSON DR;TWO-WAY,DIVIDED,UNPROTECTED MEDIAN;DARK - LIGHTED ROADWAY;CLEAR;0;0;;STOP SIGN;SPORT UTILITY;PASSENGER CAR;NONE;NONE;;2019-12-03T18:08:19-05:00;2019;No;No;12;18
275 FEET FROM PVA (6000 ELEVATE CIR);TWO-WAY,NOT DIVIDED;DARK - LIGHTED ROADWAY;CLEAR;0;0;;NO CONTROL PRESENT;SPORT UTILITY;PICKUP;NONE;NONE;;2019-11-03T19:41:17-05:00;2019;No;No;11;19
300 FEET FROM US 64 E;TWO-WAY,DIVIDED,UNPROTECTED MEDIAN;DAYLIGHT;CLEAR;0;2;;STOP AND GO SIGNAL;PICKUP;SPORT UTILITY;NONE;NONE;;2019-12-05T10:23:00-05:00;2019;No;Yes;12;10
.6 MILES FROM US1 NORTH;TWO-WAY,DIVIDED,POSITIVE MEDIAN BARRIER;DAYLIGHT;CLEAR;0;1;;NO CONTROL PRESENT;PICKUP;SPORT UTILITY;NONE;NONE;;2019-11-01T17:38:14-04:00;2019;No;Yes;11;17
5 FEET FROM P. P. (359 BRIDGEGATE DR);NONE;NONE;NONE;0;0;;;NONE;NONE;NONE;NONE;;2019-12-02T15:05:42-05:00;2019;No;No;12;15
CARY;TWO-WAY,DIVIDED,UNPROTECTED MEDIAN;DAYLIGHT;CLEAR;0;0;;NO CONTROL PRESENT;PASSENGER CAR;PASSENGER CAR;NONE;NONE;;2019-11-01T16:24:50-04:00;2019;No;No;11;16
300 FEET FROM P.V.A. (1210 KILDAIRE FARM RD);TWO-WAY,NOT DIVIDED;DAYLIGHT;CLEAR;0;0;;NO CONTROL PRESENT;PASSENGER CAR;PICKUP;NONE;NONE;;2019-12-04T22:41:00-05:00;2019;No;No;12;22
.1 MILES FROM SR 1615 (HIGH HOUSE RD);TWO-WAY,DIVIDED,UNPROTECTED MEDIAN;DAYLIGHT;CLEAR;0;0;;STOP AND GO SIGNAL;PASSENGER CAR;SPORT UTILITY;NONE;NONE;;2019-11-03T16:04:25-05:00;2019;No;No;11;16
.1 MILES FROM P.V.A. (1297 BUCK JONES RD);TWO-WAY,NOT DIVIDED;DAYLIGHT;CLOUDY;0;0;;NO CONTROL PRESENT;NONE;PASSENGER CAR;NONE;NONE;;2019-12-08T14:36:13-05:00;2019;No;No;12;14
245 FEET FROM CANDIA LN;TWO-WAY,NOT DIVIDED;DAYLIGHT;CLEAR;0;0;;NO CONTROL PRESENT;NONE;NONE;NONE;NONE;;2019-11-04T11:13:00-05:00;2019;No;No;11;11
CARY;TWO-WAY,DIVIDED,UNPROTECTED MEDIAN;DARK - ROADWAY NOT LIGHTED;CLEAR;0;1;;STOP AND GO SIGNAL;VAN;SPORT UTILITY;NONE;NONE;;2019-12-07T02:53:08-05:00;2019;No;Yes;12;02
.22 MILES FROM SR 1300 (KILDAIRE FARM RD);TWO-WAY,NOT DIVIDED;DAYLIGHT;CLEAR;0;0;;STOP AND GO SIGNAL;PASSENGER CAR;SPORT UTILITY;NONE;NONE;;2019-11-04T08:36:50-05:00;2019;No;No;11;08
.17 MILES FROM SR 1300 (KILDAIRE FARM RD);TWO-WAY,DIVIDED,UNPROTECTED MEDIAN;DARK - LIGHTED ROADWAY;CLOUDY;0;0;;STOP SIGN;PICKUP;PASSENGER CAR;NONE;NONE;;2019-12-08T17:58:51-05:00;2019;No;No;12;17
.10 MILES FROM P.V.A. (1700 REGENCY PKWY);TWO-WAY,NOT DIVIDED;DARK - LIGHTED ROADWAY;CLEAR;0;0;;NO CONTROL PRESENT;SPORT UTILITY;PASSENGER CAR;NONE;NONE;;2019-11-04T20:33:42-05:00;2019;No;No;11;20
CARY;TWO-WAY,NOT DIVIDED;DARK - LIGHTED ROADWAY;RAIN;0;0;;STOP AND GO SIGNAL;PASSENGER CAR;SPORT UTILITY;NONE;NONE;;2019-12-06T17:14:35-05:00;2019;No;No;12;17
225 FEET FROM PVA OF 110 CORNING RD;TWO-WAY,NOT DIVIDED;DAYLIGHT;CLEAR;0;0;;NO CONTROL PRESENT;PICKUP;PASSENGER CAR;NONE;NONE;;2019-11-05T16:00:02-05:00;2019;No;No;11;16
50 FEET FROM BIRKLANDS DR;TWO-WAY,NOT DIVIDED;DARK - LIGHTED ROADWAY;RAIN;0;0;;NO CONTROL PRESENT;VAN;NONE;NONE;NONE;;2019-12-06T17:58:32-05:00;2019;No;No;12;17
CARY;TWO-WAY,NOT DIVIDED;DARK - LIGHTED ROADWAY;CLEAR;0;2;;STOP AND GO SIGNAL;SPORT UTILITY;PASSENGER CAR;NONE;NONE;;2019-11-05T23:37:00-05:00;2019;No;Yes;11;23
150 FEET FROM SR 1315 (BUCK JONES RD);TWO-WAY,NOT DIVIDED;DARK - LIGHTED ROADWAY;CLEAR;0;0;;NO CONTROL PRESENT;PASSENGER CAR;PASSENGER CAR;NONE;NONE;;2019-12-06T17:25:10-05:00;2019;No;No;12;17
50 FEET FROM PVA (103 SW MAYNARD RD);TWO-WAY,NOT DIVIDED;DARK - LIGHTED ROADWAY;RAIN;0;0;;NO CONTROL PRESENT;SPORT UTILITY;PICKUP;NONE;NONE;;2019-10-31T22:54:00-04:00;2019;No;No;10;22
200 FEET FROM 301 YORK ST;TWO-WAY,NOT DIVIDED;DARK - LIGHTED ROADWAY;CLEAR;0;0;;NO CONTROL PRESENT;PICKUP;PICKUP;NONE;NONE;;2019-12-06T02:52:12-05:00;2019;No;No;12;02
.75 MILES FROM US1 NORTH;TWO-WAY,DIVIDED,POSITIVE MEDIAN BARRIER;DAYLIGHT;CLEAR;0;0;;NO CONTROL PRESENT;SPORT UTILITY;PASSENGER CAR;NONE;NONE;;2019-11-06T16:42:53-05:00;2019;No;No;11;16
196 FEET FROM P.V.A. (1803 N HARRISON AV);TWO-WAY,NOT DIVIDED;DAYLIGHT;CLEAR;0;0;;NO CONTROL PRESENT;PICKUP;PICKUP;NONE;NONE;;2019-12-07T09:42:50-05:00;2019;No;No;12;09
CARY;TWO-WAY,NOT DIVIDED;DARK - ROADWAY NOT LIGHTED;CLEAR;0;1;;NO CONTROL PRESENT;PASSENGER CAR;PASSENGER CAR;NONE;NONE;;2019-11-07T18:40:32-05:00;2019;No;Yes;11;18
116 FEET FROM US 64 HWY;TWO-WAY,DIVIDED,UNPROTECTED MEDIAN;DAYLIGHT;CLEAR;0;0;;STOP AND GO SIGNAL;SPORT UTILITY;PASSENGER CAR;NONE;NONE;;2019-12-07T07:14:50-05:00;2019;No;No;12;07
10 FEET FROM NC 54 (CHAPEL HILL RD);TWO-WAY,DIVIDED,UNPROTECTED MEDIAN;DAYLIGHT;CLEAR;0;0;;STOP AND GO SIGNAL;PASSENGER CAR;PASSENGER CAR;NONE;NONE;;2019-11-09T08:34:26-05:00;2019;No;No;11;08
100 FEET FROM SR 3977 (SE CARY PKWY);TWO-WAY,NOT DIVIDED;DARK - LIGHTED ROADWAY;CLEAR;0;0;;NO CONTROL PRESENT;PASSENGER CAR;PASSENGER CAR;NONE;NONE;;2019-12-08T19:25:23-05:00;2019;No;No;12;19
100 FEET FROM SR 1011 (E. CHATHAM ST);TWO-WAY,NOT DIVIDED;DARK - LIGHTED ROADWAY;CLEAR;0;0;;NO CONTROL PRESENT;PASSENGER CAR;PASSENGER CAR;NONE;NONE;;2019-11-08T19:41:06-05:00;2019;No;No;11;19
50 FEET FROM SR 1613 (DAVIS DR);TWO-WAY,DIVIDED,UNPROTECTED MEDIAN;DARK - LIGHTED ROADWAY;CLEAR;0;0;;STOP AND GO SIGNAL;PASSENGER CAR;PASSENGER CAR;PASSENGER CAR;NONE;;2019-12-05T14:00:12-05:00;2019;No;No;12;14
.33 MILES FROM HWY US 64;TWO-WAY,DIVIDED,UNPROTECTED MEDIAN;DAYLIGHT;CLEAR;0;0;;NO CONTROL PRESENT;PASSENGER CAR;PASSENGER CAR;NONE;NONE;;2019-11-09T15:22:13-05:00;2019;No;No;11;15
300 FEET FROM SR 3977 SW CARY PKWY;TWO-WAY,DIVIDED,UNPROTECTED MEDIAN;DAYLIGHT;CLEAR;0;0;;STOP AND GO SIGNAL;PASSENGER CAR;SPORT UTILITY;NONE;NONE;;2019-12-06T12:45:00-05:00;2019;No;No;12;12
.1 MILES FROM MADISON GROVE PL;TWO-WAY,NOT DIVIDED;DAYLIGHT;RAIN;0;0;;NO CONTROL PRESENT;PICKUP;PICKUP;NONE;NONE;;2019-11-12T07:31:42-05:00;2019;No;No;11;07
.44 MILES FROM US 1 HWY;TWO-WAY,DIVIDED,POSITIVE MEDIAN BARRIER;DAYLIGHT;CLEAR;0;0;;NO CONTROL PRESENT;PASSENGER CAR;SPORT UTILITY;NONE;NONE;;2019-12-09T17:38:20-05:00;2019;No;No;12;17
CARY;TWO-WAY,DIVIDED,UNPROTECTED MEDIAN;DAYLIGHT;CLEAR;0;0;;STOP AND GO SIGNAL;SPORT UTILITY;NONE;NONE;NONE;;2019-11-11T13:38:13-05:00;2019;No;No;11;13
0 FEET FROM SR 1615 (HIGH HOUSE RD);TWO-WAY,DIVIDED,UNPROTECTED MEDIAN;DAWN;FOG, SMOG, SMOKE;0;1;;STOP SIGN;PASSENGER CAR;PASSENGER CAR;VAN;NONE;;2019-12-09T08:18:06-05:00;2019;No;Yes;12;08
CARY;TWO-WAY,DIVIDED,UNPROTECTED MEDIAN;DARK - LIGHTED ROADWAY;CLEAR;0;0;;STOP SIGN;PASSENGER CAR;SPORT UTILITY;NONE;NONE;;2019-11-12T17:36:25-05:00;2019;No;No;11;17
.45 MILES FROM US 1 HWY;TWO-WAY,DIVIDED,POSITIVE MEDIAN BARRIER;DAYLIGHT;CLOUDY;0;0;;NO CONTROL PRESENT;PASSENGER CAR;PASSENGER CAR;NONE;NONE;;2019-12-10T08:20:49-05:00;2019;No;No;12;08
0.10 MILES FROM US 1 SB;TWO-WAY,DIVIDED,POSITIVE MEDIAN BARRIER;DAYLIGHT;RAIN;0;0;;NO CONTROL PRESENT;PASSENGER CAR;NONE;NONE;NONE;;2019-11-12T12:41:00-05:00;2019;No;No;11;12
200 FEET FROM S.R. 1652 (N HARRISON AV);TWO-WAY,NOT DIVIDED;DAYLIGHT;CLEAR;0;0;;NO CONTROL PRESENT;SPORT UTILITY;NONE;NONE;NONE;;2019-12-10T08:01:50-05:00;2019;No;No;12;08
CARY;TWO-WAY,NOT DIVIDED;DAYLIGHT;CLEAR;0;0;;NO CONTROL PRESENT;PASSENGER CAR;PASSENGER CAR;NONE;NONE;;2019-11-13T09:19:29-05:00;2019;No;No;11;09
CARY;TWO-WAY,DIVIDED,UNPROTECTED MEDIAN;DARK - LIGHTED ROADWAY;RAIN;0;0;;STOP AND GO SIGNAL;PASSENGER CAR;SPORT UTILITY;NONE;NONE;;2019-12-06T21:56:17-05:00;2019;No;No;12;21
150 FEET FROM S.R.1415 NE MAYNARD RD;TWO-WAY,DIVIDED,UNPROTECTED MEDIAN;DAYLIGHT;CLEAR;0;0;;NO CONTROL PRESENT;PASSENGER CAR;NONE;NONE;NONE;;2019-11-13T06:40:19-05:00;2019;No;No;11;06
50 FEET FROM SR 1624 (CARP FIRE STATION RD);TWO-WAY,NOT DIVIDED;DARK - ROADWAY NOT LIGHTED;RAIN;0;0;;STOP AND GO SIGNAL;SPORT UTILITY;VAN;NONE;NONE;;2019-12-10T16:47:27-05:00;2019;No;No;12;16
0 FEET FROM SR 1009 (TRYON RD);TWO-WAY,DIVIDED,POSITIVE MEDIAN BARRIER;DAYLIGHT;CLEAR;0;1;COMING FROM BEHIND PARKED VEHICLE;NO CONTROL PRESENT;PASSENGER CAR;PASSENGER CAR;NONE;NONE;;2019-11-13T07:49:48-05:00;2019;No;Yes;11;07
200 FEET FROM SR 1616 (OLD APEX RD);TWO-WAY,NOT DIVIDED;DAYLIGHT;CLOUDY;0;0;;NO CONTROL PRESENT;SPORT UTILITY;PICKUP;NONE;NONE;;2019-12-10T16:26:05-05:00;2019;No;No;12;16
0.2 MILES FROM US 1 HWY;TWO-WAY,DIVIDED,POSITIVE MEDIAN BARRIER;DAYLIGHT;CLEAR;0;1;;NO CONTROL PRESENT;PASSENGER CAR;PICKUP;NONE;NONE;;2019-11-13T12:50:00-05:00;2019;No;Yes;11;12
200 FEET FROM SR 3977 (SE CARY PKWY);TWO-WAY,NOT DIVIDED;DUSK;CLEAR;0;0;;NO CONTROL PRESENT;PASSENGER CAR;SPORT UTILITY;NONE;NONE;;2019-12-11T16:56:10-05:00;2019;No;No;12;16
50 FEET FROM SR 3112 (NW CARY PKWY);TWO-WAY,NOT DIVIDED;DARK - LIGHTED ROADWAY;CLEAR;0;0;;NO CONTROL PRESENT;VAN;PASSENGER CAR;NONE;NONE;;2019-11-14T17:43:53-05:00;2019;No;No;11;17
15 FEET FROM SR 3081 (CHAPEL HILL RD);TWO-WAY,NOT DIVIDED;DAYLIGHT;CLEAR;0;1;;NO CONTROL PRESENT;VAN;SPORT UTILITY;NONE;NONE;;2019-12-11T15:51:05-05:00;2019;No;Yes;12;15
0 MILES FROM SR 1632 (N. HARRISON AV.);NONE;NONE;NONE;0;0;;;NONE;NONE;NONE;NONE;;2019-10-28T06:35:00-04:00;2019;No;No;10;06
50 FEET FROM SR 3977 (SW CARY PKWY);TWO-WAY,DIVIDED,UNPROTECTED MEDIAN;DARK - LIGHTED ROADWAY;CLEAR;0;0;;NO CONTROL PRESENT;SPORT UTILITY;PASSENGER CAR;NONE;NONE;;2019-12-11T17:22:30-05:00;2019;No;No;12;17
20 FEET FROM NC 55 HWY;TWO-WAY,DIVIDED,UNPROTECTED MEDIAN;DARK - LIGHTED ROADWAY;CLOUDY;0;0;;STOP AND GO SIGNAL;SPORT UTILITY;SPORT UTILITY;NONE;NONE;;2019-11-14T22:01:00-05:00;2019;No;No;11;22
20 FEET FROM CROSSROADS BLVD;TWO-WAY,DIVIDED,POSITIVE MEDIAN BARRIER;DARK - LIGHTED ROADWAY;CLEAR;0;0;;NO CONTROL PRESENT;PASSENGER CAR;PASSENGER CAR;NONE;NONE;;2019-12-11T19:14:49-05:00;2019;No;No;12;19
350 FEET FROM SR 1300 (KILDAIRE FARM RD);TWO-WAY,NOT DIVIDED;DAYLIGHT;CLEAR;0;0;;NO CONTROL PRESENT;VAN;SPORT UTILITY;NONE;NONE;;2019-11-16T18:34:31-05:00;2019;No;No;11;18
.3 MILES FROM SR 1600 (MORRISVILLE PKWY);TWO-WAY,DIVIDED,UNPROTECTED MEDIAN;DAYLIGHT;CLEAR;0;0;;STOP AND GO SIGNAL;PASSENGER CAR;SPORT UTILITY;NONE;NONE;;2019-12-12T08:10:24-05:00;2019;No;No;12;08
CARY;TWO-WAY,NOT DIVIDED;DAYLIGHT;CLEAR;0;0;;STOP AND GO SIGNAL;SPORT UTILITY;PASSENGER CAR;NONE;NONE;;2019-11-17T11:13:00-05:00;2019;No;No;11;11
40 FEET FROM PVA 300 ASHEVILLE AVE;TWO-WAY,NOT DIVIDED;DAYLIGHT;CLEAR;0;0;;NO CONTROL PRESENT;SPORT UTILITY;PASSENGER CAR;NONE;NONE;;2019-12-12T10:51:00-05:00;2019;No;No;12;10
125 FEET FROM SR 1605 (GREEN LEVEL WEST RD);TWO-WAY,NOT DIVIDED;DARK - ROADWAY NOT LIGHTED;RAIN;0;0;DARTING;NO CONTROL PRESENT;PASSENGER CAR;NONE;NONE;NONE;;2019-11-15T19:34:42-05:00;2019;No;No;11;19
499 FEET FROM SR1652 (N HARRISON AV);TWO-WAY,NOT DIVIDED;DAYLIGHT;CLEAR;0;1;;NO CONTROL PRESENT;SPORT UTILITY;PASSENGER CAR;NONE;NONE;;2019-12-12T15:00:42-05:00;2019;No;Yes;12;15
CARY;TWO-WAY,DIVIDED,UNPROTECTED MEDIAN;DUSK;RAIN;0;0;;NO CONTROL PRESENT;SPORT UTILITY;PASSENGER CAR;NONE;NONE;;2019-11-18T16:51:55-05:00;2019;No;No;11;16
.10 MILES FROM P.V.A. PANTHER CREEK HIGH SCHO;TWO-WAY,NOT DIVIDED;DAYLIGHT;CLEAR;0;0;;NO CONTROL PRESENT;PASSENGER CAR;PASSENGER CAR;NONE;NONE;;2019-12-12T10:49:00-05:00;2019;No;No;12;10
40 FEET FROM WESTON PKWY;TWO-WAY,DIVIDED,POSITIVE MEDIAN BARRIER;DARK - LIGHTED ROADWAY;RAIN;0;0;;STOP AND GO SIGNAL;PASSENGER CAR;SPORT UTILITY;NONE;NONE;;2019-11-18T17:19:11-05:00;2019;No;No;11;17
203 FEET FROM PVA (1048 PARKSIDE MAIN ST);TWO-WAY,NOT DIVIDED;DAYLIGHT;CLEAR;0;0;;NO CONTROL PRESENT;SPORT UTILITY;PASSENGER CAR;NONE;NONE;;2019-12-12T14:27:32-05:00;2019;No;No;12;14
63 FEET FROM PVA 869 SE MAYNARD RD;TWO-WAY,NOT DIVIDED;DARK - LIGHTED ROADWAY;CLOUDY;0;0;;NO CONTROL PRESENT;PASSENGER CAR;SPORT UTILITY;NONE;NONE;;2019-11-18T19:19:59-05:00;2019;No;No;11;19
CARY;TWO-WAY,NOT DIVIDED;DARK - LIGHTED ROADWAY;RAIN;0;0;;NO CONTROL PRESENT;SPORT UTILITY;NONE;NONE;NONE;;2019-12-13T00:55:00-05:00;2019;No;No;12;00
421 FEET FROM SR 3081 (CHAPEL HILL RD);TWO-WAY,NOT DIVIDED;DAYLIGHT;CLOUDY;0;0;;NO CONTROL PRESENT;PASSENGER CAR;PASSENGER CAR;NONE;NONE;;2019-11-19T09:11:19-05:00;2019;No;No;11;09
100 FEET FROM CORONADO WAY;TWO-WAY,NOT DIVIDED;DUSK;CLEAR;0;0;;NO CONTROL PRESENT;SPORT UTILITY;PASSENGER CAR;NONE;NONE;;2019-12-15T17:17:58-05:00;2019;No;No;12;17
20 FEET FROM US 1 HWY;TWO-WAY,DIVIDED,POSITIVE MEDIAN BARRIER;DAYLIGHT;CLOUDY;0;0;;STOP AND GO SIGNAL;SPORT UTILITY;PASSENGER CAR;NONE;NONE;;2019-11-19T13:38:29-05:00;2019;No;No;11;13
10 FEET FROM S.R. 1628 (OKELLY CHAPEL RD);TWO-WAY,NOT DIVIDED;DAYLIGHT;CLEAR;0;0;;STOP AND GO SIGNAL;SPORT UTILITY;SPORT UTILITY;NONE;NONE;;2019-12-14T11:55:00-05:00;2019;No;No;12;11
.01 MILES FROM PVA (1020 BRADFORD PLAZA WAY);TWO-WAY,NOT DIVIDED;DAYLIGHT;CLEAR;0;0;;NO CONTROL PRESENT;SPORT UTILITY;PASSENGER CAR;NONE;NONE;;2019-11-19T16:33:08-05:00;2019;No;No;11;16
10 FEET FROM SR 1618 (WALDO ROOD BLVD);TWO-WAY,NOT DIVIDED;DAYLIGHT;CLOUDY;0;0;;STOP AND GO SIGNAL;PASSENGER CAR;PASSENGER CAR;NONE;NONE;;2019-12-14T12:56:00-05:00;2019;No;No;12;12
.5 MILES FROM US1 NORTH;TWO-WAY,DIVIDED,POSITIVE MEDIAN BARRIER;DARK - LIGHTED ROADWAY;CLEAR;0;0;;NO CONTROL PRESENT;PASSENGER CAR;PICKUP;NONE;NONE;;2019-11-19T18:06:48-05:00;2019;No;No;11;18
1.2 MILES FROM US 1;TWO-WAY,DIVIDED,POSITIVE MEDIAN BARRIER;DARK - ROADWAY NOT LIGHTED;RAIN;0;2;;NO CONTROL PRESENT;VAN;PASSENGER CAR;NONE;NONE;;2019-12-14T00:39:00-05:00;2019;No;Yes;12;00
1 MILES FROM US 1 HWY;TWO-WAY,DIVIDED,POSITIVE MEDIAN BARRIER;DAYLIGHT;CLEAR;0;0;;NO CONTROL PRESENT;VAN;PASSENGER CAR;PASSENGER CAR;NONE;;2019-11-20T08:01:33-05:00;2019;No;No;11;08
50 FEET FROM US 64 HWY;TWO-WAY,DIVIDED,UNPROTECTED MEDIAN;DARK - LIGHTED ROADWAY;RAIN;0;0;;STOP AND GO SIGNAL;SPORT UTILITY;PASSENGER CAR;NONE;NONE;;2019-12-13T17:35:00-05:00;2019;No;No;12;17
150 FEET FROM APPLEDOWN DR;TWO-WAY,DIVIDED,POSITIVE MEDIAN BARRIER;DAYLIGHT;CLEAR;0;0;;NO CONTROL PRESENT;NONE;NONE;NONE;NONE;;2019-11-20T15:59:53-05:00;2019;No;No;11;15
CARY;TWO-WAY,NOT DIVIDED;DAYLIGHT;RAIN;0;0;;STOP AND GO SIGNAL;PICKUP;SPORT UTILITY;NONE;NONE;;2019-12-13T16:54:24-05:00;2019;No;No;12;16
100 FEET FROM PVA (801 SE MAYNARD RD);TWO-WAY,NOT DIVIDED;DAYLIGHT;CLEAR;0;0;;NO CONTROL PRESENT;PASSENGER CAR;PASSENGER CAR;NONE;NONE;;2019-11-20T14:39:47-05:00;2019;No;No;11;14
.35 MILES FROM SR 1315 (BUCK JONES RD);TWO-WAY,DIVIDED,POSITIVE MEDIAN BARRIER;DAYLIGHT;CLEAR;0;0;;NO CONTROL PRESENT;PASSENGER CAR;PICKUP;NONE;NONE;;2019-12-13T14:03:10-05:00;2019;No;No;12;14
100 FEET FROM S.R. 1415 NE MAYNARD RD;TWO-WAY,DIVIDED,UNPROTECTED MEDIAN;DAYLIGHT;CLEAR;0;0;;STOP AND GO SIGNAL;PASSENGER CAR;PASSENGER CAR;SPORT UTILITY;NONE;;2019-11-20T07:42:51-05:00;2019;No;No;11;07
.10 MILES FROM US 1 NORTH;TWO-WAY,DIVIDED,POSITIVE MEDIAN BARRIER;DARK - ROADWAY NOT LIGHTED;RAIN;0;0;COMING FROM BEHIND PARKED VEHICLE;NO CONTROL PRESENT;PASSENGER CAR;PASSENGER CAR;NONE;NONE;;2019-12-13T23:46:00-05:00;2019;No;No;12;23
CARY;TWO-WAY,NOT DIVIDED;DAYLIGHT;CLEAR;0;0;;STOP SIGN;PASSENGER CAR;PASSENGER CAR;NONE;NONE;;2019-11-20T09:22:14-05:00;2019;No;No;11;09