Location_Description;Road_Configuration;Light_Condition;Weather;Fatality;Injury;Contributing_Factor;Traffic_Control;Vehicle1;Vehicle2;Vehicle3;Vehicle4;Vehicle5;Crash_Date;year;Fatalities;Injuries;Month;Hour
CARY;TWO-WAY,NOT DIVIDED;DAYLIGHT;RAIN;0;0;;NO CONTROL PRESENT;PICKUP;PASSENGER CAR;NONE;NONE;;2020-01-07T11:43:00-05:00;2020;No;No;1;11
40 FEET FROM SR1313 (WALNUT ST);TWO-WAY,DIVIDED,UNPROTECTED MEDIAN;DUSK;CLEAR;0;0;;STOP AND GO SIGNAL;SPORT UTILITY;PASSENGER CAR;NONE;NONE;;2019-12-07T17:15:59-05:00;2019;No;No;12;17
0 FEET FROM SR3011 JENKS CARPENTER RD;TWO-WAY,NOT DIVIDED;DAYLIGHT;CLEAR;0;0;;STOP SIGN;SPORT UTILITY;PASSENGER CAR;NONE;NONE;;2020-01-09T08:35:59-05:00;2020;No;No;1;08
328 FEET FROM SR 1011 (OLD APEX RD);TWO-WAY,DIVIDED,UNPROTECTED MEDIAN;DARK - ROADWAY NOT LIGHTED;CLEAR;0;0;;NO CONTROL PRESENT;PASSENGER CAR;NONE;NONE;NONE;;2019-12-08T07:23:00-05:00;2019;No;No;12;07
87 FEET FROM 4034 SYKES ST.;TWO-WAY,NOT DIVIDED;DARK - LIGHTED ROADWAY;CLEAR;0;1;;NO CONTROL PRESENT;SPORT UTILITY;NONE;NONE;NONE;;2020-01-08T02:58:10-05:00;2020;No;Yes;1;02
155 FEET FROM SR 1010 (TEN TEN RD);TWO-WAY,NOT DIVIDED;DARK - ROADWAY NOT LIGHTED;RAIN;0;0;DARTING;NO CONTROL PRESENT;SPORT UTILITY;NONE;NONE;NONE;;2019-12-08T20:15:06-05:00;2019;No;No;12;20
490 FEET FROM PVA 973 N HARRISON AV;TWO-WAY,NOT DIVIDED;DAYLIGHT;CLEAR;0;1;;NO CONTROL PRESENT;PICKUP;SPORT UTILITY;NONE;NONE;;2020-01-09T11:18:00-05:00;2020;No;Yes;1;11
0 FEET FROM SR 1319 (JONES FRANKLIN RD);TWO-WAY,NOT DIVIDED;DARK - LIGHTED ROADWAY;RAIN;0;0;;STOP SIGN;PASSENGER CAR;PASSENGER CAR;NONE;NONE;;2019-12-06T17:15:59-05:00;2019;No;No;12;17
CARY;TWO-WAY,NOT DIVIDED;DARK - ROADWAY NOT LIGHTED;CLEAR;0;0;;STOP SIGN;PASSENGER CAR;PASSENGER CAR;NONE;NONE;;2020-01-09T19:04:18-05:00;2020;No;No;1;19
250 FEET FROM P.V.A (7145 OKELLY CHAPEL RD);TWO-WAY,NOT DIVIDED;DAYLIGHT;CLEAR;0;0;;NO CONTROL PRESENT;PASSENGER CAR;PASSENGER CAR;NONE;NONE;;2019-12-07T11:46:00-05:00;2019;No;No;12;11
50 FEET FROM SR-3081 CHAPEL HILL RD;TWO-WAY,NOT DIVIDED;DARK - LIGHTED ROADWAY;CLEAR;0;0;;NO CONTROL PRESENT;PASSENGER CAR;PASSENGER CAR;NONE;NONE;;2020-01-09T18:18:13-05:00;2020;No;No;1;18
26 FEET FROM P.V.A. (1904 NW MAYNARD RD);TWO-WAY,NOT DIVIDED;DAYLIGHT;CLEAR;0;0;;STOP AND GO SIGNAL;PASSENGER CAR;VAN;NONE;NONE;;2019-12-07T10:40:00-05:00;2019;No;No;12;10
200 FEET FROM NC 55 HWY;TWO-WAY,DIVIDED,UNPROTECTED MEDIAN;DUSK;CLEAR;0;0;FAILURE TO YIELD RIGHT OF WAY;NO CONTROL PRESENT;PASSENGER CAR;PASSENGER CAR;NONE;NONE;;2020-01-10T16:09:11-05:00;2020;No;No;1;16
330 FEET FROM WESTON PKWY;TWO-WAY,DIVIDED,UNPROTECTED MEDIAN;DAYLIGHT;CLEAR;0;0;;NO CONTROL PRESENT;PASSENGER CAR;NONE;NONE;NONE;;2019-12-10T07:19:43-05:00;2019;No;No;12;07
.25 MILES FROM SR 1315 (BUCK JONES RD);TWO-WAY,NOT DIVIDED;DAYLIGHT;CLOUDY;0;0;;NO CONTROL PRESENT;PASSENGER CAR;PASSENGER CAR;NONE;NONE;;2020-01-11T14:39:39-05:00;2020;No;No;1;14
.64 MILES FROM US 1;TWO-WAY,DIVIDED,POSITIVE MEDIAN BARRIER;DAYLIGHT;CLEAR;0;1;;NO CONTROL PRESENT;PASSENGER CAR;SPORT UTILITY;NONE;NONE;;2019-12-09T13:51:45-05:00;2019;No;Yes;12;13
1.71 MILES FROM US 1 NB;TWO-WAY,DIVIDED,POSITIVE MEDIAN BARRIER;DAYLIGHT;CLOUDY;0;1;;NO CONTROL PRESENT;PICKUP;PASSENGER CAR;PASSENGER CAR;NONE;;2020-01-11T13:59:00-05:00;2020;No;Yes;1;13
50 FEET FROM 2500 CARPENTER UPCHURCH RD PVA;ONE-WAY,NOT DIVIDED;DARK - ROADWAY NOT LIGHTED;CLOUDY;0;0;;NO CONTROL PRESENT;SPORT UTILITY;PASSENGER CAR;NONE;NONE;;2019-12-10T18:20:31-05:00;2019;No;No;12;18
15 FEET FROM SHANNON OAKS CIR;TWO-WAY,DIVIDED,UNPROTECTED MEDIAN;DARK - LIGHTED ROADWAY;RAIN;0;0;;NO CONTROL PRESENT;PASSENGER CAR;NONE;NONE;NONE;;2020-01-11T23:57:00-05:00;2020;No;No;1;23
10 FEET FROM SR 3060 (MORRISVILLE PKWY);TWO-WAY,DIVIDED,POSITIVE MEDIAN BARRIER;DARK - LIGHTED ROADWAY;RAIN;0;0;;STOP AND GO SIGNAL;SPORT UTILITY;PASSENGER CAR;NONE;NONE;;2019-12-10T17:54:38-05:00;2019;No;No;12;17
158 FEET FROM P.V.A. (1809 WLANUT ST);TWO-WAY,NOT DIVIDED;DAYLIGHT;CLEAR;0;0;;NO CONTROL PRESENT;PASSENGER CAR;PASSENGER CAR;NONE;NONE;;2020-01-12T14:19:11-05:00;2020;No;No;1;14
NEAR .1 MILES NW OF NW SR 1756 (BRANDYWINE RD);TWO-WAY,NOT DIVIDED;DARK - LIGHTED ROADWAY;CLOUDY;0;0;;STOP SIGN;VAN;PICKUP;NONE;NONE;;2019-12-10T18:42:02-05:00;2019;No;No;12;18
15 FEET FROM SR 1300 (KILDAIRE FARM RD);TWO-WAY,NOT DIVIDED;DUSK;CLOUDY;0;0;;NO CONTROL PRESENT;SPORT UTILITY;PASSENGER CAR;NONE;NONE;;2020-01-13T17:15:38-05:00;2020;No;No;1;17
CARY;TWO-WAY,DIVIDED,POSITIVE MEDIAN BARRIER;DARK - LIGHTED ROADWAY;CLEAR;0;0;;STOP AND GO SIGNAL;PASSENGER CAR;PASSENGER CAR;NONE;NONE;;2019-12-10T17:39:59-05:00;2019;No;No;12;17
59 FEET FROM SR1300(KILDAIRE FARM RD);TWO-WAY,DIVIDED,UNPROTECTED MEDIAN;DAYLIGHT;RAIN;0;0;;STOP AND GO SIGNAL;PASSENGER CAR;PICKUP;NONE;NONE;;2020-01-13T09:08:31-05:00;2020;No;No;1;09
50 FEET FROM PVA OF 1105 WALNUT ST;TWO-WAY,NOT DIVIDED;DARK - LIGHTED ROADWAY;CLEAR;0;0;;NO CONTROL PRESENT;PICKUP;VAN;NONE;NONE;;2019-12-11T22:05:00-05:00;2019;No;No;12;22
190 FEET FROM SR1652 (N HARRISON AV);TWO-WAY,DIVIDED,UNPROTECTED MEDIAN;DAYLIGHT;CLOUDY;0;0;;NO CONTROL PRESENT;PASSENGER CAR;PASSENGER CAR;NONE;NONE;;2019-12-14T11:25:00-05:00;2019;No;No;12;11
0 FEET FROM SR1652 (N HARRISON AVE);TWO-WAY,DIVIDED,UNPROTECTED MEDIAN;DAYLIGHT;RAIN;0;1;;STOP AND GO SIGNAL;PASSENGER CAR;PASSENGER CAR;NONE;NONE;;2019-12-13T10:55:00-05:00;2019;No;Yes;12;10
.1 MILES FROM S.R. 1617 (CARPENTER UPCHURCH;TWO-WAY,DIVIDED,UNPROTECTED MEDIAN;DAYLIGHT;CLOUDY;0;0;;NO CONTROL PRESENT;LIGHT TRUCK (MINI-VAN- PANEL);PASSENGER CAR;NONE;NONE;;2020-01-14T14:39:02-05:00;2020;No;No;1;14
.38 MILES FROM S.R. 1 (US 1 HWY);TWO-WAY,DIVIDED,UNPROTECTED MEDIAN;DAYLIGHT;CLEAR;0;0;;STOP AND GO SIGNAL;PICKUP;SPORT UTILITY;NONE;NONE;;2019-12-12T12:05:00-05:00;2019;No;No;12;12
50 FEET FROM FIELD ST;TWO-WAY,NOT DIVIDED;DAYLIGHT;CLOUDY;0;0;;NO CONTROL PRESENT;SPORT UTILITY;PICKUP;NONE;NONE;;2020-01-14T11:26:00-05:00;2020;No;No;1;11
10 FEET FROM NOTTINGHAM DR;NONE;NONE;NONE;0;0;;;NONE;NONE;NONE;NONE;;2019-12-01T15:09:33-05:00;2019;No;No;12;15
.378 MILES FROM SR1747 (NW MAYNARD RD);TWO-WAY,DIVIDED,UNPROTECTED MEDIAN;DAYLIGHT;CLOUDY;0;0;;STOP AND GO SIGNAL;PASSENGER CAR;PASSENGER CAR;NONE;NONE;;2020-01-14T07:49:37-05:00;2020;No;No;1;07
30 FEET FROM SR1313 (WALNUT ST);TWO-WAY,DIVIDED,UNPROTECTED MEDIAN;DAYLIGHT;CLEAR;0;0;;STOP AND GO SIGNAL;SPORT UTILITY;SPORT UTILITY;NONE;NONE;;2019-12-14T15:33:21-05:00;2019;No;No;12;15
CARY;TWO-WAY,DIVIDED,UNPROTECTED MEDIAN;DAYLIGHT;CLOUDY;0;0;;STOP AND GO SIGNAL;LIGHT TRUCK (MINI-VAN- PANEL);SPORT UTILITY;NONE;NONE;;2020-01-14T21:55:57-05:00;2020;No;No;1;21
200 FEET FROM P.V.A. (FRESH MARKET);TWO-WAY,NOT DIVIDED;DAYLIGHT;CLOUDY;0;0;;NO CONTROL PRESENT;PASSENGER CAR;SPORT UTILITY;NONE;NONE;;2019-12-14T15:42:36-05:00;2019;No;No;12;15
1 MILES FROM US 1;TWO-WAY,DIVIDED,POSITIVE MEDIAN BARRIER;DAYLIGHT;RAIN;0;1;;NO CONTROL PRESENT;PASSENGER CAR;VAN;SPORT UTILITY;NONE;;2020-01-14T07:10:26-05:00;2020;No;Yes;1;07
259 FEET FROM SR 1011 (W CHATHAM ST);TWO-WAY,NOT DIVIDED;DARK - UNKNOWN LIGHTING;CLEAR;0;1;;NO CONTROL PRESENT;PASSENGER CAR;VAN;PASSENGER CAR;NONE;;2019-12-12T15:23:07-05:00;2019;No;Yes;12;15
CARY;TWO-WAY,NOT DIVIDED;DARK - LIGHTED ROADWAY;CLEAR;0;0;;STOP AND GO SIGNAL;PASSENGER CAR;SPORT UTILITY;NONE;NONE;;2020-01-16T20:13:25-05:00;2020;No;No;1;20
0 FEET FROM US 64;TWO-WAY,NOT DIVIDED;DAYLIGHT;RAIN;0;0;;STOP AND GO SIGNAL;SPORT UTILITY;VAN;NONE;NONE;;2019-12-13T15:41:45-05:00;2019;No;No;12;15
CARY;TWO-WAY,DIVIDED,UNPROTECTED MEDIAN;DARK - LIGHTED ROADWAY;CLEAR;0;0;;STOP AND GO SIGNAL;PASSENGER CAR;SPORT UTILITY;NONE;NONE;;2020-01-17T19:06:06-05:00;2020;No;No;1;19
CARY;TWO-WAY,DIVIDED,UNPROTECTED MEDIAN;DARK - LIGHTED ROADWAY;RAIN;0;2;;STOP SIGN;SPORT UTILITY;PASSENGER CAR;NONE;NONE;;2019-12-13T21:27:49-05:00;2019;No;Yes;12;21
30 FEET FROM STONEWATER GLEN LN;TWO-WAY,NOT DIVIDED;DUSK;CLEAR;0;0;;STOP SIGN;PASSENGER CAR;SPORT UTILITY;NONE;NONE;;2020-01-17T16:59:18-05:00;2020;No;No;1;16
10 FEET FROM P.P. ALMA DR;TWO-WAY,NOT DIVIDED;DARK - ROADWAY NOT LIGHTED;CLEAR;0;0;;NO CONTROL PRESENT;SPORT UTILITY;PASSENGER CAR;NONE;NONE;;2019-12-16T10:07:00-05:00;2019;No;No;12;10
.1 MILES FROM PVA RUTH CHRIS (2010 RENAISSAN;TWO-WAY,NOT DIVIDED;DARK - LIGHTED ROADWAY;CLEAR;0;0;;NO CONTROL PRESENT;PASSENGER CAR;PASSENGER CAR;NONE;NONE;;2020-01-18T23:17:00-05:00;2020;No;No;1;23
200 FEET FROM P.V.A. (TRIANGLE AQUATIC CENT);TWO-WAY,NOT DIVIDED;DAWN;CLEAR;0;0;;NO CONTROL PRESENT;PASSENGER CAR;PASSENGER CAR;NONE;NONE;;2019-12-12T16:08:42-05:00;2019;No;No;12;16
CARY;NONE;NONE;NONE;0;0;;;NONE;NONE;NONE;NONE;;2020-01-13T07:32:39-05:00;2020;No;No;1;07
300 FEET FROM NC 55 HWY;TWO-WAY,DIVIDED,UNPROTECTED MEDIAN;DARK - LIGHTED ROADWAY;CLEAR;0;0;;NO CONTROL PRESENT;SPORT UTILITY;SPORT UTILITY;NONE;NONE;;2019-12-16T23:32:00-05:00;2019;No;No;12;23
136 FEET FROM SR 1379 (PENNY RD);TWO-WAY,DIVIDED,UNPROTECTED MEDIAN;DAYLIGHT;CLEAR;0;0;;STOP SIGN;SPORT UTILITY;SPORT UTILITY;NONE;NONE;;2020-01-20T17:13:35-05:00;2020;No;No;1;17
.15 MILES FROM METRO PARK DR;TWO-WAY,NOT DIVIDED;DAYLIGHT;RAIN;0;0;;NO CONTROL PRESENT;PASSENGER CAR;NONE;NONE;NONE;;2019-12-17T13:30:15-05:00;2019;No;No;12;13
CARY;NONE;NONE;NONE;0;0;;;NONE;NONE;NONE;NONE;;2020-01-14T21:37:09-05:00;2020;No;No;1;21
25 FEET FROM SR 1625 (GREEN LEVEL CHURCH RD;TWO-WAY,DIVIDED,UNPROTECTED MEDIAN;DAYLIGHT;CLEAR;0;0;;STOP AND GO SIGNAL;SPORT UTILITY;PASSENGER CAR;NONE;NONE;;2019-12-18T09:12:03-05:00;2019;No;No;12;09
CARY;TWO-WAY,NOT DIVIDED;DUSK;CLOUDY;0;0;;NO CONTROL PRESENT;PASSENGER CAR;PASSENGER CAR;NONE;NONE;;2020-01-13T17:26:16-05:00;2020;No;No;1;17
CARY;TWO-WAY,DIVIDED,POSITIVE MEDIAN BARRIER;DARK - LIGHTED ROADWAY;CLOUDY;0;0;;YIELD SIGN;PASSENGER CAR;PASSENGER CAR;NONE;NONE;;2019-12-17T17:41:23-05:00;2019;No;No;12;17
CARY;TWO-WAY,DIVIDED,UNPROTECTED MEDIAN;DAYLIGHT;CLEAR;0;0;;NO CONTROL PRESENT;PASSENGER CAR;PASSENGER CAR;NONE;NONE;;2020-01-16T16:23:15-05:00;2020;No;No;1;16
0 FEET FROM SR 1300 (KILDAIRE FARM RD);TWO-WAY,NOT DIVIDED;DAYLIGHT;RAIN;0;2;;STOP AND GO SIGNAL;PASSENGER CAR;PASSENGER CAR;NONE;NONE;;2019-12-13T08:24:07-05:00;2019;No;Yes;12;08
CARY;TWO-WAY,DIVIDED,UNPROTECTED MEDIAN;DARK - LIGHTED ROADWAY;CLEAR;0;0;;STOP AND GO SIGNAL;SPORT UTILITY;PASSENGER CAR;NONE;NONE;;2020-01-17T21:26:20-05:00;2020;No;No;1;21
50 FEET FROM SR 1618 (WALDO ROOD BLVD);TWO-WAY,NOT DIVIDED;DAYLIGHT;CLEAR;0;2;;STOP AND GO SIGNAL;SPORT UTILITY;PASSENGER CAR;NONE;NONE;;2019-12-19T08:09:40-05:00;2019;No;Yes;12;08
1.54 MILES FROM US 1 HWY;TWO-WAY,DIVIDED,POSITIVE MEDIAN BARRIER;DAYLIGHT;CLEAR;0;0;;NO CONTROL PRESENT;PICKUP;PASSENGER CAR;PASSENGER CAR;NONE;;2020-01-21T08:45:45-05:00;2020;No;No;1;08
25 FEET FROM DILLARD DR;TWO-WAY,DIVIDED,UNPROTECTED MEDIAN;DAYLIGHT;CLEAR;0;0;;STOP SIGN;SPORT UTILITY;PICKUP;NONE;NONE;;2019-12-19T11:12:00-05:00;2019;No;No;12;11
CARY;TWO-WAY,NOT DIVIDED;DARK - LIGHTED ROADWAY;CLEAR;0;0;;STOP AND GO SIGNAL;PASSENGER CAR;VAN;NONE;NONE;;2020-01-21T19:50:42-05:00;2020;No;No;1;19
300 FEET FROM SR 3977 (SE CARY PKWY);TWO-WAY,DIVIDED,UNPROTECTED MEDIAN;DARK - LIGHTED ROADWAY;CLEAR;0;0;;NO CONTROL PRESENT;PASSENGER CAR;PICKUP;NONE;NONE;;2019-12-19T17:46:51-05:00;2019;No;No;12;17
120 FEET FROM SR 3977 (SW CARY PKWY);TWO-WAY,NOT DIVIDED;DAYLIGHT;CLEAR;0;0;;STOP AND GO SIGNAL;PASSENGER CAR;SPORT UTILITY;NONE;NONE;;2020-01-21T14:24:22-05:00;2020;No;No;1;14
25 FEET FROM SR 3081 (CHAPEL HLL RD);TWO-WAY,NOT DIVIDED;DAYLIGHT;CLEAR;0;0;;NO CONTROL PRESENT;SPORT UTILITY;PICKUP;NONE;NONE;;2019-12-19T16:54:04-05:00;2019;No;No;12;16
.2 MILES FROM PVA 110 CORNING RD;TWO-WAY,NOT DIVIDED;DAYLIGHT;CLEAR;0;0;;NO CONTROL PRESENT;PASSENGER CAR;PASSENGER CAR;NONE;NONE;;2020-01-22T14:46:48-05:00;2020;No;No;1;14
200 FEET FROM SR 1415 (SE MAYNARD RD);TWO-WAY,NOT DIVIDED;DAYLIGHT;CLEAR;0;0;DARTING;NO CONTROL PRESENT;SPORT UTILITY;NONE;NONE;NONE;;2019-12-19T12:57:00-05:00;2019;No;No;12;12
100 FEET FROM P.V.A. (EAST CARY MIDDLE SCHOO;TWO-WAY,NOT DIVIDED;DARK - LIGHTED ROADWAY;CLEAR;0;0;;NO CONTROL PRESENT;PASSENGER CAR;PASSENGER CAR;NONE;NONE;;2020-01-22T18:01:20-05:00;2020;No;No;1;18
200 FEET FROM P.V.A. (RESIDENCE INN);ONE-WAY,NOT DIVIDED;DAYLIGHT;CLEAR;0;0;;NO CONTROL PRESENT;NONE;SPORT UTILITY;NONE;NONE;;2019-12-20T12:19:00-05:00;2019;No;No;12;12
300 FEET FROM S.R. 3112 (NW CARY PKWY);TWO-WAY,DIVIDED,POSITIVE MEDIAN BARRIER;DAYLIGHT;CLOUDY;0;0;;NO CONTROL PRESENT;PASSENGER CAR;PASSENGER CAR;NONE;NONE;;2020-01-23T09:27:02-05:00;2020;No;No;1;09
200 FEET FROM P.V.A. 1361 KILDAIRE FARM RD;TWO-WAY,NOT DIVIDED;DARK - LIGHTED ROADWAY;CLEAR;0;0;;NO CONTROL PRESENT;PASSENGER CAR;SPORT UTILITY;NONE;NONE;;2019-12-20T20:15:22-05:00;2019;No;No;12;20
CARY;TWO-WAY,NOT DIVIDED;DAYLIGHT;CLEAR;0;0;;NO CONTROL PRESENT;SPORT UTILITY;PASSENGER CAR;NONE;NONE;;2020-01-23T13:40:27-05:00;2020;No;No;1;13
200 FEET FROM CARY GLEN BLVD;TWO-WAY,NOT DIVIDED;DAYLIGHT;CLEAR;0;0;;NO CONTROL PRESENT;PASSENGER CAR;PASSENGER CAR;NONE;NONE;;2019-12-22T07:26:24-05:00;2019;No;No;12;07
26 FEET FROM SR1370 (TRYON RD);TWO-WAY,DIVIDED,UNPROTECTED MEDIAN;DAYLIGHT;CLEAR;0;0;;STOP AND GO SIGNAL;VAN;PASSENGER CAR;NONE;NONE;;2020-01-17T08:06:16-05:00;2020;No;No;1;08
0 FEET FROM SR 3112 (SE CARY PKWY);TWO-WAY,DIVIDED,UNPROTECTED MEDIAN;DARK - LIGHTED ROADWAY;CLEAR;0;2;;NO CONTROL PRESENT;PASSENGER CAR;PASSENGER CAR;NONE;NONE;;2019-12-19T18:11:17-05:00;2019;No;Yes;12;18
.2 MILES FROM US 64 HWY;TWO-WAY,DIVIDED,UNPROTECTED MEDIAN;DARK - ROADWAY NOT LIGHTED;CLEAR;0;1;;STOP AND GO SIGNAL;VAN;VAN;NONE;NONE;;2020-01-22T19:21:38-05:00;2020;No;Yes;1;19
.3 MILES FROM US 1 HWY;TWO-WAY,DIVIDED,POSITIVE MEDIAN BARRIER;DAYLIGHT;CLEAR;0;0;;NO CONTROL PRESENT;PICKUP;VAN;NONE;NONE;;2019-12-18T15:15:02-05:00;2019;No;No;12;15
50 FEET FROM GRAVEL BROOK CT;TWO-WAY,NOT DIVIDED;DAYLIGHT;CLEAR;0;0;;NO CONTROL PRESENT;PICKUP;VAN;NONE;NONE;;2020-01-22T13:47:32-05:00;2020;No;No;1;13
.5 MILES FROM 1617 (CARPENTER UPCHURCH);TWO-WAY,NOT DIVIDED;DAYLIGHT;CLEAR;0;0;;NO CONTROL PRESENT;SPORT UTILITY;PASSENGER CAR;NONE;NONE;;2019-12-19T13:19:46-05:00;2019;No;No;12;13
270 FEET FROM NC 55;TWO-WAY,DIVIDED,POSITIVE MEDIAN BARRIER;DAYLIGHT;CLOUDY;0;1;;NO CONTROL PRESENT;SPORT UTILITY;PASSENGER CAR;NONE;NONE;;2020-01-24T11:19:00-05:00;2020;No;Yes;1;11
CARY;TWO-WAY,DIVIDED,UNPROTECTED MEDIAN;DAYLIGHT;CLEAR;0;0;;STOP AND GO SIGNAL;SPORT UTILITY;SPORT UTILITY;NONE;NONE;;2019-12-24T07:20:13-05:00;2019;No;No;12;07
.32 MILES FROM US 64 HWY;TWO-WAY,DIVIDED,UNPROTECTED MEDIAN;DAYLIGHT;CLOUDY;0;0;;STOP AND GO SIGNAL;PASSENGER CAR;PASSENGER CAR;NONE;NONE;;2020-01-25T10:06:00-05:00;2020;No;No;1;10
CARY;TWO-WAY,NOT DIVIDED;DAYLIGHT;CLEAR;0;0;;STOP AND GO SIGNAL;PASSENGER CAR;PICKUP;NONE;NONE;;2019-12-24T11:24:00-05:00;2019;No;No;12;11
.5 MILES FROM 9008 GREEN LEVEL CHURCH RD;TWO-WAY,NOT DIVIDED;DAYLIGHT;CLEAR;0;0;;NO CONTROL PRESENT;PASSENGER CAR;NONE;NONE;NONE;;2020-01-25T12:10:00-05:00;2020;No;No;1;12
105 FEET FROM PVA(280 MEETING ST);TWO-WAY,NOT DIVIDED;DAYLIGHT;RAIN;0;0;;NO CONTROL PRESENT;SPORT UTILITY;PASSENGER CAR;NONE;NONE;;2019-12-23T19:13:25-05:00;2019;No;No;12;19
328 FEET FROM W CAMDEN FOREST DR;TWO-WAY,NOT DIVIDED;DARK - ROADWAY NOT LIGHTED;CLEAR;0;0;;NO CONTROL PRESENT;PASSENGER CAR;PASSENGER CAR;NONE;NONE;;2020-01-26T18:30:56-05:00;2020;No;No;1;18
CARY;TWO-WAY,DIVIDED,POSITIVE MEDIAN BARRIER;DARK - ROADWAY NOT LIGHTED;CLEAR;0;0;;NO CONTROL PRESENT;PASSENGER CAR;SPORT UTILITY;NONE;NONE;;2019-12-26T19:41:31-05:00;2019;No;No;12;19
50 FEET FROM US 64 HWY;TWO-WAY,DIVIDED,UNPROTECTED MEDIAN;DARK - ROADWAY NOT LIGHTED;CLEAR;0;0;;NO CONTROL PRESENT;SPORT UTILITY;SPORT UTILITY;PASSENGER CAR;NONE;;2020-01-24T19:04:48-05:00;2020;No;No;1;19
.19 MILES FROM S.R. 4067 (REGENCY PKWY);TWO-WAY,DIVIDED,UNPROTECTED MEDIAN;DARK - LIGHTED ROADWAY;CLEAR;0;0;;NO CONTROL PRESENT;PICKUP;SPORT UTILITY;NONE;NONE;;2019-12-26T18:49:55-05:00;2019;No;No;12;18
25 FEET FROM P.V.A. GOODYEAR COMMERCIAL;TWO-WAY,NOT DIVIDED;DAYLIGHT;CLOUDY;0;0;;NO CONTROL PRESENT;NONE;NONE;NONE;NONE;;2020-01-27T11:02:00-05:00;2020;No;No;1;11
10 FEET FROM PP 918 JASON CT;TWO-WAY,NOT DIVIDED;DAYLIGHT;CLEAR;0;0;;NO CONTROL PRESENT;PASSENGER CAR;SPORT UTILITY;NONE;NONE;;2019-12-21T09:22:05-05:00;2019;No;No;12;09
CARY;NONE;NONE;NONE;0;0;;;PICKUP;NONE;NONE;NONE;;2019-11-10T22:45:00-05:00;2019;No;No;11;22
.11 MILES FROM US 64 HWY;TWO-WAY,DIVIDED,UNPROTECTED MEDIAN;DAYLIGHT;CLEAR;0;1;;STOP AND GO SIGNAL;SPORT UTILITY;PASSENGER CAR;NONE;NONE;;2019-12-16T16:56:56-05:00;2019;No;Yes;12;16
300 FEET FROM SR 1010 (TEN TEN RD);TWO-WAY,NOT DIVIDED;DARK - UNKNOWN LIGHTING;RAIN;0;0;;STOP SIGN;PASSENGER CAR;PASSENGER CAR;NONE;NONE;;2020-01-27T18:02:11-05:00;2020;No;No;1;18
0.11 MILES FROM P.V.A. (1805 WALNUT ST);TWO-WAY,DIVIDED,UNPROTECTED MEDIAN;DAYLIGHT;CLEAR;0;0;;STOP SIGN;PASSENGER CAR;PASSENGER CAR;NONE;NONE;;2019-12-28T14:36:36-05:00;2019;No;No;12;14
.10 MILES FROM SR 1011 (E CHATHAM ST);TWO-WAY,DIVIDED,UNPROTECTED MEDIAN;NONE;CLEAR;0;0;;NO CONTROL PRESENT;NONE;PASSENGER CAR;NONE;NONE;;2019-12-29T11:01:00-05:00;2019;No;No;12;11
0 FEET FROM MEETING ST;TWO-WAY,DIVIDED,UNPROTECTED MEDIAN;DAYLIGHT;CLOUDY;0;0;;STOP AND GO SIGNAL;SPORT UTILITY;PASSENGER CAR;NONE;NONE;;2019-12-27T16:29:31-05:00;2019;No;No;12;16
.1 MILES FROM P.V.A. (6458 TRYON RD);TWO-WAY,NOT DIVIDED;DAYLIGHT;CLEAR;0;0;;NO CONTROL PRESENT;PASSENGER CAR;VAN;NONE;NONE;;2019-12-30T13:20:31-05:00;2019;No;No;12;13
.2 MILES FROM LOCHMERE DR;NONE;NONE;NONE;0;0;;;PASSENGER CAR;NONE;NONE;NONE;;2019-12-27T14:47:09-05:00;2019;No;No;12;14
1.5 MILES FROM US-1;TWO-WAY,DIVIDED,POSITIVE MEDIAN BARRIER;DAYLIGHT;CLEAR;0;1;;NO CONTROL PRESENT;PASSENGER CAR;PASSENGER CAR;PASSENGER CAR;NONE;;2019-12-30T00:00:00-05:00;2019;No;Yes;12;00
200 FEET FROM US HWY 1;TWO-WAY,DIVIDED,POSITIVE MEDIAN BARRIER;DUSK;CLOUDY;0;1;;NO CONTROL PRESENT;SPORT UTILITY;PASSENGER CAR;PASSENGER CAR;NONE;;2020-01-02T17:28:38-05:00;2020;No;Yes;1;17
28 FEET FROM WEYCROFT AV;TWO-WAY,DIVIDED,UNPROTECTED MEDIAN;DARK - LIGHTED ROADWAY;CLEAR;0;0;;STOP SIGN;VAN;NONE;NONE;NONE;;2019-12-31T00:00:00-05:00;2019;No;No;12;00
CARY;TWO-WAY,NOT DIVIDED;DARK - LIGHTED ROADWAY;CLEAR;0;0;;FLASHING STOP AND GO SIGNAL;PASSENGER CAR;PICKUP;NONE;NONE;;2020-01-02T18:22:56-05:00;2020;No;No;1;18
100 FEET FROM NC 55 HWY;TWO-WAY,DIVIDED,UNPROTECTED MEDIAN;DAYLIGHT;CLEAR;0;0;;NO CONTROL PRESENT;PASSENGER CAR;SPORT UTILITY;VAN;NONE;;2019-12-31T12:15:00-05:00;2019;No;No;12;12
20 FEET FROM SR 1370 (TRYON RD);TWO-WAY,NOT DIVIDED;DAYLIGHT;CLOUDY;0;0;;STOP AND GO SIGNAL;SPORT UTILITY;PASSENGER CAR;NONE;NONE;;2020-01-03T10:00:00-05:00;2020;No;No;1;10