Location_Description;Road_Configuration;Light_Condition;Weather;Fatality;Injury;Contributing_Factor;Traffic_Control;Vehicle1;Vehicle2;Vehicle3;Vehicle4;Vehicle5;Crash_Date;year;Fatalities;Injuries;Month;Hour
0 FEET FROM SR 1313 (WALNUT ST);TWO-WAY,NOT DIVIDED;DAYLIGHT;CLEAR;0;1;;STOP AND GO SIGNAL;PASSENGER CAR;PASSENGER CAR;NONE;NONE;;2020-01-02T08:44:51-05:00;2020;No;Yes;1;08
CARY;TWO-WAY,DIVIDED,UNPROTECTED MEDIAN;DARK - LIGHTED ROADWAY;RAIN;0;0;;STOP AND GO SIGNAL;PASSENGER CAR;PASSENGER CAR;NONE;NONE;;2020-01-03T19:06:39-05:00;2020;No;No;1;19
.2 MILES FROM LOCHMERE DR;NONE;NONE;NONE;0;0;;;NONE;NONE;NONE;NONE;;2019-12-27T22:36:00-05:00;2019;No;No;12;22
345 FEET FROM P.V.A. (1815 WALNUT ST);TWO-WAY,NOT DIVIDED;DAYLIGHT;CLEAR;0;0;;STOP SIGN;PASSENGER CAR;PASSENGER CAR;NONE;NONE;;2020-01-04T15:27:01-05:00;2020;No;No;1;15
405 FEET FROM P.V.A. (501 CAITBOO AV);TWO-WAY,NOT DIVIDED;DAYLIGHT;CLOUDY;0;0;;NO CONTROL PRESENT;NONE;PASSENGER CAR;NONE;NONE;;2020-01-04T16:23:43-05:00;2020;No;No;1;16
400 FEET FROM SR 3977 (SW CARY PKWY);TWO-WAY,DIVIDED,UNPROTECTED MEDIAN;DAYLIGHT;CLEAR;0;0;;STOP AND GO SIGNAL;PASSENGER CAR;PASSENGER CAR;NONE;NONE;;2020-01-04T07:03:11-05:00;2020;No;No;1;07
CARY;TWO-WAY,NOT DIVIDED;DAYLIGHT;CLEAR;0;1;;STOP AND GO SIGNAL;PASSENGER CAR;PASSENGER CAR;NONE;NONE;;2020-01-04T09:38:35-05:00;2020;No;Yes;1;09
.11 MILES FROM P.V.A. (2430 WALNUT ST);TWO-WAY,NOT DIVIDED;DAYLIGHT;CLOUDY;0;0;;NO CONTROL PRESENT;SPORT UTILITY;PASSENGER CAR;NONE;NONE;;2020-01-04T14:09:40-05:00;2020;No;No;1;14
CARY;TWO-WAY,NOT DIVIDED;DAYLIGHT;CLOUDY;0;0;;STOP AND GO SIGNAL;PASSENGER CAR;SPORT UTILITY;NONE;NONE;;2020-01-03T15:18:04-05:00;2020;No;No;1;15
.1 MILES FROM P.V.A. (340 CROSSROADS BLVD);TWO-WAY,NOT DIVIDED;DAYLIGHT;CLEAR;0;0;;NO CONTROL PRESENT;PASSENGER CAR;SPORT UTILITY;NONE;NONE;;2020-01-04T16:23:07-05:00;2020;No;No;1;16
300 FEET FROM SR 1010 (TEN TEN RD);TWO-WAY,NOT DIVIDED;DAYLIGHT;CLOUDY;0;0;;STOP SIGN;SPORT UTILITY;PASSENGER CAR;NONE;NONE;;2020-01-04T15:55:18-05:00;2020;No;No;1;15
0.2 MILES FROM NC 54 (NW MAYNARD RD);TWO-WAY,DIVIDED,UNPROTECTED MEDIAN;DARK - LIGHTED ROADWAY;RAIN;0;0;;OTHER *;PASSENGER CAR;SPORT UTILITY;PASSENGER CAR;NONE;;2020-01-03T17:11:31-05:00;2020;No;No;1;17
200 FEET FROM COMMONWEALTH CT;TWO-WAY,NOT DIVIDED;DAYLIGHT;RAIN;0;0;;NO CONTROL PRESENT;PASSENGER CAR;PASSENGER CAR;NONE;NONE;;2020-01-04T08:54:27-05:00;2020;No;No;1;08
64 FEET FROM CROSSROADS BLVD;TWO-WAY,DIVIDED,POSITIVE MEDIAN BARRIER;DAYLIGHT;CLEAR;0;0;;STOP AND GO SIGNAL;PASSENGER CAR;SPORT UTILITY;NONE;NONE;;2020-01-04T17:58:57-05:00;2020;No;No;1;17
100 FEET FROM P.V.A. (350 ASHVILLE AV);TWO-WAY,NOT DIVIDED;DAYLIGHT;CLEAR;0;0;;NO CONTROL PRESENT;PICKUP;SPORT UTILITY;NONE;NONE;;2020-01-06T16:58:51-05:00;2020;No;No;1;16
100 FEET FROM BOULDERSTONE WAY;TWO-WAY,NOT DIVIDED;DARK - LIGHTED ROADWAY;CLEAR;0;0;;NO CONTROL PRESENT;PASSENGER CAR;SPORT UTILITY;NONE;NONE;;2020-01-06T20:20:15-05:00;2020;No;No;1;20
CARY;TWO-WAY,NOT DIVIDED;DAYLIGHT;CLEAR;0;0;;STOP AND GO SIGNAL;SPORT UTILITY;SPORT UTILITY;NONE;NONE;;2020-01-06T15:24:37-05:00;2020;No;No;1;15
350 FEET FROM SR 1009 (TRYON RD);TWO-WAY,DIVIDED,UNPROTECTED MEDIAN;DAYLIGHT;CLEAR;0;0;;YIELD SIGN;LIGHT TRUCK (MINI-VAN- PANEL);PASSENGER CAR;NONE;NONE;;2020-01-06T15:54:05-05:00;2020;No;No;1;15
0 FEET FROM WESTON PKWY;TWO-WAY,DIVIDED,UNPROTECTED MEDIAN;DAYLIGHT;CLEAR;0;0;;STOP AND GO SIGNAL;PASSENGER CAR;SPORT UTILITY;NONE;NONE;;2019-12-30T09:47:59-05:00;2019;No;No;12;09
CARY;TWO-WAY,DIVIDED,UNPROTECTED MEDIAN;DAYLIGHT;CLEAR;0;0;;STOP AND GO SIGNAL;PASSENGER CAR;PASSENGER CAR;NONE;NONE;;2020-01-06T12:25:00-05:00;2020;No;No;1;12
434 FEET FROM P.V.A. (2080 KILDAIRE FARM RD);TWO-WAY,NOT DIVIDED;DAYLIGHT;CLEAR;0;0;;OTHER *;SPORT UTILITY;SPORT UTILITY;NONE;NONE;;2020-01-05T15:51:46-05:00;2020;No;No;1;15
50 FEET FROM SR-1652 N HARRISON AV;TWO-WAY,NOT DIVIDED;DARK - LIGHTED ROADWAY;CLOUDY;0;0;;NO CONTROL PRESENT;PASSENGER CAR;SPORT UTILITY;NONE;NONE;;2020-01-07T20:06:24-05:00;2020;No;No;1;20
.5 MILES FROM US 1 HWY;TWO-WAY,DIVIDED,POSITIVE MEDIAN BARRIER;DAYLIGHT;CLEAR;0;0;;NO CONTROL PRESENT;SPORT UTILITY;SINGLE UNIT TRUCK (2-AXLE- 6-TIRE);NONE;NONE;;2020-01-08T16:06:54-05:00;2020;No;No;1;16
.05 MILES FROM SR-1300 (KILDAIRE FARM RD);TWO-WAY,NOT DIVIDED;DARK - LIGHTED ROADWAY;CLOUDY;0;0;;NO CONTROL PRESENT;PASSENGER CAR;SPORT UTILITY;NONE;NONE;;2020-01-08T18:30:59-05:00;2020;No;No;1;18
.215 MILES FROM SR3090 (WESTON PKY);TWO-WAY,DIVIDED,UNPROTECTED MEDIAN;DAYLIGHT;CLEAR;0;0;;NO CONTROL PRESENT;PICKUP;PASSENGER CAR;NONE;NONE;;2020-01-08T09:22:22-05:00;2020;No;No;1;09
.2 MILES FROM SR1628 (OKELLY CHAPEL RD);TWO-WAY,NOT DIVIDED;DAYLIGHT;CLEAR;0;0;;NO CONTROL PRESENT;PASSENGER CAR;PASSENGER CAR;NONE;NONE;;2020-01-08T17:03:40-05:00;2020;No;No;1;17
CARY;TWO-WAY,NOT DIVIDED;DARK - LIGHTED ROADWAY;CLEAR;0;2;;STOP AND GO SIGNAL;PASSENGER CAR;SPORT UTILITY;NONE;NONE;;2020-01-09T19:31:22-05:00;2020;No;Yes;1;19
100 FEET FROM P.V.A 300 KEISLER DR;TWO-WAY,NOT DIVIDED;DAYLIGHT;CLEAR;0;0;;NO CONTROL PRESENT;PASSENGER CAR;SPORT UTILITY;NONE;NONE;;2020-01-09T15:53:52-05:00;2020;No;No;1;15
163 FEET FROM CORNERSTONE DR;TWO-WAY,NOT DIVIDED;DAYLIGHT;CLEAR;0;0;;NO CONTROL PRESENT;PASSENGER CAR;SPORT UTILITY;NONE;NONE;;2019-12-12T12:32:00-05:00;2019;No;No;12;12
CARY;TWO-WAY,NOT DIVIDED;DAYLIGHT;CLEAR;0;0;;STOP AND GO SIGNAL;PASSENGER CAR;NONE;NONE;NONE;;2020-01-08T13:30:49-05:00;2020;No;No;1;13
87 FEET FROM 4034 SYKES ST;NONE;NONE;NONE;0;0;;;PASSENGER CAR;NONE;NONE;NONE;;2020-01-08T00:00:00-05:00;2020;No;No;1;00
CARY;TWO-WAY,DIVIDED,UNPROTECTED MEDIAN;DARK - LIGHTED ROADWAY;CLEAR;0;0;;STOP SIGN;PICKUP;PASSENGER CAR;NONE;NONE;;2020-01-10T17:46:02-05:00;2020;No;No;1;17
280 FEET FROM DILLARD DR;TWO-WAY,NOT DIVIDED;DAYLIGHT;CLOUDY;0;0;;NO CONTROL PRESENT;SINGLE UNIT TRUCK (2-AXLE- 6-TIRE);NONE;NONE;NONE;;2020-01-11T14:39:31-05:00;2020;No;No;1;14
377 FEET FROM 6010 LAKE GROVE BLVD;TWO-WAY,NOT DIVIDED;DARK - LIGHTED ROADWAY;CLOUDY;0;0;;NO CONTROL PRESENT;PASSENGER CAR;NONE;NONE;NONE;;2020-01-13T01:15:40-05:00;2020;No;No;1;01
.441 MILES FROM US 1;TWO-WAY,DIVIDED,POSITIVE MEDIAN BARRIER;DARK - ROADWAY NOT LIGHTED;RAIN;0;0;;NO CONTROL PRESENT;PASSENGER CAR;NONE;NONE;NONE;;2020-01-11T20:16:59-05:00;2020;No;No;1;20
.10 MILES FROM P.V.A. PANTHER CREEK HIGH SCHO;TWO-WAY,NOT DIVIDED;DAYLIGHT;CLEAR;0;0;;NO CONTROL PRESENT;PASSENGER CAR;PASSENGER CAR;NONE;NONE;;2020-01-10T14:38:08-05:00;2020;No;No;1;14
.25 MILES FROM SR 3120 (MORRISVILLE PKWY);TWO-WAY,DIVIDED,UNPROTECTED MEDIAN;DARK - LIGHTED ROADWAY;CLOUDY;0;0;;NO CONTROL PRESENT;SPORT UTILITY;PASSENGER CAR;SPORT UTILITY;NONE;;2020-01-13T17:45:51-05:00;2020;No;No;1;17
15 FEET FROM SR 1415 (SE MAYNARD RD);TWO-WAY,NOT DIVIDED;DARK - LIGHTED ROADWAY;RAIN;0;0;;STOP AND GO SIGNAL;PASSENGER CAR;VAN;NONE;NONE;;2020-01-13T20:53:10-05:00;2020;No;No;1;20
CARY;TWO-WAY,NOT DIVIDED;DARK - LIGHTED ROADWAY;CLEAR;0;0;;STOP AND GO SIGNAL;PASSENGER CAR;PASSENGER CAR;NONE;NONE;;2020-01-09T17:26:34-05:00;2020;No;No;1;17
46 FEET FROM SR 1415 (SW MAYNARD RD);TWO-WAY,NOT DIVIDED;DARK - LIGHTED ROADWAY;CLEAR;0;1;;STOP AND GO SIGNAL;SPORT UTILITY;LIGHT TRUCK (MINI-VAN- PANEL);NONE;NONE;;2020-01-14T20:33:46-05:00;2020;No;Yes;1;20
.2 MILES FROM WOODWINDS INDUSTRIAL CT;TWO-WAY,NOT DIVIDED;DAYLIGHT;CLOUDY;0;0;;NO CONTROL PRESENT;SINGLE UNIT TRUCK (2-AXLE- 6-TIRE);PASSENGER CAR;NONE;NONE;;2020-01-14T19:34:09-05:00;2020;No;No;1;19
CARY;TWO-WAY,NOT DIVIDED;DAYLIGHT;RAIN;0;0;;STOP AND GO SIGNAL;PASSENGER CAR;SPORT UTILITY;NONE;NONE;;2020-01-14T08:01:58-05:00;2020;No;No;1;08
20 FEET FROM CROSSROADS BLVD;TWO-WAY,DIVIDED,POSITIVE MEDIAN BARRIER;DAYLIGHT;CLOUDY;0;0;;STOP AND GO SIGNAL;PICKUP;PASSENGER CAR;NONE;NONE;;2020-01-15T11:32:00-05:00;2020;No;No;1;11
.26 MILES FROM  SR 1315 (BUCK JONES RD);TWO-WAY,DIVIDED,UNPROTECTED MEDIAN;DAYLIGHT;CLEAR;0;0;;NO CONTROL PRESENT;SPORT UTILITY;PASSENGER CAR;NONE;NONE;;2020-01-15T16:17:58-05:00;2020;No;No;1;16
200 FEET FROM P.V.A. 105 TOWERVIEW CT;TWO-WAY,NOT DIVIDED;DAYLIGHT;CLEAR;0;0;;NO CONTROL PRESENT;PASSENGER CAR;PASSENGER CAR;PICKUP;NONE;;2020-01-15T16:32:58-05:00;2020;No;No;1;16
150 FEET FROM S.R. 1613 (DAVIS DR);TWO-WAY,DIVIDED,POSITIVE MEDIAN BARRIER;DARK - LIGHTED ROADWAY;CLEAR;0;0;;NO CONTROL PRESENT;PASSENGER CAR;PASSENGER CAR;NONE;NONE;;2020-01-15T18:25:15-05:00;2020;No;No;1;18
CARY;TWO-WAY,DIVIDED,POSITIVE MEDIAN BARRIER;DAYLIGHT;CLEAR;0;0;;STOP AND GO SIGNAL;PICKUP;PASSENGER CAR;NONE;NONE;;2020-01-17T14:48:07-05:00;2020;No;No;1;14
316 FEET FROM SHELDON DR;TWO-WAY,DIVIDED,POSITIVE MEDIAN BARRIER;DAYLIGHT;CLEAR;0;2;;NO CONTROL PRESENT;PASSENGER CAR;NONE;NONE;NONE;;2020-01-19T05:48:28-05:00;2020;No;Yes;1;05
CARY;TWO-WAY,NOT DIVIDED;DAYLIGHT;CLEAR;0;1;;STOP AND GO SIGNAL;PASSENGER CAR;PASSENGER CAR;PASSENGER CAR;NONE;;2020-01-20T07:07:40-05:00;2020;No;Yes;1;07
15 FEET FROM SR 1415 (SE MAYNARD RD);NONE;NONE;NONE;0;0;;;VAN;NONE;NONE;NONE;;2020-01-20T08:13:09-05:00;2020;No;No;1;08
20 FEET FROM S.R. 1600 (GREEN LEVEL CHURCH);TWO-WAY,NOT DIVIDED;DARK - LIGHTED ROADWAY;CLEAR;0;1;;NO CONTROL PRESENT;PASSENGER CAR;SPORT UTILITY;NONE;NONE;;2020-01-20T21:56:30-05:00;2020;No;Yes;1;21
133 FEET FROM P.V.A. (2400 WESTON PKY);TWO-WAY,NOT DIVIDED;DAYLIGHT;CLEAR;0;0;;NO CONTROL PRESENT;SPORT UTILITY;PASSENGER CAR;NONE;NONE;;2020-01-16T09:03:41-05:00;2020;No;No;1;09
200 FEET FROM SR-1009 (TRYON RD);TWO-WAY,DIVIDED,UNPROTECTED MEDIAN;DAYLIGHT;CLEAR;0;0;;STOP AND GO SIGNAL;SPORT UTILITY;PASSENGER CAR;NONE;NONE;;2020-01-16T15:20:38-05:00;2020;No;No;1;15
38 FEET FROM SR1628 (O`KELLY CHAPEL RD);TWO-WAY,DIVIDED,UNPROTECTED MEDIAN;DUSK;CLOUDY;0;0;;STOP SIGN;SPORT UTILITY;SPORT UTILITY;NONE;NONE;;2020-01-15T17:10:34-05:00;2020;No;No;1;17
.08 MILES FROM US 1 HWY;TWO-WAY,DIVIDED,POSITIVE MEDIAN BARRIER;DARK - LIGHTED ROADWAY;CLEAR;0;0;;NO CONTROL PRESENT;PASSENGER CAR;PASSENGER CAR;NONE;NONE;;2020-01-16T18:14:12-05:00;2020;No;No;1;18
40 FEET FROM SR-1300 (KILDAIRE FARM RD);TWO-WAY,DIVIDED,UNPROTECTED MEDIAN;DARK - LIGHTED ROADWAY;CLOUDY;0;0;;STOP AND GO SIGNAL;LIGHT TRUCK (MINI-VAN- PANEL);SINGLE UNIT TRUCK (2-AXLE- 6-TIRE);NONE;NONE;;2020-01-15T19:53:54-05:00;2020;No;No;1;19
.11 MILES FROM SR 1300 (KILDAIRE FARM RD);TWO-WAY,DIVIDED,UNPROTECTED MEDIAN;DARK - LIGHTED ROADWAY;RAIN;0;0;;STOP AND GO SIGNAL;SPORT UTILITY;PASSENGER CAR;NONE;NONE;;2020-01-18T21:46:53-05:00;2020;No;No;1;21
293 FEET FROM P.V.A.CROSSROADS 20(501 CAITBO;TWO-WAY,NOT DIVIDED;DAYLIGHT;CLEAR;0;0;;NO CONTROL PRESENT;PASSENGER CAR;SPORT UTILITY;NONE;NONE;;2020-01-19T16:28:17-05:00;2020;No;No;1;16
0 FEET FROM SR1652 (N HARRISON AV);TWO-WAY,NOT DIVIDED;DAYLIGHT;CLOUDY;0;0;;STOP AND GO SIGNAL;PASSENGER CAR;SPORT UTILITY;NONE;NONE;;2020-01-16T21:14:11-05:00;2020;No;No;1;21
20 FEET FROM OLD REEDY CREEK RD;TWO-WAY,NOT DIVIDED;DAYLIGHT;CLEAR;0;0;;STOP SIGN;PASSENGER CAR;PASSENGER CAR;NONE;NONE;;2020-01-22T08:56:58-05:00;2020;No;No;1;08
121 FEET FROM S.R. 1615 (GREEN LEVEL WEST RD;TWO-WAY,NOT DIVIDED;DAYLIGHT;CLEAR;0;0;;NO CONTROL PRESENT;PICKUP;SPORT UTILITY;VAN;NONE;;2020-01-22T09:12:36-05:00;2020;No;No;1;09
40 FEET FROM PVA 101 KUMAR CT;TWO-WAY,NOT DIVIDED;DAYLIGHT;CLEAR;0;0;;NO CONTROL PRESENT;PASSENGER CAR;PASSENGER CAR;NONE;NONE;;2020-01-22T14:56:41-05:00;2020;No;No;1;14
.1 MILES FROM SR 1002 (AVIATION PKWY);TWO-WAY,NOT DIVIDED;DAYLIGHT;CLEAR;0;0;;NO CONTROL PRESENT;PICKUP;VAN;NONE;NONE;;2020-01-22T16:13:35-05:00;2020;No;No;1;16
.2 MILES FROM P.V.A. (101 KEMPWOOD DR);NONE;NONE;NONE;0;0;;;NONE;NONE;NONE;NONE;;2020-01-23T02:15:09-05:00;2020;No;No;1;02
1 MILES FROM US 1 HWY;TWO-WAY,DIVIDED,POSITIVE MEDIAN BARRIER;DARK - ROADWAY NOT LIGHTED;CLEAR;0;1;;NO CONTROL PRESENT;PASSENGER CAR;PASSENGER CAR;SPORT UTILITY;PICKUP;SPORT UTILITY;2020-01-22T20:17:30-05:00;2020;No;Yes;1;20
1.4 MILES FROM US HWY 1;ONE-WAY,NOT DIVIDED;DAYLIGHT;CLEAR;0;0;;STOP AND GO SIGNAL;PASSENGER CAR;PASSENGER CAR;NONE;NONE;;2020-01-23T16:28:44-05:00;2020;No;No;1;16
.5 MILES FROM US HWY 1;TWO-WAY,DIVIDED,POSITIVE MEDIAN BARRIER;DAYLIGHT;CLEAR;0;0;;NO CONTROL PRESENT;PASSENGER CAR;PASSENGER CAR;NONE;NONE;;2020-01-23T16:55:59-05:00;2020;No;No;1;16
450 FEET FROM SR# 1313 (WALNUT ST);TWO-WAY,DIVIDED,UNPROTECTED MEDIAN;DARK - LIGHTED ROADWAY;CLEAR;0;1;;NO CONTROL PRESENT;SPORT UTILITY;PASSENGER CAR;NONE;NONE;;2020-01-23T18:55:47-05:00;2020;No;Yes;1;18
.10 MILES FROM P.V.A. PANTHER CREEK HIGH SCHO;TWO-WAY,NOT DIVIDED;DAYLIGHT;CLEAR;0;0;;NO CONTROL PRESENT;PASSENGER CAR;PASSENGER CAR;NONE;NONE;;2020-01-16T07:50:59-05:00;2020;No;No;1;07
.3 MILES FROM SR 3977 (SE CARY PKWY);TWO-WAY,DIVIDED,UNPROTECTED MEDIAN;DAYLIGHT;CLEAR;0;0;;NO CONTROL PRESENT;SPORT UTILITY;PASSENGER CAR;NONE;NONE;;2020-01-24T07:49:45-05:00;2020;No;No;1;07
.1 MILES FROM PVA OF 209 GREGSON DR;TWO-WAY,NOT DIVIDED;DAYLIGHT;CLEAR;0;0;;NO CONTROL PRESENT;NONE;SPORT UTILITY;NONE;NONE;;2020-01-24T14:40:21-05:00;2020;No;No;1;14
.11 MILES FROM SR 1009 (TRYON RD);TWO-WAY,DIVIDED,POSITIVE MEDIAN BARRIER;DARK - LIGHTED ROADWAY;RAIN;0;0;;NO CONTROL PRESENT;PASSENGER CAR;SINGLE UNIT TRUCK (2-AXLE- 6-TIRE);NONE;NONE;;2020-01-24T23:52:00-05:00;2020;No;No;1;23
.2 MILES FROM US 1 HWY;TWO-WAY,DIVIDED,POSITIVE MEDIAN BARRIER;DAYLIGHT;CLOUDY;0;0;;NO CONTROL PRESENT;PASSENGER CAR;PICKUP;NONE;NONE;;2020-01-25T13:46:35-05:00;2020;No;No;1;13
200 FEET FROM P.V.A (220 KILMAYNE DR);TWO-WAY,NOT DIVIDED;DAYLIGHT;CLEAR;0;0;;NO CONTROL PRESENT;SPORT UTILITY;PASSENGER CAR;NONE;NONE;;2020-01-26T15:57:42-05:00;2020;No;No;1;15
150 FEET FROM PVA (200 WATERFORD LAKE DR);TWO-WAY,NOT DIVIDED;DAYLIGHT;CLEAR;0;0;;NO CONTROL PRESENT;SPORT UTILITY;SPORT UTILITY;NONE;NONE;;2020-01-24T17:00:42-05:00;2020;No;No;1;17
0 FEET FROM SR1300 (KILDAIRE FARM RD);TWO-WAY,DIVIDED,POSITIVE MEDIAN BARRIER;DAYLIGHT;CLEAR;0;0;;STOP SIGN;SPORT UTILITY;PASSENGER CAR;NONE;NONE;;2020-01-21T13:14:24-05:00;2020;No;No;1;13
335 FEET FROM SR1315 (BUCK JONES RD);TWO-WAY,NOT DIVIDED;DAYLIGHT;CLEAR;0;2;;NO CONTROL PRESENT;PASSENGER CAR;PASSENGER CAR;NONE;NONE;;2020-01-26T16:57:53-05:00;2020;No;Yes;1;16
400 FEET FROM US HWY 1;TWO-WAY,DIVIDED,POSITIVE MEDIAN BARRIER;DAYLIGHT;CLEAR;0;0;;NO CONTROL PRESENT;PASSENGER CAR;PASSENGER CAR;NONE;NONE;;2020-01-27T07:31:42-05:00;2020;No;No;1;07
343 FEET FROM P.V.A. (1393 KILDAIRE FARM RD);TWO-WAY,NOT DIVIDED;DAYLIGHT;CLOUDY;0;0;;NO CONTROL PRESENT;SPORT UTILITY;SPORT UTILITY;NONE;NONE;;2020-01-27T13:43:42-05:00;2020;No;No;1;13
90 FEET FROM SR 1011 (OLD APEX RD);TWO-WAY,NOT DIVIDED;DARK - ROADWAY NOT LIGHTED;RAIN;0;1;;NO CONTROL PRESENT;PASSENGER CAR;PASSENGER CAR;PICKUP;NONE;;2020-01-27T20:39:02-05:00;2020;No;Yes;1;20
290 FEET FROM P.V.A. 113 MADISON GROVE PL;TWO-WAY,NOT DIVIDED;DAYLIGHT;CLOUDY;0;0;;NO CONTROL PRESENT;PASSENGER CAR;SPORT UTILITY;NONE;NONE;;2020-01-28T08:06:59-05:00;2020;No;No;1;08
CARY;TWO-WAY,DIVIDED,POSITIVE MEDIAN BARRIER;DARK - LIGHTED ROADWAY;CLEAR;0;0;;STOP AND GO SIGNAL;PASSENGER CAR;PASSENGER CAR;NONE;NONE;;2018-02-03T21:09:28-05:00;2018;No;No;2;21
50 FEET FROM NC 54;TWO-WAY,NOT DIVIDED;DAYLIGHT;CLEAR;0;0;;STOP AND GO SIGNAL;SPORT UTILITY;PICKUP;NONE;NONE;;2018-02-06T10:47:00-05:00;2018;No;No;2;10
150 FEET FROM SR 1009 (TRYON RD);TWO-WAY,DIVIDED,UNPROTECTED MEDIAN;DAYLIGHT;CLOUDY;0;0;;STOP AND GO SIGNAL;SPORT UTILITY;SPORT UTILITY;NONE;NONE;;2018-02-06T13:29:22-05:00;2018;No;No;2;13
30 FEET FROM SR-3081 CHAPEL HILL RD;TWO-WAY,NOT DIVIDED;DAYLIGHT;CLEAR;0;0;;STOP AND GO SIGNAL;PICKUP;PICKUP;NONE;NONE;;2018-01-11T20:45:04-05:00;2018;No;No;1;20
CARY;NONE;NONE;NONE;0;0;;;NONE;NONE;NONE;NONE;;2018-01-25T00:00:00-05:00;2018;No;No;1;00
150 FEET FROM CLARENBRIDGE DR;TWO-WAY,NOT DIVIDED;DAYLIGHT;CLOUDY;0;0;;NO CONTROL PRESENT;PASSENGER CAR;NONE;NONE;NONE;;2018-02-07T11:29:00-05:00;2018;No;No;2;11
.17 MILES FROM PVA OF 6770 MCCRIMMON PKWY;TWO-WAY,NOT DIVIDED;DAYLIGHT;CLEAR;0;0;;NO CONTROL PRESENT;PASSENGER CAR;PASSENGER CAR;NONE;NONE;;2018-01-31T17:29:29-05:00;2018;No;No;1;17
150 FEET FROM SR# 3081 (CHAPEL HILL RD);TWO-WAY,DIVIDED,UNPROTECTED MEDIAN;DAYLIGHT;CLEAR;0;0;;DOUBLE YELLOW LINE, NO PASSING ZONE;PASSENGER CAR;PICKUP;NONE;NONE;;2018-02-09T08:54:00-05:00;2018;No;No;2;08
CARY;TWO-WAY,NOT DIVIDED;DAYLIGHT;CLEAR;0;0;;STOP SIGN;PASSENGER CAR;NONE;NONE;NONE;;2018-02-09T10:00:00-05:00;2018;No;No;2;10
50 FEET FROM WALDO ROOD BLVD;TWO-WAY,NOT DIVIDED;DARK - LIGHTED ROADWAY;CLOUDY;0;0;;NO CONTROL PRESENT;PASSENGER CAR;NONE;NONE;NONE;;2018-02-10T03:35:56-05:00;2018;No;No;2;03
240 FEET FROM MADISON AV;TWO-WAY,NOT DIVIDED;DARK - LIGHTED ROADWAY;CLOUDY;0;0;;NO CONTROL PRESENT;PASSENGER CAR;NONE;NONE;NONE;;2018-02-11T22:23:00-05:00;2018;No;No;2;22
.13 MILES FROM MAYODAN DR;TWO-WAY,NOT DIVIDED;DARK - ROADWAY NOT LIGHTED;CLEAR;0;0;;NO CONTROL PRESENT;PASSENGER CAR;PASSENGER CAR;NONE;NONE;;2018-02-10T01:31:23-05:00;2018;No;No;2;01
CARY;TWO-WAY,NOT DIVIDED;DARK - LIGHTED ROADWAY;CLEAR;0;0;;STOP AND GO SIGNAL;PASSENGER CAR;SPORT UTILITY;NONE;NONE;;2018-02-09T15:50:17-05:00;2018;No;No;2;15
250 FEET FROM AMIABLE LOOP;TWO-WAY,NOT DIVIDED;DAYLIGHT;CLEAR;0;0;;NO CONTROL PRESENT;NONE;NONE;NONE;NONE;;2018-02-12T10:37:00-05:00;2018;No;No;2;10
30 FEET FROM SR 1010 (TEN TEN RD);TWO-WAY,DIVIDED,UNPROTECTED MEDIAN;DAYLIGHT;CLOUDY;0;0;;STOP AND GO SIGNAL;SPORT UTILITY;PICKUP;NONE;NONE;;2018-02-12T08:39:34-05:00;2018;No;No;2;08
300 FEET FROM PVA 416 KEY WEST MEWS;TWO-WAY,NOT DIVIDED;DAWN;CLEAR;0;0;;NO CONTROL PRESENT;PASSENGER CAR;PASSENGER CAR;NONE;NONE;;2018-02-12T08:02:50-05:00;2018;No;No;2;08
100 FEET FROM (SR 1313) WALNUT ST;TWO-WAY,NOT DIVIDED;DAYLIGHT;RAIN;0;0;;YIELD SIGN;PASSENGER CAR;PASSENGER CAR;NONE;NONE;;2018-02-11T15:18:32-05:00;2018;No;No;2;15
5 FEET FROM SR 1300 (KILDAIRE FARM RD);TWO-WAY,NOT DIVIDED;DAYLIGHT;RAIN;0;0;;STOP AND GO SIGNAL;PASSENGER CAR;PICKUP;NONE;NONE;;2018-02-12T16:15:22-05:00;2018;No;No;2;16
CARY;TWO-WAY,NOT DIVIDED;DARK - LIGHTED ROADWAY;CLEAR;0;0;;STOP SIGN;SPORT UTILITY;PASSENGER CAR;NONE;NONE;;2018-02-09T18:49:06-05:00;2018;No;No;2;18
CARY;TWO-WAY,NOT DIVIDED;DAYLIGHT;CLEAR;0;0;;NO CONTROL PRESENT;PASSENGER CAR;LIGHT TRUCK (MINI-VAN- PANEL);NONE;NONE;;2018-02-14T11:40:00-05:00;2018;No;No;2;11
20 FEET FROM SR 1010;TWO-WAY,DIVIDED,UNPROTECTED MEDIAN;DAYLIGHT;CLEAR;0;5;;NO CONTROL PRESENT;PICKUP;PASSENGER CAR;PICKUP;NONE;;2018-02-14T09:50:01-05:00;2018;No;Yes;2;09
152 FEET FROM PVA 531 WALNUT ST;ONE-WAY,NOT DIVIDED;DAYLIGHT;CLEAR;0;0;;NO CONTROL PRESENT;NONE;NONE;NONE;NONE;;2018-02-14T09:20:25-05:00;2018;No;No;2;09
CARY;TWO-WAY,DIVIDED,POSITIVE MEDIAN BARRIER;DAYLIGHT;CLEAR;0;2;;STOP AND GO SIGNAL;PASSENGER CAR;PASSENGER CAR;NONE;NONE;;2018-02-15T09:31:18-05:00;2018;No;Yes;2;09