Location_Description;Road_Configuration;Light_Condition;Weather;Fatality;Injury;Contributing_Factor;Traffic_Control;Vehicle1;Vehicle2;Vehicle3;Vehicle4;Vehicle5;Crash_Date;year;Fatalities;Injuries;Month;Hour
0.41 MILES FROM (PVA 213 CROSSROADS BLVD);TWO-WAY,DIVIDED,UNPROTECTED MEDIAN;DAYLIGHT;CLEAR;0;0;;STOP AND GO SIGNAL;SINGLE UNIT TRUCK (2-AXLE- 6-TIRE);SPORT UTILITY;NONE;NONE;;2018-05-04T15:06:02-04:00;2018;No;No;5;15
200 FEET FROM US1;ONE-WAY,NOT DIVIDED;DARK - ROADWAY NOT LIGHTED;CLEAR;0;0;;NO CONTROL PRESENT;PASSENGER CAR;NONE;NONE;NONE;;2018-05-04T03:25:11-04:00;2018;No;No;5;03
185 FEET FROM AUTO PARK BLVD;TWO-WAY,DIVIDED,POSITIVE MEDIAN BARRIER;DAYLIGHT;CLEAR;0;0;;NO CONTROL PRESENT;SPORT UTILITY;PASSENGER CAR;NONE;NONE;;2018-05-05T09:25:55-04:00;2018;No;No;5;09
0 FEET FROM SR 1613 (DAVIS DR);TWO-WAY,DIVIDED,UNPROTECTED MEDIAN;DAYLIGHT;CLOUDY;0;0;;STOP AND GO SIGNAL;PASSENGER CAR;PASSENGER CAR;NONE;NONE;;2018-05-06T17:01:30-04:00;2018;No;No;5;17
.12 MILES FROM PVA (1006 VILLAGE GREENWAY);TWO-WAY,NOT DIVIDED;DARK - ROADWAY NOT LIGHTED;CLEAR;0;0;;NO CONTROL PRESENT;PASSENGER CAR;PASSENGER CAR;PASSENGER CAR;PASSENGER CAR;;2018-05-08T00:47:00-04:00;2018;No;No;5;00
187 FEET FROM WESTWIND CT;TWO-WAY,NOT DIVIDED;DAYLIGHT;CLOUDY;0;0;;NO CONTROL PRESENT;PASSENGER CAR;PASSENGER CAR;NONE;NONE;;2018-05-06T07:44:31-04:00;2018;No;No;5;07
.01 MILES FROM PVA 11000 REGENCY PARKWAY;TWO-WAY,NOT DIVIDED;DAYLIGHT;CLEAR;0;0;;NO CONTROL PRESENT;PASSENGER CAR;PASSENGER CAR;NONE;NONE;;2018-05-07T14:22:54-04:00;2018;No;No;5;14
0 FEET FROM WINFAIR DR;TWO-WAY,NOT DIVIDED;DAYLIGHT;CLEAR;0;0;;STOP SIGN;PASSENGER CAR;SPORT UTILITY;NONE;NONE;;2018-05-08T17:51:10-04:00;2018;No;No;5;17
25 FEET FROM LAURA DUNCAN RD;TWO-WAY,NOT DIVIDED;DAYLIGHT;CLEAR;0;0;;STOP SIGN;PICKUP;SINGLE UNIT TRUCK (2-AXLE- 6-TIRE);NONE;NONE;;2018-05-09T08:12:19-04:00;2018;No;No;5;08
200 FEET FROM P.V.A. (PLANET FITNESS);TWO-WAY,NOT DIVIDED;DAYLIGHT;CLEAR;0;0;;NO CONTROL PRESENT;PASSENGER CAR;PASSENGER CAR;NONE;NONE;;2018-05-08T12:59:00-04:00;2018;No;No;5;12
300 FEET FROM US 1;TWO-WAY,DIVIDED,POSITIVE MEDIAN BARRIER;DAYLIGHT;CLEAR;0;0;;NO CONTROL PRESENT;PASSENGER CAR;PASSENGER CAR;PASSENGER CAR;NONE;;2018-05-09T20:05:03-04:00;2018;No;No;5;20
CARY;TWO-WAY,DIVIDED,POSITIVE MEDIAN BARRIER;DAYLIGHT;CLEAR;0;0;;STOP AND GO SIGNAL;PASSENGER CAR;SPORT UTILITY;NONE;NONE;;2018-05-10T10:45:00-04:00;2018;No;No;5;10
20 FEET FROM SR 3977 SE CARY PKWY;TWO-WAY,DIVIDED,POSITIVE MEDIAN BARRIER;DAYLIGHT;CLEAR;0;0;;STOP AND GO SIGNAL;SPORT UTILITY;SINGLE UNIT TRUCK (2-AXLE- 6-TIRE);NONE;NONE;;2018-05-10T16:34:36-04:00;2018;No;No;5;16
60 FEET FROM PVA 2425 KILDAIRE FARM RD;TWO-WAY,NOT DIVIDED;DAYLIGHT;CLEAR;0;0;;NO CONTROL PRESENT;PASSENGER CAR;PASSENGER CAR;NONE;NONE;;2018-05-11T10:05:00-04:00;2018;No;No;5;10
CARY;TWO-WAY,NOT DIVIDED;DAYLIGHT;CLEAR;0;0;;STOP AND GO SIGNAL;PASSENGER CAR;PICKUP;NONE;NONE;;2018-05-11T07:31:54-04:00;2018;No;No;5;07
CARY;TWO-WAY,DIVIDED,UNPROTECTED MEDIAN;DAYLIGHT;CLEAR;0;0;;YIELD SIGN;PASSENGER CAR;PICKUP;NONE;NONE;;2018-05-11T09:03:05-04:00;2018;No;No;5;09
20 FEET FROM SR 3977 (SW CARY PKWY);TWO-WAY,DIVIDED,POSITIVE MEDIAN BARRIER;DAYLIGHT;CLEAR;0;0;;STOP SIGN;VAN;NONE;NONE;NONE;;2018-05-10T07:44:46-04:00;2018;No;No;5;07
CARY;TWO-WAY,DIVIDED,UNPROTECTED MEDIAN;DARK - LIGHTED ROADWAY;CLEAR;0;0;;STOP AND GO SIGNAL;SPORT UTILITY;PASSENGER CAR;NONE;NONE;;2018-05-11T23:44:00-04:00;2018;No;No;5;23
90 FEET FROM QUADE DR;TWO-WAY,NOT DIVIDED;DARK - ROADWAY NOT LIGHTED;CLEAR;0;0;;NO CONTROL PRESENT;PASSENGER CAR;NONE;NONE;NONE;;2018-05-12T22:13:00-04:00;2018;No;No;5;22
1 MILES FROM US 1;TWO-WAY,DIVIDED,POSITIVE MEDIAN BARRIER;DAYLIGHT;CLEAR;0;0;;NO CONTROL PRESENT;PASSENGER CAR;PASSENGER CAR;NONE;NONE;;2018-05-11T17:46:04-04:00;2018;No;No;5;17
400 FEET FROM US 1;TWO-WAY,DIVIDED,POSITIVE MEDIAN BARRIER;DAYLIGHT;CLEAR;0;0;;NO CONTROL PRESENT;SPORT UTILITY;NONE;NONE;NONE;;2018-05-12T14:29:40-04:00;2018;No;No;5;14
150 FEET FROM PVA OF 3025 WINSTON HILL DR;TWO-WAY,NOT DIVIDED;DAYLIGHT;CLEAR;0;0;;NO CONTROL PRESENT;PASSENGER CAR;PASSENGER CAR;NONE;NONE;;2018-05-13T10:44:00-04:00;2018;No;No;5;10
1 MILES FROM NC 55 HWY;TWO-WAY,DIVIDED,UNPROTECTED MEDIAN;DAYLIGHT;CLEAR;0;0;;STOP AND GO SIGNAL;PASSENGER CAR;PASSENGER CAR;NONE;NONE;;2018-05-10T18:38:02-04:00;2018;No;No;5;18
.1 MILES FROM (PVA) 225 DOGWOOD TREE LN;TWO-WAY,NOT DIVIDED;DAYLIGHT;CLEAR;0;0;;NO CONTROL PRESENT;SPORT UTILITY;NONE;NONE;NONE;;2018-05-10T19:09:50-04:00;2018;No;No;5;19
0 FEET FROM SR 1613 (DAVIS DR);TWO-WAY,DIVIDED,UNPROTECTED MEDIAN;DARK - LIGHTED ROADWAY;RAIN;0;2;;STOP AND GO SIGNAL;PASSENGER CAR;TRUCK/TRAILER;NONE;NONE;;2018-05-10T20:14:44-04:00;2018;No;Yes;5;20
75 FEET FROM PVA 100 PARKWAY OFFICE CT;TWO-WAY,NOT DIVIDED;DAYLIGHT;CLEAR;0;0;;NO CONTROL PRESENT;PASSENGER CAR;PASSENGER CAR;NONE;NONE;;2018-05-09T07:40:57-04:00;2018;No;No;5;07
CARY;TWO-WAY,DIVIDED,UNPROTECTED MEDIAN;DAYLIGHT;CLEAR;0;0;;STOP AND GO SIGNAL;PASSENGER CAR;PASSENGER CAR;NONE;NONE;;2018-05-13T18:43:55-04:00;2018;No;No;5;18
.1 MILES FROM BORDEAUX LN;TWO-WAY,NOT DIVIDED;DAYLIGHT;CLEAR;0;0;;NO CONTROL PRESENT;NONE;NONE;NONE;NONE;;2018-05-14T10:46:00-04:00;2018;No;No;5;10
.10 MILES FROM NC 55 HWY;TWO-WAY,NOT DIVIDED;DAYLIGHT;CLEAR;0;0;;STOP AND GO SIGNAL;VAN;SPORT UTILITY;NONE;NONE;;2018-05-14T16:42:45-04:00;2018;No;No;5;16
100 FEET FROM P.V.A. 310 S ACADEMY ST;TWO-WAY,NOT DIVIDED;DAYLIGHT;CLEAR;0;0;;NO CONTROL PRESENT;NONE;SPORT UTILITY;NONE;NONE;;2018-05-15T18:42:03-04:00;2018;No;No;5;18
50 FEET FROM P.V.A. (1012 TRINITY RD);TWO-WAY,NOT DIVIDED;DAYLIGHT;CLEAR;0;0;;NO CONTROL PRESENT;LIGHT TRUCK (MINI-VAN- PANEL);NONE;NONE;NONE;;2018-05-16T11:46:00-04:00;2018;No;No;5;11
50 FEET FROM P.V.A. OF 2425 KILDAIRE FARM R;TWO-WAY,NOT DIVIDED;DUSK;CLOUDY;0;0;;NO CONTROL PRESENT;PICKUP;PICKUP;NONE;NONE;;2018-05-15T16:03:07-04:00;2018;No;No;5;16
0 FEET FROM SR 1313 (WALNUT ST);TWO-WAY,NOT DIVIDED;DARK - LIGHTED ROADWAY;RAIN;0;0;;STOP SIGN;PASSENGER CAR;PICKUP;NONE;NONE;;2018-05-16T22:10:00-04:00;2018;No;No;5;22
5 FEET FROM SR 1652 (N HARRISON AVE);TWO-WAY,DIVIDED,UNPROTECTED MEDIAN;DAYLIGHT;CLOUDY;0;0;;STOP AND GO SIGNAL;PASSENGER CAR;PASSENGER CAR;NONE;NONE;;2018-05-18T06:56:29-04:00;2018;No;No;5;06
.24 MILES FROM E JOHNSON ST;TWO-WAY,NOT DIVIDED;DAYLIGHT;CLOUDY;0;1;;NO CONTROL PRESENT;PASSENGER CAR;PASSENGER CAR;NONE;NONE;;2018-05-17T07:22:54-04:00;2018;No;Yes;5;07
0 FEET FROM SR 1624 (CARPENTER FIRE STATIO;TWO-WAY,DIVIDED,UNPROTECTED MEDIAN;DAYLIGHT;CLOUDY;0;0;;STOP AND GO SIGNAL;PASSENGER CAR;SPORT UTILITY;NONE;NONE;;2018-05-18T10:20:00-04:00;2018;No;No;5;10
120 FEET FROM RIDGECREST RD;TWO-WAY,NOT DIVIDED;DAYLIGHT;CLOUDY;0;0;;NO CONTROL PRESENT;PASSENGER CAR;NONE;NONE;NONE;;2018-05-18T08:05:47-04:00;2018;No;No;5;08
.2 MILES FROM I 540 EXIT RAMP;ONE-WAY,NOT DIVIDED;DAYLIGHT;CLOUDY;0;0;;STOP AND GO SIGNAL;SPORT UTILITY;SPORT UTILITY;NONE;NONE;;2018-05-18T12:13:00-04:00;2018;No;No;5;12
100 FEET FROM US 1;ONE-WAY,NOT DIVIDED;DAYLIGHT;CLEAR;0;0;;NO CONTROL PRESENT;PASSENGER CAR;PASSENGER CAR;NONE;NONE;;2018-05-18T15:23:28-04:00;2018;No;No;5;15
.12 MILES FROM SR 1628 (O`KELLY CHAPEL RD);TWO-WAY,DIVIDED,UNPROTECTED MEDIAN;DAYLIGHT;CLEAR;0;0;;NO CONTROL PRESENT;PASSENGER CAR;PASSENGER CAR;NONE;NONE;;2018-05-14T03:12:50-04:00;2018;No;No;5;03
350 FEET FROM CROSSROADS BLVD;TWO-WAY,DIVIDED,UNPROTECTED MEDIAN;DAYLIGHT;RAIN;0;2;;NO CONTROL PRESENT;PASSENGER CAR;SPORT UTILITY;NONE;NONE;;2018-05-19T13:20:48-04:00;2018;No;Yes;5;13
.1 MILES FROM SR 3977;TWO-WAY,DIVIDED,POSITIVE MEDIAN BARRIER;DAYLIGHT;RAIN;0;0;LYING AND/OR ILLEGALLY IN ROADWAY;NO CONTROL PRESENT;VAN;PASSENGER CAR;NONE;NONE;;2018-05-19T13:23:22-04:00;2018;No;No;5;13
60 FEET FROM 4010 CONVENIECE LN PVA;TWO-WAY,NOT DIVIDED;DAYLIGHT;CLEAR;0;0;;NO CONTROL PRESENT;SPORT UTILITY;LIGHT TRUCK (MINI-VAN- PANEL);NONE;NONE;;2018-05-16T17:27:21-04:00;2018;No;No;5;17
15 FEET FROM P.V.A. (5801 TRYON RD);TWO-WAY,NOT DIVIDED;DAYLIGHT;CLEAR;0;0;;NO CONTROL PRESENT;SPORT UTILITY;NONE;NONE;NONE;;2018-05-18T18:31:44-04:00;2018;No;No;5;18
75 FEET FROM CORK HARBOR DR.;TWO-WAY,NOT DIVIDED;DARK - ROADWAY NOT LIGHTED;RAIN;0;0;;NO CONTROL PRESENT;PASSENGER CAR;SPORT UTILITY;NONE;NONE;;2018-05-18T21:32:05-04:00;2018;No;No;5;21
225 FEET FROM TRYON VILLAGE DR.;ONE-WAY,NOT DIVIDED;DAYLIGHT;CLOUDY;0;0;;NO CONTROL PRESENT;PASSENGER CAR;PASSENGER CAR;NONE;NONE;;2018-05-20T10:32:00-04:00;2018;No;No;5;10
0 FEET FROM SR 1628 (OKELLY CHAPEL RD);TWO-WAY,NOT DIVIDED;DARK - LIGHTED ROADWAY;CLEAR;0;0;;STOP AND GO SIGNAL;PASSENGER CAR;PASSENGER CAR;NONE;NONE;;2018-05-20T21:48:02-04:00;2018;No;No;5;21
30 FEET FROM SR1300 (KILDAIRE FARM RD);TWO-WAY,DIVIDED,UNPROTECTED MEDIAN;DAYLIGHT;CLOUDY;0;0;;NO CONTROL PRESENT;VAN;SPORT UTILITY;NONE;NONE;;2018-05-21T20:20:08-04:00;2018;No;No;5;20
150 FEET FROM SR 1652 (N HARRISON AV);TWO-WAY,NOT DIVIDED;DAYLIGHT;CLOUDY;0;0;;DOUBLE YELLOW LINE, NO PASSING ZONE;PICKUP;PASSENGER CAR;NONE;NONE;;2018-05-21T16:21:59-04:00;2018;No;No;5;16
50 FEET FROM TEACHING DR;TWO-WAY,NOT DIVIDED;DAYLIGHT;CLOUDY;0;0;;NO CONTROL PRESENT;PASSENGER CAR;NONE;NONE;NONE;;2018-05-21T02:13:01-04:00;2018;No;No;5;02
100 FEET FROM P.V.A. (885 WALNUT ST);TWO-WAY,NOT DIVIDED;DAYLIGHT;CLEAR;0;0;;NO CONTROL PRESENT;PASSENGER CAR;PASSENGER CAR;NONE;NONE;;2018-05-22T10:38:00-04:00;2018;No;No;5;10
CARY;TWO-WAY,NOT DIVIDED;DAYLIGHT;CLEAR;0;0;;STOP SIGN;VAN;PASSENGER CAR;NONE;NONE;;2018-05-22T19:02:03-04:00;2018;No;No;5;19
.1 MILES FROM PVA OF 226 ASHEVILLE AVE;TWO-WAY,NOT DIVIDED;DAYLIGHT;CLEAR;0;0;;NO CONTROL PRESENT;PASSENGER CAR;PICKUP;NONE;NONE;;2018-05-22T18:38:19-04:00;2018;No;No;5;18
CARY;TWO-WAY,DIVIDED,POSITIVE MEDIAN BARRIER;DAYLIGHT;CLEAR;0;0;;STOP AND GO SIGNAL;PICKUP;PICKUP;NONE;NONE;;2018-05-23T12:42:00-04:00;2018;No;No;5;12
400 FEET FROM SR 1608 (ROBERTS RD);TWO-WAY,DIVIDED,UNPROTECTED MEDIAN;DAYLIGHT;CLEAR;0;0;;NO CONTROL PRESENT;SPORT UTILITY;PICKUP;NONE;NONE;;2018-05-23T06:40:59-04:00;2018;No;No;5;06
.10 MILES FROM SR 1152 (HOLLY SPRINGS RD);TWO-WAY,NOT DIVIDED;DAYLIGHT;CLEAR;0;1;;NO CONTROL PRESENT;PASSENGER CAR;SPORT UTILITY;NONE;NONE;;2018-05-23T17:08:38-04:00;2018;No;Yes;5;17
0.2 MILES FROM GREEN LEVEL CHURCH ROAD 1625;TWO-WAY,DIVIDED,UNPROTECTED MEDIAN;DAYLIGHT;CLEAR;0;0;;STOP AND GO SIGNAL;PASSENGER CAR;PASSENGER CAR;NONE;NONE;;2018-05-23T17:31:17-04:00;2018;No;No;5;17
137 FEET FROM SR 3060 (MORRISVILLE PKWY);TWO-WAY,DIVIDED,UNPROTECTED MEDIAN;DAYLIGHT;CLEAR;0;0;;STOP AND GO SIGNAL;SPORT UTILITY;PASSENGER CAR;NONE;NONE;;2018-05-22T16:23:40-04:00;2018;No;No;5;16
50 FEET FROM SR 3977 SE CARY PKWY;TWO-WAY,DIVIDED,POSITIVE MEDIAN BARRIER;DAYLIGHT;CLEAR;0;0;;NO CONTROL PRESENT;SPORT UTILITY;PASSENGER CAR;NONE;NONE;;2018-05-24T12:45:00-04:00;2018;No;No;5;12
200 FEET FROM PVA 301 W LOCHMERE DR;TWO-WAY,NOT DIVIDED;DAYLIGHT;CLEAR;0;0;;NO CONTROL PRESENT;NONE;PASSENGER CAR;NONE;NONE;;2018-05-24T13:36:12-04:00;2018;No;No;5;13
150 FEET FROM SR 1652 N HARRISON AVE;TWO-WAY,NOT DIVIDED;DAYLIGHT;CLEAR;0;0;;NO CONTROL PRESENT;PASSENGER CAR;SPORT UTILITY;NONE;NONE;;2018-05-25T07:19:50-04:00;2018;No;No;5;07
CARY;TWO-WAY,NOT DIVIDED;DAYLIGHT;CLOUDY;0;0;;NO CONTROL PRESENT;PICKUP;PASSENGER CAR;NONE;NONE;;2018-05-25T12:44:00-04:00;2018;No;No;5;12
.2652 MILES FROM SR 1315 (BUCK JONES RD);TWO-WAY,NOT DIVIDED;DAYLIGHT;CLEAR;0;0;;STOP SIGN;VAN;PASSENGER CAR;NONE;NONE;;2018-05-24T11:14:00-04:00;2018;No;No;5;11
CARY;TWO-WAY,DIVIDED,UNPROTECTED MEDIAN;DAYLIGHT;CLEAR;0;1;;FLASHING STOP AND GO SIGNAL;PASSENGER CAR;PASSENGER CAR;NONE;NONE;;2018-05-25T14:31:11-04:00;2018;No;Yes;5;14
0.5 MILES FROM NC55 HWY;TWO-WAY,DIVIDED,UNPROTECTED MEDIAN;DAYLIGHT;RAIN;0;0;;STOP AND GO SIGNAL;PASSENGER CAR;PASSENGER CAR;PASSENGER CAR;NONE;;2018-05-28T19:31:48-04:00;2018;No;No;5;19
300 FEET FROM P.V.A(2851 JONES FRANKLIN RD);TWO-WAY,NOT DIVIDED;DAYLIGHT;CLOUDY;0;0;;NO CONTROL PRESENT;PICKUP;PASSENGER CAR;NONE;NONE;;2018-05-26T10:35:00-04:00;2018;No;No;5;10
300 FEET FROM P.V.A (330 CROSSROADS BLVD);TWO-WAY,NOT DIVIDED;DAYLIGHT;CLOUDY;0;0;;NO CONTROL PRESENT;SPORT UTILITY;SPORT UTILITY;NONE;NONE;;2018-05-26T12:07:00-04:00;2018;No;No;5;12
187 FEET FROM SR 1615 (HIGH HOUSE RD);TWO-WAY,NOT DIVIDED;DAYLIGHT;CLEAR;0;0;;NO CONTROL PRESENT;SPORT UTILITY;NONE;NONE;NONE;;2018-05-24T16:17:38-04:00;2018;No;No;5;16
.2 MILES FROM SR 3977;TWO-WAY,DIVIDED,POSITIVE MEDIAN BARRIER;DAYLIGHT;CLOUDY;0;0;;NO CONTROL PRESENT;SPORT UTILITY;PASSENGER CAR;NONE;NONE;;2018-05-26T14:37:07-04:00;2018;No;No;5;14
200 FEET FROM NC 55 HWY;TWO-WAY,DIVIDED,UNPROTECTED MEDIAN;DAYLIGHT;CLEAR;0;0;;STOP AND GO SIGNAL;NONE;NONE;NONE;NONE;;2018-05-14T09:23:34-04:00;2018;No;No;5;09
50 FEET FROM CONVENTION DR;TWO-WAY,DIVIDED,UNPROTECTED MEDIAN;DAYLIGHT;CLEAR;0;0;;STOP AND GO SIGNAL;PASSENGER CAR;PASSENGER CAR;NONE;NONE;;2018-05-24T12:45:00-04:00;2018;No;No;5;12
100 FEET FROM P.V.A. OF 81 MACKENNAN DR;TWO-WAY,NOT DIVIDED;DAYLIGHT;CLOUDY;0;0;;NO CONTROL PRESENT;PASSENGER CAR;PASSENGER CAR;NONE;NONE;;2018-05-29T18:19:17-04:00;2018;No;No;5;18
CARY;TWO-WAY,DIVIDED,POSITIVE MEDIAN BARRIER;DAYLIGHT;CLOUDY;0;0;;STOP SIGN;SPORT UTILITY;SPORT UTILITY;NONE;NONE;;2018-05-30T15:01:43-04:00;2018;No;No;5;15
165 FEET FROM 4000 GLENAIRE CIR (PVA);TWO-WAY,NOT DIVIDED;DAYLIGHT;CLOUDY;0;0;;NO CONTROL PRESENT;SPORT UTILITY;SPORT UTILITY;NONE;NONE;;2018-05-30T15:31:33-04:00;2018;No;No;5;15
.1 MILES FROM SR-3081 CHAPEL HILL RD;TWO-WAY,NOT DIVIDED;DAYLIGHT;CLOUDY;0;0;;NO CONTROL PRESENT;PASSENGER CAR;PASSENGER CAR;NONE;NONE;;2018-05-30T18:50:53-04:00;2018;No;No;5;18
400 FEET FROM SR1615 (HIGH HOUSE RD);TWO-WAY,NOT DIVIDED;DAYLIGHT;CLOUDY;0;0;;NO CONTROL PRESENT;PASSENGER CAR;PASSENGER CAR;NONE;NONE;;2018-05-30T13:49:33-04:00;2018;No;No;5;13
CARY;TWO-WAY,NOT DIVIDED;DAYLIGHT;CLOUDY;0;1;;STOP SIGN;PICKUP;PASSENGER CAR;NONE;NONE;;2018-05-31T18:53:34-04:00;2018;No;Yes;5;18
300 FEET FROM PVA (2350 WALNUT ST.);TWO-WAY,NOT DIVIDED;DARK - LIGHTED ROADWAY;CLEAR;0;0;;NO CONTROL PRESENT;PASSENGER CAR;SPORT UTILITY;NONE;NONE;;2018-05-31T21:16:14-04:00;2018;No;No;5;21
200 FEET FROM SW CARY PKWY;TWO-WAY,DIVIDED,POSITIVE MEDIAN BARRIER;DAYLIGHT;CLEAR;0;0;;NO CONTROL PRESENT;PASSENGER CAR;NONE;NONE;NONE;;2018-05-31T10:04:00-04:00;2018;No;No;5;10
.11 MILES FROM PVA (1105 WALNUT ST);TWO-WAY,NOT DIVIDED;DAYLIGHT;CLEAR;0;0;;NO CONTROL PRESENT;SPORT UTILITY;PASSENGER CAR;NONE;NONE;;2018-06-01T12:19:00-04:00;2018;No;No;6;12
CARY;TWO-WAY,NOT DIVIDED;DAYLIGHT;CLOUDY;0;0;;NO CONTROL PRESENT;PASSENGER CAR;PASSENGER CAR;NONE;NONE;;2018-05-31T12:30:00-04:00;2018;No;No;5;12
CARY;NONE;NONE;NONE;0;0;;;NONE;NONE;NONE;NONE;;2018-06-02T10:10:00-04:00;2018;No;No;6;10
.2 MILES FROM PVA OF 2360 WALNUT ST (CENTRUM;TWO-WAY,NOT DIVIDED;DAYLIGHT;CLEAR;0;1;;STOP SIGN;SPORT UTILITY;SPORT UTILITY;NONE;NONE;;2018-06-03T16:36:21-04:00;2018;No;Yes;6;16
100 FEET FROM SR 1617 (CARPENTER UPCHURCH RD;TWO-WAY,DIVIDED,UNPROTECTED MEDIAN;DAYLIGHT;CLEAR;0;0;;NO CONTROL PRESENT;LIGHT TRUCK (MINI-VAN- PANEL);SPORT UTILITY;PASSENGER CAR;NONE;;2018-06-01T07:20:38-04:00;2018;No;No;6;07
50 FEET FROM SR 1300 (KILDAIRE FARM RD);TWO-WAY,DIVIDED,UNPROTECTED MEDIAN;DAYLIGHT;CLEAR;0;0;;STOP AND GO SIGNAL;SPORT UTILITY;SPORT UTILITY;NONE;NONE;;2018-06-02T11:01:00-04:00;2018;No;No;6;11
CARY;TWO-WAY,DIVIDED,UNPROTECTED MEDIAN;DAYLIGHT;CLEAR;0;0;;STOP SIGN;SPORT UTILITY;PASSENGER CAR;NONE;NONE;;2018-06-02T15:03:15-04:00;2018;No;No;6;15
.2 MILES FROM HWY 64;TWO-WAY,DIVIDED,POSITIVE MEDIAN BARRIER;DAYLIGHT;CLEAR;0;1;;NO CONTROL PRESENT;LIGHT TRUCK (MINI-VAN- PANEL);PICKUP;PASSENGER CAR;NONE;;2018-06-02T14:20:30-04:00;2018;No;Yes;6;14
25 FEET FROM P.V.A. OF 113 BRAMPTON LN;TWO-WAY,NOT DIVIDED;DAYLIGHT;CLEAR;0;0;;;SINGLE UNIT TRUCK (2-AXLE- 6-TIRE);PASSENGER CAR;NONE;NONE;;2018-06-03T13:44:08-04:00;2018;No;No;6;13
CARY;TWO-WAY,DIVIDED,UNPROTECTED MEDIAN;DAYLIGHT;CLEAR;0;0;;STOP AND GO SIGNAL;PASSENGER CAR;PASSENGER CAR;NONE;NONE;;2018-06-03T17:19:30-04:00;2018;No;No;6;17
0 FEET FROM WESTON PKWY;TWO-WAY,NOT DIVIDED;DAYLIGHT;CLEAR;0;0;;STOP AND GO SIGNAL;SPORT UTILITY;PASSENGER CAR;NONE;NONE;;2018-06-01T15:41:05-04:00;2018;No;No;6;15
.5 MILES FROM US1;TWO-WAY,DIVIDED,POSITIVE MEDIAN BARRIER;DAYLIGHT;CLEAR;0;0;;NO CONTROL PRESENT;PASSENGER CAR;PASSENGER CAR;NONE;NONE;;2018-06-01T16:39:42-04:00;2018;No;No;6;16
123 FEET FROM P.V.A. 16306 PRAXIS WAY;TWO-WAY,NOT DIVIDED;DAYLIGHT;CLEAR;0;0;;NO CONTROL PRESENT;PASSENGER CAR;PASSENGER CAR;NONE;NONE;;2018-06-01T19:03:46-04:00;2018;No;No;6;19
20 FEET FROM US 64 HWY;TWO-WAY,DIVIDED,UNPROTECTED MEDIAN;DAYLIGHT;CLEAR;0;0;;NO CONTROL PRESENT;PICKUP;PICKUP;NONE;NONE;;2018-06-04T15:05:18-04:00;2018;No;No;6;15
135 FEET FROM P.V.A OF 1300 CRESCENT GREEN R;TWO-WAY,NOT DIVIDED;DAYLIGHT;CLEAR;0;0;;NO CONTROL PRESENT;SPORT UTILITY;PASSENGER CAR;NONE;NONE;;2018-06-04T12:08:00-04:00;2018;No;No;6;12
420 FEET FROM W CHATHAM ST;TWO-WAY,NOT DIVIDED;DAYLIGHT;CLEAR;0;0;;NO CONTROL PRESENT;PASSENGER CAR;PASSENGER CAR;NONE;NONE;;2018-06-05T13:49:39-04:00;2018;No;No;6;13
.1 MILES FROM PVA OF 420 JAMES JACKSON AV;TWO-WAY,NOT DIVIDED;DAYLIGHT;CLEAR;0;0;;NO CONTROL PRESENT;FIRETRUCK;NONE;NONE;NONE;;2018-06-06T18:59:06-04:00;2018;No;No;6;18
285 FEET FROM SW CARY PKWY;TWO-WAY,DIVIDED,UNPROTECTED MEDIAN;DAYLIGHT;CLEAR;0;2;;NO CONTROL PRESENT;SPORT UTILITY;VAN;NONE;NONE;;2018-06-05T12:51:00-04:00;2018;No;Yes;6;12
464 FEET FROM BEACON FALLS CT;TWO-WAY,NOT DIVIDED;DAYLIGHT;CLEAR;0;0;;NO CONTROL PRESENT;PICKUP;PICKUP;NONE;NONE;;2018-06-07T18:41:06-04:00;2018;No;No;6;18
138 FEET FROM WOODBURY CT;TWO-WAY,NOT DIVIDED;DARK - LIGHTED ROADWAY;CLEAR;0;3;;NO CONTROL PRESENT;PASSENGER CAR;NONE;NONE;NONE;;2018-06-06T21:27:13-04:00;2018;No;Yes;6;21
200 FEET FROM SW CARY PKWY;TWO-WAY,DIVIDED,POSITIVE MEDIAN BARRIER;DAYLIGHT;CLEAR;0;0;;NO CONTROL PRESENT;PICKUP;LIGHT TRUCK (MINI-VAN- PANEL);NONE;NONE;;2018-06-06T11:06:00-04:00;2018;No;No;6;11
150 FEET FROM SWAN QUARTER DR;TWO-WAY,NOT DIVIDED;DAYLIGHT;CLEAR;0;0;;NO CONTROL PRESENT;PASSENGER CAR;SPORT UTILITY;NONE;NONE;;2018-06-08T12:36:00-04:00;2018;No;No;6;12
75 FEET FROM 930 HIGH HOUSE RD (PVA);TWO-WAY,NOT DIVIDED;DAYLIGHT;CLOUDY;0;0;;NO CONTROL PRESENT;PASSENGER CAR;SPORT UTILITY;NONE;NONE;;2018-06-08T13:59:01-04:00;2018;No;No;6;13
50 FEET FROM P.V.A. OF 1200 CRESCENT GREEN;TWO-WAY,NOT DIVIDED;DAYLIGHT;CLEAR;0;0;;NO CONTROL PRESENT;PASSENGER CAR;PASSENGER CAR;NONE;NONE;;2018-06-08T16:51:43-04:00;2018;No;No;6;16
CARY;TWO-WAY,NOT DIVIDED;DAYLIGHT;CLEAR;0;1;;STOP AND GO SIGNAL;PASSENGER CAR;PASSENGER CAR;NONE;NONE;;2018-06-10T19:24:54-04:00;2018;No;Yes;6;19
CARY;TWO-WAY,NOT DIVIDED;DAYLIGHT;CLEAR;0;1;;;PASSENGER CAR;PASSENGER CAR;NONE;NONE;;2018-06-09T16:35:23-04:00;2018;No;Yes;6;16