Location_Description;Road_Configuration;Light_Condition;Weather;Fatality;Injury;Contributing_Factor;Traffic_Control;Vehicle1;Vehicle2;Vehicle3;Vehicle4;Vehicle5;Crash_Date;year;Fatalities;Injuries;Month;Hour
CARY;TWO-WAY,DIVIDED,UNPROTECTED MEDIAN;DAYLIGHT;CLOUDY;0;1;;STOP AND GO SIGNAL;PASSENGER CAR;PASSENGER CAR;SPORT UTILITY;NONE;;2018-07-20T14:52:00-04:00;2018;No;Yes;7;14
CARY;TWO-WAY,DIVIDED,UNPROTECTED MEDIAN;DAYLIGHT;CLOUDY;0;0;;STOP AND GO SIGNAL;PASSENGER CAR;PICKUP;NONE;NONE;;2018-07-20T16:05:57-04:00;2018;No;No;7;16
160 FEET FROM SR 3977 (SE CARY PKWY);TWO-WAY,DIVIDED,UNPROTECTED MEDIAN;DAYLIGHT;CLOUDY;0;1;;NO CONTROL PRESENT;SPORT UTILITY;SPORT UTILITY;NONE;NONE;;2018-07-17T17:42:39-04:00;2018;No;Yes;7;17
60 FEET FROM BRADFORD VIEW DRIVE;TWO-WAY,NOT DIVIDED;DAYLIGHT;CLEAR;0;0;;NO CONTROL PRESENT;PASSENGER CAR;PASSENGER CAR;NONE;NONE;;2018-07-21T11:40:00-04:00;2018;No;No;7;11
300 FEET FROM 200 WOODCREEK DR (PVA);TWO-WAY,NOT DIVIDED;DAYLIGHT;CLEAR;0;0;;NO CONTROL PRESENT;SINGLE UNIT TRUCK (2-AXLE- 6-TIRE);NONE;NONE;NONE;;2018-07-23T10:35:00-04:00;2018;No;No;7;10
NEAR .9 MILES NE OF NE US 1;TWO-WAY,DIVIDED,POSITIVE MEDIAN BARRIER;DAYLIGHT;RAIN;0;1;;NO CONTROL PRESENT;PASSENGER CAR;PASSENGER CAR;NONE;NONE;;2018-07-23T07:32:09-04:00;2018;No;Yes;7;07
.5 MILES FROM 2010 KILDAIRE FARM RD;ONE-WAY,NOT DIVIDED;DAYLIGHT;CLEAR;0;0;;NO CONTROL PRESENT;SPORT UTILITY;PASSENGER CAR;NONE;NONE;;2018-07-23T16:13:06-04:00;2018;No;No;7;16
.208 MILES FROM US 1 HWY;TWO-WAY,DIVIDED,POSITIVE MEDIAN BARRIER;DAYLIGHT;CLOUDY;0;0;;NO CONTROL PRESENT;PASSENGER CAR;PASSENGER CAR;NONE;NONE;;2018-07-23T19:01:54-04:00;2018;No;No;7;19
NEAR .49 MILES NE OF NE SR 1152 (HOLLY SPRINGS RD);TWO-WAY,NOT DIVIDED;DARK - ROADWAY NOT LIGHTED;CLEAR;0;0;;NO CONTROL PRESENT;PASSENGER CAR;NONE;NONE;NONE;;2018-07-24T04:34:56-04:00;2018;No;No;7;04
0 FEET FROM WESTON PKWY;TWO-WAY,DIVIDED,POSITIVE MEDIAN BARRIER;DAYLIGHT;CLEAR;0;0;;NO CONTROL PRESENT;PASSENGER CAR;PASSENGER CAR;NONE;NONE;;2018-07-22T10:18:00-04:00;2018;No;No;7;10
CARY;TWO-WAY,DIVIDED,UNPROTECTED MEDIAN;DAYLIGHT;CLEAR;0;0;;STOP SIGN;PASSENGER CAR;PASSENGER CAR;NONE;NONE;;2018-07-23T16:22:47-04:00;2018;No;No;7;16
50 FEET FROM PVA OF 205 S ACADEMY ST;TWO-WAY,NOT DIVIDED;DAYLIGHT;CLEAR;0;0;;NO CONTROL PRESENT;PASSENGER CAR;PASSENGER CAR;NONE;NONE;;2018-07-24T16:13:22-04:00;2018;No;No;7;16
CARY;TWO-WAY,DIVIDED,POSITIVE MEDIAN BARRIER;DUSK;CLOUDY;0;0;;NO CONTROL PRESENT;PASSENGER CAR;VAN;NONE;NONE;;2018-07-25T19:23:52-04:00;2018;No;No;7;19
CARY;TWO-WAY,DIVIDED,UNPROTECTED MEDIAN;DAYLIGHT;CLEAR;0;0;;FLASHING STOP AND GO SIGNAL;PASSENGER CAR;PASSENGER CAR;NONE;NONE;;2018-07-24T18:00:51-04:00;2018;No;No;7;18
300 FEET FROM (PVA) 10140 GREEN LEVEL CHURCH;TWO-WAY,NOT DIVIDED;DAYLIGHT;CLEAR;0;0;;NO CONTROL PRESENT;PASSENGER CAR;PASSENGER CAR;NONE;NONE;;2018-07-24T19:14:20-04:00;2018;No;No;7;19
200 FEET FROM US 1 HWY;TWO-WAY,DIVIDED,POSITIVE MEDIAN BARRIER;DAYLIGHT;RAIN;0;1;;NO CONTROL PRESENT;PASSENGER CAR;PASSENGER CAR;NONE;NONE;;2018-07-25T14:25:15-04:00;2018;No;Yes;7;14
200 FEET FROM SR 1497 (WALNUT ST);TWO-WAY,DIVIDED,UNPROTECTED MEDIAN;DAYLIGHT;CLEAR;0;1;;STOP AND GO SIGNAL;VAN;PASSENGER CAR;NONE;NONE;;2018-07-26T13:03:59-04:00;2018;No;Yes;7;13
400 FEET FROM PVA (7129 O`KELLY CHAPEL RD);TWO-WAY,NOT DIVIDED;DAYLIGHT;CLEAR;0;0;;NO CONTROL PRESENT;PASSENGER CAR;PASSENGER CAR;NONE;NONE;;2018-07-27T13:24:57-04:00;2018;No;No;7;13
CARY;TWO-WAY,NOT DIVIDED;DAYLIGHT;CLEAR;0;0;;STOP AND GO SIGNAL;SPORT UTILITY;PASSENGER CAR;NONE;NONE;;2018-07-27T09:34:53-04:00;2018;No;No;7;09
50 FEET FROM P.V.A. (1387 SE MAYNARD RD);TWO-WAY,NOT DIVIDED;DAYLIGHT;CLEAR;0;0;;NO CONTROL PRESENT;VAN;PASSENGER CAR;NONE;NONE;;2018-07-27T11:58:00-04:00;2018;No;No;7;11
404 FEET FROM SR 1415 (SE MAYNARD RD);TWO-WAY,NOT DIVIDED;DAYLIGHT;CLOUDY;0;0;;STOP AND GO SIGNAL;PASSENGER CAR;SPORT UTILITY;NONE;NONE;;2018-07-28T17:37:31-04:00;2018;No;No;7;17
.2 MILES FROM SR 1152 (HOLLY SPRINGS RD);NONE;DAYLIGHT;CLEAR;0;0;;STOP AND GO SIGNAL;SPORT UTILITY;PASSENGER CAR;NONE;NONE;;2018-07-28T06:34:03-04:00;2018;No;No;7;06
10 FEET FROM SR 1313 (WALNUT ST);TWO-WAY,DIVIDED,UNPROTECTED MEDIAN;DAYLIGHT;CLOUDY;0;0;;STOP AND GO SIGNAL;PASSENGER CAR;LIGHT TRUCK (MINI-VAN- PANEL);NONE;NONE;;2018-07-28T19:04:46-04:00;2018;No;No;7;19
.107 MILES FROM MAYNARD CROSSING CT;TWO-WAY,NOT DIVIDED;DAYLIGHT;CLEAR;0;0;;NO CONTROL PRESENT;PASSENGER CAR;PASSENGER CAR;NONE;NONE;;2018-07-27T18:46:19-04:00;2018;No;No;7;18
410 FEET FROM P.V.A (WALMART);TWO-WAY,NOT DIVIDED;DAYLIGHT;RAIN;0;0;;NO CONTROL PRESENT;PASSENGER CAR;PASSENGER CAR;NONE;NONE;;2018-07-29T18:38:54-04:00;2018;No;No;7;18
200 FEET FROM SR 1011 (E CHATHAM ST);TWO-WAY,NOT DIVIDED;DARK - ROADWAY NOT LIGHTED;CLEAR;0;0;;NO CONTROL PRESENT;PASSENGER CAR;PASSENGER CAR;NONE;NONE;;2018-07-28T00:00:00-04:00;2018;No;No;7;00
300 FEET FROM US 1;TWO-WAY,DIVIDED,POSITIVE MEDIAN BARRIER;DAYLIGHT;CLOUDY;0;0;;NO CONTROL PRESENT;VAN;NONE;NONE;NONE;;2018-07-30T12:37:00-04:00;2018;No;No;7;12
100 FEET FROM SR 1628 (OKELLY CHAPEL RD);TWO-WAY,DIVIDED,UNPROTECTED MEDIAN;DAYLIGHT;CLEAR;0;0;;NO CONTROL PRESENT;SPORT UTILITY;SPORT UTILITY;NONE;NONE;;2018-07-30T16:52:37-04:00;2018;No;No;7;16
.5 MILES FROM NC 55 HWY;TWO-WAY,DIVIDED,POSITIVE MEDIAN BARRIER;DAYLIGHT;RAIN;0;0;;NO CONTROL PRESENT;SPORT UTILITY;PASSENGER CAR;SPORT UTILITY;NONE;;2018-07-30T17:14:59-04:00;2018;No;No;7;17
.1 MILES FROM PVA OF 1640 PINEY PLAINS RD;TWO-WAY,NOT DIVIDED;DAYLIGHT;CLEAR;0;0;;NO CONTROL PRESENT;PASSENGER CAR;SPORT UTILITY;NONE;NONE;;2018-07-30T18:46:03-04:00;2018;No;No;7;18
0 FEET FROM SR 3112 (SW CARY PKWY);TWO-WAY,NOT DIVIDED;DAYLIGHT;CLOUDY;0;0;;STOP SIGN;PASSENGER CAR;PASSENGER CAR;NONE;NONE;;2018-07-31T13:25:34-04:00;2018;No;No;7;13
20 FEET FROM I 40 EXIT 287 RAMP EB;ONE-WAY,NOT DIVIDED;DAYLIGHT;CLOUDY;0;1;;STOP AND GO SIGNAL;PASSENGER CAR;PASSENGER CAR;NONE;NONE;;2018-07-31T18:58:25-04:00;2018;No;Yes;7;18
.75 MILES FROM US1 N;TWO-WAY,DIVIDED,POSITIVE MEDIAN BARRIER;DAYLIGHT;CLEAR;0;0;;NO CONTROL PRESENT;PASSENGER CAR;SPORT UTILITY;PASSENGER CAR;NONE;;2018-08-01T08:40:36-04:00;2018;No;No;8;08
CARY;TWO-WAY,NOT DIVIDED;DARK - LIGHTED ROADWAY;RAIN;0;0;;NO CONTROL PRESENT;PASSENGER CAR;PASSENGER CAR;NONE;NONE;;2018-07-31T21:23:46-04:00;2018;No;No;7;21
200 FEET FROM US 64 HWY;TWO-WAY,DIVIDED,UNPROTECTED MEDIAN;DAYLIGHT;CLOUDY;0;0;;NO CONTROL PRESENT;VAN;PASSENGER CAR;PASSENGER CAR;VAN;;2018-08-01T15:08:20-04:00;2018;No;No;8;15
200 FEET FROM SR 3073 (NW MAYNARD RD);TWO-WAY,DIVIDED,UNPROTECTED MEDIAN;DAYLIGHT;RAIN;0;0;;NO CONTROL PRESENT;PASSENGER CAR;PASSENGER CAR;NONE;NONE;;2018-08-02T19:31:14-04:00;2018;No;No;8;19
CARY;TWO-WAY,DIVIDED,UNPROTECTED MEDIAN;DAYLIGHT;CLEAR;0;0;;STOP AND GO SIGNAL;SPORT UTILITY;PASSENGER CAR;NONE;NONE;;2018-08-02T07:56:59-04:00;2018;No;No;8;07
.1 MILES FROM SR 1315 (BUCK JONES RD);TWO-WAY,NOT DIVIDED;DAYLIGHT;CLEAR;0;0;;STOP AND GO SIGNAL;PASSENGER CAR;PASSENGER CAR;NONE;NONE;;2018-08-02T13:14:08-04:00;2018;No;No;8;13
0 FEET FROM SR 3112 (SW CARY PARKWAY);TWO-WAY,DIVIDED,UNPROTECTED MEDIAN;DAYLIGHT;RAIN;0;0;;STOP AND GO SIGNAL;PASSENGER CAR;PASSENGER CAR;NONE;NONE;;2018-08-03T17:09:11-04:00;2018;No;No;8;17
125 FEET FROM RYAN RD;TWO-WAY,NOT DIVIDED;DAYLIGHT;CLOUDY;0;0;;NO CONTROL PRESENT;PASSENGER CAR;PASSENGER CAR;NONE;NONE;;2018-08-03T16:51:59-04:00;2018;No;No;8;16
0 FEET FROM SR 1613 (DAVIS DR);TWO-WAY,DIVIDED,UNPROTECTED MEDIAN;DAYLIGHT;CLEAR;0;0;;STOP AND GO SIGNAL;PASSENGER CAR;PASSENGER CAR;NONE;NONE;;2018-08-05T12:51:00-04:00;2018;No;No;8;12
150 FEET FROM US 1 HWY;TWO-WAY,DIVIDED,POSITIVE MEDIAN BARRIER;DAWN;CLEAR;0;0;;NO CONTROL PRESENT;PASSENGER CAR;NONE;NONE;NONE;;2018-08-06T05:45:50-04:00;2018;No;No;8;05
.2 MILES FROM PVA (1920 NW MAYNARD RD);TWO-WAY,NOT DIVIDED;DAYLIGHT;CLOUDY;0;0;;NO CONTROL PRESENT;PASSENGER CAR;VAN;NONE;NONE;;2018-08-04T10:35:00-04:00;2018;No;No;8;10
. MILES FROM SR 1009 (TRYON RD);TWO-WAY,DIVIDED,UNPROTECTED MEDIAN;DAYLIGHT;CLEAR;0;0;;NO CONTROL PRESENT;PASSENGER CAR;PASSENGER CAR;VAN;NONE;;2018-08-06T08:37:09-04:00;2018;No;No;8;08
300 FEET FROM CROSSROADS BLVD;TWO-WAY,DIVIDED,UNPROTECTED MEDIAN;DAYLIGHT;CLEAR;0;0;;STOP AND GO SIGNAL;VAN;PASSENGER CAR;NONE;NONE;;2018-08-06T10:50:00-04:00;2018;No;No;8;10
250 FEET FROM 350 STONECROFT LN;TWO-WAY,NOT DIVIDED;DAYLIGHT;CLEAR;0;0;;NO CONTROL PRESENT;SPORT UTILITY;PASSENGER CAR;NONE;NONE;;2018-08-06T18:30:32-04:00;2018;No;No;8;18
0 FEET FROM SR 1652 (N HARRISON AV);TWO-WAY,NOT DIVIDED;DAYLIGHT;CLEAR;0;0;;STOP AND GO SIGNAL;SINGLE UNIT TRUCK (2-AXLE- 6-TIRE);PASSENGER CAR;NONE;NONE;;2018-08-06T08:00:18-04:00;2018;No;No;8;08
20 FEET FROM P.V.A. (1273 NW MAYNARD RD);TWO-WAY,NOT DIVIDED;DAYLIGHT;CLEAR;0;0;;STOP SIGN;SPORT UTILITY;PASSENGER CAR;NONE;NONE;;2018-08-08T11:29:00-04:00;2018;No;No;8;11
200 FEET FROM 102 LASKY CT;TWO-WAY,NOT DIVIDED;DARK - LIGHTED ROADWAY;RAIN;0;0;;NO CONTROL PRESENT;NONE;PASSENGER CAR;NONE;NONE;;2018-08-08T22:54:00-04:00;2018;No;No;8;22
273 FEET FROM CEDAR CREEK RD;TWO-WAY,NOT DIVIDED;DAYLIGHT;CLEAR;0;0;;NO CONTROL PRESENT;PASSENGER CAR;PASSENGER CAR;NONE;NONE;;2018-08-09T12:33:00-04:00;2018;No;No;8;12
0.1 MILES FROM NC 55 HWY;TWO-WAY,DIVIDED,UNPROTECTED MEDIAN;DAYLIGHT;CLEAR;0;0;;NO CONTROL PRESENT;PASSENGER CAR;PASSENGER CAR;PASSENGER CAR;PASSENGER CAR;;2018-08-09T12:34:00-04:00;2018;No;No;8;12
200 FEET FROM SR 3977 SE CARY PKWY;TWO-WAY,DIVIDED,POSITIVE MEDIAN BARRIER;DAYLIGHT;CLEAR;0;0;;NO CONTROL PRESENT;PASSENGER CAR;PASSENGER CAR;NONE;NONE;;2018-08-10T10:44:00-04:00;2018;No;No;8;10
50 FEET FROM PVA OF 901 1A KILDAIRE FARM RD;TWO-WAY,NOT DIVIDED;DAYLIGHT;CLEAR;0;0;;NO CONTROL PRESENT;PASSENGER CAR;PASSENGER CAR;NONE;NONE;;2018-08-10T17:59:16-04:00;2018;No;No;8;17
316 FEET FROM SEDGEBROOK DR;TWO-WAY,NOT DIVIDED;DAYLIGHT;CLEAR;0;0;;NO CONTROL PRESENT;PASSENGER CAR;PASSENGER CAR;NONE;NONE;;2018-08-12T15:15:21-04:00;2018;No;No;8;15
.2 MILES FROM US1;TWO-WAY,DIVIDED,POSITIVE MEDIAN BARRIER;DAYLIGHT;CLEAR;0;0;;NO CONTROL PRESENT;PICKUP;SPORT UTILITY;NONE;NONE;;2018-08-10T17:58:03-04:00;2018;No;No;8;17
50 FEET FROM PVA OF 210 HAMPTON WOODS LN;TWO-WAY,NOT DIVIDED;DAYLIGHT;CLEAR;0;0;;NO CONTROL PRESENT;PASSENGER CAR;VAN;NONE;NONE;;2018-08-10T14:42:01-04:00;2018;No;No;8;14
25 FEET FROM US 1 HWY RAMP;ONE-WAY,NOT DIVIDED;DAYLIGHT;CLEAR;0;0;;STOP AND GO SIGNAL;PASSENGER CAR;PASSENGER CAR;NONE;NONE;;2018-08-11T16:59:43-04:00;2018;No;No;8;16
.112 MILES FROM PVA (4242 NW CARY PKWY);TWO-WAY,NOT DIVIDED;DAYLIGHT;CLEAR;0;0;;NO CONTROL PRESENT;SPORT UTILITY;PASSENGER CAR;NONE;NONE;;2018-08-13T16:35:59-04:00;2018;No;No;8;16
40 FEET FROM CHAPEL HILL RD;TWO-WAY,DIVIDED,UNPROTECTED MEDIAN;DAYLIGHT;CLEAR;0;0;;STOP AND GO SIGNAL;PASSENGER CAR;PASSENGER CAR;NONE;NONE;;2018-08-13T17:05:20-04:00;2018;No;No;8;17
10 FEET FROM S.R. 1615 (HIGH HOUSE RD);TWO-WAY,DIVIDED,POSITIVE MEDIAN BARRIER;DAYLIGHT;CLEAR;0;0;;STOP AND GO SIGNAL;PICKUP;PICKUP;PASSENGER CAR;NONE;;2018-08-13T16:58:21-04:00;2018;No;No;8;16
.224 MILES FROM US 1 HWY;TWO-WAY,DIVIDED,POSITIVE MEDIAN BARRIER;DAYLIGHT;CLEAR;0;1;;NO CONTROL PRESENT;PASSENGER CAR;PASSENGER CAR;NONE;NONE;;2018-08-13T16:29:10-04:00;2018;No;Yes;8;16
100 FEET FROM MAPLE ST;TWO-WAY,NOT DIVIDED;DAYLIGHT;CLEAR;0;0;;NO CONTROL PRESENT;SPORT UTILITY;PICKUP;NONE;NONE;;2018-08-14T14:56:39-04:00;2018;No;No;8;14
CARY;TWO-WAY,DIVIDED,UNPROTECTED MEDIAN;DAYLIGHT;CLEAR;0;0;;NO CONTROL PRESENT;PASSENGER CAR;NONE;NONE;NONE;;2018-08-14T20:31:07-04:00;2018;No;No;8;20
20 FEET FROM SR 4076 REGENCY PKWY;TWO-WAY,DIVIDED,POSITIVE MEDIAN BARRIER;DAYLIGHT;CLEAR;0;0;;STOP AND GO SIGNAL;PASSENGER CAR;PASSENGER CAR;NONE;NONE;;2018-08-15T11:42:00-04:00;2018;No;No;8;11
20 FEET FROM W CHATHAM ST;TWO-WAY,NOT DIVIDED;DAYLIGHT;CLEAR;0;0;;NO CONTROL PRESENT;PASSENGER CAR;PASSENGER CAR;NONE;NONE;;2018-08-14T18:51:21-04:00;2018;No;No;8;18
50 FEET FROM HIGH MEADOW DR;TWO-WAY,NOT DIVIDED;DAYLIGHT;CLEAR;0;0;;NO CONTROL PRESENT;SPORT UTILITY;SPORT UTILITY;NONE;NONE;;2018-08-16T15:39:11-04:00;2018;No;No;8;15
.25 MILES FROM NC 55 HWY;TWO-WAY,DIVIDED,UNPROTECTED MEDIAN;DAYLIGHT;CLEAR;0;0;;STOP AND GO SIGNAL;PASSENGER CAR;NONE;NONE;NONE;;2018-08-16T13:08:00-04:00;2018;No;No;8;13
.2 MILES FROM NW CARY PKWY 3112;TWO-WAY,DIVIDED,POSITIVE MEDIAN BARRIER;DAYLIGHT;CLEAR;0;0;;NO CONTROL PRESENT;PASSENGER CAR;PASSENGER CAR;NONE;NONE;;2018-08-15T17:37:38-04:00;2018;No;No;8;17
.1 MILES FROM PVA 280 MEETING ST;TWO-WAY,NOT DIVIDED;DARK - LIGHTED ROADWAY;CLEAR;0;0;;NO CONTROL PRESENT;NONE;PASSENGER CAR;NONE;NONE;;2018-08-17T23:11:00-04:00;2018;No;No;8;23
.1 MILES FROM US 64;TWO-WAY,DIVIDED,POSITIVE MEDIAN BARRIER;DUSK;RAIN;0;0;;NO CONTROL PRESENT;PICKUP;PASSENGER CAR;NONE;NONE;;2018-08-18T18:47:24-04:00;2018;No;No;8;18
150 FEET FROM HARLON DR;TWO-WAY,NOT DIVIDED;DARK - ROADWAY NOT LIGHTED;CLEAR;0;0;;NO CONTROL PRESENT;PASSENGER CAR;PASSENGER CAR;NONE;NONE;;2018-08-19T20:45:01-04:00;2018;No;No;8;20
30 FEET FROM P.V.A. (329 CROSSROADS BLVD);TWO-WAY,NOT DIVIDED;DAYLIGHT;CLOUDY;0;0;;NO CONTROL PRESENT;PASSENGER CAR;PICKUP;NONE;NONE;;2018-08-13T14:01:58-04:00;2018;No;No;8;14
5 FEET FROM FOREST PARK WAY;TWO-WAY,NOT DIVIDED;DAYLIGHT;CLOUDY;0;0;;NO CONTROL PRESENT;PASSENGER CAR;NONE;NONE;NONE;;2018-08-20T08:06:48-04:00;2018;No;No;8;08
0 FEET FROM (NC 54) CHAPEL HILL RD;TWO-WAY,DIVIDED,UNPROTECTED MEDIAN;DUSK;RAIN;0;0;;DOUBLE YELLOW LINE, NO PASSING ZONE;PASSENGER CAR;PASSENGER CAR;NONE;NONE;;2018-08-18T19:08:04-04:00;2018;No;No;8;19
325 FEET FROM SR1300 (KILDAIRE FARM RD);TWO-WAY,NOT DIVIDED;DAYLIGHT;CLOUDY;0;0;;NO CONTROL PRESENT;VAN;SPORT UTILITY;NONE;NONE;;2018-08-20T18:21:25-04:00;2018;No;No;8;18
CARY;TWO-WAY,DIVIDED,UNPROTECTED MEDIAN;DAYLIGHT;CLEAR;0;0;;STOP AND GO SIGNAL;SPORT UTILITY;SPORT UTILITY;NONE;NONE;;2018-08-20T16:46:35-04:00;2018;No;No;8;16
441 FEET FROM SR 3073 (NW MAYNARD RD);NONE;NONE;NONE;0;1;;;NONE;NONE;NONE;NONE;;2018-08-16T10:19:00-04:00;2018;No;Yes;8;10
.1 MILES FROM PVA OF 7870 CHAPEL HILL RD;TWO-WAY,NOT DIVIDED;DAYLIGHT;CLOUDY;0;0;;NO CONTROL PRESENT;PASSENGER CAR;PICKUP;NONE;NONE;;2018-08-22T16:19:08-04:00;2018;No;No;8;16
135 FEET FROM FORESIGHT DR;TWO-WAY,NOT DIVIDED;DAYLIGHT;CLOUDY;0;0;;NO CONTROL PRESENT;SPORT UTILITY;PASSENGER CAR;NONE;NONE;;2018-08-22T17:20:37-04:00;2018;No;No;8;17
CARY;TWO-WAY,NOT DIVIDED;DAYLIGHT;CLOUDY;0;0;;STOP AND GO SIGNAL;PASSENGER CAR;PASSENGER CAR;NONE;NONE;;2018-08-22T18:03:46-04:00;2018;No;No;8;18
CARY;TWO-WAY,NOT DIVIDED;DAYLIGHT;CLEAR;0;0;;STOP SIGN;PASSENGER CAR;PASSENGER CAR;NONE;NONE;;2018-08-22T17:05:15-04:00;2018;No;No;8;17
.1 MILES FROM US1;TWO-WAY,DIVIDED,POSITIVE MEDIAN BARRIER;DARK - LIGHTED ROADWAY;RAIN;0;0;;NO CONTROL PRESENT;SPORT UTILITY;NONE;NONE;NONE;;2018-08-22T19:26:35-04:00;2018;No;No;8;19
CARY;TWO-WAY,DIVIDED,POSITIVE MEDIAN BARRIER;DARK - ROADWAY NOT LIGHTED;CLEAR;0;2;;NO CONTROL PRESENT;PASSENGER CAR;NONE;NONE;NONE;;2018-08-17T23:08:00-04:00;2018;No;Yes;8;23
178 FEET FROM S.R.1415 (NW MAYARD RD);TWO-WAY,NOT DIVIDED;DAYLIGHT;CLEAR;0;0;;NO CONTROL PRESENT;PASSENGER CAR;LIGHT TRUCK (MINI-VAN- PANEL);NONE;NONE;;2018-08-22T16:00:10-04:00;2018;No;No;8;16
20 FEET FROM SR 3977 SE CARY PKWY;TWO-WAY,DIVIDED,POSITIVE MEDIAN BARRIER;DAYLIGHT;CLEAR;0;0;;STOP AND GO SIGNAL;PICKUP;SPORT UTILITY;NONE;NONE;;2018-08-23T15:40:46-04:00;2018;No;No;8;15
CARY;TWO-WAY,DIVIDED,UNPROTECTED MEDIAN;DARK - LIGHTED ROADWAY;RAIN;0;0;;STOP AND GO SIGNAL;PASSENGER CAR;PASSENGER CAR;NONE;NONE;;2018-08-22T20:41:32-04:00;2018;No;No;8;20
CARY;TWO-WAY,DIVIDED,UNPROTECTED MEDIAN;DAYLIGHT;CLEAR;0;0;;YIELD SIGN;PASSENGER CAR;SPORT UTILITY;NONE;NONE;;2018-08-23T11:04:00-04:00;2018;No;No;8;11
CARY;TWO-WAY,NOT DIVIDED;DAYLIGHT;CLEAR;0;0;;STOP SIGN;SPORT UTILITY;PICKUP;NONE;NONE;;2018-08-23T15:59:55-04:00;2018;No;No;8;15
CARY;TWO-WAY,DIVIDED,UNPROTECTED MEDIAN;DAYLIGHT;CLEAR;0;0;;STOP AND GO SIGNAL;PASSENGER CAR;PASSENGER CAR;NONE;NONE;;2018-08-21T17:13:49-04:00;2018;No;No;8;17
15 FEET FROM SR 1615 (HIGH HOUSE RD;TWO-WAY,NOT DIVIDED;DAYLIGHT;CLEAR;0;0;;NO CONTROL PRESENT;SPORT UTILITY;VAN;NONE;NONE;;2018-08-22T07:54:49-04:00;2018;No;No;8;07
CARY;TWO-WAY,NOT DIVIDED;DAYLIGHT;CLOUDY;0;0;;NO CONTROL PRESENT;PICKUP;PASSENGER CAR;NONE;NONE;;2018-08-24T10:51:00-04:00;2018;No;No;8;10
300 FEET FROM 7145 O KELLY CHAPEL;TWO-WAY,NOT DIVIDED;DAYLIGHT;CLEAR;0;0;;NO CONTROL PRESENT;PASSENGER CAR;PASSENGER CAR;NONE;NONE;;2018-08-26T15:31:54-04:00;2018;No;No;8;15
65 FEET FROM BRANDYWINE DR;TWO-WAY,NOT DIVIDED;DUSK;CLEAR;0;0;;NO CONTROL PRESENT;SPORT UTILITY;SPORT UTILITY;NONE;NONE;;2018-08-25T20:34:52-04:00;2018;No;No;8;20
50 FEET FROM NC 55 HWY;TWO-WAY,NOT DIVIDED;DAYLIGHT;CLEAR;0;0;;NO CONTROL PRESENT;SPORT UTILITY;SPORT UTILITY;NONE;NONE;;2018-08-25T16:43:04-04:00;2018;No;No;8;16
.1 MILES FROM P.V.A. (1048 PARKSIDE MAIN ST);TWO-WAY,NOT DIVIDED;DAYLIGHT;CLEAR;0;0;;NO CONTROL PRESENT;PASSENGER CAR;SPORT UTILITY;NONE;NONE;;2018-08-25T15:19:56-04:00;2018;No;No;8;15
157 FEET FROM US 1 HWY;ONE-WAY,NOT DIVIDED;DAYLIGHT;CLEAR;0;0;;YIELD SIGN;PASSENGER CAR;SPORT UTILITY;NONE;NONE;;2018-08-25T11:42:00-04:00;2018;No;No;8;11
CARY;TWO-WAY,NOT DIVIDED;DAYLIGHT;CLEAR;0;1;;NO CONTROL PRESENT;PASSENGER CAR;PASSENGER CAR;NONE;NONE;;2018-08-25T14:43:31-04:00;2018;No;Yes;8;14
.1 MILES FROM P.V.A. (2010 KILDAIRE FARM RD);ONE-WAY,NOT DIVIDED;DARK - LIGHTED ROADWAY;CLEAR;0;0;;NO CONTROL PRESENT;SPORT UTILITY;PASSENGER CAR;NONE;NONE;;2018-08-25T22:48:00-04:00;2018;No;No;8;22
327 FEET FROM SR 1613 (DAVIS DRIVE);TWO-WAY,DIVIDED,UNPROTECTED MEDIAN;DARK - ROADWAY NOT LIGHTED;CLEAR;0;0;;NO CONTROL PRESENT;NONE;NONE;NONE;NONE;;2018-08-26T03:07:18-04:00;2018;No;No;8;03
40 FEET FROM SR 1313 (WALNUT ST);TWO-WAY,DIVIDED,UNPROTECTED MEDIAN;DARK - LIGHTED ROADWAY;CLEAR;0;1;;STOP AND GO SIGNAL;PASSENGER CAR;PASSENGER CAR;NONE;NONE;;2018-08-25T21:50:10-04:00;2018;No;Yes;8;21
20 FEET FROM CAITBOO AVE;TWO-WAY,NOT DIVIDED;DAYLIGHT;CLEAR;0;0;;NO CONTROL PRESENT;SPORT UTILITY;PASSENGER CAR;NONE;NONE;;2018-08-24T14:10:49-04:00;2018;No;No;8;14
CARY;TWO-WAY,NOT DIVIDED;DAYLIGHT;CLEAR;0;0;;STOP AND GO SIGNAL;SPORT UTILITY;PASSENGER CAR;NONE;NONE;;2018-08-24T13:16:40-04:00;2018;No;No;8;13
.1 MILES FROM P.V.A. 1297 BUCK JONES RD.;TWO-WAY,NOT DIVIDED;DAYLIGHT;CLEAR;0;0;;NO CONTROL PRESENT;PASSENGER CAR;PASSENGER CAR;NONE;NONE;;2018-08-27T10:32:00-04:00;2018;No;No;8;10
372 FEET FROM GREGORY DR;TWO-WAY,NOT DIVIDED;DARK - ROADWAY NOT LIGHTED;CLEAR;0;0;;NO CONTROL PRESENT;PICKUP;PASSENGER CAR;NONE;NONE;;2018-08-27T22:45:00-04:00;2018;No;No;8;22
.30 MILES FROM P.V.A. (1300 CRESCENT GREEN);TWO-WAY,NOT DIVIDED;DAYLIGHT;CLEAR;0;0;;NO CONTROL PRESENT;PASSENGER CAR;PASSENGER CAR;NONE;NONE;;2018-08-27T12:40:00-04:00;2018;No;No;8;12