Location_Description;Road_Configuration;Light_Condition;Weather;Fatality;Injury;Contributing_Factor;Traffic_Control;Vehicle1;Vehicle2;Vehicle3;Vehicle4;Vehicle5;Crash_Date;year;Fatalities;Injuries;Month;Hour
30 FEET FROM LAKE GROVE BLVD;TWO-WAY,NOT DIVIDED;DAYLIGHT;CLEAR;0;1;;NO CONTROL PRESENT;PASSENGER CAR;NONE;NONE;NONE;;2018-08-27T15:58:13-04:00;2018;No;Yes;8;15
0.5 MILES FROM NC 55 HWY;TWO-WAY,DIVIDED,UNPROTECTED MEDIAN;DAYLIGHT;CLEAR;0;0;;NO CONTROL PRESENT;PASSENGER CAR;PASSENGER CAR;PASSENGER CAR;NONE;;2018-08-27T16:28:52-04:00;2018;No;No;8;16
30 FEET FROM SR 1415 (SE MAYNARD RD);TWO-WAY,NOT DIVIDED;DAYLIGHT;CLEAR;0;1;;NO CONTROL PRESENT;PASSENGER CAR;NONE;NONE;NONE;;2018-08-24T11:42:00-04:00;2018;No;Yes;8;11
250 FEET FROM US 1 N;TWO-WAY,DIVIDED,POSITIVE MEDIAN BARRIER;DAYLIGHT;CLEAR;0;0;;NO CONTROL PRESENT;VAN;PASSENGER CAR;NONE;NONE;;2018-08-24T15:30:07-04:00;2018;No;No;8;15
211 FEET FROM SR 1652 (N HARRISON AV);TWO-WAY,NOT DIVIDED;DAYLIGHT;CLEAR;0;0;;NO CONTROL PRESENT;SPORT UTILITY;PASSENGER CAR;NONE;NONE;;2018-08-28T19:57:31-04:00;2018;No;No;8;19
344 FEET FROM SR1632 (N HARRISON AV);TWO-WAY,DIVIDED,UNPROTECTED MEDIAN;DAYLIGHT;CLEAR;0;0;;STOP AND GO SIGNAL;PASSENGER CAR;PASSENGER CAR;NONE;NONE;;2018-08-24T13:45:43-04:00;2018;No;No;8;13
100 FEET FROM SR 1415 (NE MAYNARD RD);TWO-WAY,NOT DIVIDED;DAYLIGHT;CLEAR;0;0;;NO CONTROL PRESENT;PASSENGER CAR;VAN;NONE;NONE;;2018-08-28T14:27:29-04:00;2018;No;No;8;14
50 FEET FROM PVA 220 KILMAYNE DR;ONE-WAY,NOT DIVIDED;DAYLIGHT;CLEAR;0;0;;NO CONTROL PRESENT;PICKUP;PASSENGER CAR;NONE;NONE;;2018-08-29T15:01:26-04:00;2018;No;No;8;15
132 FEET FROM SR1624 (CARPENTER FIRE STATION;TWO-WAY,DIVIDED,POSITIVE MEDIAN BARRIER;DAYLIGHT;CLEAR;0;1;;NO CONTROL PRESENT;SPORT UTILITY;NONE;NONE;NONE;;2018-08-28T19:10:03-04:00;2018;No;Yes;8;19
.1 MILES FROM 6770 MCCRIMMON PKWY (PVA);TWO-WAY,NOT DIVIDED;DAYLIGHT;CLEAR;0;0;;NO CONTROL PRESENT;SPORT UTILITY;PASSENGER CAR;NONE;NONE;;2018-08-28T14:52:00-04:00;2018;No;No;8;14
CARY;TWO-WAY,NOT DIVIDED;DAYLIGHT;CLEAR;0;0;;STOP AND GO SIGNAL;SPORT UTILITY;SPORT UTILITY;NONE;NONE;;2018-08-29T14:39:38-04:00;2018;No;No;8;14
CARY;TWO-WAY,NOT DIVIDED;DAYLIGHT;CLEAR;0;0;;STOP SIGN;PASSENGER CAR;LIGHT TRUCK (MINI-VAN- PANEL);NONE;NONE;;2018-08-30T14:43:02-04:00;2018;No;No;8;14
100 FEET FROM US 1;TWO-WAY,DIVIDED,POSITIVE MEDIAN BARRIER;DAYLIGHT;CLEAR;0;0;;NO CONTROL PRESENT;PASSENGER CAR;SINGLE UNIT TRUCK (2-AXLE- 6-TIRE);NONE;NONE;;2018-08-30T15:37:05-04:00;2018;No;No;8;15
80 FEET FROM SR 1415 (SW MAYNARD RD);TWO-WAY,NOT DIVIDED;DAYLIGHT;CLEAR;0;0;;NO CONTROL PRESENT;SPORT UTILITY;SPORT UTILITY;NONE;NONE;;2018-08-30T17:10:52-04:00;2018;No;No;8;17
5 FEET FROM SR-3081 CHAPEL HILL RD;TWO-WAY,NOT DIVIDED;DAYLIGHT;CLEAR;0;0;;NO CONTROL PRESENT;VAN;PICKUP;SPORT UTILITY;NONE;;2018-08-30T16:42:38-04:00;2018;No;No;8;16
50 FEET FROM PVA 1393 KILDAIRE FARM RD;ONE-WAY,NOT DIVIDED;DAYLIGHT;CLEAR;0;0;;NO CONTROL PRESENT;PASSENGER CAR;PASSENGER CAR;NONE;NONE;;2018-08-30T15:13:52-04:00;2018;No;No;8;15
300 FEET FROM 1815 KEISLER DR (P.V.A.);NONE;DAYLIGHT;CLEAR;0;0;;NO CONTROL PRESENT;SPORT UTILITY;PASSENGER CAR;NONE;NONE;;2018-08-23T16:23:36-04:00;2018;No;No;8;16
240 FEET FROM SR 1010 (TEN TEN RD);TWO-WAY,DIVIDED,UNPROTECTED MEDIAN;DAYLIGHT;CLEAR;0;0;;NO CONTROL PRESENT;SPORT UTILITY;VAN;NONE;NONE;;2018-09-01T09:53:59-04:00;2018;No;No;9;09
CARY;TWO-WAY,DIVIDED,UNPROTECTED MEDIAN;DARK - LIGHTED ROADWAY;CLEAR;0;0;;STOP AND GO SIGNAL;PASSENGER CAR;PASSENGER CAR;NONE;NONE;;2018-09-02T02:51:03-04:00;2018;No;No;9;02
393 FEET FROM DELCHESTER CT;TWO-WAY,NOT DIVIDED;DARK - ROADWAY NOT LIGHTED;CLEAR;0;0;;NO CONTROL PRESENT;PASSENGER CAR;PASSENGER CAR;NONE;NONE;;2018-09-03T10:41:00-04:00;2018;No;No;9;10
.1 MILES FROM SR 1315 BUCK JONES RD;TWO-WAY,NOT DIVIDED;DAYLIGHT;CLEAR;0;0;;NO CONTROL PRESENT;PASSENGER CAR;SPORT UTILITY;NONE;NONE;;2018-08-31T15:20:14-04:00;2018;No;No;8;15
.25 MILES FROM 1011 S.R. OLD APEX RD;TWO-WAY,NOT DIVIDED;DAYLIGHT;CLEAR;0;0;;STOP AND GO SIGNAL;PASSENGER CAR;PASSENGER CAR;NONE;NONE;;2018-08-31T16:33:41-04:00;2018;No;No;8;16
10 FEET FROM GOOD HOPE CHURCH RD;TWO-WAY,NOT DIVIDED;DAYLIGHT;CLEAR;0;0;;STOP SIGN;PASSENGER CAR;SPORT UTILITY;NONE;NONE;;2018-09-01T14:48:09-04:00;2018;No;No;9;14
300 FEET FROM SR 1315 (BUCK JONES RD);TWO-WAY,NOT DIVIDED;DAYLIGHT;CLEAR;0;0;;NO CONTROL PRESENT;PASSENGER CAR;PASSENGER CAR;NONE;NONE;;2018-09-01T13:56:31-04:00;2018;No;No;9;13
240 FEET FROM P.V.A. (6430 TRYON RD);TWO-WAY,NOT DIVIDED;DAYLIGHT;RAIN;0;0;;NO CONTROL PRESENT;PASSENGER CAR;PICKUP;NONE;NONE;;2018-09-01T19:13:47-04:00;2018;No;No;9;19
CARY;TWO-WAY,DIVIDED,UNPROTECTED MEDIAN;DAYLIGHT;CLEAR;0;1;;STOP AND GO SIGNAL;PASSENGER CAR;SPORT UTILITY;NONE;NONE;;2018-08-31T15:52:38-04:00;2018;No;Yes;8;15
CARY;TWO-WAY,DIVIDED,UNPROTECTED MEDIAN;DAYLIGHT;CLEAR;0;0;;STOP AND GO SIGNAL;PASSENGER CAR;PASSENGER CAR;NONE;NONE;;2018-08-31T16:43:15-04:00;2018;No;No;8;16
15 FEET FROM W JOHNSON ST;TWO-WAY,NOT DIVIDED;DAYLIGHT;CLEAR;0;0;;NO CONTROL PRESENT;PASSENGER CAR;PASSENGER CAR;NONE;NONE;;2018-08-31T19:58:08-04:00;2018;No;No;8;19
342 FEET FROM RYAN RD;TWO-WAY,NOT DIVIDED;DARK - ROADWAY NOT LIGHTED;CLEAR;0;0;;NO CONTROL PRESENT;PASSENGER CAR;PASSENGER CAR;NONE;NONE;;2018-09-03T22:50:00-04:00;2018;No;No;9;22
.25 MILES FROM SW CARY PKWY;TWO-WAY,DIVIDED,UNPROTECTED MEDIAN;DAYLIGHT;CLEAR;0;0;;STOP AND GO SIGNAL;SPORT UTILITY;SPORT UTILITY;NONE;NONE;;2018-09-04T09:15:28-04:00;2018;No;No;9;09
20 FEET FROM SR 1613 (DAVIS DR);TWO-WAY,DIVIDED,UNPROTECTED MEDIAN;DAYLIGHT;CLEAR;0;0;;STOP AND GO SIGNAL;PASSENGER CAR;NONE;NONE;NONE;;2018-09-04T14:32:11-04:00;2018;No;No;9;14
CARY;TWO-WAY,NOT DIVIDED;DAYLIGHT;CLEAR;0;0;;NO CONTROL PRESENT;PASSENGER CAR;PASSENGER CAR;NONE;NONE;;2018-09-04T17:23:38-04:00;2018;No;No;9;17
CARY;TWO-WAY,NOT DIVIDED;DAYLIGHT;CLEAR;0;0;;STOP SIGN;PASSENGER CAR;PASSENGER CAR;NONE;NONE;;2018-09-05T09:11:57-04:00;2018;No;No;9;09
30 FEET FROM DRY AVE;TWO-WAY,NOT DIVIDED;DAYLIGHT;CLEAR;0;0;;NO CONTROL PRESENT;PASSENGER CAR;NONE;NONE;NONE;;2018-09-04T11:48:00-04:00;2018;No;No;9;11
20 FEET FROM US 1 SOUTH EXIT;TWO-WAY,DIVIDED,UNPROTECTED MEDIAN;DAYLIGHT;CLEAR;0;0;;YIELD SIGN;PICKUP;NONE;NONE;NONE;;2018-09-05T14:37:52-04:00;2018;No;No;9;14
.1 MILES FROM US 1;ONE-WAY,NOT DIVIDED;DAYLIGHT;CLEAR;0;0;;STOP AND GO SIGNAL;SPORT UTILITY;PASSENGER CAR;NONE;NONE;;2018-09-04T10:18:00-04:00;2018;No;No;9;10
400 FEET FROM 441 MILLS PARK DR;TWO-WAY,DIVIDED,POSITIVE MEDIAN BARRIER;DAYLIGHT;CLEAR;0;0;;NO CONTROL PRESENT;PASSENGER CAR;NONE;NONE;NONE;;2018-09-04T14:38:55-04:00;2018;No;No;9;14
75 FEET FROM PVA (111 JAMES JACKSON AVE);TWO-WAY,NOT DIVIDED;DAYLIGHT;CLEAR;0;0;;NO CONTROL PRESENT;SPORT UTILITY;PASSENGER CAR;NONE;NONE;;2018-09-06T11:11:00-04:00;2018;No;No;9;11
CARY;TWO-WAY,DIVIDED,UNPROTECTED MEDIAN;DAYLIGHT;CLEAR;0;0;;STOP SIGN;SPORT UTILITY;SPORT UTILITY;NONE;NONE;;2018-09-04T12:44:00-04:00;2018;No;No;9;12
0 FEET FROM SR 1300 (KILDAIRE FARM RD);TWO-WAY,DIVIDED,UNPROTECTED MEDIAN;DAYLIGHT;CLEAR;0;0;;NO CONTROL PRESENT;PASSENGER CAR;PASSENGER CAR;NONE;NONE;;2018-09-06T13:51:33-04:00;2018;No;No;9;13
50 FEET FROM P.V.A. (1101 WALNUT ST);TWO-WAY,NOT DIVIDED;DAYLIGHT;CLEAR;0;0;;NO CONTROL PRESENT;PASSENGER CAR;PASSENGER CAR;NONE;NONE;;2018-09-04T17:19:07-04:00;2018;No;No;9;17
161 FEET FROM SR 1615 (HIGH HOUSE RD);TWO-WAY,DIVIDED,UNPROTECTED MEDIAN;DAYLIGHT;CLEAR;0;0;;NO CONTROL PRESENT;POLICE;PASSENGER CAR;NONE;NONE;;2018-09-06T17:04:20-04:00;2018;No;No;9;17
43 FEET FROM S.R. 1300 (KILDAIRE FARM ROAD);TWO-WAY,DIVIDED,UNPROTECTED MEDIAN;DAYLIGHT;CLEAR;0;0;;STOP SIGN;VAN;PASSENGER CAR;NONE;NONE;;2018-09-06T10:26:00-04:00;2018;No;No;9;10
100 FEET FROM SR 1900 (KILDAIRE FARM RD);TWO-WAY,NOT DIVIDED;DAYLIGHT;CLEAR;0;0;;NO CONTROL PRESENT;PASSENGER CAR;SPORT UTILITY;NONE;NONE;;2018-09-07T08:29:14-04:00;2018;No;No;9;08
100 FEET FROM SR 3977 (SE CARY PARKWAY);TWO-WAY,NOT DIVIDED;DAYLIGHT;CLEAR;0;0;;STOP AND GO SIGNAL;PASSENGER CAR;SPORT UTILITY;NONE;NONE;;2018-09-05T13:02:32-04:00;2018;No;No;9;13
.15 MILES FROM REMINGTON OAKS CIR;TWO-WAY,NOT DIVIDED;DARK - LIGHTED ROADWAY;CLEAR;0;0;;NO CONTROL PRESENT;PASSENGER CAR;PASSENGER CAR;NONE;NONE;;2018-09-08T23:25:00-04:00;2018;No;No;9;23
20 FEET FROM WALDO ROOD BLVD;TWO-WAY,NOT DIVIDED;DAYLIGHT;CLOUDY;0;0;;STOP AND GO SIGNAL;SPORT UTILITY;PICKUP;NONE;NONE;;2018-09-07T12:36:00-04:00;2018;No;No;9;12
100 FEET FROM PVA OF 990 KILDAIRE FARM RD;TWO-WAY,NOT DIVIDED;DAYLIGHT;CLEAR;0;0;;NO CONTROL PRESENT;VAN;PASSENGER CAR;NONE;NONE;;2018-09-07T10:51:00-04:00;2018;No;No;9;10
.1 MILES FROM PVA OF 123 MIDDLE CREEK PARK A;ONE-WAY,NOT DIVIDED;DAYLIGHT;CLEAR;0;0;;NO CONTROL PRESENT;PASSENGER CAR;PASSENGER CAR;NONE;NONE;;2018-09-06T15:47:25-04:00;2018;No;No;9;15
200 FEET FROM 2797 NC 55 HWY;TWO-WAY,NOT DIVIDED;DAYLIGHT;CLEAR;0;0;;NO CONTROL PRESENT;SPORT UTILITY;SPORT UTILITY;NONE;NONE;;2018-08-30T12:48:00-04:00;2018;No;No;8;12
65 FEET FROM WRENN DR;TWO-WAY,NOT DIVIDED;DAYLIGHT;CLOUDY;0;0;;STOP AND GO SIGNAL;PASSENGER CAR;SPORT UTILITY;NONE;NONE;;2018-09-10T09:28:36-04:00;2018;No;No;9;09
373 FEET FROM P.V.A (2010 KILDAIRE FARM RD.);ONE-WAY,NOT DIVIDED;DAYLIGHT;CLOUDY;0;0;;NO CONTROL PRESENT;SPORT UTILITY;PASSENGER CAR;NONE;NONE;;2018-09-10T10:29:00-04:00;2018;No;No;9;10
100 FEET FROM US 1 HWY;TWO-WAY,DIVIDED,POSITIVE MEDIAN BARRIER;DAYLIGHT;CLEAR;0;0;;NO CONTROL PRESENT;SPORT UTILITY;SPORT UTILITY;NONE;NONE;;2018-09-10T07:45:01-04:00;2018;No;No;9;07
15 FEET FROM US 1;ONE-WAY,NOT DIVIDED;DAYLIGHT;CLEAR;0;0;;STOP AND GO SIGNAL;PASSENGER CAR;PASSENGER CAR;NONE;NONE;;2018-09-06T10:09:00-04:00;2018;No;No;9;10
132 FEET FROM NC 54 HWY;TWO-WAY,DIVIDED,POSITIVE MEDIAN BARRIER;DAYLIGHT;CLEAR;0;0;;STOP AND GO SIGNAL;PASSENGER CAR;PASSENGER CAR;NONE;NONE;;2018-09-08T11:16:00-04:00;2018;No;No;9;11
85 FEET FROM S.R. 1307 (E CHATHAM ST);TWO-WAY,DIVIDED,UNPROTECTED MEDIAN;DAYLIGHT;CLEAR;0;1;;STOP AND GO SIGNAL;PASSENGER CAR;PASSENGER CAR;NONE;NONE;;2018-09-10T12:36:00-04:00;2018;No;Yes;9;12
CARY;ONE-WAY,NOT DIVIDED;DAYLIGHT;CLEAR;0;0;;STOP AND GO SIGNAL;SPORT UTILITY;PASSENGER CAR;NONE;NONE;;2018-09-11T14:15:05-04:00;2018;No;No;9;14
175 FEET FROM NC 54 (NE MAYNARD);TWO-WAY,DIVIDED,UNPROTECTED MEDIAN;DAYLIGHT;CLOUDY;0;0;;STOP AND GO SIGNAL;PASSENGER CAR;PASSENGER CAR;NONE;NONE;;2018-09-11T17:32:46-04:00;2018;No;No;9;17
.37 MILES FROM US 1;TWO-WAY,DIVIDED,POSITIVE MEDIAN BARRIER;DAYLIGHT;CLEAR;0;2;;NO CONTROL PRESENT;SPORT UTILITY;PICKUP;NONE;NONE;;2018-09-10T17:03:25-04:00;2018;No;Yes;9;17
60 FEET FROM SR 1349 (DILLARD DR);TWO-WAY,NOT DIVIDED;DAYLIGHT;CLOUDY;0;1;;STOP SIGN;PASSENGER CAR;PASSENGER CAR;NONE;NONE;;2018-09-11T16:30:41-04:00;2018;No;Yes;9;16
198 FEET FROM NC 54 (CHAPEL HILL RD);TWO-WAY,DIVIDED,UNPROTECTED MEDIAN;DAYLIGHT;CLOUDY;0;0;;NO CONTROL PRESENT;PICKUP;PASSENGER CAR;NONE;NONE;;2018-09-13T08:25:38-04:00;2018;No;No;9;08
300 FEET FROM P.V.A. (EMBASSY SUITES HOTEL);TWO-WAY,NOT DIVIDED;DAYLIGHT;CLEAR;0;0;;NO CONTROL PRESENT;PASSENGER CAR;PASSENGER CAR;NONE;NONE;;2018-09-12T15:45:01-04:00;2018;No;No;9;15
.1 MILES FROM SR 1313 (WALNUT ST);TWO-WAY,DIVIDED,UNPROTECTED MEDIAN;DAYLIGHT;CLOUDY;0;0;;NO CONTROL PRESENT;SPORT UTILITY;PASSENGER CAR;NONE;NONE;;2018-09-13T11:05:00-04:00;2018;No;No;9;11
.25 MILES FROM HIGH HOUSE RD;TWO-WAY,NOT DIVIDED;DAYLIGHT;CLOUDY;0;0;FAILURE TO YIELD RIGHT OF WAY;FLASHING STOP AND GO SIGNAL;PASSENGER CAR;PASSENGER CAR;NONE;NONE;;2018-09-13T15:24:27-04:00;2018;No;No;9;15
25 FEET FROM SR 3977 (SW CARY PKWY);TWO-WAY,DIVIDED,UNPROTECTED MEDIAN;DAYLIGHT;CLEAR;0;0;;STOP SIGN;PASSENGER CAR;SPORT UTILITY;NONE;NONE;;2018-09-12T19:03:55-04:00;2018;No;No;9;19
.1 MILES FROM US 64 HWY;TWO-WAY,DIVIDED,POSITIVE MEDIAN BARRIER;DAYLIGHT;CLEAR;0;0;;NO CONTROL PRESENT;SPORT UTILITY;SPORT UTILITY;NONE;NONE;;2018-09-12T17:20:58-04:00;2018;No;No;9;17
100 FEET FROM WACO ST;TWO-WAY,NOT DIVIDED;DARK - ROADWAY NOT LIGHTED;RAIN;0;0;;NO CONTROL PRESENT;PASSENGER CAR;PASSENGER CAR;NONE;NONE;;2018-09-14T23:37:00-04:00;2018;No;No;9;23
5 FEET FROM SR 1300 (KILDAIRE FARM RD);TWO-WAY,DIVIDED,UNPROTECTED MEDIAN;DAYLIGHT;CLEAR;0;0;;NO CONTROL PRESENT;SPORT UTILITY;SPORT UTILITY;PASSENGER CAR;NONE;;2018-09-10T10:55:00-04:00;2018;No;No;9;10
CARY;TWO-WAY,DIVIDED,UNPROTECTED MEDIAN;DAYLIGHT;CLOUDY;0;1;;STOP SIGN;SPORT UTILITY;PASSENGER CAR;NONE;NONE;;2018-09-13T06:22:23-04:00;2018;No;Yes;9;06
1 MILES FROM SR 1600 GREEN LEVEL CHURCH RD);TWO-WAY,NOT DIVIDED;DARK - ROADWAY NOT LIGHTED;RAIN;0;0;;STOP AND GO SIGNAL;PICKUP;SPORT UTILITY;NONE;NONE;;2018-09-13T20:42:39-04:00;2018;No;No;9;20
300 FEET FROM PVA (1020 BUCK JONES RD);ONE-WAY,NOT DIVIDED;DAYLIGHT;CLOUDY;0;0;DARTING;STOP SIGN;PASSENGER CAR;NONE;NONE;NONE;;2018-09-13T15:15:01-04:00;2018;No;No;9;15
350 FEET FROM US 1 HWY;TWO-WAY,DIVIDED,POSITIVE MEDIAN BARRIER;DAYLIGHT;RAIN;0;0;COMING FROM BEHIND PARKED VEHICLE;NO CONTROL PRESENT;PICKUP;PASSENGER CAR;NONE;NONE;;2018-09-16T16:43:33-04:00;2018;No;No;9;16
10 FEET FROM SR 3977 (SW CARY PKWY);TWO-WAY,DIVIDED,UNPROTECTED MEDIAN;DAYLIGHT;RAIN;0;0;;STOP AND GO SIGNAL;PASSENGER CAR;PASSENGER CAR;NONE;NONE;;2018-09-16T12:59:00-04:00;2018;No;No;9;12
400 FEET FROM PVA 801 BASS PRO LN;TWO-WAY,NOT DIVIDED;DAYLIGHT;CLEAR;0;0;;NO CONTROL PRESENT;PICKUP;PASSENGER CAR;NONE;NONE;;2018-09-17T11:45:00-04:00;2018;No;No;9;11
15 FEET FROM PVA 200 S ACADEMY ST;TWO-WAY,NOT DIVIDED;DAYLIGHT;CLEAR;0;0;;NO CONTROL PRESENT;PASSENGER CAR;SPORT UTILITY;NONE;NONE;;2018-09-17T15:08:29-04:00;2018;No;No;9;15
.1 MILES FROM US 64 HWY;TWO-WAY,DIVIDED,POSITIVE MEDIAN BARRIER;DARK - ROADWAY NOT LIGHTED;CLEAR;0;0;;STOP AND GO SIGNAL;SPORT UTILITY;SPORT UTILITY;NONE;NONE;;2018-09-18T20:24:48-04:00;2018;No;No;9;20
375 FEET FROM P.V.A. (2432 SW CARY PKWY);TWO-WAY,NOT DIVIDED;DAYLIGHT;CLEAR;0;0;;NO CONTROL PRESENT;PASSENGER CAR;NONE;NONE;NONE;;2018-09-18T16:36:06-04:00;2018;No;No;9;16
30 FEET FROM SR 1652 (N HARRISON AV);TWO-WAY,NOT DIVIDED;DARK - LIGHTED ROADWAY;CLEAR;0;1;;STOP AND GO SIGNAL;SPORT UTILITY;PASSENGER CAR;NONE;NONE;;2018-09-19T04:08:40-04:00;2018;No;Yes;9;04
0 FEET FROM OLD RALEIGH RD;NONE;NONE;NONE;0;0;;;NONE;NONE;NONE;NONE;;2018-09-11T09:19:46-04:00;2018;No;No;9;09
CARY;TWO-WAY,DIVIDED,UNPROTECTED MEDIAN;DAYLIGHT;CLEAR;0;0;;STOP AND GO SIGNAL;PICKUP;PASSENGER CAR;NONE;NONE;;2018-09-17T16:40:51-04:00;2018;No;No;9;16
.1 MILES FROM SR-1300 KILDAIRE FARM RD;TWO-WAY,NOT DIVIDED;DAYLIGHT;CLEAR;0;0;;NO CONTROL PRESENT;SPORT UTILITY;NONE;NONE;NONE;;2018-09-20T07:58:29-04:00;2018;No;No;9;07
.2 MILES FROM US1;TWO-WAY,DIVIDED,POSITIVE MEDIAN BARRIER;DAYLIGHT;CLEAR;0;0;;NO CONTROL PRESENT;PASSENGER CAR;PASSENGER CAR;NONE;NONE;;2018-09-20T08:12:25-04:00;2018;No;No;9;08
CARY;TWO-WAY,DIVIDED,UNPROTECTED MEDIAN;DAYLIGHT;CLEAR;0;0;;STOP SIGN;LIGHT TRUCK (MINI-VAN- PANEL);PASSENGER CAR;NONE;NONE;;2018-09-19T17:07:04-04:00;2018;No;No;9;17
.50 MILES FROM US1 N;TWO-WAY,DIVIDED,POSITIVE MEDIAN BARRIER;DAYLIGHT;CLEAR;0;0;;NO CONTROL PRESENT;PASSENGER CAR;SPORT UTILITY;NONE;NONE;;2018-09-20T16:12:36-04:00;2018;No;No;9;16
100 FEET FROM PVA 2021 CROSSROADS BLVD;ONE-WAY,NOT DIVIDED;DARK - LIGHTED ROADWAY;CLEAR;0;0;;NO CONTROL PRESENT;PASSENGER CAR;PASSENGER CAR;NONE;NONE;;2018-09-20T22:45:00-04:00;2018;No;No;9;22
CARY;TWO-WAY,NOT DIVIDED;DAYLIGHT;CLOUDY;0;0;;STOP SIGN;PASSENGER CAR;PASSENGER CAR;NONE;NONE;;2018-09-20T13:55:31-04:00;2018;No;No;9;13
75 FEET FROM P.V.A. 300 SE CARY PARKWAY;ONE-WAY,NOT DIVIDED;DARK - UNKNOWN LIGHTING;CLEAR;0;0;;NO CONTROL PRESENT;LIGHT TRUCK (MINI-VAN- PANEL);NONE;NONE;NONE;;2018-09-05T09:07:37-04:00;2018;No;No;9;09
100 FEET FROM PVA 1628 CHARGER LN;TWO-WAY,NOT DIVIDED;DAYLIGHT;CLEAR;0;0;;NO CONTROL PRESENT;PASSENGER CAR;VAN;NONE;NONE;;2018-09-22T00:28:00-04:00;2018;No;No;9;00
.1 MILES FROM P.V.A. (2323 NW MAYNARD RD);TWO-WAY,NOT DIVIDED;DAYLIGHT;CLEAR;0;0;;NO CONTROL PRESENT;PASSENGER CAR;VAN;NONE;NONE;;2018-09-21T14:46:37-04:00;2018;No;No;9;14
300 FEET FROM P.V.A. (400 KILDAIRE FARM RD);TWO-WAY,NOT DIVIDED;DARK - LIGHTED ROADWAY;CLEAR;0;0;;NO CONTROL PRESENT;PASSENGER CAR;PICKUP;NONE;NONE;;2018-09-21T21:03:10-04:00;2018;No;No;9;21
0 FEET FROM SR 1313 (WALNUT ST);TWO-WAY,DIVIDED,UNPROTECTED MEDIAN;DAYLIGHT;CLEAR;0;0;;STOP AND GO SIGNAL;MOPED;SPORT UTILITY;NONE;NONE;;2018-09-22T09:13:44-04:00;2018;No;No;9;09
CARY;TWO-WAY,DIVIDED,UNPROTECTED MEDIAN;DAYLIGHT;CLEAR;0;0;;STOP AND GO SIGNAL;NONE;NONE;NONE;NONE;;2018-09-22T08:22:52-04:00;2018;No;No;9;08
5 FEET FROM SR 1349 (DILLARD DR);TWO-WAY,DIVIDED,UNPROTECTED MEDIAN;DAYLIGHT;CLEAR;0;0;;STOP AND GO SIGNAL;SPORT UTILITY;PASSENGER CAR;NONE;NONE;;2018-09-22T14:16:00-04:00;2018;No;No;9;14
CARY;ONE-WAY,NOT DIVIDED;DAYLIGHT;CLEAR;0;0;;NO CONTROL PRESENT;PASSENGER CAR;PASSENGER CAR;NONE;NONE;;2018-09-22T14:07:11-04:00;2018;No;No;9;14
19 FEET FROM CAITBOO AVE;TWO-WAY,NOT DIVIDED;DAYLIGHT;CLEAR;0;0;;STOP AND GO SIGNAL;PICKUP;PASSENGER CAR;NONE;NONE;;2018-09-22T10:47:00-04:00;2018;No;No;9;10
446 FEET FROM PVA (2861 JONES FRANKLIN RD);TWO-WAY,NOT DIVIDED;DAYLIGHT;CLEAR;0;0;;NO CONTROL PRESENT;PASSENGER CAR;PASSENGER CAR;NONE;NONE;;2018-09-22T16:20:23-04:00;2018;No;No;9;16
0 FEET FROM SR1615 (HIGH HOUSE RD);TWO-WAY,DIVIDED,UNPROTECTED MEDIAN;DAYLIGHT;CLEAR;0;0;;NO CONTROL PRESENT;PASSENGER CAR;PASSENGER CAR;NONE;NONE;;2018-09-22T16:51:02-04:00;2018;No;No;9;16
295 FEET FROM PVA OF MR COOL ICECREAM;TWO-WAY,NOT DIVIDED;DAYLIGHT;CLEAR;0;0;;NO CONTROL PRESENT;SPORT UTILITY;PASSENGER CAR;NONE;NONE;;2018-09-21T18:48:22-04:00;2018;No;No;9;18
CARY;TWO-WAY,NOT DIVIDED;DARK - LIGHTED ROADWAY;CLEAR;0;0;;FLASHING SIGNAL WITHOUT STOP SIGN;SPORT UTILITY;SPORT UTILITY;NONE;NONE;;2018-09-23T21:36:02-04:00;2018;No;No;9;21
.15 MILES FROM SR-1652 (N HARRISON AV);TWO-WAY,NOT DIVIDED;DAYLIGHT;CLEAR;0;0;;NO CONTROL PRESENT;PASSENGER CAR;PASSENGER CAR;NONE;NONE;;2018-09-22T16:14:19-04:00;2018;No;No;9;16
265 FEET FROM P.V.A. (1700 ARBORETUM TRACE);TWO-WAY,NOT DIVIDED;DAYLIGHT;CLEAR;0;0;;NO CONTROL PRESENT;PASSENGER CAR;PASSENGER CAR;NONE;NONE;;2018-09-23T12:46:00-04:00;2018;No;No;9;12
50 FEET FROM P.V.A (1405 KILDAIRE FARM RD);NONE;NONE;NONE;0;0;;;PICKUP;NONE;NONE;NONE;;2018-09-24T10:14:00-04:00;2018;No;No;9;10
.10 MILES FROM NC 55 HWY;TWO-WAY,DIVIDED,UNPROTECTED MEDIAN;DAYLIGHT;CLOUDY;0;0;;STOP AND GO SIGNAL;PASSENGER CAR;PICKUP;NONE;NONE;;2018-09-24T09:38:47-04:00;2018;No;No;9;09
260 FEET FROM ASHLEY ROSE DR;TWO-WAY,NOT DIVIDED;DAYLIGHT;CLEAR;0;0;;NO CONTROL PRESENT;SPORT UTILITY;NONE;NONE;NONE;;2018-09-23T15:06:00-04:00;2018;No;No;9;15