Location_Description;Road_Configuration;Light_Condition;Weather;Fatality;Injury;Contributing_Factor;Traffic_Control;Vehicle1;Vehicle2;Vehicle3;Vehicle4;Vehicle5;Crash_Date;year;Fatalities;Injuries;Month;Hour
84 FEET FROM WALDO ST;TWO-WAY,NOT DIVIDED;DAYLIGHT;CLEAR;0;0;;NO CONTROL PRESENT;PASSENGER CAR;PICKUP;NONE;NONE;;2018-10-29T14:58:26-04:00;2018;No;No;10;14
CARY;TWO-WAY,DIVIDED,UNPROTECTED MEDIAN;DAYLIGHT;CLEAR;0;1;;STOP SIGN;PASSENGER CAR;PASSENGER CAR;NONE;NONE;;2018-10-29T17:41:39-04:00;2018;No;Yes;10;17
100 FEET FROM (PVA) 1111 SE MAYNARD RD;ONE-WAY,NOT DIVIDED;DAYLIGHT;CLEAR;0;0;;NO CONTROL PRESENT;PASSENGER CAR;NONE;NONE;NONE;;2018-10-30T13:40:50-04:00;2018;No;No;10;13
400 FEET FROM SR-1300 (KILDAIRE FARM RD);TWO-WAY,DIVIDED,UNPROTECTED MEDIAN;DAYLIGHT;CLEAR;0;0;;NO CONTROL PRESENT;PICKUP;SPORT UTILITY;NONE;NONE;;2018-10-30T17:00:54-04:00;2018;No;No;10;17
20 FEET FROM SR 1415 (SE MAYNARD RD);TWO-WAY,DIVIDED,UNPROTECTED MEDIAN;DAYLIGHT;RAIN;0;0;;STOP AND GO SIGNAL;PASSENGER CAR;PASSENGER CAR;NONE;NONE;;2018-10-26T07:10:23-04:00;2018;No;No;10;07
100 FEET FROM NC 55 HWY NC 55;TWO-WAY,DIVIDED,POSITIVE MEDIAN BARRIER;DAYLIGHT;CLEAR;0;0;;NO CONTROL PRESENT;PASSENGER CAR;PASSENGER CAR;NONE;NONE;;2018-10-31T08:03:12-04:00;2018;No;No;10;08
10 FEET FROM SR1497 (CARY TOWNE BLVD);TWO-WAY,NOT DIVIDED;DAYLIGHT;CLEAR;0;0;;NO CONTROL PRESENT;PICKUP;SPORT UTILITY;NONE;NONE;;2018-10-31T14:56:00-04:00;2018;No;No;10;14
.1 MILES FROM PVA OF 121 WILKINSON AV;TWO-WAY,NOT DIVIDED;DAYLIGHT;CLEAR;0;0;;NO CONTROL PRESENT;PASSENGER CAR;NONE;NONE;NONE;;2018-10-31T15:54:08-04:00;2018;No;No;10;15
50 FEET FROM PVA OF 1419 SE MAYNARD RD;TWO-WAY,NOT DIVIDED;DUSK;CLEAR;0;0;;NO CONTROL PRESENT;VAN;PASSENGER CAR;NONE;NONE;;2018-10-31T19:06:49-04:00;2018;No;No;10;19
CARY;TWO-WAY,DIVIDED,UNPROTECTED MEDIAN;DARK - LIGHTED ROADWAY;CLEAR;0;0;;NO CONTROL PRESENT;VAN;SPORT UTILITY;NONE;NONE;;2018-10-31T21:34:19-04:00;2018;No;No;10;21
236 FEET FROM PVA DSW DESIGNER SHOE WAREHOUS;TWO-WAY,NOT DIVIDED;DAYLIGHT;CLEAR;0;0;;NO CONTROL PRESENT;VAN;SPORT UTILITY;NONE;NONE;;2018-10-31T12:17:00-04:00;2018;No;No;10;12
CARY;TWO-WAY,NOT DIVIDED;DARK - LIGHTED ROADWAY;RAIN;0;0;;STOP AND GO SIGNAL;PASSENGER CAR;VAN;NONE;NONE;;2018-11-01T19:13:18-04:00;2018;No;No;11;19
.02 MILES FROM SR-1300 (KILDAIRE FARM RD);TWO-WAY,NOT DIVIDED;DARK - LIGHTED ROADWAY;RAIN;0;0;;STOP AND GO SIGNAL;LIGHT TRUCK (MINI-VAN- PANEL);PASSENGER CAR;PASSENGER CAR;NONE;;2018-11-01T18:29:39-04:00;2018;No;No;11;18
0 FEET FROM SR 1313 (WALNUT ST);TWO-WAY,DIVIDED,UNPROTECTED MEDIAN;DAYLIGHT;CLEAR;0;3;;STOP AND GO SIGNAL;PASSENGER CAR;VAN;NONE;NONE;;2018-11-01T16:17:33-04:00;2018;No;Yes;11;16
CARY;TWO-WAY,DIVIDED,UNPROTECTED MEDIAN;DAYLIGHT;CLOUDY;0;0;;STOP AND GO SIGNAL;PASSENGER CAR;NONE;NONE;NONE;;2018-11-01T14:17:21-04:00;2018;No;No;11;14
200 FEET FROM SR1011 OLD APEX RD;TWO-WAY,NOT DIVIDED;DAYLIGHT;CLEAR;0;0;;STOP AND GO SIGNAL;PASSENGER CAR;PASSENGER CAR;NONE;NONE;;2018-11-02T10:13:00-04:00;2018;No;No;11;10
.05 MILES FROM SR1415 (SE MAYNARD RD);TWO-WAY,NOT DIVIDED;DARK - LIGHTED ROADWAY;CLEAR;0;0;;NO CONTROL PRESENT;VAN;PASSENGER CAR;NONE;NONE;;2018-11-01T19:58:01-04:00;2018;No;No;11;19
300 FEET FROM SR 1315 (BUCK JONES RD);TWO-WAY,NOT DIVIDED;DAYLIGHT;CLEAR;0;0;;STOP SIGN;SPORT UTILITY;PICKUP;NONE;NONE;;2018-11-04T12:55:00-05:00;2018;No;No;11;12
.2 MILES FROM CROSSROADS BLVD;TWO-WAY,DIVIDED,UNPROTECTED MEDIAN;DAYLIGHT;CLEAR;0;0;;STOP SIGN;PASSENGER CAR;PICKUP;NONE;NONE;;2018-11-04T15:23:29-05:00;2018;No;No;11;15
CARY;TWO-WAY,DIVIDED,UNPROTECTED MEDIAN;DAYLIGHT;CLEAR;0;0;;STOP AND GO SIGNAL;PASSENGER CAR;SPORT UTILITY;NONE;NONE;;2018-11-03T15:34:01-04:00;2018;No;No;11;15
0 FEET FROM US 1 HWY;TWO-WAY,DIVIDED,POSITIVE MEDIAN BARRIER;DAYLIGHT;CLOUDY;0;0;;NO CONTROL PRESENT;PASSENGER CAR;PASSENGER CAR;NONE;NONE;;2018-11-05T06:32:17-05:00;2018;No;No;11;06
10 FEET FROM S.R. 1625 (GREEN LEVEL CHURCH);TWO-WAY,DIVIDED,POSITIVE MEDIAN BARRIER;DAYLIGHT;CLEAR;0;0;;STOP AND GO SIGNAL;PASSENGER CAR;SPORT UTILITY;NONE;NONE;;2018-11-04T16:01:12-05:00;2018;No;No;11;16
5 FEET FROM SR 1381 (YATES MILL POND RD);TWO-WAY,DIVIDED,UNPROTECTED MEDIAN;DAYLIGHT;RAIN;0;0;;STOP AND GO SIGNAL;PASSENGER CAR;PASSENGER CAR;NONE;NONE;;2018-11-05T09:23:28-05:00;2018;No;No;11;09
25 FEET FROM SR 1628 (OKELLY CHAPEL RD);TWO-WAY,DIVIDED,UNPROTECTED MEDIAN;DAYLIGHT;CLEAR;0;0;;STOP AND GO SIGNAL;SPORT UTILITY;PASSENGER CAR;NONE;NONE;;2018-11-05T15:03:20-05:00;2018;No;No;11;15
1.64 MILES FROM HWY US 1 S;TWO-WAY,DIVIDED,POSITIVE MEDIAN BARRIER;DARK - ROADWAY NOT LIGHTED;CLEAR;0;0;;NO CONTROL PRESENT;PASSENGER CAR;SPORT UTILITY;NONE;NONE;;2018-11-05T22:36:00-05:00;2018;No;No;11;22
CARY;TWO-WAY,DIVIDED,UNPROTECTED MEDIAN;DAYLIGHT;CLEAR;0;0;;STOP AND GO SIGNAL;PASSENGER CAR;PASSENGER CAR;NONE;NONE;;2018-11-06T15:46:31-05:00;2018;No;No;11;15
.01 MILES FROM SR 1300 (KILDAIRE FARM RD);TWO-WAY,DIVIDED,UNPROTECTED MEDIAN;DAYLIGHT;CLOUDY;0;0;;STOP AND GO SIGNAL;SPORT UTILITY;SPORT UTILITY;NONE;NONE;;2018-11-06T08:19:36-05:00;2018;No;No;11;08
.08 MILES FROM US 1 HWY;NONE;DAYLIGHT;CLOUDY;0;0;;NO CONTROL PRESENT;PASSENGER CAR;PICKUP;NONE;NONE;;2018-11-06T12:10:00-05:00;2018;No;No;11;12
0 FEET FROM SR 1300 (KILDAIRE FARM RD);TWO-WAY,DIVIDED,UNPROTECTED MEDIAN;DAYLIGHT;CLEAR;0;1;;STOP AND GO SIGNAL;PASSENGER CAR;PASSENGER CAR;NONE;NONE;;2018-11-06T16:45:52-05:00;2018;No;Yes;11;16
.2 MILES FROM NW MAYNARD RD SR 1415;TWO-WAY,NOT DIVIDED;DAYLIGHT;CLOUDY;0;0;FAILURE TO YIELD RIGHT OF WAY;NO CONTROL PRESENT;SPORT UTILITY;PICKUP;NONE;NONE;;2018-11-06T11:16:00-05:00;2018;No;No;11;11
400 FEET FROM S.R. 3014 (MORRISVILLE CARPENT;TWO-WAY,NOT DIVIDED;DAYLIGHT;CLEAR;0;0;;NO CONTROL PRESENT;PASSENGER CAR;SPORT UTILITY;NONE;NONE;;2018-11-07T13:44:36-05:00;2018;No;No;11;13
63 FEET FROM NEEDLE PARK DR;TWO-WAY,NOT DIVIDED;DARK - ROADWAY NOT LIGHTED;CLEAR;0;0;;NO CONTROL PRESENT;VAN;PASSENGER CAR;NONE;NONE;;2018-11-07T20:19:12-05:00;2018;No;No;11;20
CARY;ONE-WAY,NOT DIVIDED;DAYLIGHT;CLEAR;0;0;;NO CONTROL PRESENT;SPORT UTILITY;NONE;NONE;NONE;;2018-11-07T12:23:00-05:00;2018;No;No;11;12
0 FEET FROM SR 1370 (TRYON RD);TWO-WAY,DIVIDED,POSITIVE MEDIAN BARRIER;DAYLIGHT;CLEAR;0;1;;STOP AND GO SIGNAL;PASSENGER CAR;PASSENGER CAR;NONE;NONE;;2018-11-07T07:18:39-05:00;2018;No;Yes;11;07
100 FEET FROM US 1;ONE-WAY,NOT DIVIDED;DAYLIGHT;CLOUDY;0;0;;STOP AND GO SIGNAL;PASSENGER CAR;SPORT UTILITY;NONE;NONE;;2018-11-06T09:42:17-05:00;2018;No;No;11;09
.25 MILES FROM PVA (420 JAMES JACKSON AV);TWO-WAY,NOT DIVIDED;DARK - LIGHTED ROADWAY;CLOUDY;0;0;;NO CONTROL PRESENT;NONE;NONE;NONE;NONE;;2018-11-02T23:11:00-04:00;2018;No;No;11;23
1.11 MILES FROM US 1;ONE-WAY,NOT DIVIDED;DAYLIGHT;CLEAR;0;0;;NO CONTROL PRESENT;NONE;PICKUP;NONE;NONE;;2018-11-08T08:03:37-05:00;2018;No;No;11;08
110 FEET FROM P.V.A (790 SE CARY PKWY);TWO-WAY,NOT DIVIDED;DAYLIGHT;CLEAR;0;0;;NO CONTROL PRESENT;PASSENGER CAR;PASSENGER CAR;NONE;NONE;;2018-11-07T09:04:11-05:00;2018;No;No;11;09
.1 MILES FROM WESTON PKWY;TWO-WAY,DIVIDED,UNPROTECTED MEDIAN;DAYLIGHT;CLEAR;0;0;;STOP AND GO SIGNAL;SPORT UTILITY;SPORT UTILITY;NONE;NONE;;2018-11-08T09:41:46-05:00;2018;No;No;11;09
0 FEET FROM SR 1615 (HIGH HOUSE RD);TWO-WAY,DIVIDED,UNPROTECTED MEDIAN;DAYLIGHT;CLEAR;0;1;;STOP AND GO SIGNAL;PASSENGER CAR;PASSENGER CAR;NONE;NONE;;2018-11-08T14:28:50-05:00;2018;No;Yes;11;14
.19 MILES FROM PVA-1920 NW MAYNARD RD;TWO-WAY,NOT DIVIDED;DAYLIGHT;CLEAR;0;0;;NO CONTROL PRESENT;PICKUP;PASSENGER CAR;NONE;NONE;;2018-11-07T15:23:30-05:00;2018;No;No;11;15
100 FEET FROM SHELDON DR;TWO-WAY,DIVIDED,UNPROTECTED MEDIAN;DARK - LIGHTED ROADWAY;CLOUDY;0;0;;NO CONTROL PRESENT;PASSENGER CAR;PASSENGER CAR;PASSENGER CAR;NONE;;2018-11-08T18:03:22-05:00;2018;No;No;11;18
.3 MILES FROM US1;TWO-WAY,DIVIDED,POSITIVE MEDIAN BARRIER;DAYLIGHT;CLEAR;0;0;;NO CONTROL PRESENT;SPORT UTILITY;SPORT UTILITY;NONE;NONE;;2018-11-08T15:50:04-05:00;2018;No;No;11;15
.078 MILES FROM UNDERWOOD ARBOR PL;TWO-WAY,NOT DIVIDED;DAYLIGHT;CLOUDY;0;0;;NO CONTROL PRESENT;SINGLE UNIT TRUCK (2-AXLE- 6-TIRE);PASSENGER CAR;NONE;NONE;;2018-11-09T09:53:25-05:00;2018;No;No;11;09
.13 MILES FROM SR 1600 (GREEN LEVEL CHURCH RD;TWO-WAY,NOT DIVIDED;DARK - UNKNOWN LIGHTING;RAIN;0;0;;NO CONTROL PRESENT;PASSENGER CAR;NONE;NONE;NONE;;2018-11-12T23:26:00-05:00;2018;No;No;11;23
.1 MILES FROM HILSBORO ST;TWO-WAY,NOT DIVIDED;DARK - LIGHTED ROADWAY;CLEAR;0;0;;NO CONTROL PRESENT;PASSENGER CAR;NONE;NONE;NONE;;2018-11-03T02:10:42-04:00;2018;No;No;11;02
CARY;TWO-WAY,DIVIDED,UNPROTECTED MEDIAN;DARK - LIGHTED ROADWAY;CLEAR;0;0;;STOP AND GO SIGNAL;PASSENGER CAR;PASSENGER CAR;NONE;NONE;;2018-11-07T18:09:32-05:00;2018;No;No;11;18
188 FEET FROM COZY OAK AV;TWO-WAY,NOT DIVIDED;NONE;CLEAR;0;0;;NO CONTROL PRESENT;NONE;PASSENGER CAR;NONE;NONE;;2018-11-07T16:31:44-05:00;2018;No;No;11;16
.1200 MILES FROM US 64;TWO-WAY,DIVIDED,UNPROTECTED MEDIAN;DAYLIGHT;CLEAR;0;1;;STOP AND GO SIGNAL;PASSENGER CAR;PASSENGER CAR;NONE;NONE;;2018-11-10T15:08:06-05:00;2018;No;Yes;11;15
.3 MILES FROM 206 HYDE PARK COURT;NONE;DAYLIGHT;CLEAR;0;0;;NO CONTROL PRESENT;NONE;PICKUP;NONE;NONE;;2018-11-11T14:59:26-05:00;2018;No;No;11;14
15 FEET FROM SR 1652 (N HARRISON AV);TWO-WAY,DIVIDED,UNPROTECTED MEDIAN;DUSK;CLEAR;0;0;;STOP AND GO SIGNAL;SPORT UTILITY;PASSENGER CAR;NONE;NONE;;2018-11-10T17:12:12-05:00;2018;No;No;11;17
40 FEET FROM U.S. 1 HWY;ONE-WAY,NOT DIVIDED;DAYLIGHT;CLEAR;0;0;;STOP AND GO SIGNAL;PASSENGER CAR;SPORT UTILITY;NONE;NONE;;2018-11-11T13:10:18-05:00;2018;No;No;11;13
.5 MILES FROM (NC 54) CHAPEL HILL RD;TWO-WAY,DIVIDED,POSITIVE MEDIAN BARRIER;DARK - LIGHTED ROADWAY;CLEAR;0;0;;NO CONTROL PRESENT;PASSENGER CAR;NONE;NONE;NONE;;2018-11-12T11:33:00-05:00;2018;No;No;11;11
0 FEET FROM SR 1152 (HOLLY SPRINGS RD);TWO-WAY,DIVIDED,UNPROTECTED MEDIAN;DARK - LIGHTED ROADWAY;CLEAR;0;0;;STOP AND GO SIGNAL;VAN;SPORT UTILITY;NONE;NONE;;2018-11-09T18:02:43-05:00;2018;No;No;11;18
.1 MILES FROM 1 HWY;TWO-WAY,DIVIDED,POSITIVE MEDIAN BARRIER;DUSK;CLEAR;0;2;;NO CONTROL PRESENT;SPORT UTILITY;PASSENGER CAR;PASSENGER CAR;SPORT UTILITY;SPORT UTILITY;2018-11-09T20:42:39-05:00;2018;No;Yes;11;20
129 FEET FROM NEWBERRY GROVE DR;TWO-WAY,NOT DIVIDED;NONE;RAIN;0;0;;NO CONTROL PRESENT;NONE;NONE;NONE;NONE;;2018-11-13T11:23:00-05:00;2018;No;No;11;11
10 FEET FROM NC 54 (CHAPEL HILL RD);TWO-WAY,NOT DIVIDED;DUSK;RAIN;0;1;;STOP AND GO SIGNAL;PICKUP;VAN;NONE;NONE;;2018-11-12T14:23:45-05:00;2018;No;Yes;11;14
1 FEET FROM SR 1307 (W CHATHAM ST);NONE;NONE;NONE;0;0;;;NONE;NONE;NONE;NONE;;2018-11-01T00:00:00-04:00;2018;No;No;11;00
100 FEET FROM PVA (681 CARY TOWNE BLVD);ONE-WAY,NOT DIVIDED;DAYLIGHT;RAIN;0;1;;STOP SIGN;PASSENGER CAR;NONE;NONE;NONE;;2018-11-13T14:20:31-05:00;2018;No;Yes;11;14
150 FEET FROM US1 ON RAMP;ONE-WAY,NOT DIVIDED;DARK - LIGHTED ROADWAY;RAIN;0;0;;NO CONTROL PRESENT;PASSENGER CAR;PASSENGER CAR;NONE;NONE;;2018-11-09T20:37:11-05:00;2018;No;No;11;20
.5 MILES FROM SR1011 (E. CHATHAM ST);TWO-WAY,NOT DIVIDED;DARK - LIGHTED ROADWAY;RAIN;0;0;;NO CONTROL PRESENT;PASSENGER CAR;PASSENGER CAR;NONE;NONE;;2018-11-13T18:13:09-05:00;2018;No;No;11;18
CARY;TWO-WAY,NOT DIVIDED;DARK - LIGHTED ROADWAY;CLEAR;0;0;;STOP AND GO SIGNAL;SPORT UTILITY;SPORT UTILITY;NONE;NONE;;2018-11-14T19:43:39-05:00;2018;No;No;11;19
200 FEET FROM P.V.A. (CARY TOWNE CENTER);TWO-WAY,NOT DIVIDED;DARK - LIGHTED ROADWAY;CLOUDY;0;0;;NO CONTROL PRESENT;PASSENGER CAR;PASSENGER CAR;NONE;NONE;;2018-11-15T00:31:00-05:00;2018;No;No;11;00
400 FEET FROM I 40 EXIT RAMP ONTO HARRISON A;ONE-WAY,NOT DIVIDED;DAYLIGHT;RAIN;0;0;;STOP AND GO SIGNAL;SPORT UTILITY;PASSENGER CAR;NONE;NONE;;2018-11-15T11:13:00-05:00;2018;No;No;11;11
100 FEET FROM US 1 HWY;TWO-WAY,DIVIDED,POSITIVE MEDIAN BARRIER;DAYLIGHT;CLOUDY;0;1;;NO CONTROL PRESENT;PASSENGER CAR;SPORT UTILITY;PASSENGER CAR;NONE;;2018-11-14T15:34:31-05:00;2018;No;Yes;11;15
300 FEET FROM SR 1319 (JONES FRANKLIN RD);TWO-WAY,DIVIDED,UNPROTECTED MEDIAN;DAYLIGHT;CLOUDY;0;0;;STOP SIGN;PASSENGER CAR;PASSENGER CAR;NONE;NONE;;2018-11-15T16:04:57-05:00;2018;No;No;11;16
200 FEET FROM P.V.A. (1401 BUCK JONES RD);TWO-WAY,NOT DIVIDED;NONE;NONE;0;0;;NO CONTROL PRESENT;NONE;PASSENGER CAR;NONE;NONE;;2018-11-18T09:21:34-05:00;2018;No;No;11;09
.73 MILES FROM US 1 HWY;TWO-WAY,DIVIDED,POSITIVE MEDIAN BARRIER;DAYLIGHT;CLEAR;0;0;;NO CONTROL PRESENT;NONE;NONE;NONE;NONE;;2018-11-16T10:18:00-05:00;2018;No;No;11;10
CARY;TWO-WAY,DIVIDED,UNPROTECTED MEDIAN;DARK - ROADWAY NOT LIGHTED;CLEAR;0;0;;NO CONTROL PRESENT;PASSENGER CAR;PASSENGER CAR;PASSENGER CAR;NONE;;2018-11-16T18:47:28-05:00;2018;No;No;11;18
CARY;TWO-WAY,DIVIDED,UNPROTECTED MEDIAN;DARK - LIGHTED ROADWAY;CLEAR;0;0;;STOP AND GO SIGNAL;PASSENGER CAR;PASSENGER CAR;NONE;NONE;;2018-11-16T20:47:41-05:00;2018;No;No;11;20
0.21 MILES FROM S.R. 1624 (CARPENTER FIRE STAT;TWO-WAY,NOT DIVIDED;DARK - LIGHTED ROADWAY;CLEAR;0;0;;STOP AND GO SIGNAL;SINGLE UNIT TRUCK (2-AXLE- 6-TIRE);PASSENGER CAR;NONE;NONE;;2018-11-16T19:36:06-05:00;2018;No;No;11;19
56 FEET FROM P.V.A (2994 KILDAIRE FARM RD);TWO-WAY,NOT DIVIDED;DAYLIGHT;CLEAR;0;0;;NO CONTROL PRESENT;VAN;PASSENGER CAR;NONE;NONE;;2018-11-17T13:58:50-05:00;2018;No;No;11;13
351 FEET FROM SR1415 (SW MAYNARD RD);TWO-WAY,DIVIDED,UNPROTECTED MEDIAN;DAYLIGHT;CLEAR;0;0;;NO CONTROL PRESENT;EMS VEHICLE- AMBULANCE- RESCUE SQUAD;SPORT UTILITY;NONE;NONE;;2018-11-16T08:51:01-05:00;2018;No;No;11;08
50 FEET FROM HWY  US 1;ONE-WAY,NOT DIVIDED;DAYLIGHT;CLEAR;0;0;;STOP AND GO SIGNAL;SPORT UTILITY;SPORT UTILITY;NONE;NONE;;2018-11-18T12:54:00-05:00;2018;No;No;11;12
169 FEET FROM SR1010 (TEN TEN RD);TWO-WAY,NOT DIVIDED;DARK - ROADWAY NOT LIGHTED;CLEAR;0;0;;NO CONTROL PRESENT;VAN;NONE;NONE;NONE;;2018-11-18T17:30:29-05:00;2018;No;No;11;17
0 FEET FROM SR 1300 (KILDAIRE FARM RD);TWO-WAY,NOT DIVIDED;DAYLIGHT;CLEAR;0;0;;STOP AND GO SIGNAL;PASSENGER CAR;PASSENGER CAR;NONE;NONE;;2018-11-18T14:01:27-05:00;2018;No;No;11;14
0 FEET FROM SR 1315 (BUCK JONES RD);TWO-WAY,DIVIDED,UNPROTECTED MEDIAN;DAYLIGHT;CLEAR;0;0;;STOP AND GO SIGNAL;PASSENGER CAR;VAN;NONE;NONE;;2018-11-19T13:25:08-05:00;2018;No;No;11;13
450 FEET FROM SR1628 (O`KELLY CHAPEL RD);TWO-WAY,DIVIDED,UNPROTECTED MEDIAN;DARK - LIGHTED ROADWAY;CLEAR;0;0;;NO CONTROL PRESENT;PASSENGER CAR;SPORT UTILITY;NONE;NONE;;2018-11-20T18:08:52-05:00;2018;No;No;11;18
.3 MILES FROM US1;TWO-WAY,DIVIDED,POSITIVE MEDIAN BARRIER;DAYLIGHT;CLEAR;0;0;;NO CONTROL PRESENT;PASSENGER CAR;PASSENGER CAR;NONE;NONE;;2018-11-20T16:44:28-05:00;2018;No;No;11;16
250 FEET FROM P.V.A. (270 GRANDE HEIGHTS DR);TWO-WAY,NOT DIVIDED;DAYLIGHT;CLEAR;0;0;;NO CONTROL PRESENT;PASSENGER CAR;PASSENGER CAR;NONE;NONE;;2018-11-21T11:55:00-05:00;2018;No;No;11;11
50 FEET FROM PVA 540 NEW WAVERLY PL;ONE-WAY,NOT DIVIDED;DAYLIGHT;RAIN;0;0;;NO CONTROL PRESENT;SPORT UTILITY;PASSENGER CAR;NONE;NONE;;2018-11-15T13:40:53-05:00;2018;No;No;11;13
352 FEET FROM SR1315 (BUCK JONES RD);TWO-WAY,NOT DIVIDED;DAYLIGHT;CLOUDY;0;0;;NO CONTROL PRESENT;PASSENGER CAR;PASSENGER CAR;NONE;NONE;;2018-11-24T16:25:19-05:00;2018;No;No;11;16
200 FEET FROM MADISON AV;TWO-WAY,NOT DIVIDED;DARK - LIGHTED ROADWAY;CLOUDY;0;0;;NO CONTROL PRESENT;PASSENGER CAR;PICKUP;NONE;NONE;;2018-11-24T17:19:23-05:00;2018;No;No;11;17
100 FEET FROM LOCHMERE DR;TWO-WAY,DIVIDED,UNPROTECTED MEDIAN;DAYLIGHT;CLEAR;0;0;;NO CONTROL PRESENT;PASSENGER CAR;PASSENGER CAR;NONE;NONE;;2018-11-25T10:04:00-05:00;2018;No;No;11;10
.1 MILES FROM P.V.A. 2021 WALNUT ST;TWO-WAY,NOT DIVIDED;DUSK;CLEAR;0;0;;NO CONTROL PRESENT;NONE;PASSENGER CAR;NONE;NONE;;2018-11-21T22:20:00-05:00;2018;No;No;11;22
50 FEET FROM CROSSROADS BLVD;TWO-WAY,DIVIDED,UNPROTECTED MEDIAN;DAYLIGHT;CLEAR;0;0;;STOP AND GO SIGNAL;PASSENGER CAR;PASSENGER CAR;NONE;NONE;;2018-11-23T06:04:01-05:00;2018;No;No;11;06
CARY;TWO-WAY,DIVIDED,UNPROTECTED MEDIAN;DARK - LIGHTED ROADWAY;CLEAR;0;1;;STOP AND GO SIGNAL;SPORT UTILITY;SPORT UTILITY;NONE;NONE;;2018-11-23T19:44:32-05:00;2018;No;Yes;11;19
.156 MILES FROM NC 55 HWY;TWO-WAY,NOT DIVIDED;DAYLIGHT;CLOUDY;0;0;;NO CONTROL PRESENT;SPORT UTILITY;PASSENGER CAR;NONE;NONE;;2018-11-26T09:40:33-05:00;2018;No;No;11;09
20 FEET FROM SR 1613 ( DAVIS DR);TWO-WAY,DIVIDED,UNPROTECTED MEDIAN;DARK - LIGHTED ROADWAY;CLOUDY;0;0;;NO CONTROL PRESENT;PASSENGER CAR;NONE;NONE;NONE;;2018-11-25T19:41:02-05:00;2018;No;No;11;19
125 FEET FROM PVA (1105 WALNUT ST);ONE-WAY,NOT DIVIDED;DARK - ROADWAY NOT LIGHTED;CLOUDY;0;0;;NO CONTROL PRESENT;PASSENGER CAR;SPORT UTILITY;NONE;NONE;;2018-11-24T22:23:00-05:00;2018;No;No;11;22
250 FEET FROM BRISTOL BRIDGE DR;TWO-WAY,NOT DIVIDED;DAYLIGHT;CLEAR;0;0;;NO CONTROL PRESENT;PICKUP;PASSENGER CAR;NONE;NONE;;2018-11-26T15:16:01-05:00;2018;No;No;11;15
CARY;TWO-WAY,DIVIDED,POSITIVE MEDIAN BARRIER;DAYLIGHT;CLEAR;0;0;;NO CONTROL PRESENT;PASSENGER CAR;PASSENGER CAR;NONE;NONE;;2018-11-27T07:42:07-05:00;2018;No;No;11;07
200 FEET FROM  1105 WALNUT ST(PVA);ONE-WAY,NOT DIVIDED;DAYLIGHT;CLEAR;0;0;;NO CONTROL PRESENT;PASSENGER CAR;SPORT UTILITY;NONE;NONE;;2018-11-27T10:24:00-05:00;2018;No;No;11;10
100 FEET FROM RAVENSTONE DR;TWO-WAY,NOT DIVIDED;DAYLIGHT;CLEAR;0;0;;NO CONTROL PRESENT;PICKUP;PASSENGER CAR;NONE;NONE;;2018-11-27T08:51:32-05:00;2018;No;No;11;08
CARY;TWO-WAY,DIVIDED,UNPROTECTED MEDIAN;DAYLIGHT;CLEAR;0;0;;STOP SIGN;PASSENGER CAR;SPORT UTILITY;NONE;NONE;;2018-11-27T14:24:22-05:00;2018;No;No;11;14
20 FEET FROM SR-1300 KILDAIRE FARM RD;TWO-WAY,NOT DIVIDED;DAYLIGHT;CLEAR;0;1;;STOP AND GO SIGNAL;VAN;VAN;NONE;NONE;;2018-11-28T10:40:00-05:00;2018;No;Yes;11;10
65 FEET FROM PVA (ADAMS ELEMENTARY SCHOOL);ONE-WAY,NOT DIVIDED;DAYLIGHT;CLEAR;0;0;;NO CONTROL PRESENT;PASSENGER CAR;PICKUP;NONE;NONE;;2018-11-28T15:57:03-05:00;2018;No;No;11;15
.25 MILES FROM SR# 1435 (OLD RALEIGH RD);TWO-WAY,NOT DIVIDED;DARK - LIGHTED ROADWAY;CLEAR;0;0;;NO CONTROL PRESENT;PASSENGER CAR;NONE;NONE;NONE;;2018-11-28T18:46:20-05:00;2018;No;No;11;18
180 FEET FROM N HARRISON AVE;TWO-WAY,NOT DIVIDED;DAYLIGHT;CLEAR;0;0;;NO CONTROL PRESENT;VAN;PICKUP;NONE;NONE;;2018-11-28T09:15:11-05:00;2018;No;No;11;09
15 FEET FROM NC 54 (CHAPEL HILL RD);TWO-WAY,NOT DIVIDED;DAYLIGHT;CLEAR;0;0;;STOP AND GO SIGNAL;LIGHT TRUCK (MINI-VAN- PANEL);VAN;NONE;NONE;;2018-11-30T11:14:00-05:00;2018;No;No;11;11
200 FEET FROM SR 1313 (WALNUT ST);TWO-WAY,DIVIDED,UNPROTECTED MEDIAN;DARK - LIGHTED ROADWAY;CLOUDY;0;0;;NO CONTROL PRESENT;PASSENGER CAR;SPORT UTILITY;NONE;NONE;;2018-12-01T17:12:18-05:00;2018;No;No;12;17
150 FEET FROM NC 54 (NW MAYNARD RD);TWO-WAY,DIVIDED,POSITIVE MEDIAN BARRIER;DAYLIGHT;CLOUDY;0;0;;STOP SIGN;PASSENGER CAR;PASSENGER CAR;NONE;NONE;;2018-12-01T16:09:56-05:00;2018;No;No;12;16
120 FEET FROM SR 1615 (HIGH HOUSE RD);TWO-WAY,DIVIDED,UNPROTECTED MEDIAN;DAYLIGHT;CLOUDY;0;0;;NO CONTROL PRESENT;VAN;VAN;NONE;NONE;;2018-12-02T14:01:00-05:00;2018;No;No;12;14