Location_Description;Road_Configuration;Light_Condition;Weather;Fatality;Injury;Contributing_Factor;Traffic_Control;Vehicle1;Vehicle2;Vehicle3;Vehicle4;Vehicle5;Crash_Date;year;Fatalities;Injuries;Month;Hour
100 FEET FROM PVA OF 400 KEISLER DR;TWO-WAY,NOT DIVIDED;DAYLIGHT;CLEAR;0;0;FAILURE TO YIELD RIGHT OF WAY;NO CONTROL PRESENT;NONE;VAN;NONE;NONE;;2019-03-19T09:58:03-04:00;2019;No;No;3;09
25 FEET FROM PVA(101 DRY AVE);TWO-WAY,NOT DIVIDED;DAYLIGHT;CLOUDY;0;0;;NO CONTROL PRESENT;SPORT UTILITY;PASSENGER CAR;NONE;NONE;;2019-03-20T13:53:09-04:00;2019;No;No;3;13
195 FEET FROM 4010 CONVENIENCE LN;TWO-WAY,NOT DIVIDED;DARK - LIGHTED ROADWAY;RAIN;0;0;;NO CONTROL PRESENT;PASSENGER CAR;NONE;NONE;NONE;;2019-03-21T02:57:51-04:00;2019;No;No;3;02
100 FEET FROM PVA (4010 CONVENIENCE LN);TWO-WAY,NOT DIVIDED;DAYLIGHT;RAIN;0;0;;NO CONTROL PRESENT;SPORT UTILITY;PASSENGER CAR;NONE;NONE;;2019-03-15T18:54:55-04:00;2019;No;No;3;18
.16 MILES FROM P.V.A. (1 QUALITY LN);TWO-WAY,NOT DIVIDED;DAYLIGHT;RAIN;0;0;;STOP SIGN;PASSENGER CAR;PASSENGER CAR;NONE;NONE;;2019-03-21T07:32:18-04:00;2019;No;No;3;07
0 FEET FROM SR 1415 (SE MAYNARD RD);TWO-WAY,NOT DIVIDED;DAYLIGHT;RAIN;0;1;;STOP SIGN;PASSENGER CAR;PASSENGER CAR;NONE;NONE;;2019-03-21T08:42:20-04:00;2019;No;Yes;3;08
0 FEET FROM (SR 1613) DAVIS DR;NONE;NONE;NONE;0;0;;;NONE;NONE;NONE;NONE;;2019-03-23T18:58:28-04:00;2019;No;No;3;18
150 FEET FROM PVA 885 WALNUT ST;TWO-WAY,NOT DIVIDED;DUSK;CLEAR;0;0;;NO CONTROL PRESENT;VAN;PASSENGER CAR;NONE;NONE;;2019-03-23T19:12:12-04:00;2019;No;No;3;19
200 FEET FROM PEBBLE CREEK DR;TWO-WAY,NOT DIVIDED;DARK - ROADWAY NOT LIGHTED;CLEAR;0;1;;NO CONTROL PRESENT;PICKUP;NONE;NONE;NONE;;2019-03-22T00:54:00-04:00;2019;No;Yes;3;00
10 FEET FROM SR1300 (KILDAIRE FARM RD);TWO-WAY,NOT DIVIDED;DAYLIGHT;CLOUDY;0;0;;STOP AND GO SIGNAL;SPORT UTILITY;PICKUP;NONE;NONE;;2019-03-25T11:36:00-04:00;2019;No;No;3;11
35 FEET FROM 1830 WALNUT ST;TWO-WAY,NOT DIVIDED;DAYLIGHT;CLEAR;0;0;;NO CONTROL PRESENT;SPORT UTILITY;SPORT UTILITY;NONE;NONE;;2019-03-25T15:31:26-04:00;2019;No;No;3;15
CARY;TWO-WAY,NOT DIVIDED;DUSK;RAIN;0;0;;STOP SIGN;PASSENGER CAR;PASSENGER CAR;NONE;NONE;;2019-03-25T18:06:13-04:00;2019;No;No;3;18
0 FEET FROM SR 1613 (DAVIS DR);TWO-WAY,DIVIDED,UNPROTECTED MEDIAN;DAYLIGHT;RAIN;0;0;;STOP AND GO SIGNAL;PASSENGER CAR;VAN;NONE;NONE;;2019-03-25T17:45:39-04:00;2019;No;No;3;17
250 FEET FROM P.V.A.(3200 GATEWAY CENTRE BLV;TWO-WAY,NOT DIVIDED;DAYLIGHT;CLOUDY;0;0;;NO CONTROL PRESENT;PASSENGER CAR;PASSENGER CAR;NONE;NONE;;2019-03-26T09:42:08-04:00;2019;No;No;3;09
.10 MILES FROM SR1415 (SE MAYNARD RD);TWO-WAY,NOT DIVIDED;DARK - LIGHTED ROADWAY;CLEAR;0;0;;NO CONTROL PRESENT;PASSENGER CAR;SPORT UTILITY;NONE;NONE;;2019-03-26T20:54:24-04:00;2019;No;No;3;20
127 FEET FROM SR 1652 (N HARRISON AVE);TWO-WAY,NOT DIVIDED;DARK - LIGHTED ROADWAY;CLEAR;0;1;;NO CONTROL PRESENT;PASSENGER CAR;PASSENGER CAR;NONE;NONE;;2019-03-21T23:07:00-04:00;2019;No;Yes;3;23
180 FEET FROM PVA (1121 PARKSIDE MAIN ST);TWO-WAY,NOT DIVIDED;DAYLIGHT;CLEAR;0;0;;NO CONTROL PRESENT;SPORT UTILITY;NONE;NONE;NONE;;2019-03-27T07:35:16-04:00;2019;No;No;3;07
100 FEET FROM SR 1652 (N HARRISON AV);TWO-WAY,DIVIDED,POSITIVE MEDIAN BARRIER;DAYLIGHT;CLEAR;0;0;;STOP AND GO SIGNAL;PASSENGER CAR;PASSENGER CAR;NONE;NONE;;2019-03-26T04:47:18-04:00;2019;No;No;3;04
CARY;ONE-WAY,NOT DIVIDED;DARK - LIGHTED ROADWAY;CLEAR;0;0;;NO CONTROL PRESENT;SPORT UTILITY;PASSENGER CAR;NONE;NONE;;2019-03-27T23:17:00-04:00;2019;No;No;3;23
63 FEET FROM P.V.A. (1123 KILDAIRE FARM RD);TWO-WAY,NOT DIVIDED;DAYLIGHT;CLOUDY;0;1;;NO CONTROL PRESENT;SPORT UTILITY;NONE;NONE;NONE;;2019-03-31T14:18:52-04:00;2019;No;Yes;3;14
200 FEET FROM US 64 HWY;TWO-WAY,DIVIDED,UNPROTECTED MEDIAN;DAYLIGHT;CLEAR;0;0;;NO CONTROL PRESENT;SPORT UTILITY;SPORT UTILITY;NONE;NONE;;2019-03-29T11:39:00-04:00;2019;No;No;3;11
.1 MILES FROM US 64 HWY;TWO-WAY,DIVIDED,POSITIVE MEDIAN BARRIER;DAYLIGHT;CLEAR;0;0;;NO CONTROL PRESENT;PASSENGER CAR;PASSENGER CAR;NONE;NONE;;2019-03-29T12:58:00-04:00;2019;No;No;3;12
0.5 MILES FROM US 1;TWO-WAY,DIVIDED,POSITIVE MEDIAN BARRIER;DAYLIGHT;CLEAR;0;0;;NO CONTROL PRESENT;PICKUP;NONE;NONE;NONE;;2019-03-29T17:10:47-04:00;2019;No;No;3;17
0 FEET FROM SR1415 (NW MAYNARD RD);TWO-WAY,DIVIDED,UNPROTECTED MEDIAN;DAYLIGHT;CLEAR;0;0;;NO CONTROL PRESENT;PASSENGER CAR;SPORT UTILITY;NONE;NONE;;2019-03-25T13:12:20-04:00;2019;No;No;3;13
105 FEET FROM SR 1652 (N HARRISON AVE);TWO-WAY,NOT DIVIDED;DARK - LIGHTED ROADWAY;CLEAR;0;0;;NO CONTROL PRESENT;PASSENGER CAR;PASSENGER CAR;NONE;NONE;;2019-03-29T21:54:02-04:00;2019;No;No;3;21
CARY;NONE;NONE;NONE;0;0;;;NONE;NONE;NONE;NONE;;2019-04-01T09:35:46-04:00;2019;No;No;4;09
50 FEET FROM NC 55 HWY;TWO-WAY,DIVIDED,POSITIVE MEDIAN BARRIER;DAYLIGHT;CLEAR;0;2;;STOP AND GO SIGNAL;PASSENGER CAR;SPORT UTILITY;NONE;NONE;;2019-04-01T09:27:21-04:00;2019;No;Yes;4;09
25 FEET FROM 8204 TRYON WOODS DR;TWO-WAY,NOT DIVIDED;DAYLIGHT;CLEAR;0;0;;NO CONTROL PRESENT;VAN;SPORT UTILITY;NONE;NONE;;2019-04-01T12:42:00-04:00;2019;No;No;4;12
.11 MILES FROM US 64 HWY;TWO-WAY,DIVIDED,UNPROTECTED MEDIAN;DAYLIGHT;CLEAR;0;0;;STOP AND GO SIGNAL;SPORT UTILITY;SPORT UTILITY;NONE;NONE;;2019-04-01T16:34:26-04:00;2019;No;No;4;16
244 FEET FROM SR 1497 (CARY TOWNE BLVD);TWO-WAY,DIVIDED,UNPROTECTED MEDIAN;DAYLIGHT;CLEAR;0;1;;STOP AND GO SIGNAL;PASSENGER CAR;SPORT UTILITY;NONE;NONE;;2019-03-27T15:14:33-04:00;2019;No;Yes;3;15
50 FEET FROM P.V.A. (1921 HIGH HOUSE RD);TWO-WAY,NOT DIVIDED;DAYLIGHT;CLEAR;0;0;;NO CONTROL PRESENT;PASSENGER CAR;SPORT UTILITY;NONE;NONE;;2019-04-01T13:51:32-04:00;2019;No;No;4;13
25 FEET FROM SR 1613 (DAVIS DR);TWO-WAY,DIVIDED,UNPROTECTED MEDIAN;DAYLIGHT;CLEAR;0;0;;NO CONTROL PRESENT;PASSENGER CAR;PICKUP;NONE;NONE;;2019-04-01T17:14:22-04:00;2019;No;No;4;17
0 FEET FROM WESTON PKWY;TWO-WAY,DIVIDED,UNPROTECTED MEDIAN;DAYLIGHT;CLEAR;0;1;;STOP AND GO SIGNAL;PASSENGER CAR;PASSENGER CAR;NONE;NONE;;2019-03-28T16:31:32-04:00;2019;No;Yes;3;16
75 FEET FROM US 1 OFF RAMP;ONE-WAY,NOT DIVIDED;DAYLIGHT;RAIN;0;0;;YIELD SIGN;PICKUP;PASSENGER CAR;NONE;NONE;;2019-04-02T09:56:24-04:00;2019;No;No;4;09
20 FEET FROM SW CARY PKWY;TWO-WAY,DIVIDED,UNPROTECTED MEDIAN;DAYLIGHT;RAIN;0;0;;NO CONTROL PRESENT;PASSENGER CAR;VAN;PASSENGER CAR;NONE;;2019-04-02T12:06:00-04:00;2019;No;No;4;12
345 FEET FROM PVA OF 1700 REGENCY PKWY;TWO-WAY,NOT DIVIDED;NONE;CLOUDY;0;0;;NO CONTROL PRESENT;NONE;PASSENGER CAR;NONE;NONE;;2019-04-03T10:22:00-04:00;2019;No;No;4;10
100 FEET FROM SR 1615 (HIGH HOUSE RD);TWO-WAY,NOT DIVIDED;DAYLIGHT;CLEAR;0;0;;STOP AND GO SIGNAL;PASSENGER CAR;VAN;NONE;NONE;;2019-04-03T08:10:49-04:00;2019;No;No;4;08
0 FEET FROM WESTON PKWY;TWO-WAY,DIVIDED,POSITIVE MEDIAN BARRIER;DAYLIGHT;RAIN;0;0;;STOP SIGN;PASSENGER CAR;PASSENGER CAR;NONE;NONE;;2019-04-05T09:25:21-04:00;2019;No;No;4;09
60 FEET FROM P.V.A. (200 HYDE PARK CT);TWO-WAY,NOT DIVIDED;NONE;NONE;0;0;;NO CONTROL PRESENT;NONE;PASSENGER CAR;NONE;NONE;;2019-04-05T16:06:04-04:00;2019;No;No;4;16
200 FEET FROM VALLEYSTONE DR;TWO-WAY,NOT DIVIDED;DARK - LIGHTED ROADWAY;RAIN;0;0;;NO CONTROL PRESENT;PASSENGER CAR;NONE;NONE;NONE;;2019-04-06T01:53:30-04:00;2019;No;No;4;01
.1 MILES FROM P.V.A. (1741 WALNUT ST);NONE;DAYLIGHT;CLEAR;0;0;;NO CONTROL PRESENT;PASSENGER CAR;PICKUP;NONE;NONE;;2019-04-06T17:22:55-04:00;2019;No;No;4;17
CARY;TWO-WAY,NOT DIVIDED;DAYLIGHT;CLEAR;0;0;;STOP AND GO SIGNAL;PASSENGER CAR;PASSENGER CAR;NONE;NONE;;2019-04-06T15:25:03-04:00;2019;No;No;4;15
10 FEET FROM SR 1009 (TRYON RD);NONE;DAYLIGHT;RAIN;0;0;;STOP AND GO SIGNAL;PASSENGER CAR;PASSENGER CAR;NONE;NONE;;2019-04-05T16:23:03-04:00;2019;No;No;4;16
100 FEET FROM HIGH HOUSE RD;TWO-WAY,DIVIDED,UNPROTECTED MEDIAN;DARK - LIGHTED ROADWAY;RAIN;0;0;;NO CONTROL PRESENT;PASSENGER CAR;PASSENGER CAR;NONE;NONE;;2019-04-05T21:37:25-04:00;2019;No;No;4;21
CARY;TWO-WAY,NOT DIVIDED;DARK - ROADWAY NOT LIGHTED;RAIN;0;0;;STOP SIGN;PASSENGER CAR;PASSENGER CAR;NONE;NONE;;2019-04-05T22:17:00-04:00;2019;No;No;4;22
CARY;ONE-WAY,NOT DIVIDED;DAYLIGHT;CLOUDY;0;0;;YIELD SIGN;PASSENGER CAR;PASSENGER CAR;NONE;NONE;;2019-04-06T08:59:22-04:00;2019;No;No;4;08
29729 FEET FROM 2500 CARPENTER UPCHURCH RD;TWO-WAY,NOT DIVIDED;DAYLIGHT;CLEAR;0;0;;NO CONTROL PRESENT;PASSENGER CAR;SPORT UTILITY;NONE;NONE;;2019-03-22T08:36:11-04:00;2019;No;No;3;08
20 FEET FROM SR1300 (KILDAIRE FARM RD);TWO-WAY,DIVIDED,UNPROTECTED MEDIAN;DAYLIGHT;CLOUDY;0;1;;STOP AND GO SIGNAL;SPORT UTILITY;SPORT UTILITY;NONE;NONE;;2019-04-07T13:40:30-04:00;2019;No;Yes;4;13
CARY;TWO-WAY,NOT DIVIDED;DAYLIGHT;CLOUDY;0;0;;STOP AND GO SIGNAL;PASSENGER CAR;PASSENGER CAR;NONE;NONE;;2019-04-08T11:39:00-04:00;2019;No;No;4;11
.13 MILES FROM SR 1009(TRYON RD);TWO-WAY,NOT DIVIDED;DARK - ROADWAY NOT LIGHTED;RAIN;0;0;WRONG SIDE OF ROAD;NO CONTROL PRESENT;PASSENGER CAR;NONE;NONE;NONE;;2019-04-08T20:49:35-04:00;2019;No;No;4;20
.15 MILES FROM 2700 REGENCY PKWY;TWO-WAY,NOT DIVIDED;DAYLIGHT;CLEAR;0;2;;NO CONTROL PRESENT;PASSENGER CAR;NONE;NONE;NONE;;2019-04-08T08:38:20-04:00;2019;No;Yes;4;08
.3 MILES FROM US 1;TWO-WAY,DIVIDED,POSITIVE MEDIAN BARRIER;DUSK;RAIN;0;0;;NO CONTROL PRESENT;PASSENGER CAR;SPORT UTILITY;NONE;NONE;;2019-04-08T00:19:00-04:00;2019;No;No;4;00
.6 MILES FROM US 1 HWY;TWO-WAY,DIVIDED,POSITIVE MEDIAN BARRIER;DAYLIGHT;RAIN;0;2;;NO CONTROL PRESENT;PASSENGER CAR;PASSENGER CAR;NONE;NONE;;2019-04-05T18:26:30-04:00;2019;No;Yes;4;18
.15 MILES FROM PVA 2350 WALNUT STREET;TWO-WAY,NOT DIVIDED;DAYLIGHT;CLEAR;0;1;;NO CONTROL PRESENT;PASSENGER CAR;PASSENGER CAR;NONE;NONE;;2019-04-11T15:10:11-04:00;2019;No;Yes;4;15
0 FEET FROM SR 1011 (E. CHATHAM ST);TWO-WAY,NOT DIVIDED;DAYLIGHT;RAIN;0;1;;STOP SIGN;PASSENGER CAR;PICKUP;PASSENGER CAR;NONE;;2019-04-12T08:37:15-04:00;2019;No;Yes;4;08
.1 MILES FROM SR 1009 (TRYON RD);TWO-WAY,DIVIDED,POSITIVE MEDIAN BARRIER;DAYLIGHT;RAIN;0;0;;STOP AND GO SIGNAL;PASSENGER CAR;PASSENGER CAR;PASSENGER CAR;NONE;;2019-04-12T11:15:00-04:00;2019;No;No;4;11
67 FEET FROM SR 1009 (TRYON ROAD);TWO-WAY,DIVIDED,POSITIVE MEDIAN BARRIER;DAYLIGHT;CLEAR;0;0;;STOP AND GO SIGNAL;PASSENGER CAR;SPORT UTILITY;NONE;NONE;;2019-04-10T17:42:31-04:00;2019;No;No;4;17
118 FEET FROM HWY 54 (CHAPEL HILL RD);TWO-WAY,DIVIDED,UNPROTECTED MEDIAN;DAYLIGHT;RAIN;0;0;;STOP AND GO SIGNAL;VAN;PASSENGER CAR;NONE;NONE;;2019-04-12T19:25:40-04:00;2019;No;No;4;19
50 FEET FROM PVA OF 8322 CHAPEL HILL RD;NONE;NONE;NONE;0;0;;;SPORT UTILITY;NONE;NONE;NONE;;2019-04-05T21:59:00-04:00;2019;No;No;4;21
CARY;TWO-WAY,DIVIDED,UNPROTECTED MEDIAN;DARK - LIGHTED ROADWAY;RAIN;0;2;;STOP SIGN;PASSENGER CAR;PASSENGER CAR;NONE;NONE;;2019-04-12T19:34:12-04:00;2019;No;Yes;4;19
20 FEET FROM SR 1652 N HARRISON AV;TWO-WAY,NOT DIVIDED;DAYLIGHT;RAIN;0;0;;STOP AND GO SIGNAL;SPORT UTILITY;SPORT UTILITY;NONE;NONE;;2019-04-12T14:02:22-04:00;2019;No;No;4;14
200 FEET FROM SR 1300 (KILDAIRE FARM RD);TWO-WAY,DIVIDED,POSITIVE MEDIAN BARRIER;DAYLIGHT;CLEAR;0;0;;NO CONTROL PRESENT;PASSENGER CAR;SPORT UTILITY;NONE;NONE;;2019-04-14T12:44:00-04:00;2019;No;No;4;12
.32 MILES FROM P.V.A. (427 CROSSROADS BLVD);TWO-WAY,NOT DIVIDED;DAYLIGHT;CLEAR;0;0;;NO CONTROL PRESENT;PASSENGER CAR;SPORT UTILITY;NONE;NONE;;2019-04-15T17:47:25-04:00;2019;No;No;4;17
200 FEET FROM P.V.A. (2021 WALNUT ST);TWO-WAY,NOT DIVIDED;DAYLIGHT;CLEAR;0;0;;NO CONTROL PRESENT;PASSENGER CAR;SPORT UTILITY;NONE;NONE;;2019-04-15T13:52:00-04:00;2019;No;No;4;13
100 FEET FROM SR 1300 (KILDAIRE FARM RD);TWO-WAY,DIVIDED,UNPROTECTED MEDIAN;DAYLIGHT;CLEAR;0;0;;NO CONTROL PRESENT;SPORT UTILITY;PASSENGER CAR;NONE;NONE;;2019-04-15T16:25:24-04:00;2019;No;No;4;16
100 FEET FROM US 64;TWO-WAY,DIVIDED,POSITIVE MEDIAN BARRIER;DAYLIGHT;CLEAR;0;0;;NO CONTROL PRESENT;SPORT UTILITY;SPORT UTILITY;PICKUP;NONE;;2019-04-16T12:00:00-04:00;2019;No;No;4;12
20 FEET FROM NC 540 HWY EXIT 66B;ONE-WAY,NOT DIVIDED;DAYLIGHT;CLOUDY;0;0;;STOP AND GO SIGNAL;VAN;PASSENGER CAR;NONE;NONE;;2019-04-17T16:58:35-04:00;2019;No;No;4;16
CARY;TWO-WAY,DIVIDED,UNPROTECTED MEDIAN;DAYLIGHT;CLEAR;0;0;;;PASSENGER CAR;PASSENGER CAR;NONE;NONE;;2019-04-18T18:53:52-04:00;2019;No;No;4;18
.50 MILES FROM US 1 HWY;TWO-WAY,DIVIDED,POSITIVE MEDIAN BARRIER;DAYLIGHT;CLEAR;0;0;;NO CONTROL PRESENT;PASSENGER CAR;PICKUP;PASSENGER CAR;NONE;;2019-04-18T19:06:00-04:00;2019;No;No;4;19
100 FEET FROM 2700 MACEDONIA RD PVA;TWO-WAY,NOT DIVIDED;DAYLIGHT;RAIN;0;0;;NO CONTROL PRESENT;SINGLE UNIT TRUCK (2-AXLE- 6-TIRE);NONE;NONE;NONE;;2019-04-19T09:58:10-04:00;2019;No;No;4;09
40 FEET FROM NC 55 HWY;TWO-WAY,DIVIDED,UNPROTECTED MEDIAN;DAYLIGHT;CLEAR;0;0;;STOP AND GO SIGNAL;PASSENGER CAR;PASSENGER CAR;NONE;NONE;;2019-04-18T15:07:07-04:00;2019;No;No;4;15
40 FEET FROM SR-3977 (SW CARY PKWY);TWO-WAY,DIVIDED,UNPROTECTED MEDIAN;DAYLIGHT;RAIN;0;0;;STOP AND GO SIGNAL;PASSENGER CAR;SPORT UTILITY;NONE;NONE;;2019-04-19T13:49:09-04:00;2019;No;No;4;13
0 FEET FROM SR1653 (EVANS RD);TWO-WAY,DIVIDED,UNPROTECTED MEDIAN;DAYLIGHT;RAIN;0;0;;STOP SIGN;PASSENGER CAR;PASSENGER CAR;NONE;NONE;;2019-04-19T12:44:00-04:00;2019;No;No;4;12
479 FEET FROM PVA OF 2330 WALNUT ST;TWO-WAY,NOT DIVIDED;DAYLIGHT;CLEAR;0;0;;NO CONTROL PRESENT;SPORT UTILITY;SPORT UTILITY;NONE;NONE;;2019-04-18T17:59:18-04:00;2019;No;No;4;17
0 FEET FROM SR1300 (KILDAIRE FARM RD);TWO-WAY,NOT DIVIDED;DAYLIGHT;CLOUDY;0;0;;STOP AND GO SIGNAL;SPORT UTILITY;VAN;NONE;NONE;;2019-04-19T14:29:22-04:00;2019;No;No;4;14
5 FEET FROM (P.V.A.) 4801 SW CARY PKWY;ONE-WAY,NOT DIVIDED;DAYLIGHT;CLOUDY;0;0;;STOP SIGN;SPORT UTILITY;SPORT UTILITY;NONE;NONE;;2019-04-19T16:07:56-04:00;2019;No;No;4;16
100 FEET FROM 204 CROSSROADS BLVD;TWO-WAY,NOT DIVIDED;DAYLIGHT;CLOUDY;0;0;;NO CONTROL PRESENT;PASSENGER CAR;PASSENGER CAR;NONE;NONE;;2019-04-20T18:24:11-04:00;2019;No;No;4;18
50 FEET FROM SR 1652 (N. HARRISON AVE);TWO-WAY,DIVIDED,UNPROTECTED MEDIAN;DARK - LIGHTED ROADWAY;CLOUDY;0;0;;NO CONTROL PRESENT;PASSENGER CAR;NONE;NONE;NONE;;2019-04-20T02:01:48-04:00;2019;No;No;4;02
350 FEET FROM SR 1315 (BUCK JONES RD);TWO-WAY,NOT DIVIDED;DAYLIGHT;CLOUDY;0;0;;NO CONTROL PRESENT;SPORT UTILITY;PASSENGER CAR;NONE;NONE;;2019-04-20T10:32:00-04:00;2019;No;No;4;10
136 FEET FROM PVA SECU (2700 MACEDONIA RD);TWO-WAY,NOT DIVIDED;DAYLIGHT;CLEAR;0;0;;NO CONTROL PRESENT;SPORT UTILITY;PASSENGER CAR;NONE;NONE;;2019-04-22T11:46:00-04:00;2019;No;No;4;11
.1 MILES FROM SR 3977 (NW CARY PKWY);TWO-WAY,DIVIDED,UNPROTECTED MEDIAN;DAYLIGHT;CLEAR;0;0;;NO CONTROL PRESENT;PASSENGER CAR;PASSENGER CAR;NONE;NONE;;2019-04-22T16:30:46-04:00;2019;No;No;4;16
350 FEET FROM P.V.A. 1105 WALNUT ST;TWO-WAY,NOT DIVIDED;DAYLIGHT;CLEAR;0;0;;NO CONTROL PRESENT;PASSENGER CAR;SPORT UTILITY;NONE;NONE;;2019-04-22T17:37:23-04:00;2019;No;No;4;17
.09 MILES FROM P.V.A. (2010 KILDAIRE FARM RD);ONE-WAY,NOT DIVIDED;DAYLIGHT;CLEAR;0;0;;NO CONTROL PRESENT;SPORT UTILITY;SPORT UTILITY;NONE;NONE;;2019-04-20T17:19:11-04:00;2019;No;No;4;17
150 FEET FROM COLONADES WAY;TWO-WAY,DIVIDED,UNPROTECTED MEDIAN;DAYLIGHT;CLEAR;0;0;;STOP SIGN;SPORT UTILITY;PICKUP;NONE;NONE;;2019-04-23T17:33:21-04:00;2019;No;No;4;17
15 FEET FROM 638 WALNUT ST;TWO-WAY,NOT DIVIDED;DAYLIGHT;CLEAR;0;0;;NO CONTROL PRESENT;PASSENGER CAR;PASSENGER CAR;NONE;NONE;;2019-04-24T08:21:36-04:00;2019;No;No;4;08
100 FEET FROM PVA 115 KILDAIRE FARM RD;ONE-WAY,NOT DIVIDED;DAYLIGHT;CLEAR;0;0;;NO CONTROL PRESENT;VAN;PASSENGER CAR;NONE;NONE;;2019-04-24T10:36:00-04:00;2019;No;No;4;10
20 FEET FROM S.R.1615 (HIGH HOUSE RD);TWO-WAY,DIVIDED,UNPROTECTED MEDIAN;DAYLIGHT;CLEAR;0;0;;STOP AND GO SIGNAL;SPORT UTILITY;PASSENGER CAR;NONE;NONE;;2019-04-24T16:38:24-04:00;2019;No;No;4;16
75 FEET FROM 746 E. CHATHAM ST (PVA);TWO-WAY,NOT DIVIDED;DAYLIGHT;CLEAR;0;0;;NO CONTROL PRESENT;VAN;SPORT UTILITY;NONE;NONE;;2019-04-24T17:44:32-04:00;2019;No;No;4;17
30 FEET FROM P.V.A. 1937 HIGH HOUSE RD;ONE-WAY,NOT DIVIDED;DAYLIGHT;CLEAR;0;0;;NO CONTROL PRESENT;SPORT UTILITY;VAN;NONE;NONE;;2019-04-24T17:46:52-04:00;2019;No;No;4;17
10 FEET FROM PRESTON OAKS LN;TWO-WAY,NOT DIVIDED;DAYLIGHT;CLEAR;0;0;;STOP SIGN;PASSENGER CAR;PASSENGER CAR;NONE;NONE;;2019-04-24T08:54:14-04:00;2019;No;No;4;08
18 FEET FROM BRANNIFF DR;TWO-WAY,NOT DIVIDED;DAYLIGHT;CLEAR;0;0;;STOP SIGN;NONE;NONE;NONE;NONE;;2019-04-24T16:24:28-04:00;2019;No;No;4;16
185 FEET FROM S.R. 1632 (LOUIS STEPHENS DR);TWO-WAY,NOT DIVIDED;DAYLIGHT;CLOUDY;0;0;;STOP AND GO SIGNAL;PASSENGER CAR;PASSENGER CAR;NONE;NONE;;2019-04-26T14:36:33-04:00;2019;No;No;4;14
475 FEET FROM SR 1415 (SE MAYNARD RD);TWO-WAY,DIVIDED,UNPROTECTED MEDIAN;DAYLIGHT;CLEAR;0;0;;NO CONTROL PRESENT;PASSENGER CAR;SPORT UTILITY;NONE;NONE;;2019-04-27T13:55:30-04:00;2019;No;No;4;13
CARY;TWO-WAY,NOT DIVIDED;DAYLIGHT;CLEAR;0;0;;STOP SIGN;SPORT UTILITY;SPORT UTILITY;NONE;NONE;;2019-04-27T11:01:00-04:00;2019;No;No;4;11
401 FEET FROM PLEASANT GROVE CHURCH RD;TWO-WAY,NOT DIVIDED;DUSK;CLOUDY;0;0;;NO CONTROL PRESENT;PASSENGER CAR;PICKUP;NONE;NONE;;2019-04-26T20:52:50-04:00;2019;No;No;4;20
150 FEET FROM P.V.A. OF 1253 BUCK JONES RD;TWO-WAY,NOT DIVIDED;DAYLIGHT;CLEAR;0;0;;NO CONTROL PRESENT;SPORT UTILITY;SPORT UTILITY;NONE;NONE;;2019-04-23T16:05:00-04:00;2019;No;No;4;16
0 FEET FROM SR 1415 (SE MAYNARD RD);TWO-WAY,DIVIDED,POSITIVE MEDIAN BARRIER;DAYLIGHT;CLEAR;0;0;;STOP AND GO SIGNAL;SPORT UTILITY;VAN;NONE;NONE;;2019-04-27T11:00:00-04:00;2019;No;No;4;11
CARY;TWO-WAY,NOT DIVIDED;DAYLIGHT;CLEAR;0;0;;STOP AND GO SIGNAL;PASSENGER CAR;PASSENGER CAR;NONE;NONE;;2019-04-27T07:44:06-04:00;2019;No;No;4;07
245 FEET FROM PVA HOME DEPOT(2031 WALNUT ST);TWO-WAY,NOT DIVIDED;DAYLIGHT;CLEAR;0;0;;NO CONTROL PRESENT;PASSENGER CAR;NONE;NONE;NONE;;2019-04-27T16:54:44-04:00;2019;No;No;4;16
10 FEET FROM SR 1300 (KILDAIRE FARM RD);TWO-WAY,DIVIDED,UNPROTECTED MEDIAN;DAYLIGHT;CLEAR;0;0;;STOP AND GO SIGNAL;PASSENGER CAR;SPORT UTILITY;NONE;NONE;;2019-04-28T11:01:00-04:00;2019;No;No;4;11
CARY;TWO-WAY,NOT DIVIDED;DAYLIGHT;CLEAR;0;0;;STOP SIGN;SPORT UTILITY;PASSENGER CAR;NONE;NONE;;2019-04-28T15:45:23-04:00;2019;No;No;4;15
100 FEET FROM SR 1415 (NE MAYNARD RD);TWO-WAY,DIVIDED,UNPROTECTED MEDIAN;DAYLIGHT;CLEAR;0;0;;STOP AND GO SIGNAL;PASSENGER CAR;SPORT UTILITY;NONE;NONE;;2019-04-29T17:25:21-04:00;2019;No;No;4;17
.50 MILES FROM SR 5808 (E CHATHAM ST);TWO-WAY,NOT DIVIDED;DAYLIGHT;CLEAR;0;0;;NO CONTROL PRESENT;PICKUP;PASSENGER CAR;NONE;NONE;;2019-04-30T08:55:48-04:00;2019;No;No;4;08
CARY;TWO-WAY,DIVIDED,UNPROTECTED MEDIAN;DAYLIGHT;CLEAR;0;0;;STOP AND GO SIGNAL;SPORT UTILITY;PASSENGER CAR;NONE;NONE;;2019-04-30T09:00:37-04:00;2019;No;No;4;09
CARY;TWO-WAY,NOT DIVIDED;DAYLIGHT;CLEAR;0;0;;STOP SIGN;SPORT UTILITY;SPORT UTILITY;NONE;NONE;;2019-04-30T17:26:38-04:00;2019;No;No;4;17