Location_Description;Road_Configuration;Light_Condition;Weather;Fatality;Injury;Contributing_Factor;Traffic_Control;Vehicle1;Vehicle2;Vehicle3;Vehicle4;Vehicle5;Crash_Date;year;Fatalities;Injuries;Month;Hour
.1 MILES FROM S.R. 1613 (DAVIS DR);TWO-WAY,DIVIDED,UNPROTECTED MEDIAN;DAYLIGHT;CLEAR;0;0;;NO CONTROL PRESENT;PASSENGER CAR;PASSENGER CAR;PASSENGER CAR;NONE;;2019-05-01T17:53:26-04:00;2019;No;No;5;17
200 FEET FROM PVA 116 NORTHINGTON PL;TWO-WAY,NOT DIVIDED;DAYLIGHT;CLEAR;0;0;;NO CONTROL PRESENT;PASSENGER CAR;SINGLE UNIT TRUCK (2-AXLE- 6-TIRE);NONE;NONE;;2019-04-30T10:06:00-04:00;2019;No;No;4;10
200 FEET FROM MEETING ST;TWO-WAY,NOT DIVIDED;DAYLIGHT;CLEAR;0;0;;NO CONTROL PRESENT;PICKUP;PASSENGER CAR;NONE;NONE;;2019-05-01T17:32:17-04:00;2019;No;No;5;17
30 FEET FROM SR 3977 (CARY PKWY);TWO-WAY,DIVIDED,UNPROTECTED MEDIAN;DAYLIGHT;CLEAR;0;0;;STOP AND GO SIGNAL;PASSENGER CAR;PASSENGER CAR;NONE;NONE;;2019-05-01T19:26:15-04:00;2019;No;No;5;19
20 FEET FROM SR 1315 BUCK JONES RD;TWO-WAY,DIVIDED,POSITIVE MEDIAN BARRIER;DAYLIGHT;CLEAR;0;0;;STOP AND GO SIGNAL;SINGLE UNIT TRUCK (2-AXLE- 6-TIRE);PASSENGER CAR;NONE;NONE;;2019-05-02T10:52:00-04:00;2019;No;No;5;10
100 FEET FROM SR 1300 (KILDAIRE FARM RD);TWO-WAY,DIVIDED,POSITIVE MEDIAN BARRIER;DAYLIGHT;CLEAR;0;0;;NO CONTROL PRESENT;PASSENGER CAR;PASSENGER CAR;NONE;NONE;;2019-05-02T13:33:12-04:00;2019;No;No;5;13
0.4 MILES FROM US 1 HWY;TWO-WAY,DIVIDED,POSITIVE MEDIAN BARRIER;DAYLIGHT;CLEAR;1;0;;NO CONTROL PRESENT;NONE;PICKUP;NONE;NONE;;2019-04-30T16:09:10-04:00;2019;Yes;No;4;16
CARY;TWO-WAY,NOT DIVIDED;DAYLIGHT;CLEAR;0;0;;STOP SIGN;PASSENGER CAR;PASSENGER CAR;NONE;NONE;;2019-05-03T11:50:00-04:00;2019;No;No;5;11
.4 MILES FROM US 1 HWY;TWO-WAY,DIVIDED,POSITIVE MEDIAN BARRIER;DARK - LIGHTED ROADWAY;CLOUDY;0;0;;NO CONTROL PRESENT;PASSENGER CAR;PASSENGER CAR;NONE;NONE;;2019-05-05T20:58:52-04:00;2019;No;No;5;20
.1 MILES FROM US 1 HWY;TWO-WAY,DIVIDED,UNPROTECTED MEDIAN;DAYLIGHT;CLOUDY;0;0;;NO CONTROL PRESENT;VAN;PASSENGER CAR;NONE;NONE;;2019-05-05T13:10:25-04:00;2019;No;No;5;13
150 FEET FROM ROSEPINE DR;TWO-WAY,NOT DIVIDED;DAYLIGHT;CLOUDY;0;0;;NO CONTROL PRESENT;PASSENGER CAR;PASSENGER CAR;NONE;NONE;;2019-05-05T15:49:02-04:00;2019;No;No;5;15
0 FEET FROM SR 1415 (SE MAYNARD RD);TWO-WAY,DIVIDED,UNPROTECTED MEDIAN;DAYLIGHT;CLEAR;0;1;;STOP SIGN;PASSENGER CAR;PASSENGER CAR;NONE;NONE;;2019-05-04T11:51:00-04:00;2019;No;Yes;5;11
121 FEET FROM US 64;TWO-WAY,DIVIDED,UNPROTECTED MEDIAN;DAYLIGHT;CLEAR;0;0;;NO CONTROL PRESENT;SPORT UTILITY;PICKUP;NONE;NONE;;2019-05-04T13:43:40-04:00;2019;No;No;5;13
400 FEET FROM P.V.A. (204 CROSSROADS BLVD);TWO-WAY,NOT DIVIDED;DAYLIGHT;CLEAR;0;0;;NO CONTROL PRESENT;PASSENGER CAR;PASSENGER CAR;NONE;NONE;;2019-05-04T14:50:30-04:00;2019;No;No;5;14
15 FEET FROM MARSHFIELD PL;TWO-WAY,NOT DIVIDED;DAYLIGHT;CLEAR;0;0;;NO CONTROL PRESENT;PASSENGER CAR;PICKUP;NONE;NONE;;2019-04-30T22:06:00-04:00;2019;No;No;4;22
0 FEET FROM SR 1415 (SE MAYNARD RD);NONE;NONE;NONE;0;1;;;NONE;NONE;NONE;NONE;;2019-05-04T11:42:00-04:00;2019;No;Yes;5;11
10 FEET FROM SR 3977 (CARY PKWY);TWO-WAY,DIVIDED,POSITIVE MEDIAN BARRIER;DAYLIGHT;CLEAR;0;0;;STOP SIGN;PASSENGER CAR;SPORT UTILITY;NONE;NONE;;2019-05-06T16:35:28-04:00;2019;No;No;5;16
CARY;TWO-WAY,DIVIDED,UNPROTECTED MEDIAN;DAYLIGHT;CLEAR;0;0;;STOP SIGN;PASSENGER CAR;VAN;NONE;NONE;;2019-05-06T14:56:52-04:00;2019;No;No;5;14
300 FEET FROM P.V.A. 3655 SR 3977 (SW CARY P;TWO-WAY,NOT DIVIDED;DAYLIGHT;CLEAR;0;0;;NO CONTROL PRESENT;SPORT UTILITY;PICKUP;NONE;NONE;;2019-05-06T03:06:08-04:00;2019;No;No;5;03
100 FEET FROM SR 3977 (SW CARY PKWY);TWO-WAY,DIVIDED,POSITIVE MEDIAN BARRIER;DAYLIGHT;CLEAR;0;0;;NO CONTROL PRESENT;PASSENGER CAR;PICKUP;NONE;NONE;;2019-05-07T09:16:13-04:00;2019;No;No;5;09
200 FEET FROM 204 CROSSROADS BLVD PVA;TWO-WAY,NOT DIVIDED;DAYLIGHT;CLEAR;0;0;;NO CONTROL PRESENT;PASSENGER CAR;PASSENGER CAR;NONE;NONE;;2019-05-07T13:10:45-04:00;2019;No;No;5;13
.10 MILES FROM P.V.A. 1253 BUCK JONES RD;TWO-WAY,NOT DIVIDED;DAYLIGHT;CLEAR;0;0;;NO CONTROL PRESENT;PASSENGER CAR;PASSENGER CAR;NONE;NONE;;2019-05-07T19:15:29-04:00;2019;No;No;5;19
146 FEET FROM PVA OF SR 1300 (1301 KILDAIRE;TWO-WAY,DIVIDED,UNPROTECTED MEDIAN;DAYLIGHT;CLEAR;0;0;;NO CONTROL PRESENT;SPORT UTILITY;SPORT UTILITY;NONE;NONE;;2019-05-07T20:24:48-04:00;2019;No;No;5;20
100 FEET FROM P.V.A. (150 WRENN DR);TWO-WAY,NOT DIVIDED;DAYLIGHT;CLEAR;0;1;;NO CONTROL PRESENT;PASSENGER CAR;NONE;NONE;NONE;;2019-05-09T13:30:26-04:00;2019;No;Yes;5;13
30 FEET FROM 123 LANTERN RIDGE;NONE;DAYLIGHT;CLEAR;0;0;;NO CONTROL PRESENT;PASSENGER CAR;VAN;NONE;NONE;;2019-05-09T09:16:55-04:00;2019;No;No;5;09
0 FEET FROM SR1300 (KILDAIRE FARM RD);TWO-WAY,DIVIDED,UNPROTECTED MEDIAN;DAYLIGHT;CLEAR;0;0;;STOP AND GO SIGNAL;PICKUP;VAN;PASSENGER CAR;NONE;;2019-05-02T14:50:55-04:00;2019;No;No;5;14
300 FEET FROM P.V.A. 2101 WALNUT ST;TWO-WAY,NOT DIVIDED;DAYLIGHT;CLEAR;0;0;;NO CONTROL PRESENT;PASSENGER CAR;PASSENGER CAR;NONE;NONE;;2019-05-09T14:50:24-04:00;2019;No;No;5;14
CARY;TWO-WAY,NOT DIVIDED;DAYLIGHT;CLEAR;0;0;;NO CONTROL PRESENT;SPORT UTILITY;NONE;NONE;NONE;;2019-05-09T20:09:21-04:00;2019;No;No;5;20
CARY;TWO-WAY,DIVIDED,UNPROTECTED MEDIAN;DAYLIGHT;CLEAR;0;0;;STOP AND GO SIGNAL;SPORT UTILITY;PASSENGER CAR;NONE;NONE;;2019-05-10T07:52:38-04:00;2019;No;No;5;07
250 FEET FROM NC 54 CHAPLE HILL RD;ONE-WAY,NOT DIVIDED;DAYLIGHT;CLOUDY;0;0;;NO CONTROL PRESENT;SPORT UTILITY;PASSENGER CAR;SPORT UTILITY;NONE;;2019-05-10T12:35:00-04:00;2019;No;No;5;12
.25 MILES FROM US 1 HWY;TWO-WAY,DIVIDED,POSITIVE MEDIAN BARRIER;DAYLIGHT;CLOUDY;0;0;;NO CONTROL PRESENT;PICKUP;PASSENGER CAR;NONE;NONE;;2019-05-10T16:33:52-04:00;2019;No;No;5;16
10 FEET FROM NC 55;TWO-WAY,DIVIDED,UNPROTECTED MEDIAN;DARK - LIGHTED ROADWAY;CLEAR;0;0;;STOP AND GO SIGNAL;PASSENGER CAR;PASSENGER CAR;SPORT UTILITY;NONE;;2019-05-10T21:00:23-04:00;2019;No;No;5;21
CARY;TWO-WAY,NOT DIVIDED;DAYLIGHT;CLEAR;0;0;;STOP AND GO SIGNAL;PICKUP;PICKUP;NONE;NONE;;2019-05-11T07:49:14-04:00;2019;No;No;5;07
CARY;TWO-WAY,DIVIDED,POSITIVE MEDIAN BARRIER;DAYLIGHT;CLEAR;0;1;;YIELD SIGN;PASSENGER CAR;PASSENGER CAR;NONE;NONE;;2019-05-08T20:36:04-04:00;2019;No;Yes;5;20
0 FEET FROM (SR 1652) N HARRISON AVE;TWO-WAY,NOT DIVIDED;DAYLIGHT;CLEAR;0;1;;STOP AND GO SIGNAL;PASSENGER CAR;PASSENGER CAR;NONE;NONE;;2019-05-12T02:39:02-04:00;2019;No;Yes;5;02
0.19 MILES FROM P.V.A. 7129 SR 1628 (OKELLY CH;TWO-WAY,NOT DIVIDED;DAYLIGHT;CLOUDY;0;0;;NO CONTROL PRESENT;SPORT UTILITY;SPORT UTILITY;NONE;NONE;;2019-05-12T14:35:28-04:00;2019;No;No;5;14
100 FEET FROM US 1 HWY;TWO-WAY,DIVIDED,POSITIVE MEDIAN BARRIER;DAYLIGHT;CLOUDY;0;0;;NO CONTROL PRESENT;PASSENGER CAR;SPORT UTILITY;NONE;NONE;;2019-05-13T14:46:33-04:00;2019;No;No;5;14
5 FEET FROM DURHAM RD;ONE-WAY,NOT DIVIDED;DAYLIGHT;CLEAR;0;0;;STOP SIGN;PASSENGER CAR;PASSENGER CAR;NONE;NONE;;2019-05-13T22:51:00-04:00;2019;No;No;5;22
CARY;TWO-WAY,DIVIDED,UNPROTECTED MEDIAN;DAYLIGHT;CLEAR;0;0;;STOP SIGN;PASSENGER CAR;PASSENGER CAR;NONE;NONE;;2019-05-13T17:27:11-04:00;2019;No;No;5;17
CARY;TWO-WAY,NOT DIVIDED;DARK - LIGHTED ROADWAY;CLEAR;0;0;;STOP AND GO SIGNAL;PASSENGER CAR;PASSENGER CAR;NONE;NONE;;2019-05-09T01:56:43-04:00;2019;No;No;5;01
CARY;TWO-WAY,NOT DIVIDED;DAYLIGHT;CLEAR;0;0;;NO CONTROL PRESENT;PASSENGER CAR;SPORT UTILITY;NONE;NONE;;2019-05-14T13:42:41-04:00;2019;No;No;5;13
87 FEET FROM SR 3081 (CHAPEL HILL RD);TWO-WAY,NOT DIVIDED;DAYLIGHT;CLEAR;0;0;;STOP AND GO SIGNAL;PICKUP;PASSENGER CAR;NONE;NONE;;2019-05-15T13:37:20-04:00;2019;No;No;5;13
0 FEET FROM SR 1615 (HIGH HOUSE RD);TWO-WAY,DIVIDED,UNPROTECTED MEDIAN;DAYLIGHT;CLEAR;0;0;;NO CONTROL PRESENT;PASSENGER CAR;SPORT UTILITY;NONE;NONE;;2019-05-15T18:18:27-04:00;2019;No;No;5;18
400 FEET FROM PVA OF 2370 WALNUT ST;TWO-WAY,NOT DIVIDED;DAYLIGHT;CLEAR;0;0;;STOP SIGN;PASSENGER CAR;SPORT UTILITY;NONE;NONE;;2019-05-14T08:16:11-04:00;2019;No;No;5;08
200 FEET FROM NC 55 HWY;TWO-WAY,DIVIDED,POSITIVE MEDIAN BARRIER;DAYLIGHT;CLOUDY;0;0;;STOP AND GO SIGNAL;PASSENGER CAR;SPORT UTILITY;NONE;NONE;;2019-05-17T08:20:58-04:00;2019;No;No;5;08
.12 MILES FROM 111 SHANNON OAKS CIRCLE (PVA);TWO-WAY,NOT DIVIDED;DAYLIGHT;CLEAR;0;0;;NO CONTROL PRESENT;PICKUP;PASSENGER CAR;NONE;NONE;;2019-05-16T13:17:45-04:00;2019;No;No;5;13
100 FEET FROM (P.V.A.) 2458 SW CARY PKWY;TWO-WAY,NOT DIVIDED;DAYLIGHT;CLEAR;0;0;;NO CONTROL PRESENT;PASSENGER CAR;NONE;NONE;NONE;;2019-05-12T11:11:00-04:00;2019;No;No;5;11
100 FEET FROM SR 1415 (SE MAYNARD RD);TWO-WAY,NOT DIVIDED;DAYLIGHT;CLEAR;0;0;;NO CONTROL PRESENT;PICKUP;VAN;NONE;NONE;;2019-05-16T21:34:32-04:00;2019;No;No;5;21
CARY;TWO-WAY,DIVIDED,UNPROTECTED MEDIAN;DAYLIGHT;CLEAR;0;0;;STOP AND GO SIGNAL;SPORT UTILITY;PASSENGER CAR;NONE;NONE;;2019-05-18T22:29:00-04:00;2019;No;No;5;22
267 FEET FROM P.V.A (237 CROSSROADS BLVD.);TWO-WAY,NOT DIVIDED;DAYLIGHT;CLEAR;0;0;;NO CONTROL PRESENT;PASSENGER CAR;PASSENGER CAR;NONE;NONE;;2019-05-18T20:09:06-04:00;2019;No;No;5;20
415 FEET FROM SR1152 (HOLLY SPRINGS RD);TWO-WAY,NOT DIVIDED;DAYLIGHT;CLEAR;0;0;FAILURE TO YIELD RIGHT OF WAY;NO CONTROL PRESENT;SPORT UTILITY;PICKUP;NONE;NONE;;2019-05-18T14:05:54-04:00;2019;No;No;5;14
250 FEET FROM PVA 1105 WALNUT ST;ONE-WAY,NOT DIVIDED;DAYLIGHT;CLEAR;0;0;;NO CONTROL PRESENT;PASSENGER CAR;PASSENGER CAR;NONE;NONE;;2019-05-19T20:41:58-04:00;2019;No;No;5;20
55 FEET FROM SR 1009 (TRYON RD);TWO-WAY,DIVIDED,UNPROTECTED MEDIAN;DAYLIGHT;CLEAR;0;0;;STOP AND GO SIGNAL;SPORT UTILITY;SPORT UTILITY;NONE;NONE;;2019-05-18T18:08:29-04:00;2019;No;No;5;18
361 FEET FROM SR 1615 (HIGH HOUSE RD);TWO-WAY,NOT DIVIDED;DAYLIGHT;CLEAR;0;1;;NO CONTROL PRESENT;PASSENGER CAR;PASSENGER CAR;NONE;NONE;;2019-05-20T21:25:20-04:00;2019;No;Yes;5;21
300 FEET FROM SR1415 (SE MAYNARD RD);TWO-WAY,NOT DIVIDED;DAYLIGHT;CLEAR;0;0;;STOP SIGN;SPORT UTILITY;SPORT UTILITY;NONE;NONE;;2019-05-21T07:04:35-04:00;2019;No;No;5;07
50 FEET FROM AEROGLADE DR;TWO-WAY,NOT DIVIDED;DAYLIGHT;CLEAR;0;0;;STOP SIGN;PICKUP;PASSENGER CAR;NONE;NONE;;2019-05-21T12:37:00-04:00;2019;No;No;5;12
44 FEET FROM STURDIVANT DR;TWO-WAY,NOT DIVIDED;DAYLIGHT;CLEAR;0;0;;NO CONTROL PRESENT;PASSENGER CAR;PASSENGER CAR;NONE;NONE;;2019-05-21T12:31:00-04:00;2019;No;No;5;12
.1 MILES FROM PVA OF 500 GREGSON;TWO-WAY,NOT DIVIDED;DAYLIGHT;CLEAR;0;0;;NO CONTROL PRESENT;NONE;PASSENGER CAR;NONE;NONE;;2019-05-21T18:29:37-04:00;2019;No;No;5;18
CARY;TWO-WAY,NOT DIVIDED;DAYLIGHT;CLEAR;0;0;;NO CONTROL PRESENT;SPORT UTILITY;SPORT UTILITY;NONE;NONE;;2019-05-21T15:05:28-04:00;2019;No;No;5;15
300 FEET FROM P.V.A. OF 2370 WALNUT ST;TWO-WAY,NOT DIVIDED;DAYLIGHT;CLEAR;0;0;;NO CONTROL PRESENT;PASSENGER CAR;PASSENGER CAR;NONE;NONE;;2019-05-21T13:04:45-04:00;2019;No;No;5;13
100 FEET FROM TRINITY WOODS DR;TWO-WAY,NOT DIVIDED;NONE;CLEAR;0;0;;NO CONTROL PRESENT;SPORT UTILITY;SPORT UTILITY;NONE;NONE;;2019-05-22T10:38:00-04:00;2019;No;No;5;10
50 FEET FROM S.R.1615 (HIGH HOUSE RD);TWO-WAY,DIVIDED,UNPROTECTED MEDIAN;DAYLIGHT;CLEAR;0;0;;STOP AND GO SIGNAL;PASSENGER CAR;PASSENGER CAR;NONE;NONE;;2019-05-22T12:25:00-04:00;2019;No;No;5;12
200 FEET FROM SPRUCE ST;TWO-WAY,NOT DIVIDED;NONE;CLEAR;0;0;;NO CONTROL PRESENT;PASSENGER CAR;SPORT UTILITY;NONE;NONE;;2019-05-22T12:00:00-04:00;2019;No;No;5;12
CARY;TWO-WAY,NOT DIVIDED;DAYLIGHT;CLOUDY;0;0;;NO CONTROL PRESENT;PASSENGER CAR;PASSENGER CAR;NONE;NONE;;2019-05-22T13:21:30-04:00;2019;No;No;5;13
CARY;TWO-WAY,DIVIDED,UNPROTECTED MEDIAN;DAYLIGHT;CLEAR;0;0;;NO CONTROL PRESENT;PASSENGER CAR;NONE;NONE;NONE;;2019-05-22T16:37:12-04:00;2019;No;No;5;16
.05 MILES FROM PVA OF 7600 ROBERTS RD;TWO-WAY,NOT DIVIDED;DAYLIGHT;CLEAR;0;0;;NO CONTROL PRESENT;PASSENGER CAR;PASSENGER CAR;NONE;NONE;;2019-05-21T10:29:00-04:00;2019;No;No;5;10
.25 MILES FROM SR 1313 (WALNUT ST);TWO-WAY,NOT DIVIDED;DAYLIGHT;CLOUDY;0;0;;STOP SIGN;PICKUP;SPORT UTILITY;NONE;NONE;;2019-05-23T13:38:18-04:00;2019;No;No;5;13
100 FEET FROM SR 1615 (HIGH HOUSE RD);TWO-WAY,DIVIDED,UNPROTECTED MEDIAN;DAYLIGHT;CLEAR;0;1;;NO CONTROL PRESENT;PASSENGER CAR;PASSENGER CAR;PASSENGER CAR;NONE;;2019-05-22T16:56:18-04:00;2019;No;Yes;5;16
15 FEET FROM P.V.A. OF 2750 NC 55 HWY;TWO-WAY,NOT DIVIDED;DAYLIGHT;CLEAR;0;0;;STOP SIGN;PASSENGER CAR;PASSENGER CAR;NONE;NONE;;2019-05-23T19:36:01-04:00;2019;No;No;5;19
10 FEET FROM SR 3092 (S HARRISON AV);TWO-WAY,NOT DIVIDED;DARK - LIGHTED ROADWAY;CLEAR;0;1;;STOP AND GO SIGNAL;PASSENGER CAR;SPORT UTILITY;NONE;NONE;;2019-05-23T21:35:57-04:00;2019;No;Yes;5;21
150 FEET FROM SR# 1010 (TEN TEN RD);TWO-WAY,NOT DIVIDED;DAYLIGHT;CLEAR;0;0;;NO CONTROL PRESENT;PASSENGER CAR;PASSENGER CAR;NONE;NONE;;2019-05-23T17:02:08-04:00;2019;No;No;5;17
.10 MILES FROM P.V.A. 1961 SR 1615 (HIGH HOUS;TWO-WAY,NOT DIVIDED;DAYLIGHT;CLEAR;0;0;;NO CONTROL PRESENT;PASSENGER CAR;PASSENGER CAR;NONE;NONE;;2019-05-26T09:11:39-04:00;2019;No;No;5;09
5 FEET FROM WALLSBURG CT;TWO-WAY,NOT DIVIDED;DAYLIGHT;CLEAR;0;0;;NO CONTROL PRESENT;SPORT UTILITY;NONE;NONE;NONE;;2019-05-25T21:12:19-04:00;2019;No;No;5;21
.1 MILES FROM PVA OF 2370 WALNUT ST;TWO-WAY,NOT DIVIDED;DAYLIGHT;CLEAR;0;0;;NO CONTROL PRESENT;PASSENGER CAR;PASSENGER CAR;NONE;NONE;;2019-05-24T14:10:20-04:00;2019;No;No;5;14
CARY;TWO-WAY,DIVIDED,POSITIVE MEDIAN BARRIER;DAYLIGHT;CLEAR;0;0;;NO CONTROL PRESENT;PICKUP;PASSENGER CAR;NONE;NONE;;2019-05-25T18:18:23-04:00;2019;No;No;5;18
150 FEET FROM UNION MILLS WAY;TWO-WAY,NOT DIVIDED;DAYLIGHT;CLEAR;0;0;;NO CONTROL PRESENT;LIGHT TRUCK (MINI-VAN- PANEL);SPORT UTILITY;NONE;NONE;;2019-05-26T15:03:44-04:00;2019;No;No;5;15
.4 MILES FROM SR 1011 (E CHATHAM ST);TWO-WAY,NOT DIVIDED;DAYLIGHT;CLEAR;0;1;;STOP AND GO SIGNAL;PASSENGER CAR;SPORT UTILITY;PASSENGER CAR;NONE;;2019-05-28T10:04:00-04:00;2019;No;Yes;5;10
320 FEET FROM PVA OF 1393 SR 1300 (KILDAIRE;TWO-WAY,NOT DIVIDED;DAYLIGHT;CLEAR;0;0;;NO CONTROL PRESENT;PASSENGER CAR;SPORT UTILITY;NONE;NONE;;2019-05-28T17:17:55-04:00;2019;No;No;5;17
5 FEET FROM AIRPORT BLVD;TWO-WAY,DIVIDED,UNPROTECTED MEDIAN;DAYLIGHT;CLEAR;0;0;;STOP SIGN;PASSENGER CAR;PASSENGER CAR;NONE;NONE;;2019-05-29T08:19:44-04:00;2019;No;No;5;08
175 FEET FROM P.V.A. (113 ABINGDON CT);TWO-WAY,NOT DIVIDED;DAYLIGHT;CLEAR;0;0;;NO CONTROL PRESENT;PASSENGER CAR;PASSENGER CAR;NONE;NONE;;2019-05-29T15:57:10-04:00;2019;No;No;5;15
300 FEET FROM 3507 PONY SOLDIER DR;TWO-WAY,NOT DIVIDED;DAYLIGHT;CLEAR;0;0;;NO CONTROL PRESENT;SPORT UTILITY;PICKUP;NONE;NONE;;2019-05-29T17:59:59-04:00;2019;No;No;5;17
NEAR .12 MILES S OF S SR 1600 (GREEN LEVEL CHURCH RD;TWO-WAY,NOT DIVIDED;DAYLIGHT;CLEAR;0;0;;DOUBLE YELLOW LINE, NO PASSING ZONE;SPORT UTILITY;PASSENGER CAR;NONE;NONE;;2019-05-30T14:36:33-04:00;2019;No;No;5;14
50 FEET FROM PVA OF 1904 NW MAYNARD RD;TWO-WAY,NOT DIVIDED;DAYLIGHT;CLEAR;0;0;;NO CONTROL PRESENT;SPORT UTILITY;SPORT UTILITY;NONE;NONE;;2019-05-31T07:37:40-04:00;2019;No;No;5;07
0 FEET FROM ACADEMY STREET;TWO-WAY,NOT DIVIDED;DAYLIGHT;CLEAR;0;0;;STOP SIGN;PASSENGER CAR;PASSENGER CAR;NONE;NONE;;2019-05-31T11:19:00-04:00;2019;No;No;5;11
100 FEET FROM 1 HWY;TWO-WAY,DIVIDED,POSITIVE MEDIAN BARRIER;DAYLIGHT;CLEAR;0;0;;NO CONTROL PRESENT;SPORT UTILITY;PASSENGER CAR;NONE;NONE;;2019-05-30T07:56:08-04:00;2019;No;No;5;07
30 FEET FROM S. R. 1300(KILDAIRE FARM RD);TWO-WAY,NOT DIVIDED;DAYLIGHT;CLEAR;0;0;;NO CONTROL PRESENT;SPORT UTILITY;SPORT UTILITY;NONE;NONE;;2019-06-01T13:04:07-04:00;2019;No;No;6;13
125 FEET FROM NC 55 HWY;TWO-WAY,DIVIDED,UNPROTECTED MEDIAN;DAYLIGHT;CLEAR;0;0;;STOP AND GO SIGNAL;PICKUP;PASSENGER CAR;NONE;NONE;;2019-05-31T15:07:00-04:00;2019;No;No;5;15
10 FEET FROM SR 1653 (EVANS RD);TWO-WAY,NOT DIVIDED;DAYLIGHT;CLEAR;0;0;;STOP AND GO SIGNAL;PASSENGER CAR;PASSENGER CAR;NONE;NONE;;2019-05-31T15:47:41-04:00;2019;No;No;5;15
CARY;TWO-WAY,NOT DIVIDED;DARK - LIGHTED ROADWAY;CLEAR;0;1;;STOP AND GO SIGNAL;PASSENGER CAR;PASSENGER CAR;NONE;NONE;;2019-06-01T03:12:39-04:00;2019;No;Yes;6;03
300 FEET FROM S.R.1617(CARPENTER UPCHURCH RD;TWO-WAY,NOT DIVIDED;DAYLIGHT;CLEAR;0;0;;NO CONTROL PRESENT;SPORT UTILITY;PASSENGER CAR;NONE;NONE;;2019-05-30T07:19:07-04:00;2019;No;No;5;07
5 FEET FROM GREGORY DR;TWO-WAY,NOT DIVIDED;DAYLIGHT;CLEAR;0;1;;STOP AND GO SIGNAL;PASSENGER CAR;PASSENGER CAR;NONE;NONE;;2019-05-30T19:49:12-04:00;2019;No;Yes;5;19
CARY;TWO-WAY,DIVIDED,UNPROTECTED MEDIAN;DAYLIGHT;CLEAR;0;0;;STOP AND GO SIGNAL;SPORT UTILITY;PICKUP;NONE;NONE;;2019-05-31T13:12:41-04:00;2019;No;No;5;13
100 FEET FROM PALMWOOD CT;TWO-WAY,NOT DIVIDED;DARK - LIGHTED ROADWAY;CLEAR;0;0;;STOP SIGN;PASSENGER CAR;SPORT UTILITY;NONE;NONE;;2019-05-29T18:11:16-04:00;2019;No;No;5;18
300 FEET FROM SR 1307 (W CHATHAM ST);TWO-WAY,DIVIDED,UNPROTECTED MEDIAN;DAYLIGHT;CLEAR;0;2;;STOP SIGN;SPORT UTILITY;PASSENGER CAR;NONE;NONE;;2019-06-04T14:51:59-04:00;2019;No;Yes;6;14
CARY;TWO-WAY,NOT DIVIDED;DAYLIGHT;CLEAR;0;0;;NO CONTROL PRESENT;PASSENGER CAR;LIGHT TRUCK (MINI-VAN- PANEL);NONE;NONE;;2019-06-04T15:09:51-04:00;2019;No;No;6;15
0.25 MILES FROM PVA OF 1343 KILDARE FARM;TWO-WAY,NOT DIVIDED;DAYLIGHT;CLEAR;0;0;;STOP SIGN;SPORT UTILITY;PASSENGER CAR;NONE;NONE;;2019-06-04T18:46:16-04:00;2019;No;No;6;18
2 MILES FROM US 1;TWO-WAY,DIVIDED,POSITIVE MEDIAN BARRIER;DAYLIGHT;CLOUDY;0;0;;NO CONTROL PRESENT;PASSENGER CAR;VAN;NONE;NONE;;2019-06-05T15:52:40-04:00;2019;No;No;6;15
0 FEET FROM SR 1615 (HIGH HOUSE RD);TWO-WAY,NOT DIVIDED;DAYLIGHT;CLEAR;0;0;;STOP SIGN;PICKUP;SPORT UTILITY;NONE;NONE;;2019-06-05T15:24:38-04:00;2019;No;No;6;15
75 FEET FROM P.V.A. 8831 CHAPEL HILL RD;TWO-WAY,NOT DIVIDED;DAYLIGHT;CLEAR;0;0;;NO CONTROL PRESENT;PASSENGER CAR;VAN;NONE;NONE;;2019-06-06T08:44:59-04:00;2019;No;No;6;08
CARY;TWO-WAY,DIVIDED,POSITIVE MEDIAN BARRIER;DAYLIGHT;CLEAR;0;0;;STOP AND GO SIGNAL;PASSENGER CAR;PASSENGER CAR;PASSENGER CAR;NONE;;2019-06-06T16:31:39-04:00;2019;No;No;6;16
300 FEET FROM 64 HWY;TWO-WAY,DIVIDED,UNPROTECTED MEDIAN;DAYLIGHT;CLEAR;0;2;;NO CONTROL PRESENT;PASSENGER CAR;PASSENGER CAR;PASSENGER CAR;NONE;;2019-06-05T08:56:32-04:00;2019;No;Yes;6;08
CARY;TWO-WAY,NOT DIVIDED;DAYLIGHT;CLEAR;0;0;;STOP AND GO SIGNAL;PASSENGER CAR;SPORT UTILITY;NONE;NONE;;2019-06-06T14:29:24-04:00;2019;No;No;6;14
.2 MILES FROM PVA 6590 TRYON RD;TWO-WAY,NOT DIVIDED;DAYLIGHT;CLEAR;0;0;;NO CONTROL PRESENT;PASSENGER CAR;NONE;NONE;NONE;;2019-06-05T16:58:20-04:00;2019;No;No;6;16
150 FEET FROM NEW WAVERLY PL;TWO-WAY,DIVIDED,POSITIVE MEDIAN BARRIER;DAYLIGHT;CLEAR;0;0;;NO CONTROL PRESENT;SPORT UTILITY;PASSENGER CAR;NONE;NONE;;2019-06-06T14:44:46-04:00;2019;No;No;6;14
5 FEET FROM KIT CREEK RD;TWO-WAY,NOT DIVIDED;DAYLIGHT;NONE;0;0;;STOP AND GO SIGNAL;PASSENGER CAR;PASSENGER CAR;NONE;NONE;;2019-06-06T10:38:00-04:00;2019;No;No;6;10
CARY;TWO-WAY,NOT DIVIDED;DAYLIGHT;RAIN;0;2;;STOP SIGN;PASSENGER CAR;SPORT UTILITY;NONE;NONE;;2019-06-07T15:55:24-04:00;2019;No;Yes;6;15