Location_Description;Road_Configuration;Light_Condition;Weather;Fatality;Injury;Contributing_Factor;Traffic_Control;Vehicle1;Vehicle2;Vehicle3;Vehicle4;Vehicle5;Crash_Date;year;Fatalities;Injuries;Month;Hour
150 FEET FROM SR# 1313 (WALNUT ST);TWO-WAY,NOT DIVIDED;DAYLIGHT;CLOUDY;0;1;;NO CONTROL PRESENT;PASSENGER CAR;PASSENGER CAR;NONE;NONE;;2019-06-07T17:16:28-04:00;2019;No;Yes;6;17
100 FEET FROM POWERS FERRY RD.;TWO-WAY,NOT DIVIDED;DAYLIGHT;CLEAR;0;0;;NO CONTROL PRESENT;PASSENGER CAR;NONE;NONE;NONE;;2019-06-06T20:16:43-04:00;2019;No;No;6;20
0 FEET FROM SR 3073 (NW MAYNARD RD);TWO-WAY,DIVIDED,POSITIVE MEDIAN BARRIER;DAYLIGHT;CLOUDY;0;0;;STOP SIGN;PASSENGER CAR;PASSENGER CAR;NONE;NONE;;2019-06-06T17:18:38-04:00;2019;No;No;6;17
0 FEET FROM SR 1625 (GREEN LEVEL CHURCH);TWO-WAY,DIVIDED,UNPROTECTED MEDIAN;DAYLIGHT;CLOUDY;0;0;;STOP SIGN;PASSENGER CAR;VAN;NONE;NONE;;2019-06-10T17:44:41-04:00;2019;No;No;6;17
144 FEET FROM SR1010 (TEN TEN RD);TWO-WAY,NOT DIVIDED;DAYLIGHT;RAIN;0;1;;NO CONTROL PRESENT;PASSENGER CAR;SPORT UTILITY;PASSENGER CAR;NONE;;2019-06-10T17:18:42-04:00;2019;No;Yes;6;17
100 FEET FROM P.V.A. 1961 HIGH HOUSE RD;TWO-WAY,NOT DIVIDED;DAYLIGHT;CLEAR;0;0;;NO CONTROL PRESENT;PASSENGER CAR;PASSENGER CAR;NONE;NONE;;2019-06-08T00:16:00-04:00;2019;No;No;6;00
300 FEET FROM PVA (220 JAMES JACKSON AV);TWO-WAY,NOT DIVIDED;DAYLIGHT;CLEAR;0;0;;NO CONTROL PRESENT;NONE;NONE;NONE;NONE;;2019-06-10T12:18:00-04:00;2019;No;No;6;12
.14 MILES FROM SR 1415 (SE MAYNARD RD);TWO-WAY,NOT DIVIDED;DARK - LIGHTED ROADWAY;RAIN;0;1;;NO CONTROL PRESENT;SPORT UTILITY;PICKUP;NONE;NONE;;2019-06-07T08:21:04-04:00;2019;No;Yes;6;08
CARY;ONE-WAY,NOT DIVIDED;DARK - LIGHTED ROADWAY;CLEAR;0;0;;STOP AND GO SIGNAL;PASSENGER CAR;SPORT UTILITY;NONE;NONE;;2019-06-11T21:53:00-04:00;2019;No;No;6;21
150 FEET FROM SR 1313 (WALNUT ST);TWO-WAY,DIVIDED,UNPROTECTED MEDIAN;DAYLIGHT;CLOUDY;0;0;;STOP AND GO SIGNAL;SPORT UTILITY;PICKUP;NONE;NONE;;2019-06-11T07:53:29-04:00;2019;No;No;6;07
50 FEET FROM 2790 NC 55 HWY;TWO-WAY,NOT DIVIDED;DAYLIGHT;RAIN;0;0;;NO CONTROL PRESENT;PASSENGER CAR;PICKUP;NONE;NONE;;2019-06-12T07:58:52-04:00;2019;No;No;6;07
110 FEET FROM P.V.A. (100 INNOVATION AV);TWO-WAY,NOT DIVIDED;DAYLIGHT;CLOUDY;0;0;;NO CONTROL PRESENT;PASSENGER CAR;PASSENGER CAR;NONE;NONE;;2019-06-12T13:38:06-04:00;2019;No;No;6;13
.1 MILES FROM P.V.A. (404 PARKTON CT);NONE;NONE;NONE;0;0;;;PASSENGER CAR;NONE;NONE;NONE;;2019-04-30T00:00:00-04:00;2019;No;No;4;00
20 FEET FROM PEBBLE CREEK DR;TWO-WAY,NOT DIVIDED;DARK - ROADWAY NOT LIGHTED;CLEAR;0;0;;NO CONTROL PRESENT;PASSENGER CAR;NONE;NONE;NONE;;2019-06-13T01:39:53-04:00;2019;No;No;6;01
50 FEET FROM SR 3977 SE CARY PKWY;TWO-WAY,DIVIDED,POSITIVE MEDIAN BARRIER;DAYLIGHT;CLEAR;0;0;;NO CONTROL PRESENT;PASSENGER CAR;SPORT UTILITY;NONE;NONE;;2019-06-13T20:04:44-04:00;2019;No;No;6;20
CARY;TWO-WAY,DIVIDED,POSITIVE MEDIAN BARRIER;DAYLIGHT;CLEAR;0;0;;STOP AND GO SIGNAL;PASSENGER CAR;PASSENGER CAR;NONE;NONE;;2019-06-13T17:01:32-04:00;2019;No;No;6;17
20 FEET FROM SR 1624 (CARPENTER FIRE STATIO;TWO-WAY,NOT DIVIDED;DAYLIGHT;CLOUDY;0;0;;STOP AND GO SIGNAL;PICKUP;PASSENGER CAR;NONE;NONE;;2019-06-12T12:01:00-04:00;2019;No;No;6;12
30 FEET FROM SR3977 (SW CARY PKWY);TWO-WAY,DIVIDED,UNPROTECTED MEDIAN;DAYLIGHT;CLEAR;0;0;;STOP AND GO SIGNAL;VAN;PASSENGER CAR;NONE;NONE;;2019-06-16T12:41:00-04:00;2019;No;No;6;12
70 FEET FROM SR 3977 (SW CARY PWKY);TWO-WAY,DIVIDED,UNPROTECTED MEDIAN;DARK - LIGHTED ROADWAY;CLEAR;0;0;;NO CONTROL PRESENT;PASSENGER CAR;NONE;NONE;NONE;;2019-06-15T19:04:49-04:00;2019;No;No;6;19
100 FEET FROM US 1;TWO-WAY,DIVIDED,POSITIVE MEDIAN BARRIER;DAYLIGHT;CLEAR;0;0;;NO CONTROL PRESENT;PICKUP;NONE;NONE;NONE;;2019-06-14T20:07:16-04:00;2019;No;No;6;20
420 FEET FROM SR1747 (NW MAYNARD RD);TWO-WAY,NOT DIVIDED;DAYLIGHT;CLEAR;0;1;;STOP SIGN;PASSENGER CAR;PASSENGER CAR;NONE;NONE;;2019-06-14T19:30:39-04:00;2019;No;Yes;6;19
30 FEET FROM 300 DRY AV;TWO-WAY,NOT DIVIDED;DARK - LIGHTED ROADWAY;CLEAR;0;0;;NO CONTROL PRESENT;PASSENGER CAR;NONE;NONE;NONE;;2019-06-18T04:11:42-04:00;2019;No;No;6;04
40 FEET FROM TECUSEH CT;TWO-WAY,NOT DIVIDED;DAYLIGHT;CLEAR;0;0;;NO CONTROL PRESENT;PICKUP;SINGLE UNIT TRUCK (2-AXLE- 6-TIRE);NONE;NONE;;2019-06-16T11:27:00-04:00;2019;No;No;6;11
0 FEET FROM WESTON PKWY;NONE;NONE;NONE;0;0;;;NONE;NONE;NONE;NONE;;2019-06-18T10:23:00-04:00;2019;No;No;6;10
1.5 MILES FROM US 1 HIGHWAY;TWO-WAY,DIVIDED,POSITIVE MEDIAN BARRIER;DAYLIGHT;CLEAR;0;0;;NO CONTROL PRESENT;PASSENGER CAR;SPORT UTILITY;NONE;NONE;;2019-06-18T07:30:40-04:00;2019;No;No;6;07
10 FEET FROM FARMINGTON WOODS DR;TWO-WAY,NOT DIVIDED;DAYLIGHT;CLEAR;0;0;;NO CONTROL PRESENT;PASSENGER CAR;NONE;NONE;NONE;;2019-06-18T17:40:27-04:00;2019;No;No;6;17
320 FEET FROM P.V.A. (201 METLIFE WAY);TWO-WAY,NOT DIVIDED;DAYLIGHT;CLEAR;0;0;;NO CONTROL PRESENT;PASSENGER CAR;PASSENGER CAR;NONE;NONE;;2019-06-18T17:48:49-04:00;2019;No;No;6;17
100 FEET FROM CAROLYN CT;TWO-WAY,NOT DIVIDED;DARK - ROADWAY NOT LIGHTED;CLEAR;0;0;;NO CONTROL PRESENT;SPORT UTILITY;PASSENGER CAR;NONE;NONE;;2019-06-18T02:43:17-04:00;2019;No;No;6;02
5 FEET FROM JENKS CARPENTER RD;TWO-WAY,NOT DIVIDED;DAYLIGHT;CLOUDY;0;0;;STOP SIGN;SPORT UTILITY;PASSENGER CAR;NONE;NONE;;2019-06-18T18:23:06-04:00;2019;No;No;6;18
.1 MILES FROM P.P. (400 JAMES JACKSON AV);TWO-WAY,NOT DIVIDED;DAYLIGHT;CLEAR;0;0;;NO CONTROL PRESENT;PICKUP;PASSENGER CAR;NONE;NONE;;2019-06-20T07:49:15-04:00;2019;No;No;6;07
CARY;TWO-WAY,NOT DIVIDED;DAYLIGHT;CLOUDY;0;0;;STOP AND GO SIGNAL;SPORT UTILITY;VAN;NONE;NONE;;2019-06-22T17:11:50-04:00;2019;No;No;6;17
100 FEET FROM BIANCO DR;TWO-WAY,NOT DIVIDED;DAYLIGHT;CLEAR;0;0;;NO CONTROL PRESENT;SPORT UTILITY;SINGLE UNIT TRUCK (2-AXLE- 6-TIRE);NONE;NONE;;2019-06-22T08:42:54-04:00;2019;No;No;6;08
200 FEET FROM PIPER STREAM CIR;TWO-WAY,NOT DIVIDED;DAYLIGHT;CLEAR;0;0;;NO CONTROL PRESENT;PASSENGER CAR;NONE;NONE;NONE;;2019-06-21T14:14:59-04:00;2019;No;No;6;14
CARY;TWO-WAY,NOT DIVIDED;DAYLIGHT;CLEAR;0;0;;NO CONTROL PRESENT;SPORT UTILITY;PASSENGER CAR;NONE;NONE;;2019-06-24T13:32:10-04:00;2019;No;No;6;13
.239 MILES FROM US 1;TWO-WAY,DIVIDED,POSITIVE MEDIAN BARRIER;DAYLIGHT;CLEAR;0;0;;NO CONTROL PRESENT;PASSENGER CAR;SPORT UTILITY;NONE;NONE;;2019-06-24T17:42:33-04:00;2019;No;No;6;17
100 FEET FROM 1722 TROLLEYSTONE CT;TWO-WAY,NOT DIVIDED;DAYLIGHT;CLEAR;0;0;;NO CONTROL PRESENT;VAN;VAN;NONE;NONE;;2019-06-25T15:59:51-04:00;2019;No;No;6;15
230 FEET FROM SR 1652 (HARRISON AVE);TWO-WAY,DIVIDED,UNPROTECTED MEDIAN;DAYLIGHT;CLEAR;0;1;;STOP AND GO SIGNAL;PICKUP;SPORT UTILITY;NONE;NONE;;2019-06-24T13:49:50-04:00;2019;No;Yes;6;13
178 FEET FROM P.V.A. (973 N HARRISON AV);TWO-WAY,NOT DIVIDED;DAWN;CLEAR;0;0;;NO CONTROL PRESENT;NONE;PASSENGER CAR;NONE;NONE;;2019-06-24T22:17:00-04:00;2019;No;No;6;22
20 FEET FROM 2500 HIGHSTONE RD;TWO-WAY,NOT DIVIDED;DAYLIGHT;CLEAR;0;0;;NO CONTROL PRESENT;SPORT UTILITY;PASSENGER CAR;NONE;NONE;;2019-06-26T17:17:37-04:00;2019;No;No;6;17
0 FEET FROM SR 1625 (OKELLY CHAPEL RD);TWO-WAY,DIVIDED,UNPROTECTED MEDIAN;DAYLIGHT;CLEAR;0;1;;NO CONTROL PRESENT;PASSENGER CAR;VAN;NONE;NONE;;2019-06-26T09:43:04-04:00;2019;No;Yes;6;09
40 FEET FROM NC 54 (CHAPEL HILL RD);TWO-WAY,DIVIDED,UNPROTECTED MEDIAN;DAYLIGHT;CLEAR;0;0;;STOP AND GO SIGNAL;PASSENGER CAR;SPORT UTILITY;NONE;NONE;;2019-06-26T21:34:44-04:00;2019;No;No;6;21
CARY;TWO-WAY,DIVIDED,UNPROTECTED MEDIAN;DAYLIGHT;CLEAR;0;1;;NO CONTROL PRESENT;SPORT UTILITY;PASSENGER CAR;NONE;NONE;;2019-06-26T18:03:11-04:00;2019;No;Yes;6;18
.13 MILES FROM NC 55 HWY;TWO-WAY,DIVIDED,UNPROTECTED MEDIAN;DAYLIGHT;CLEAR;0;0;;STOP AND GO SIGNAL;PASSENGER CAR;SPORT UTILITY;NONE;NONE;;2019-06-26T07:54:21-04:00;2019;No;No;6;07
185 FEET FROM PVA OF 600 NEW WAVERLY PL;TWO-WAY,NOT DIVIDED;DAYLIGHT;CLEAR;0;0;;NO CONTROL PRESENT;PASSENGER CAR;SPORT UTILITY;NONE;NONE;;2019-06-21T12:11:00-04:00;2019;No;No;6;12
CARY;TWO-WAY,DIVIDED,POSITIVE MEDIAN BARRIER;DAYLIGHT;CLEAR;0;0;;STOP AND GO SIGNAL;PASSENGER CAR;NONE;NONE;NONE;;2019-06-28T12:07:00-04:00;2019;No;No;6;12
50 FEET FROM P.V.A. (160 NE MAYNARD RD);TWO-WAY,NOT DIVIDED;DAYLIGHT;CLEAR;0;0;;NO CONTROL PRESENT;PASSENGER CAR;NONE;NONE;NONE;;2019-06-28T15:52:28-04:00;2019;No;No;6;15
30 FEET FROM NC 55 HWY;TWO-WAY,DIVIDED,UNPROTECTED MEDIAN;DARK - LIGHTED ROADWAY;CLEAR;0;0;;NO CONTROL PRESENT;SPORT UTILITY;NONE;NONE;NONE;;2019-06-23T01:12:57-04:00;2019;No;No;6;01
.25 MILES FROM SR 1653 (EVANS RD);TWO-WAY,DIVIDED,UNPROTECTED MEDIAN;DAYLIGHT;CLOUDY;0;0;;NO CONTROL PRESENT;PASSENGER CAR;SPORT UTILITY;NONE;NONE;;2019-06-28T19:15:44-04:00;2019;No;No;6;19
.1 MILES FROM SR 1152 (HOLLY SPRINGS RD);TWO-WAY,NOT DIVIDED;DAYLIGHT;CLEAR;0;0;;NO CONTROL PRESENT;PASSENGER CAR;PASSENGER CAR;NONE;NONE;;2019-06-28T06:35:13-04:00;2019;No;No;6;06
50 FEET FROM SR 1009 (TRYON RD);TWO-WAY,DIVIDED,UNPROTECTED MEDIAN;DAYLIGHT;CLEAR;0;0;;STOP AND GO SIGNAL;SPORT UTILITY;PASSENGER CAR;NONE;NONE;;2019-06-29T17:11:56-04:00;2019;No;No;6;17
20 FEET FROM SR 1652 (N HARRISON AVE);TWO-WAY,DIVIDED,POSITIVE MEDIAN BARRIER;DAYLIGHT;CLEAR;0;0;;NO CONTROL PRESENT;PASSENGER CAR;PASSENGER CAR;NONE;NONE;;2019-06-29T14:29:56-04:00;2019;No;No;6;14
.25 MILES FROM PVA DSW(427 CROSSROADS BLVD);TWO-WAY,NOT DIVIDED;DAYLIGHT;CLEAR;0;0;;NO CONTROL PRESENT;SPORT UTILITY;SPORT UTILITY;NONE;NONE;;2019-06-30T14:54:57-04:00;2019;No;No;6;14
.25 MILES FROM P.V.A. 590 NEW WAVERLY PL;TWO-WAY,NOT DIVIDED;DAYLIGHT;CLEAR;0;0;;NO CONTROL PRESENT;PASSENGER CAR;PASSENGER CAR;NONE;NONE;;2019-06-27T08:37:00-04:00;2019;No;No;6;08
.1 MILES FROM SR 1313 (WALNUT ST);TWO-WAY,DIVIDED,POSITIVE MEDIAN BARRIER;DAYLIGHT;CLEAR;0;0;;NO CONTROL PRESENT;PASSENGER CAR;PASSENGER CAR;NONE;NONE;;2019-06-27T15:57:27-04:00;2019;No;No;6;15
320 FEET FROM SR 1009 (TRYON RD);TWO-WAY,DIVIDED,UNPROTECTED MEDIAN;DAYLIGHT;CLEAR;0;0;;STOP AND GO SIGNAL;SPORT UTILITY;PASSENGER CAR;NONE;NONE;;2019-06-28T11:17:00-04:00;2019;No;No;6;11
60 FEET FROM SR 3073 NW MAYNARD RD;TWO-WAY,NOT DIVIDED;DAYLIGHT;CLEAR;0;0;;NO CONTROL PRESENT;PASSENGER CAR;NONE;NONE;NONE;;2019-06-28T13:08:45-04:00;2019;No;No;6;13
CARY;TWO-WAY,NOT DIVIDED;DARK - LIGHTED ROADWAY;CLEAR;0;1;;STOP AND GO SIGNAL;PASSENGER CAR;PASSENGER CAR;NONE;NONE;;2019-06-28T23:28:00-04:00;2019;No;Yes;6;23
200 FEET FROM PVA 1014 RYAN RD;TWO-WAY,NOT DIVIDED;DAYLIGHT;CLEAR;0;0;;NO CONTROL PRESENT;PASSENGER CAR;PASSENGER CAR;NONE;NONE;;2019-06-29T14:49:44-04:00;2019;No;No;6;14
475 FEET FROM P.V.A (GREEN HOPE ELEMENTARY);TWO-WAY,NOT DIVIDED;DUSK;CLEAR;0;0;;NO CONTROL PRESENT;PASSENGER CAR;NONE;NONE;NONE;;2019-07-01T21:55:11-04:00;2019;No;No;7;21
450 FEET FROM SWISS LAKE DR;TWO-WAY,NOT DIVIDED;NONE;CLEAR;0;0;;NO CONTROL PRESENT;PASSENGER CAR;PASSENGER CAR;NONE;NONE;;2019-06-28T21:19:07-04:00;2019;No;No;6;21
100 FEET FROM PVA OF 1163 PARKSIDE MAIN ST;TWO-WAY,NOT DIVIDED;DAYLIGHT;CLEAR;0;0;;NO CONTROL PRESENT;PASSENGER CAR;PASSENGER CAR;NONE;NONE;;2019-07-01T12:57:00-04:00;2019;No;No;7;12
CARY;TWO-WAY,NOT DIVIDED;DARK - LIGHTED ROADWAY;CLEAR;0;0;;STOP AND GO SIGNAL;PASSENGER CAR;PASSENGER CAR;NONE;NONE;;2019-07-01T00:34:00-04:00;2019;No;No;7;00
CARY;TWO-WAY,NOT DIVIDED;DARK - LIGHTED ROADWAY;CLEAR;0;0;;NO CONTROL PRESENT;PASSENGER CAR;NONE;NONE;NONE;;2019-07-03T00:55:00-04:00;2019;No;No;7;00
368 FEET FROM P.V.A. (301 CASCADE POINTE);TWO-WAY,NOT DIVIDED;DAYLIGHT;CLEAR;0;0;;NO CONTROL PRESENT;PASSENGER CAR;PASSENGER CAR;NONE;NONE;;2019-07-02T13:04:26-04:00;2019;No;No;7;13
300 FEET FROM SR 5808 (E CHATHAM ST);TWO-WAY,NOT DIVIDED;DAYLIGHT;CLEAR;0;0;;NO CONTROL PRESENT;VAN;PASSENGER CAR;NONE;NONE;;2019-07-02T17:29:38-04:00;2019;No;No;7;17
0 FEET FROM SR# 1370 (TRYON RD);TWO-WAY,DIVIDED,UNPROTECTED MEDIAN;DAYLIGHT;CLEAR;0;0;;STOP AND GO SIGNAL;SINGLE UNIT TRUCK (2-AXLE- 6-TIRE);SPORT UTILITY;NONE;NONE;;2019-07-03T09:17:01-04:00;2019;No;No;7;09
CARY;TWO-WAY,DIVIDED,UNPROTECTED MEDIAN;DAYLIGHT;CLEAR;0;0;;YIELD SIGN;SPORT UTILITY;SPORT UTILITY;NONE;NONE;;2019-07-03T12:14:00-04:00;2019;No;No;7;12
80 FEET FROM P.V.A. (921 N HARRISON AV);TWO-WAY,NOT DIVIDED;DAYLIGHT;CLEAR;0;0;;NO CONTROL PRESENT;PASSENGER CAR;PASSENGER CAR;NONE;NONE;;2019-07-03T12:56:00-04:00;2019;No;No;7;12
20 FEET FROM US 64;TWO-WAY,DIVIDED,UNPROTECTED MEDIAN;DAYLIGHT;CLEAR;0;0;;STOP AND GO SIGNAL;PASSENGER CAR;PASSENGER CAR;NONE;NONE;;2019-07-03T10:19:00-04:00;2019;No;No;7;10
.75 MILES FROM US 1 S;ONE-WAY,NOT DIVIDED;DAYLIGHT;CLEAR;0;0;;STOP AND GO SIGNAL;PASSENGER CAR;VAN;NONE;NONE;;2019-07-03T12:29:00-04:00;2019;No;No;7;12
40 FEET FROM PVA (1717 HIGH HOUSE RD);TWO-WAY,NOT DIVIDED;DAYLIGHT;CLEAR;0;0;;NO CONTROL PRESENT;PICKUP;PASSENGER CAR;NONE;NONE;;2019-07-03T10:17:00-04:00;2019;No;No;7;10
100 FEET FROM KETTLEBRIDGE DR;TWO-WAY,NOT DIVIDED;DAYLIGHT;CLEAR;0;0;;NO CONTROL PRESENT;NONE;NONE;NONE;NONE;;2019-07-02T14:13:56-04:00;2019;No;No;7;14
150 FEET FROM FRANKS CREEK DR;TWO-WAY,NOT DIVIDED;DARK - LIGHTED ROADWAY;CLEAR;0;1;;NO CONTROL PRESENT;SPORT UTILITY;NONE;NONE;NONE;;2019-07-04T02:00:09-04:00;2019;No;Yes;7;02
.2 MILES FROM SR 3097 (AVIATION PKWY);TWO-WAY,NOT DIVIDED;DARK - ROADWAY NOT LIGHTED;CLEAR;0;0;;NO CONTROL PRESENT;LIGHT TRUCK (MINI-VAN- PANEL);NONE;NONE;NONE;;2019-07-04T22:12:00-04:00;2019;No;No;7;22
CARY;TWO-WAY,NOT DIVIDED;DAYLIGHT;CLEAR;0;0;;STOP SIGN;VAN;PASSENGER CAR;NONE;NONE;;2019-07-03T11:13:00-04:00;2019;No;No;7;11
240 FEET FROM NC 55;TWO-WAY,DIVIDED,UNPROTECTED MEDIAN;DAYLIGHT;CLOUDY;0;0;;DOUBLE YELLOW LINE, NO PASSING ZONE;PASSENGER CAR;NONE;NONE;NONE;;2019-07-05T12:07:00-04:00;2019;No;No;7;12
50 FEET FROM 7025 WINSTON HILL DR;TWO-WAY,NOT DIVIDED;DAYLIGHT;CLEAR;0;0;;NO CONTROL PRESENT;PASSENGER CAR;PASSENGER CAR;NONE;NONE;;2019-07-05T16:52:58-04:00;2019;No;No;7;16
.5 MILES FROM US 1;TWO-WAY,DIVIDED,POSITIVE MEDIAN BARRIER;DAYLIGHT;RAIN;0;0;;NO CONTROL PRESENT;PASSENGER CAR;PASSENGER CAR;NONE;NONE;;2019-07-04T21:42:07-04:00;2019;No;No;7;21
75 FEET FROM 204 CROSSROADS BLVD;TWO-WAY,NOT DIVIDED;DAYLIGHT;CLEAR;0;0;;NO CONTROL PRESENT;SPORT UTILITY;PICKUP;NONE;NONE;;2019-07-06T12:45:00-04:00;2019;No;No;7;12
100 FEET FROM BELL ARTHUR DR;TWO-WAY,NOT DIVIDED;DAYLIGHT;CLEAR;0;0;;NO CONTROL PRESENT;VAN;PASSENGER CAR;NONE;NONE;;2019-07-07T12:43:00-04:00;2019;No;No;7;12
1 MILES FROM US HWY 1;TWO-WAY,DIVIDED,POSITIVE MEDIAN BARRIER;DAYLIGHT;CLEAR;0;0;;NO CONTROL PRESENT;PASSENGER CAR;SPORT UTILITY;NONE;NONE;;2019-07-08T14:07:26-04:00;2019;No;No;7;14
380 FEET FROM SR 1010 (TEN TEN RD);TWO-WAY,NOT DIVIDED;DAYLIGHT;CLEAR;0;0;;NO CONTROL PRESENT;SPORT UTILITY;PASSENGER CAR;NONE;NONE;;2019-07-08T17:21:01-04:00;2019;No;No;7;17
20 FEET FROM S.R. 3120 (MORRISVILLE PKWY);TWO-WAY,DIVIDED,UNPROTECTED MEDIAN;DAYLIGHT;CLOUDY;0;0;;STOP AND GO SIGNAL;PASSENGER CAR;NONE;NONE;NONE;;2019-07-09T15:11:31-04:00;2019;No;No;7;15
75 FEET FROM PVA 2727 LOUIS STEPHENS DR;ONE-WAY,NOT DIVIDED;DAYLIGHT;CLEAR;0;0;;NO CONTROL PRESENT;SPORT UTILITY;PASSENGER CAR;NONE;NONE;;2019-07-10T16:24:43-04:00;2019;No;No;7;16
0 FEET FROM CRESCENT GREEN;TWO-WAY,DIVIDED,POSITIVE MEDIAN BARRIER;DAYLIGHT;CLEAR;0;0;;STOP SIGN;PASSENGER CAR;PASSENGER CAR;NONE;NONE;;2019-07-12T13:45:35-04:00;2019;No;No;7;13
0 FEET FROM SR 1315 (BUCK JONES RD);TWO-WAY,DIVIDED,UNPROTECTED MEDIAN;DARK - LIGHTED ROADWAY;CLOUDY;0;0;;STOP AND GO SIGNAL;PASSENGER CAR;NONE;NONE;NONE;;2019-07-12T23:32:00-04:00;2019;No;No;7;23
CARY;TWO-WAY,DIVIDED,UNPROTECTED MEDIAN;DAYLIGHT;CLEAR;0;0;;YIELD SIGN;PASSENGER CAR;VAN;NONE;NONE;;2019-07-12T15:28:48-04:00;2019;No;No;7;15
150 FEET FROM SR 1625 (GREEN LEVEL CHURCH RD;TWO-WAY,NOT DIVIDED;DARK - ROADWAY NOT LIGHTED;CLEAR;0;0;;NO CONTROL PRESENT;PASSENGER CAR;NONE;NONE;NONE;;2019-07-10T21:16:22-04:00;2019;No;No;7;21
CARY;TWO-WAY,NOT DIVIDED;DAYLIGHT;CLEAR;0;0;;STOP SIGN;SPORT UTILITY;SPORT UTILITY;NONE;NONE;;2019-07-13T14:03:27-04:00;2019;No;No;7;14
0.5 MILES FROM US 1;TWO-WAY,DIVIDED,POSITIVE MEDIAN BARRIER;DAYLIGHT;CLEAR;0;0;;NO CONTROL PRESENT;SPORT UTILITY;VAN;PASSENGER CAR;NONE;;2019-07-08T17:32:43-04:00;2019;No;No;7;17
CARY;TWO-WAY,NOT DIVIDED;DAYLIGHT;CLEAR;0;0;;NO CONTROL PRESENT;SPORT UTILITY;SPORT UTILITY;NONE;NONE;;2019-07-10T15:39:00-04:00;2019;No;No;7;15
.58 MILES FROM SR 1010 (TEN TEN RD);TWO-WAY,NOT DIVIDED;DAYLIGHT;CLEAR;0;0;;STOP AND GO SIGNAL;PICKUP;PASSENGER CAR;NONE;NONE;;2019-07-14T10:41:00-04:00;2019;No;No;7;10
0 FEET FROM NC 54 HWY (CHAPEL HILL RD);TWO-WAY,DIVIDED,UNPROTECTED MEDIAN;DAYLIGHT;CLEAR;0;2;;STOP AND GO SIGNAL;PASSENGER CAR;PICKUP;SPORT UTILITY;NONE;;2019-07-12T15:57:49-04:00;2019;No;Yes;7;15
100 FEET FROM P.V.A. 4010 CONVENIENCE LN;TWO-WAY,NOT DIVIDED;DAYLIGHT;CLEAR;0;0;;NO CONTROL PRESENT;PASSENGER CAR;NONE;NONE;NONE;;2019-07-15T13:39:34-04:00;2019;No;No;7;13
.52 MILES FROM SR 1633 (GOOD HOPE CHURCH RD);ONE-WAY,NOT DIVIDED;DAYLIGHT;CLOUDY;0;0;;DOUBLE YELLOW LINE, NO PASSING ZONE;VAN;SPORT UTILITY;NONE;NONE;;2019-07-15T18:41:36-04:00;2019;No;No;7;18
0 FEET FROM SR3799 (CARY PKWY);TWO-WAY,DIVIDED,POSITIVE MEDIAN BARRIER;DAYLIGHT;CLEAR;0;0;;NO CONTROL PRESENT;PASSENGER CAR;SPORT UTILITY;NONE;NONE;;2019-07-15T06:50:35-04:00;2019;No;No;7;06
.1 MILES FROM 1 HWY;TWO-WAY,DIVIDED,POSITIVE MEDIAN BARRIER;DAYLIGHT;CLEAR;0;1;;NO CONTROL PRESENT;PASSENGER CAR;SPORT UTILITY;NONE;NONE;;2019-07-16T17:36:42-04:00;2019;No;Yes;7;17
0 FEET FROM SR 1370 (KILDAIRE FARM RD);TWO-WAY,DIVIDED,UNPROTECTED MEDIAN;DAYLIGHT;CLEAR;0;0;;NO CONTROL PRESENT;PASSENGER CAR;PASSENGER CAR;NONE;NONE;;2019-07-16T12:04:00-04:00;2019;No;No;7;12
.14 MILES FROM OKELLY CHAPEL RD 1628;TWO-WAY,NOT DIVIDED;DAYLIGHT;CLOUDY;0;0;;STOP AND GO SIGNAL;PASSENGER CAR;PASSENGER CAR;NONE;NONE;;2019-07-17T16:06:24-04:00;2019;No;No;7;16
.25 MILES FROM SR1621 GREEN HOPE SCHOOL RD;TWO-WAY,NOT DIVIDED;DAYLIGHT;CLEAR;0;0;;STOP AND GO SIGNAL;PASSENGER CAR;SPORT UTILITY;NONE;NONE;;2019-07-17T08:17:54-04:00;2019;No;No;7;08
100 FEET FROM PINEY PLANES RD;TWO-WAY,NOT DIVIDED;DAYLIGHT;CLEAR;0;0;;NO CONTROL PRESENT;PASSENGER CAR;PASSENGER CAR;NONE;NONE;;2019-07-17T12:55:00-04:00;2019;No;No;7;12
50 FEET FROM SR-5808 E CHATHAM ST;TWO-WAY,NOT DIVIDED;DAYLIGHT;CLEAR;0;0;;STOP AND GO SIGNAL;PASSENGER CAR;PASSENGER CAR;NONE;NONE;;2019-07-19T17:09:29-04:00;2019;No;No;7;17
10 FEET FROM SPRING ST;TWO-WAY,NOT DIVIDED;DAYLIGHT;CLEAR;0;0;;NO CONTROL PRESENT;PICKUP;NONE;NONE;NONE;;2019-07-19T18:27:47-04:00;2019;No;No;7;18
.19 MILES FROM US 64 HWY;TWO-WAY,DIVIDED,UNPROTECTED MEDIAN;DAYLIGHT;CLEAR;0;2;;STOP AND GO SIGNAL;PASSENGER CAR;SPORT UTILITY;NONE;NONE;;2019-07-21T19:54:02-04:00;2019;No;Yes;7;19
CARY;TWO-WAY,DIVIDED,UNPROTECTED MEDIAN;DARK - LIGHTED ROADWAY;CLEAR;0;0;;STOP AND GO SIGNAL;VAN;SPORT UTILITY;NONE;NONE;;2019-07-17T21:32:29-04:00;2019;No;No;7;21