Location_Description;Road_Configuration;Light_Condition;Weather;Fatality;Injury;Contributing_Factor;Traffic_Control;Vehicle1;Vehicle2;Vehicle3;Vehicle4;Vehicle5;Crash_Date;year;Fatalities;Injuries;Month;Hour
1.22 MILES FROM US 1 HWY;TWO-WAY,DIVIDED,POSITIVE MEDIAN BARRIER;DAYLIGHT;CLEAR;0;0;;NO CONTROL PRESENT;SPORT UTILITY;PASSENGER CAR;NONE;NONE;;2019-10-02T18:11:46-04:00;2019;No;No;10;18
CARY;TWO-WAY,DIVIDED,UNPROTECTED MEDIAN;DAYLIGHT;CLEAR;0;0;;STOP AND GO SIGNAL;PASSENGER CAR;SPORT UTILITY;NONE;NONE;;2019-10-02T17:33:35-04:00;2019;No;No;10;17
400 FEET FROM S. HARRISON AVE;TWO-WAY,NOT DIVIDED;DAYLIGHT;CLEAR;0;0;;NO CONTROL PRESENT;PASSENGER CAR;PASSENGER CAR;NONE;NONE;;2019-10-02T13:51:19-04:00;2019;No;No;10;13
50 FEET FROM PVA 638 WALNUT ST;TWO-WAY,NOT DIVIDED;DAYLIGHT;CLEAR;0;0;;NO CONTROL PRESENT;SPORT UTILITY;PASSENGER CAR;NONE;NONE;;2019-10-04T14:57:41-04:00;2019;No;No;10;14
.207 MILES FROM SR3090 (WESTON PKY);TWO-WAY,DIVIDED,UNPROTECTED MEDIAN;DAYLIGHT;CLEAR;0;0;;STOP AND GO SIGNAL;PASSENGER CAR;PICKUP;NONE;NONE;;2019-10-04T12:58:00-04:00;2019;No;No;10;12
5 FEET FROM MACKENAN DR;TWO-WAY,NOT DIVIDED;DAYLIGHT;CLEAR;0;0;;STOP SIGN;PASSENGER CAR;PICKUP;NONE;NONE;;2019-10-05T16:04:43-04:00;2019;No;No;10;16
75 FEET FROM WESTON PKWY;TWO-WAY,DIVIDED,UNPROTECTED MEDIAN;DARK - LIGHTED ROADWAY;CLEAR;0;0;;NO CONTROL PRESENT;PASSENGER CAR;PICKUP;NONE;NONE;;2019-10-04T20:08:12-04:00;2019;No;No;10;20
30 FEET FROM CARY GLEN BLVD;TWO-WAY,DIVIDED,UNPROTECTED MEDIAN;DARK - LIGHTED ROADWAY;CLEAR;0;0;;STOP AND GO SIGNAL;PASSENGER CAR;NONE;NONE;NONE;;2019-10-05T01:07:26-04:00;2019;No;No;10;01
254 FEET FROM PVA CARYS CRAB HOUSE(220 CROSS;TWO-WAY,NOT DIVIDED;DAYLIGHT;CLEAR;0;0;;NO CONTROL PRESENT;NONE;PASSENGER CAR;NONE;NONE;;2019-10-06T14:09:06-04:00;2019;No;No;10;14
.5 MILES FROM PVA 3901 GATEWAY CENTRE BLVD;TWO-WAY,NOT DIVIDED;DAYLIGHT;CLEAR;0;0;;NO CONTROL PRESENT;PICKUP;PASSENGER CAR;NONE;NONE;;2019-10-07T13:14:06-04:00;2019;No;No;10;13
0 FEET FROM DRY AVE;TWO-WAY,NOT DIVIDED;DAYLIGHT;CLEAR;0;0;;NO CONTROL PRESENT;SPORT UTILITY;PICKUP;NONE;NONE;;2019-10-07T14:43:11-04:00;2019;No;No;10;14
.38 MILES FROM US ROUTE 1;TWO-WAY,DIVIDED,POSITIVE MEDIAN BARRIER;DAYLIGHT;CLEAR;0;1;;NO CONTROL PRESENT;PASSENGER CAR;PASSENGER CAR;NONE;NONE;;2019-10-07T16:23:20-04:00;2019;No;Yes;10;16
70 FEET FROM PVA 10210 GREEN LEVEL CHURCH R;ONE-WAY,NOT DIVIDED;DAYLIGHT;CLEAR;0;0;;NO CONTROL PRESENT;SPORT UTILITY;PASSENGER CAR;NONE;NONE;;2019-10-06T15:20:36-04:00;2019;No;No;10;15
CARY;TWO-WAY,NOT DIVIDED;DARK - LIGHTED ROADWAY;CLEAR;0;0;;STOP AND GO SIGNAL;PASSENGER CAR;PASSENGER CAR;NONE;NONE;;2019-10-07T19:15:52-04:00;2019;No;No;10;19
CARY;TWO-WAY,NOT DIVIDED;DAYLIGHT;CLEAR;0;0;;STOP AND GO SIGNAL;PASSENGER CAR;PASSENGER CAR;NONE;NONE;;2019-09-23T23:58:00-04:00;2019;No;No;9;23
0 FEET FROM 64 HWY;TWO-WAY,DIVIDED,UNPROTECTED MEDIAN;DAYLIGHT;CLOUDY;0;2;;STOP AND GO SIGNAL;SPORT UTILITY;PASSENGER CAR;NONE;NONE;;2019-10-08T15:32:58-04:00;2019;No;Yes;10;15
.2 MILES FROM SR 1652 (N HARRISON AVE);TWO-WAY,DIVIDED,UNPROTECTED MEDIAN;DARK - LIGHTED ROADWAY;CLEAR;0;0;;NO CONTROL PRESENT;PASSENGER CAR;NONE;NONE;NONE;;2019-10-07T22:00:00-04:00;2019;No;No;10;22
CARY;NONE;NONE;NONE;0;0;;;NONE;NONE;NONE;NONE;;2019-10-08T23:07:00-04:00;2019;No;No;10;23
10 FEET FROM US 1;ONE-WAY,NOT DIVIDED;DAYLIGHT;CLOUDY;0;0;;YIELD SIGN;PASSENGER CAR;PICKUP;NONE;NONE;;2019-10-08T14:20:02-04:00;2019;No;No;10;14
75 FEET FROM NC54 (CHAPEL HILL RD);TWO-WAY,DIVIDED,POSITIVE MEDIAN BARRIER;DARK - LIGHTED ROADWAY;CLEAR;0;0;;NO CONTROL PRESENT;SPORT UTILITY;PASSENGER CAR;VAN;NONE;;2019-10-08T06:36:01-04:00;2019;No;No;10;06
0 FEET FROM SR 3112 (NW CARY PKWY);TWO-WAY,NOT DIVIDED;DAYLIGHT;CLEAR;0;1;;STOP AND GO SIGNAL;PASSENGER CAR;SPORT UTILITY;NONE;NONE;;2019-10-09T14:38:40-04:00;2019;No;Yes;10;14
18 FEET FROM SR 1616 (OLD APEX RD);TWO-WAY,NOT DIVIDED;DAYLIGHT;CLEAR;0;0;;STOP AND GO SIGNAL;SPORT UTILITY;PASSENGER CAR;NONE;NONE;;2019-10-10T15:43:59-04:00;2019;No;No;10;15
50 FEET FROM SR-1313 WALNUT ST;TWO-WAY,DIVIDED,UNPROTECTED MEDIAN;DAYLIGHT;CLEAR;0;0;;STOP AND GO SIGNAL;SPORT UTILITY;PASSENGER CAR;NONE;NONE;;2019-10-10T17:30:09-04:00;2019;No;No;10;17
CARY;TWO-WAY,DIVIDED,POSITIVE MEDIAN BARRIER;DUSK;CLEAR;0;0;;STOP AND GO SIGNAL;PASSENGER CAR;SPORT UTILITY;NONE;NONE;;2019-10-09T18:48:17-04:00;2019;No;No;10;18
.25 MILES FROM US 64 HWY;ONE-WAY,NOT DIVIDED;DARK - ROADWAY NOT LIGHTED;CLOUDY;0;0;;NO CONTROL PRESENT;SPORT UTILITY;NONE;NONE;NONE;;2019-10-14T06:56:54-04:00;2019;No;No;10;06
293 FEET FROM CAITBOO AV;TWO-WAY,NOT DIVIDED;DAYLIGHT;CLEAR;0;0;;STOP SIGN;PASSENGER CAR;SPORT UTILITY;NONE;NONE;;2019-10-12T14:32:46-04:00;2019;No;No;10;14
0.4 MILES FROM LOUIS STEPHENS DR;TWO-WAY,NOT DIVIDED;DAYLIGHT;CLEAR;0;0;;STOP SIGN;SPORT UTILITY;PASSENGER CAR;NONE;NONE;;2019-10-10T15:42:15-04:00;2019;No;No;10;15
.5 MILES FROM US HWY 1;TWO-WAY,DIVIDED,POSITIVE MEDIAN BARRIER;DARK - LIGHTED ROADWAY;RAIN;0;0;;NO CONTROL PRESENT;PASSENGER CAR;NONE;NONE;NONE;;2019-10-13T20:49:40-04:00;2019;No;No;10;20
.12 MILES FROM PVA (1920 NW MAYNARD RD);TWO-WAY,NOT DIVIDED;DAYLIGHT;CLEAR;0;0;;NO CONTROL PRESENT;PICKUP;PASSENGER CAR;NONE;NONE;;2019-10-12T13:55:44-04:00;2019;No;No;10;13
.10 MILES FROM US 1 SOUTH;TWO-WAY,DIVIDED,POSITIVE MEDIAN BARRIER;DAYLIGHT;CLEAR;0;0;;NO CONTROL PRESENT;PASSENGER CAR;PASSENGER CAR;PASSENGER CAR;NONE;;2019-10-11T18:20:21-04:00;2019;No;No;10;18
15 FEET FROM NC 540 TO NC 55 HWY RAMP;ONE-WAY,NOT DIVIDED;DAYLIGHT;CLEAR;0;0;;STOP AND GO SIGNAL;SPORT UTILITY;LIGHT TRUCK (MINI-VAN- PANEL);NONE;NONE;;2019-10-11T13:13:40-04:00;2019;No;No;10;13
223 FEET FROM ASVHILLE AVE;TWO-WAY,NOT DIVIDED;DAYLIGHT;CLEAR;0;0;;NO CONTROL PRESENT;PASSENGER CAR;PASSENGER CAR;NONE;NONE;;2019-10-14T11:20:00-04:00;2019;No;No;10;11
106 FEET FROM WALNUT ST TO US 1 RAMP NB;ONE-WAY,NOT DIVIDED;DAYLIGHT;CLEAR;0;0;;YIELD SIGN;PASSENGER CAR;PASSENGER CAR;NONE;NONE;;2019-10-14T11:20:00-04:00;2019;No;No;10;11
CARY;TWO-WAY,DIVIDED,POSITIVE MEDIAN BARRIER;DAYLIGHT;CLEAR;0;0;;STOP SIGN;PASSENGER CAR;PASSENGER CAR;NONE;NONE;;2019-10-14T16:08:57-04:00;2019;No;No;10;16
CARY;TWO-WAY,DIVIDED,UNPROTECTED MEDIAN;DAYLIGHT;CLEAR;0;0;;STOP SIGN;SPORT UTILITY;PASSENGER CAR;NONE;NONE;;2019-10-14T17:53:10-04:00;2019;No;No;10;17
CARY;TWO-WAY,DIVIDED,UNPROTECTED MEDIAN;DARK - LIGHTED ROADWAY;RAIN;0;0;;STOP AND GO SIGNAL;PASSENGER CAR;PASSENGER CAR;NONE;NONE;;2019-10-13T19:06:41-04:00;2019;No;No;10;19
.29 MILES FROM REGENCY PKWY;TWO-WAY,DIVIDED,UNPROTECTED MEDIAN;DAYLIGHT;CLEAR;0;0;;NO CONTROL PRESENT;SPORT UTILITY;LIGHT TRUCK (MINI-VAN- PANEL);NONE;NONE;;2019-10-12T17:50:00-04:00;2019;No;No;10;17
.10 MILES FROM SR 1415 (SE MAYNARD RD);TWO-WAY,NOT DIVIDED;DAYLIGHT;CLEAR;0;2;;NO CONTROL PRESENT;PASSENGER CAR;PASSENGER CAR;PASSENGER CAR;NONE;;2019-10-09T13:12:44-04:00;2019;No;Yes;10;13
.1 MILES FROM P.V.A. 2000 WALNUT ST;TWO-WAY,NOT DIVIDED;DAYLIGHT;CLEAR;0;0;;NO CONTROL PRESENT;NONE;NONE;NONE;NONE;;2019-10-15T14:29:39-04:00;2019;No;No;10;14
CARY;TWO-WAY,NOT DIVIDED;DAYLIGHT;CLEAR;0;0;;NO CONTROL PRESENT;PICKUP;SPORT UTILITY;NONE;NONE;;2019-10-15T17:26:19-04:00;2019;No;No;10;17
.1 MILES FROM SR-1415 SE MAYNARD RD;TWO-WAY,DIVIDED,UNPROTECTED MEDIAN;DAYLIGHT;CLEAR;0;0;;STOP AND GO SIGNAL;PASSENGER CAR;SPORT UTILITY;NONE;NONE;;2019-10-16T18:42:51-04:00;2019;No;No;10;18
.25 MILES FROM SR 1011 (E CHATHAM ST);TWO-WAY,NOT DIVIDED;DAYLIGHT;RAIN;0;0;;NO CONTROL PRESENT;PASSENGER CAR;NONE;NONE;NONE;;2019-10-16T09:15:03-04:00;2019;No;No;10;09
20 FEET FROM NC 55 HWY;TWO-WAY,DIVIDED,UNPROTECTED MEDIAN;DAYLIGHT;CLEAR;0;0;;STOP AND GO SIGNAL;PASSENGER CAR;NONE;NONE;NONE;;2019-10-10T12:19:00-04:00;2019;No;No;10;12
.11 MILES FROM SR 1009 (TRYON RD);TWO-WAY,DIVIDED,POSITIVE MEDIAN BARRIER;DAYLIGHT;CLOUDY;0;0;;NO CONTROL PRESENT;PASSENGER CAR;PASSENGER CAR;SPORT UTILITY;PASSENGER CAR;;2019-10-16T14:56:22-04:00;2019;No;No;10;14
CARY;TWO-WAY,NOT DIVIDED;DARK - LIGHTED ROADWAY;CLEAR;0;0;;STOP AND GO SIGNAL;PASSENGER CAR;SPORT UTILITY;NONE;NONE;;2019-10-16T21:19:58-04:00;2019;No;No;10;21
396 FEET FROM SR 3112 (NW CARY PKY);TWO-WAY,NOT DIVIDED;DAYLIGHT;RAIN;0;0;;NO CONTROL PRESENT;PASSENGER CAR;PASSENGER CAR;PASSENGER CAR;NONE;;2019-10-16T12:18:00-04:00;2019;No;No;10;12
47 FEET FROM SR 1300 (KILDAIRE FARM RD);TWO-WAY,DIVIDED,UNPROTECTED MEDIAN;DAYLIGHT;CLEAR;0;0;;NO CONTROL PRESENT;PASSENGER CAR;PASSENGER CAR;NONE;NONE;;2019-10-18T08:37:46-04:00;2019;No;No;10;08
CARY;TWO-WAY,NOT DIVIDED;DAYLIGHT;CLEAR;0;0;;STOP SIGN;PASSENGER CAR;PASSENGER CAR;NONE;NONE;;2019-10-17T23:21:00-04:00;2019;No;No;10;23
.5 MILES FROM SR 1615 (HIGH HOUSE RD);NONE;NONE;NONE;0;0;;;PASSENGER CAR;NONE;NONE;NONE;;2019-10-19T08:02:44-04:00;2019;No;No;10;08
50 FEET FROM GRIFFIS ST;TWO-WAY,NOT DIVIDED;DAYLIGHT;CLOUDY;0;0;;NO CONTROL PRESENT;NONE;SPORT UTILITY;NONE;NONE;;2019-10-19T09:27:47-04:00;2019;No;No;10;09
300 FEET FROM P.V.A. (6770 MCCRIMMON PKWY);TWO-WAY,NOT DIVIDED;DARK - LIGHTED ROADWAY;CLEAR;0;0;;NO CONTROL PRESENT;PASSENGER CAR;PASSENGER CAR;NONE;NONE;;2019-10-17T22:14:00-04:00;2019;No;No;10;22
75 FEET FROM P.V.A. 1201 WALNUT ST;TWO-WAY,NOT DIVIDED;DAYLIGHT;CLEAR;0;0;;NO CONTROL PRESENT;PASSENGER CAR;PASSENGER CAR;NONE;NONE;;2019-10-18T16:56:25-04:00;2019;No;No;10;16
100 FEET FROM PVA OF SPARTACUS CT;TWO-WAY,NOT DIVIDED;DAYLIGHT;CLEAR;0;0;;NO CONTROL PRESENT;SPORT UTILITY;PASSENGER CAR;NONE;NONE;;2019-10-18T15:26:36-04:00;2019;No;No;10;15
285 FEET FROM SR 1313 (WALNUT ST);TWO-WAY,DIVIDED,POSITIVE MEDIAN BARRIER;DAYLIGHT;CLEAR;0;0;;NO CONTROL PRESENT;SPORT UTILITY;PASSENGER CAR;NONE;NONE;;2019-10-18T14:28:15-04:00;2019;No;No;10;14
100 FEET FROM PVA OF 910 KILDAIRE FROM RD;TWO-WAY,NOT DIVIDED;DAYLIGHT;CLEAR;0;0;;NO CONTROL PRESENT;PICKUP;PASSENGER CAR;NONE;NONE;;2019-10-18T19:33:57-04:00;2019;No;No;10;19
.34 MILES FROM SR 1315 (BUCK JONES RD);TWO-WAY,DIVIDED,POSITIVE MEDIAN BARRIER;DAYLIGHT;CLEAR;0;0;;NO CONTROL PRESENT;PASSENGER CAR;PASSENGER CAR;NONE;NONE;;2019-10-18T15:17:40-04:00;2019;No;No;10;15
.2 MILES FROM SR 5808 (E. CHATHAM ST.);TWO-WAY,NOT DIVIDED;DAWN;RAIN;0;0;;NO CONTROL PRESENT;PASSENGER CAR;NONE;NONE;NONE;;2019-10-20T10:52:00-04:00;2019;No;No;10;10
75 FEET FROM PVA 1020 BRADFORD PLAZA WAY;TWO-WAY,NOT DIVIDED;DAYLIGHT;CLEAR;0;0;;NO CONTROL PRESENT;PASSENGER CAR;PASSENGER CAR;NONE;NONE;;2019-10-19T14:14:15-04:00;2019;No;No;10;14
30 FEET FROM SR1613 DAVIS DRIVE;TWO-WAY,NOT DIVIDED;DAYLIGHT;CLEAR;0;0;;STOP SIGN;PASSENGER CAR;PASSENGER CAR;NONE;NONE;;2019-10-21T07:57:09-04:00;2019;No;No;10;07
150 FEET FROM DOCTRINE WAY;TWO-WAY,NOT DIVIDED;DARK - LIGHTED ROADWAY;CLEAR;0;0;;NO CONTROL PRESENT;PASSENGER CAR;NONE;NONE;NONE;;2019-10-22T07:01:54-04:00;2019;No;No;10;07
354 FEET FROM P.P (5400 KOSTER HILL PL);TWO-WAY,NOT DIVIDED;DAYLIGHT;CLEAR;0;0;;NO CONTROL PRESENT;PASSENGER CAR;SPORT UTILITY;NONE;NONE;;2019-10-21T14:06:39-04:00;2019;No;No;10;14
30 FEET FROM PVA OF 530 NEW WAVERLY PL;TWO-WAY,NOT DIVIDED;DAYLIGHT;CLOUDY;0;0;;NO CONTROL PRESENT;EMS VEHICLE- AMBULANCE- RESCUE SQUAD;VAN;NONE;NONE;;2019-10-22T15:15:25-04:00;2019;No;No;10;15
450 FEET FROM S.R. 1613 (DAVIS DR);TWO-WAY,DIVIDED,UNPROTECTED MEDIAN;DARK - LIGHTED ROADWAY;CLOUDY;0;0;;NO CONTROL PRESENT;SPORT UTILITY;PASSENGER CAR;NONE;NONE;;2019-10-22T18:53:04-04:00;2019;No;No;10;18
200 FEET FROM US 1;TWO-WAY,DIVIDED,POSITIVE MEDIAN BARRIER;DARK - LIGHTED ROADWAY;CLOUDY;0;0;;NO CONTROL PRESENT;PICKUP;SPORT UTILITY;NONE;NONE;;2019-10-22T09:43:05-04:00;2019;No;No;10;09
0 FEET FROM SR 1009 (TRYON RD);TWO-WAY,DIVIDED,POSITIVE MEDIAN BARRIER;DAYLIGHT;CLEAR;0;3;;STOP AND GO SIGNAL;PASSENGER CAR;PASSENGER CAR;PASSENGER CAR;NONE;;2019-10-22T09:48:29-04:00;2019;No;Yes;10;09
0 FEET FROM SR 1615 (HIGH HOUSE RD);TWO-WAY,DIVIDED,UNPROTECTED MEDIAN;DAYLIGHT;CLOUDY;0;0;;STOP AND GO SIGNAL;PASSENGER CAR;PASSENGER CAR;NONE;NONE;;2019-10-22T09:37:50-04:00;2019;No;No;10;09
300 FEET FROM PVA OF 1741 WALNUT ST;TWO-WAY,NOT DIVIDED;DARK - LIGHTED ROADWAY;CLOUDY;0;0;;NO CONTROL PRESENT;PASSENGER CAR;PASSENGER CAR;NONE;NONE;;2019-10-22T20:39:45-04:00;2019;No;No;10;20
50 FEET FROM US 64 HWY;TWO-WAY,DIVIDED,UNPROTECTED MEDIAN;DAYLIGHT;CLEAR;0;0;;NO CONTROL PRESENT;PICKUP;SPORT UTILITY;NONE;NONE;;2019-10-23T15:04:32-04:00;2019;No;No;10;15
1 MILES FROM US 1;TWO-WAY,DIVIDED,POSITIVE MEDIAN BARRIER;DAYLIGHT;CLEAR;0;0;;NO CONTROL PRESENT;PASSENGER CAR;PASSENGER CAR;NONE;NONE;;2019-10-24T09:10:38-04:00;2019;No;No;10;09
CARY;TWO-WAY,NOT DIVIDED;DAYLIGHT;CLEAR;0;0;;STOP AND GO SIGNAL;SPORT UTILITY;PASSENGER CAR;NONE;NONE;;2019-10-24T19:38:18-04:00;2019;No;No;10;19
325 FEET FROM NC 55 HWY;TWO-WAY,DIVIDED,UNPROTECTED MEDIAN;DAYLIGHT;CLEAR;0;0;;NO CONTROL PRESENT;SPORT UTILITY;PICKUP;NONE;NONE;;2019-10-24T17:36:39-04:00;2019;No;No;10;17
CARY;TWO-WAY,DIVIDED,UNPROTECTED MEDIAN;DAYLIGHT;CLEAR;0;0;;STOP AND GO SIGNAL;PICKUP;PICKUP;NONE;NONE;;2019-10-24T13:36:18-04:00;2019;No;No;10;13
50 FEET FROM NC 55 HWY;TWO-WAY,DIVIDED,UNPROTECTED MEDIAN;DAYLIGHT;CLEAR;0;0;;STOP AND GO SIGNAL;PASSENGER CAR;SPORT UTILITY;PASSENGER CAR;PASSENGER CAR;;2019-10-24T20:31:42-04:00;2019;No;No;10;20
.2 MILES FROM PVA OF 3490-185 SR 1300 (KILDA;TWO-WAY,NOT DIVIDED;DARK - LIGHTED ROADWAY;CLEAR;0;0;;NO CONTROL PRESENT;VAN;PASSENGER CAR;NONE;NONE;;2019-10-24T21:20:24-04:00;2019;No;No;10;21
120 FEET FROM P.V.A (3434 KILDAIRE FARM RD);TWO-WAY,NOT DIVIDED;DAYLIGHT;CLEAR;0;0;;NO CONTROL PRESENT;PASSENGER CAR;PASSENGER CAR;NONE;NONE;;2019-10-24T08:58:16-04:00;2019;No;No;10;08
.1 MILES FROM SR1415 (NW MAYNARD RD);TWO-WAY,DIVIDED,UNPROTECTED MEDIAN;DAWN;CLEAR;0;1;;NO CONTROL PRESENT;MOPED;PASSENGER CAR;NONE;NONE;;2019-10-24T06:51:13-04:00;2019;No;Yes;10;06
75 FEET FROM P.V.A. 337 CROSSROADS BLVD;TWO-WAY,NOT DIVIDED;DAYLIGHT;CLEAR;0;0;;NO CONTROL PRESENT;PASSENGER CAR;PICKUP;NONE;NONE;;2019-10-25T14:39:32-04:00;2019;No;No;10;14
CARY;TWO-WAY,NOT DIVIDED;DAYLIGHT;CLEAR;0;1;;NO CONTROL PRESENT;SPORT UTILITY;VAN;PASSENGER CAR;NONE;;2019-10-25T15:50:35-04:00;2019;No;Yes;10;15
.5 MILES FROM P.V.A. (401 CROSSROADS BLVD);TWO-WAY,NOT DIVIDED;DAYLIGHT;CLEAR;0;0;;NO CONTROL PRESENT;PASSENGER CAR;PASSENGER CAR;NONE;NONE;;2019-10-21T17:03:58-04:00;2019;No;No;10;17
400 FEET FROM S.R. 1615 (HIGH HOUSE RD);TWO-WAY,NOT DIVIDED;DAYLIGHT;CLEAR;0;1;;NO CONTROL PRESENT;PICKUP;PASSENGER CAR;VAN;NONE;;2019-10-28T16:59:35-04:00;2019;No;Yes;10;16
300 FEET FROM P.V.A. (237 CROSSROADS BLVD);TWO-WAY,NOT DIVIDED;DARK - LIGHTED ROADWAY;CLEAR;0;0;;NO CONTROL PRESENT;PASSENGER CAR;PASSENGER CAR;NONE;NONE;;2019-10-27T19:42:35-04:00;2019;No;No;10;19
32 FEET FROM SR 1415 (SE MAYNARD RD);TWO-WAY,NOT DIVIDED;DAYLIGHT;CLEAR;0;1;;STOP AND GO SIGNAL;VAN;PICKUP;NONE;NONE;;2019-10-28T17:34:01-04:00;2019;No;Yes;10;17
.48 MILES FROM SR 1152 (HOLLY SPRINGS RD);TWO-WAY,NOT DIVIDED;DAYLIGHT;RAIN;0;0;;NO CONTROL PRESENT;PASSENGER CAR;SPORT UTILITY;NONE;NONE;;2019-10-27T13:08:59-04:00;2019;No;No;10;13
.25 MILES FROM S.R. 1415 NE MAYNARD RD;TWO-WAY,DIVIDED,UNPROTECTED MEDIAN;DAYLIGHT;RAIN;0;0;;NO CONTROL PRESENT;SPORT UTILITY;PASSENGER CAR;NONE;NONE;;2019-10-30T07:52:56-04:00;2019;No;No;10;07
5 FEET FROM SR 1521 (LAKE PINE DR);TWO-WAY,NOT DIVIDED;DARK - LIGHTED ROADWAY;CLEAR;0;0;;NO CONTROL PRESENT;PASSENGER CAR;NONE;NONE;NONE;;2019-10-29T20:59:30-04:00;2019;No;No;10;20
CARY;TWO-WAY,NOT DIVIDED;DARK - UNKNOWN LIGHTING;CLEAR;0;0;;NO CONTROL PRESENT;NONE;PASSENGER CAR;NONE;NONE;;2019-10-30T09:29:36-04:00;2019;No;No;10;09
CARY;TWO-WAY,NOT DIVIDED;DUSK;CLOUDY;0;0;;NO CONTROL PRESENT;SPORT UTILITY;PASSENGER CAR;NONE;NONE;;2019-10-30T15:05:31-04:00;2019;No;No;10;15
.1 MILES FROM US 64 HWY;TWO-WAY,DIVIDED,UNPROTECTED MEDIAN;DUSK;CLOUDY;0;0;;NO CONTROL PRESENT;PASSENGER CAR;PASSENGER CAR;PASSENGER CAR;NONE;;2019-10-30T17:15:47-04:00;2019;No;No;10;17
.10 MILES FROM 1150 PARKSIDE MAIN ST;TWO-WAY,NOT DIVIDED;DARK - LIGHTED ROADWAY;RAIN;0;0;;NO CONTROL PRESENT;PASSENGER CAR;VAN;NONE;NONE;;2019-10-31T10:08:00-04:00;2019;No;No;10;10
250 FEET FROM 10120 GREEN LEVEL CHURCH RD;TWO-WAY,NOT DIVIDED;DAYLIGHT;RAIN;0;0;;NO CONTROL PRESENT;PICKUP;PASSENGER CAR;NONE;NONE;;2019-10-30T08:20:07-04:00;2019;No;No;10;08
.1 MILES FROM CREEK PARK DR;TWO-WAY,NOT DIVIDED;DAWN;CLEAR;0;0;;STOP SIGN;PASSENGER CAR;SPORT UTILITY;NONE;NONE;;2019-10-31T07:18:08-04:00;2019;No;No;10;07
50 FEET FROM SR 1300 (KILDAIRE FARM RD);TWO-WAY,DIVIDED,UNPROTECTED MEDIAN;DUSK;CLEAR;0;0;;NO CONTROL PRESENT;NONE;NONE;NONE;NONE;;2019-10-31T18:25:38-04:00;2019;No;No;10;18
.079 MILES FROM PVA (214 CROSSROADS BLVD);NONE;NONE;NONE;0;0;;;NONE;NONE;NONE;NONE;;2019-10-09T05:17:04-04:00;2019;No;No;10;05
5 FEET FROM US 1;NONE;NONE;NONE;0;0;;;NONE;NONE;NONE;NONE;;2019-07-02T05:29:39-04:00;2019;No;No;7;05
0 MILES FROM 105 KILMAYNE DR;TWO-WAY,NOT DIVIDED;DAYLIGHT;CLEAR;0;0;;NO CONTROL PRESENT;SPORT UTILITY;PASSENGER CAR;NONE;NONE;;2019-10-31T13:55:32-04:00;2019;No;No;10;13
200 FEET FROM SR 1616 (OLD APEX RD);TWO-WAY,NOT DIVIDED;DAYLIGHT;CLOUDY;0;0;;STOP AND GO SIGNAL;PASSENGER CAR;PASSENGER CAR;NONE;NONE;;2019-10-29T15:45:06-04:00;2019;No;No;10;15
50 FEET FROM P.V.A. (DAVIS DRIVE MIDDLE);TWO-WAY,DIVIDED,POSITIVE MEDIAN BARRIER;DAYLIGHT;CLEAR;0;1;;STOP SIGN;SPORT UTILITY;NONE;NONE;NONE;;2019-10-25T22:08:00-04:00;2019;No;Yes;10;22
170 FEET FROM PVA 4000 LOUIS STEPHENS RD;TWO-WAY,NOT DIVIDED;DAYLIGHT;CLOUDY;0;0;;NO CONTROL PRESENT;SPORT UTILITY;PASSENGER CAR;NONE;NONE;;2019-10-31T10:59:00-04:00;2019;No;No;10;10
120 FEET FROM SR1613 (DAVIS DR);TWO-WAY,DIVIDED,POSITIVE MEDIAN BARRIER;DAYLIGHT;RAIN;0;0;;NO CONTROL PRESENT;PICKUP;SPORT UTILITY;PICKUP;NONE;;2019-10-30T08:47:43-04:00;2019;No;No;10;08
CARY;TWO-WAY,NOT DIVIDED;DAYLIGHT;CLEAR;0;0;;STOP SIGN;PASSENGER CAR;SPORT UTILITY;NONE;NONE;;2019-11-01T12:13:00-04:00;2019;No;No;11;12
CARY;TWO-WAY,DIVIDED,UNPROTECTED MEDIAN;DARK - LIGHTED ROADWAY;CLEAR;0;0;;STOP AND GO SIGNAL;PASSENGER CAR;PASSENGER CAR;NONE;NONE;;2019-11-01T19:22:58-04:00;2019;No;No;11;19
0 FEET FROM SR 1497 (CARY TOWNE BLVD);TWO-WAY,NOT DIVIDED;DAYLIGHT;CLEAR;0;1;;STOP AND GO SIGNAL;PASSENGER CAR;SPORT UTILITY;NONE;NONE;;2019-10-28T17:52:31-04:00;2019;No;Yes;10;17
CARY;TWO-WAY,NOT DIVIDED;DAYLIGHT;CLEAR;0;0;;STOP AND GO SIGNAL;PASSENGER CAR;PASSENGER CAR;NONE;NONE;;2019-10-31T16:31:32-04:00;2019;No;No;10;16
50 FEET FROM BROOKHILL WAY;TWO-WAY,NOT DIVIDED;DARK - ROADWAY NOT LIGHTED;RAIN;0;0;;NO CONTROL PRESENT;NONE;PASSENGER CAR;NONE;NONE;;2019-11-01T16:54:08-04:00;2019;No;No;11;16
75 FEET FROM US 1 HWY;TWO-WAY,DIVIDED,POSITIVE MEDIAN BARRIER;DAYLIGHT;CLEAR;0;0;;NO CONTROL PRESENT;PASSENGER CAR;PASSENGER CAR;NONE;NONE;;2019-11-01T16:43:58-04:00;2019;No;No;11;16