Location_Description;Road_Configuration;Light_Condition;Weather;Fatality;Injury;Contributing_Factor;Traffic_Control;Vehicle1;Vehicle2;Vehicle3;Vehicle4;Vehicle5;Crash_Date;year;Fatalities;Injuries;Month;Hour
150 FEET FROM PVA (8204 TRYON WOODS DR);TWO-WAY,NOT DIVIDED;DAYLIGHT;CLEAR;0;0;;NO CONTROL PRESENT;PASSENGER CAR;SPORT UTILITY;NONE;NONE;;2019-11-01T14:51:08-04:00;2019;No;No;11;14
245 FEET FROM P.V.A. (1815 WALNUT ST);ONE-WAY,NOT DIVIDED;DAYLIGHT;CLEAR;0;0;;NO CONTROL PRESENT;PASSENGER CAR;PASSENGER CAR;NONE;NONE;;2019-11-02T12:59:00-04:00;2019;No;No;11;12
200 FEET FROM SR 1600 (GREEN LEVEL CHURCH RD;TWO-WAY,NOT DIVIDED;DAYLIGHT;CLEAR;0;0;;NO CONTROL PRESENT;PASSENGER CAR;PASSENGER CAR;NONE;NONE;;2019-11-02T10:06:00-04:00;2019;No;No;11;10
225 FEET FROM SR 1010 (TEN TEN RD);TWO-WAY,NOT DIVIDED;DAYLIGHT;CLEAR;0;0;;NO CONTROL PRESENT;PASSENGER CAR;PASSENGER CAR;NONE;NONE;;2019-11-01T13:16:23-04:00;2019;No;No;11;13
.1 MILES FROM 2010 SR 1300 (KILDAIRE FARM RD;TWO-WAY,NOT DIVIDED;DAYLIGHT;CLEAR;0;1;;NO CONTROL PRESENT;PASSENGER CAR;NONE;NONE;NONE;;2019-11-01T14:35:25-04:00;2019;No;Yes;11;14
80 FEET FROM SR 1618 (WALDO ROOD BLVD);TWO-WAY,DIVIDED,UNPROTECTED MEDIAN;DARK - ROADWAY NOT LIGHTED;CLEAR;0;0;;STOP AND GO SIGNAL;SPORT UTILITY;PASSENGER CAR;NONE;NONE;;2019-11-01T19:11:20-04:00;2019;No;No;11;19
20 FEET FROM P.V.A. (425 EMISSARY DR.);TWO-WAY,NOT DIVIDED;DARK - LIGHTED ROADWAY;CLEAR;0;0;;STOP SIGN;PASSENGER CAR;SPORT UTILITY;NONE;NONE;;2019-11-01T19:27:21-04:00;2019;No;No;11;19
.1 MILES FROM COLONADES WAY;TWO-WAY,DIVIDED,UNPROTECTED MEDIAN;DAYLIGHT;CLEAR;0;0;;STOP SIGN;PICKUP;PASSENGER CAR;NONE;NONE;;2019-11-01T16:18:36-04:00;2019;No;No;11;16
40 FEET FROM SILVERCLIFF TR;TWO-WAY,NOT DIVIDED;DARK - LIGHTED ROADWAY;CLEAR;0;0;;NO CONTROL PRESENT;SPORT UTILITY;PASSENGER CAR;NONE;NONE;;2019-11-02T00:27:00-04:00;2019;No;No;11;00
40 FEET FROM P.V.A. 1246 QUINCY CT;TWO-WAY,NOT DIVIDED;DAYLIGHT;CLEAR;0;0;;NO CONTROL PRESENT;PICKUP;NONE;NONE;NONE;;2019-11-02T15:42:47-04:00;2019;No;No;11;15
5 FEET FROM SR 1147 (EVANS RD);TWO-WAY,DIVIDED,UNPROTECTED MEDIAN;DAYLIGHT;CLEAR;0;0;;NO CONTROL PRESENT;PICKUP;PASSENGER CAR;NONE;NONE;;2019-11-03T12:11:00-05:00;2019;No;No;11;12
CARY;TWO-WAY,NOT DIVIDED;DAYLIGHT;CLEAR;0;0;;STOP AND GO SIGNAL;PASSENGER CAR;PASSENGER CAR;NONE;NONE;;2019-11-03T17:43:19-05:00;2019;No;No;11;17
.76 MILES FROM US 1 HWY;TWO-WAY,DIVIDED,POSITIVE MEDIAN BARRIER;DAYLIGHT;CLEAR;0;0;;NO CONTROL PRESENT;SPORT UTILITY;PICKUP;SPORT UTILITY;NONE;;2019-11-01T17:11:56-04:00;2019;No;No;11;17
.2 MILES FROM NC 54 (NE MAYNARD RD);TWO-WAY,DIVIDED,POSITIVE MEDIAN BARRIER;DAYLIGHT;CLEAR;0;0;;FLASHING STOP AND GO SIGNAL;SPORT UTILITY;PASSENGER CAR;NONE;NONE;;2019-11-04T07:33:01-05:00;2019;No;No;11;07
197 FEET FROM P.V.A. (313 COLONADES WAY);TWO-WAY,NOT DIVIDED;DAYLIGHT;CLOUDY;0;0;;STOP SIGN;SPORT UTILITY;SPORT UTILITY;NONE;NONE;;2019-11-04T14:17:12-05:00;2019;No;No;11;14
100 FEET FROM SR 3977 (SE CARY PKWY);TWO-WAY,DIVIDED,UNPROTECTED MEDIAN;DAYLIGHT;CLEAR;0;0;;STOP AND GO SIGNAL;SPORT UTILITY;SPORT UTILITY;SPORT UTILITY;NONE;;2019-11-04T07:29:21-05:00;2019;No;No;11;07
CARY;TWO-WAY,NOT DIVIDED;DAYLIGHT;CLEAR;0;1;;STOP SIGN;VAN;SPORT UTILITY;NONE;NONE;;2019-11-05T07:56:41-05:00;2019;No;Yes;11;07
250 FEET FROM MEDFIELD RD;TWO-WAY,DIVIDED,UNPROTECTED MEDIAN;DARK - UNKNOWN LIGHTING;CLEAR;0;0;;NO CONTROL PRESENT;PASSENGER CAR;NONE;NONE;NONE;;2019-11-01T14:34:25-04:00;2019;No;No;11;14
CARY;NONE;NONE;NONE;0;0;;;NONE;NONE;NONE;NONE;;2019-11-06T14:47:08-05:00;2019;No;No;11;14
91 FEET FROM P.V.A. (110 TALS ROCK WAY);TWO-WAY,NOT DIVIDED;DARK - LIGHTED ROADWAY;CLEAR;0;0;;NO CONTROL PRESENT;VAN;PASSENGER CAR;NONE;NONE;;2019-11-05T17:55:31-05:00;2019;No;No;11;17
0.5 MILES FROM US 1 HWY;TWO-WAY,DIVIDED,POSITIVE MEDIAN BARRIER;DAYLIGHT;CLEAR;0;0;;NO CONTROL PRESENT;PASSENGER CAR;SPORT UTILITY;NONE;NONE;;2019-11-07T09:43:27-05:00;2019;No;No;11;09
CARY;TWO-WAY,DIVIDED,UNPROTECTED MEDIAN;DAYLIGHT;CLEAR;0;0;;STOP AND GO SIGNAL;PASSENGER CAR;PICKUP;NONE;NONE;;2019-11-07T09:35:38-05:00;2019;No;No;11;09
30 FEET FROM SR 1315 (BUCK JONES RD);TWO-WAY,DIVIDED,UNPROTECTED MEDIAN;DAYLIGHT;CLEAR;0;1;;NO CONTROL PRESENT;PASSENGER CAR;PICKUP;NONE;NONE;;2019-11-07T16:51:07-05:00;2019;No;Yes;11;16
.01 MILES FROM SR 1307 (W.CHATHAM ST.);TWO-WAY,DIVIDED,UNPROTECTED MEDIAN;DARK - LIGHTED ROADWAY;CLEAR;0;0;;NO CONTROL PRESENT;SPORT UTILITY;SPORT UTILITY;NONE;NONE;;2019-11-07T17:39:22-05:00;2019;No;No;11;17
NEAR .32 MILES S OF S NC 55 HWY;TWO-WAY,NOT DIVIDED;DARK - LIGHTED ROADWAY;CLEAR;0;0;DARTING;NO CONTROL PRESENT;PASSENGER CAR;NONE;NONE;NONE;;2019-11-06T01:35:55-05:00;2019;No;No;11;01
15 FEET FROM SR 1313 (WALNUT ST);TWO-WAY,DIVIDED,POSITIVE MEDIAN BARRIER;DARK - LIGHTED ROADWAY;RAIN;0;0;;STOP AND GO SIGNAL;PASSENGER CAR;PASSENGER CAR;NONE;NONE;;2019-11-07T06:39:04-05:00;2019;No;No;11;06
10 FEET FROM US 1;ONE-WAY,NOT DIVIDED;DARK - LIGHTED ROADWAY;CLEAR;0;0;;STOP AND GO SIGNAL;PASSENGER CAR;PASSENGER CAR;NONE;NONE;;2019-11-08T21:43:48-05:00;2019;No;No;11;21
10 FEET FROM SR 1652 (N HARRISON AVE);TWO-WAY,DIVIDED,UNPROTECTED MEDIAN;DAYLIGHT;CLEAR;0;0;;STOP AND GO SIGNAL;PICKUP;PASSENGER CAR;PASSENGER CAR;NONE;;2019-11-09T15:23:59-05:00;2019;No;No;11;15
CARY;TWO-WAY,DIVIDED,UNPROTECTED MEDIAN;DAYLIGHT;CLEAR;0;0;;STOP AND GO SIGNAL;PASSENGER CAR;SPORT UTILITY;NONE;NONE;;2019-11-09T12:10:00-05:00;2019;No;No;11;12
20 FEET FROM NC 55 HWY;TWO-WAY,NOT DIVIDED;DAYLIGHT;CLEAR;0;0;;NO CONTROL PRESENT;PASSENGER CAR;SPORT UTILITY;PASSENGER CAR;NONE;;2019-11-11T06:38:15-05:00;2019;No;No;11;06
480 FEET FROM CROSSROADS BLVD;TWO-WAY,DIVIDED,UNPROTECTED MEDIAN;DAYLIGHT;CLEAR;0;0;;NO CONTROL PRESENT;PASSENGER CAR;SPORT UTILITY;NONE;NONE;;2019-11-09T16:45:37-05:00;2019;No;No;11;16
202 FEET FROM P.V.A. (2021 WALNUT ST);TWO-WAY,NOT DIVIDED;DAYLIGHT;CLEAR;0;0;;;PICKUP;PASSENGER CAR;NONE;NONE;;2019-11-09T13:12:17-05:00;2019;No;No;11;13
10 FEET FROM SR 1011 (E CHATHAM ST);TWO-WAY,DIVIDED,UNPROTECTED MEDIAN;DAYLIGHT;CLEAR;0;0;;NO CONTROL PRESENT;SPORT UTILITY;PICKUP;NONE;NONE;;2019-11-10T12:12:00-05:00;2019;No;No;11;12
.1 MILES FROM P.V.A. 119 SW MAYNARD RD;TWO-WAY,NOT DIVIDED;DAYLIGHT;CLEAR;0;1;;NO CONTROL PRESENT;NONE;PASSENGER CAR;NONE;NONE;;2019-11-08T14:08:41-05:00;2019;No;Yes;11;14
75 FEET FROM SR 3977 (SW CARY PKWY);TWO-WAY,DIVIDED,UNPROTECTED MEDIAN;DAYLIGHT;CLEAR;0;0;;NO CONTROL PRESENT;SPORT UTILITY;SPORT UTILITY;PASSENGER CAR;NONE;;2019-11-08T14:39:25-05:00;2019;No;No;11;14
5 FEET FROM NC 540 TO NC 55 HWY RAMP;ONE-WAY,NOT DIVIDED;DARK - LIGHTED ROADWAY;CLEAR;0;0;;STOP AND GO SIGNAL;PASSENGER CAR;PASSENGER CAR;NONE;NONE;;2019-11-08T18:09:01-05:00;2019;No;No;11;18
CARY;TWO-WAY,DIVIDED,UNPROTECTED MEDIAN;DAYLIGHT;CLEAR;0;0;;STOP AND GO SIGNAL;SPORT UTILITY;PASSENGER CAR;NONE;NONE;;2019-11-11T16:53:35-05:00;2019;No;No;11;16
70 FEET FROM SR 1652 (N HARRISON AVE);TWO-WAY,DIVIDED,UNPROTECTED MEDIAN;DAYLIGHT;CLEAR;0;1;;STOP AND GO SIGNAL;PASSENGER CAR;PASSENGER CAR;NONE;NONE;;2019-11-11T16:17:02-05:00;2019;No;Yes;11;16
167 FEET FROM SR 1300 (KILDAIRE FARM RD);TWO-WAY,DIVIDED,UNPROTECTED MEDIAN;DAYLIGHT;RAIN;0;0;;NO CONTROL PRESENT;PICKUP;SPORT UTILITY;NONE;NONE;;2019-11-12T07:22:48-05:00;2019;No;No;11;07
.15 MILES FROM US1 SOUTH;TWO-WAY,DIVIDED,POSITIVE MEDIAN BARRIER;DUSK;RAIN;0;0;COMING FROM BEHIND PARKED VEHICLE,COMING FROM BEHIND PARKED VEHICLE;NO CONTROL PRESENT;PASSENGER CAR;NONE;NONE;NONE;;2019-11-12T13:58:39-05:00;2019;No;No;11;13
.05 MILES FROM NC 55 HWY;TWO-WAY,NOT DIVIDED;DAYLIGHT;CLEAR;0;0;;NO CONTROL PRESENT;PASSENGER CAR;SPORT UTILITY;NONE;NONE;;2019-11-13T07:42:53-05:00;2019;No;No;11;07
CARY;TWO-WAY,DIVIDED,UNPROTECTED MEDIAN;DAYLIGHT;CLEAR;0;0;;STOP AND GO SIGNAL;SPORT UTILITY;VAN;NONE;NONE;;2019-11-13T13:31:36-05:00;2019;No;No;11;13
.16 MILES FROM SR 1315 (BUCK JONES RD);TWO-WAY,NOT DIVIDED;DAYLIGHT;CLEAR;0;1;;STOP SIGN;SPORT UTILITY;SPORT UTILITY;NONE;NONE;;2019-11-13T15:55:32-05:00;2019;No;Yes;11;15
100 FEET FROM P.V.A. (113 WALNUT ST);TWO-WAY,NOT DIVIDED;DAYLIGHT;CLEAR;0;0;;NO CONTROL PRESENT;PASSENGER CAR;PASSENGER CAR;NONE;NONE;;2019-11-05T15:15:32-05:00;2019;No;No;11;15
0 FEET FROM MORRISVILLE PKWY;TWO-WAY,DIVIDED,UNPROTECTED MEDIAN;DAYLIGHT;CLEAR;0;0;;STOP AND GO SIGNAL;PASSENGER CAR;PASSENGER CAR;NONE;NONE;;2019-11-13T16:44:23-05:00;2019;No;No;11;16
.05 MILES FROM US 1 HWY;TWO-WAY,DIVIDED,POSITIVE MEDIAN BARRIER;DAYLIGHT;RAIN;0;0;;NO CONTROL PRESENT;VAN;PASSENGER CAR;NONE;NONE;;2019-11-15T08:56:09-05:00;2019;No;No;11;08
242 FEET FROM P.V.A. CLEANING AUTHORITY (270;TWO-WAY,NOT DIVIDED;DAYLIGHT;CLOUDY;0;1;;NO CONTROL PRESENT;PASSENGER CAR;NONE;NONE;NONE;;2019-11-14T08:38:48-05:00;2019;No;Yes;11;08
CARY;TWO-WAY,DIVIDED,UNPROTECTED MEDIAN;DAYLIGHT;RAIN;0;0;;STOP AND GO SIGNAL;PASSENGER CAR;SPORT UTILITY;NONE;NONE;;2019-11-15T11:16:00-05:00;2019;No;No;11;11
69 FEET FROM SR 1011 (W CHATHAM ST);TWO-WAY,NOT DIVIDED;DAYLIGHT;CLOUDY;0;0;;NO CONTROL PRESENT;SPORT UTILITY;PASSENGER CAR;NONE;NONE;;2019-11-15T11:40:00-05:00;2019;No;No;11;11
100 FEET FROM E DURHAM RD;TWO-WAY,NOT DIVIDED;DARK - ROADWAY NOT LIGHTED;CLEAR;0;0;WRONG SIDE OF ROAD,DARTING;NO CONTROL PRESENT;SPORT UTILITY;NONE;NONE;NONE;;2019-11-16T00:34:00-05:00;2019;No;No;11;00
95 FEET FROM PVA ( 760 SE MAYNARD RD.);TWO-WAY,NOT DIVIDED;DAYLIGHT;RAIN;0;0;;NO CONTROL PRESENT;NONE;VAN;NONE;NONE;;2019-11-15T18:12:01-05:00;2019;No;No;11;18
234 FEET FROM NC 54 (CHAPEL HILL RD);TWO-WAY,NOT DIVIDED;DARK - LIGHTED ROADWAY;CLEAR;0;0;;STOP AND GO SIGNAL;PASSENGER CAR;PASSENGER CAR;NONE;NONE;;2019-11-12T22:45:00-05:00;2019;No;No;11;22
.225 MILES FROM US 1;TWO-WAY,DIVIDED,POSITIVE MEDIAN BARRIER;DARK - ROADWAY NOT LIGHTED;CLEAR;0;0;;NO CONTROL PRESENT;SPORT UTILITY;NONE;NONE;NONE;;2019-11-17T18:19:29-05:00;2019;No;No;11;18
CARY;TWO-WAY,NOT DIVIDED;DAYLIGHT;RAIN;0;0;;YIELD SIGN;VAN;PASSENGER CAR;NONE;NONE;;2019-11-15T07:51:57-05:00;2019;No;No;11;07
0 FEET FROM SR 1652 (N HARRISON AVE);TWO-WAY,NOT DIVIDED;DARK - LIGHTED ROADWAY;CLOUDY;0;0;;NO CONTROL PRESENT;PASSENGER CAR;NONE;NONE;NONE;;2019-11-15T21:49:36-05:00;2019;No;No;11;21
0 FEET FROM SR 1635 (MCCRIMMON PKWY);TWO-WAY,DIVIDED,UNPROTECTED MEDIAN;DARK - LIGHTED ROADWAY;CLEAR;0;0;;STOP SIGN;PASSENGER CAR;SPORT UTILITY;NONE;NONE;;2019-11-16T03:44:24-05:00;2019;No;No;11;03
CARY;TWO-WAY,NOT DIVIDED;DAYLIGHT;CLEAR;0;0;;STOP AND GO SIGNAL;NONE;NONE;NONE;NONE;;2019-11-16T09:43:16-05:00;2019;No;No;11;09
CARY;TWO-WAY,DIVIDED,UNPROTECTED MEDIAN;DAYLIGHT;RAIN;0;1;;STOP AND GO SIGNAL;PASSENGER CAR;PASSENGER CAR;NONE;NONE;;2019-11-18T14:03:39-05:00;2019;No;Yes;11;14
203 FEET FROM WESTON PKWY;TWO-WAY,DIVIDED,POSITIVE MEDIAN BARRIER;DARK - LIGHTED ROADWAY;RAIN;0;0;COMING FROM BEHIND PARKED VEHICLE;NO CONTROL PRESENT;PASSENGER CAR;NONE;NONE;NONE;;2019-11-18T20:45:44-05:00;2019;No;No;11;20
250 FEET FROM SR 1010 (TEN TEN RD);TWO-WAY,NOT DIVIDED;DAYLIGHT;CLEAR;0;0;;NO CONTROL PRESENT;PASSENGER CAR;PASSENGER CAR;NONE;NONE;;2019-11-19T09:35:46-05:00;2019;No;No;11;09
187 FEET FROM PVA (1001 SE CARY PKWY);TWO-WAY,NOT DIVIDED;DAYLIGHT;CLEAR;0;0;;NO CONTROL PRESENT;PASSENGER CAR;PICKUP;NONE;NONE;;2019-11-19T13:01:26-05:00;2019;No;No;11;13
10 FEET FROM SR 1652 (N HARRISON AV);TWO-WAY,NOT DIVIDED;DARK - LIGHTED ROADWAY;CLEAR;0;0;;STOP AND GO SIGNAL;PASSENGER CAR;PASSENGER CAR;NONE;NONE;;2019-11-19T17:23:15-05:00;2019;No;No;11;17
CARY;TWO-WAY,DIVIDED,POSITIVE MEDIAN BARRIER;DAYLIGHT;CLEAR;0;2;;STOP AND GO SIGNAL;PASSENGER CAR;SPORT UTILITY;NONE;NONE;;2019-11-19T11:23:00-05:00;2019;No;Yes;11;11
.10 MILES FROM US 1 NORTH;TWO-WAY,DIVIDED,POSITIVE MEDIAN BARRIER;DAYLIGHT;CLEAR;0;1;;NO CONTROL PRESENT;PASSENGER CAR;PASSENGER CAR;NONE;NONE;;2019-11-20T09:33:00-05:00;2019;No;Yes;11;09
5 FEET FROM NC 55 HWY;TWO-WAY,DIVIDED,UNPROTECTED MEDIAN;DAYLIGHT;CLEAR;0;0;;STOP AND GO SIGNAL;SPORT UTILITY;PICKUP;NONE;NONE;;2019-11-19T09:30:46-05:00;2019;No;No;11;09
25 FEET FROM LOCH HIGHLANDS DR.;TWO-WAY,NOT DIVIDED;DAYLIGHT;CLEAR;0;0;;NO CONTROL PRESENT;SPORT UTILITY;PICKUP;NONE;NONE;;2019-11-20T08:13:28-05:00;2019;No;No;11;08
0 FEET FROM SR 3977 (SW CARY PKWY);NONE;NONE;NONE;0;0;;;NONE;NONE;NONE;NONE;;2019-11-15T12:27:00-05:00;2019;No;No;11;12
.16 MILES FROM SR 1315 (BUCK JONES RD);NONE;NONE;NONE;0;0;;;NONE;NONE;NONE;NONE;;2019-11-13T16:42:18-05:00;2019;No;No;11;16
CARY;TWO-WAY,DIVIDED,UNPROTECTED MEDIAN;DARK - LIGHTED ROADWAY;CLEAR;0;0;;STOP AND GO SIGNAL;PASSENGER CAR;PASSENGER CAR;NONE;NONE;;2019-11-20T17:43:39-05:00;2019;No;No;11;17
0 MILES FROM US 64 HWY;TWO-WAY,DIVIDED,UNPROTECTED MEDIAN;DARK - ROADWAY NOT LIGHTED;CLEAR;0;0;;STOP SIGN;SPORT UTILITY;PASSENGER CAR;NONE;NONE;;2019-11-20T17:42:06-05:00;2019;No;No;11;17
50 FEET FROM SR 1010 (TEN TEN RD.;TWO-WAY,DIVIDED,UNPROTECTED MEDIAN;DARK - LIGHTED ROADWAY;CLEAR;0;0;;STOP AND GO SIGNAL;PASSENGER CAR;VAN;NONE;NONE;;2019-11-20T17:33:02-05:00;2019;No;No;11;17
0 FEET FROM SR 1300 (KILDAIRE FARM RD);TWO-WAY,NOT DIVIDED;DAYLIGHT;CLEAR;0;1;;STOP SIGN;PASSENGER CAR;PASSENGER CAR;PASSENGER CAR;NONE;;2019-11-21T09:24:50-05:00;2019;No;Yes;11;09
05 FEET FROM US 1 HWY;TWO-WAY,DIVIDED,POSITIVE MEDIAN BARRIER;DARK - LIGHTED ROADWAY;CLEAR;0;0;;NO CONTROL PRESENT;SPORT UTILITY;NONE;NONE;NONE;;2019-11-20T23:58:00-05:00;2019;No;No;11;23
.095 MILES FROM PVA (102 EDINBURGH SOUTH DR);TWO-WAY,NOT DIVIDED;DARK - LIGHTED ROADWAY;CLEAR;0;0;;NO CONTROL PRESENT;MOTOR HOME/RECREATIONAL VEHICLE;PASSENGER CAR;NONE;NONE;;2019-11-15T23:40:00-05:00;2019;No;No;11;23
30 FEET FROM P.V.A. 8559 CHAPEL HILL RD;TWO-WAY,NOT DIVIDED;DAYLIGHT;CLEAR;0;0;;NO CONTROL PRESENT;SINGLE UNIT TRUCK (2-AXLE- 6-TIRE);PASSENGER CAR;NONE;NONE;;2019-11-16T16:49:24-05:00;2019;No;No;11;16
75 FEET FROM PVA 100 PARKWAY OFFICE CT;TWO-WAY,NOT DIVIDED;DAYLIGHT;CLEAR;0;1;;NO CONTROL PRESENT;PASSENGER CAR;NONE;NONE;NONE;;2019-11-22T14:31:50-05:00;2019;No;Yes;11;14
CARY;TWO-WAY,NOT DIVIDED;DUSK;CLEAR;0;0;;STOP AND GO SIGNAL;PASSENGER CAR;PASSENGER CAR;NONE;NONE;;2019-11-22T18:21:36-05:00;2019;No;No;11;18
200 FEET FROM SR 3014 (MORRISVILLE CARPENTER;TWO-WAY,NOT DIVIDED;DARK - LIGHTED ROADWAY;CLOUDY;0;0;DARTING;NO CONTROL PRESENT;PASSENGER CAR;PASSENGER CAR;NONE;NONE;;2019-11-22T19:45:15-05:00;2019;No;No;11;19
150 FEET FROM SR 1615 (HIGH HOUSE RD);TWO-WAY,NOT DIVIDED;DAYLIGHT;CLEAR;0;0;;NO CONTROL PRESENT;PASSENGER CAR;PASSENGER CAR;NONE;NONE;;2019-11-22T18:11:39-05:00;2019;No;No;11;18
CARY;TWO-WAY,DIVIDED,UNPROTECTED MEDIAN;DARK - LIGHTED ROADWAY;RAIN;0;0;;NO CONTROL PRESENT;PICKUP;PASSENGER CAR;PASSENGER CAR;NONE;;2019-11-23T17:22:43-05:00;2019;No;No;11;17
25 FEET FROM SR-1521 (LAKE PINE DR);TWO-WAY,NOT DIVIDED;DAYLIGHT;CLOUDY;0;0;;STOP AND GO SIGNAL;PASSENGER CAR;SPORT UTILITY;NONE;NONE;;2019-11-22T12:54:00-05:00;2019;No;No;11;12
CARY;TWO-WAY,DIVIDED,UNPROTECTED MEDIAN;DAYLIGHT;CLEAR;0;0;;STOP AND GO SIGNAL;PASSENGER CAR;PASSENGER CAR;NONE;NONE;;2019-11-22T15:06:50-05:00;2019;No;No;11;15
CARY;TWO-WAY,DIVIDED,UNPROTECTED MEDIAN;DARK - ROADWAY NOT LIGHTED;CLEAR;0;0;;STOP AND GO SIGNAL;SPORT UTILITY;VAN;NONE;NONE;;2019-11-25T23:02:00-05:00;2019;No;No;11;23
30 FEET FROM P.V.A. 101 REED ST;TWO-WAY,NOT DIVIDED;DARK - LIGHTED ROADWAY;CLEAR;0;0;;NO CONTROL PRESENT;PASSENGER CAR;PICKUP;NONE;NONE;;2019-11-26T01:37:56-05:00;2019;No;No;11;01
73 FEET FROM P.V.A (1607 WALNUT ST);ONE-WAY,NOT DIVIDED;DARK - LIGHTED ROADWAY;RAIN;0;0;;NO CONTROL PRESENT;PASSENGER CAR;PASSENGER CAR;NONE;NONE;;2019-11-23T23:36:00-05:00;2019;No;No;11;23
CARY;TWO-WAY,DIVIDED,UNPROTECTED MEDIAN;DARK - LIGHTED ROADWAY;CLEAR;0;0;;STOP AND GO SIGNAL;PASSENGER CAR;PASSENGER CAR;NONE;NONE;;2019-11-25T18:38:28-05:00;2019;No;No;11;18
.1 MILES FROM FORESTER LN;TWO-WAY,NOT DIVIDED;DARK - ROADWAY NOT LIGHTED;CLEAR;0;0;;NO CONTROL PRESENT;SPORT UTILITY;SPORT UTILITY;NONE;NONE;;2019-11-26T18:06:18-05:00;2019;No;No;11;18
.01 MILES FROM PVA OF 258 GRANDE HEIGHTS DR.;ONE-WAY,NOT DIVIDED;DAYLIGHT;RAIN;0;0;;NO CONTROL PRESENT;PASSENGER CAR;PASSENGER CAR;NONE;NONE;;2019-11-27T12:07:00-05:00;2019;No;No;11;12
0.1 MILES FROM WESTON PKWY;TWO-WAY,DIVIDED,UNPROTECTED MEDIAN;DARK - LIGHTED ROADWAY;CLOUDY;0;0;;NO CONTROL PRESENT;PASSENGER CAR;NONE;NONE;NONE;;2019-11-30T02:57:12-05:00;2019;No;No;11;02
0 FEET FROM SR 1152 (HOLLY SPRINGS RD);TWO-WAY,DIVIDED,UNPROTECTED MEDIAN;DAYLIGHT;RAIN;0;0;;STOP AND GO SIGNAL;SPORT UTILITY;PASSENGER CAR;NONE;NONE;;2019-11-30T10:07:00-05:00;2019;No;No;11;10
81 FEET FROM SR 1313(WALNUT ST);TWO-WAY,DIVIDED,UNPROTECTED MEDIAN;DAYLIGHT;CLOUDY;0;0;;STOP AND GO SIGNAL;VAN;SPORT UTILITY;NONE;NONE;;2019-11-30T13:57:44-05:00;2019;No;No;11;13
.08 MILES FROM US 1 HWY;TWO-WAY,DIVIDED,POSITIVE MEDIAN BARRIER;DAYLIGHT;CLOUDY;0;1;;NO CONTROL PRESENT;PASSENGER CAR;NONE;NONE;NONE;;2019-12-01T11:32:00-05:00;2019;No;Yes;12;11
300 FEET FROM SR 3977 (SW CARY PKWY);TWO-WAY,DIVIDED,UNPROTECTED MEDIAN;DARK - LIGHTED ROADWAY;RAIN;0;0;;NO CONTROL PRESENT;PASSENGER CAR;PASSENGER CAR;NONE;NONE;;2019-11-30T00:00:00-05:00;2019;No;No;11;00
0 MILES FROM US 64 HWY;TWO-WAY,DIVIDED,UNPROTECTED MEDIAN;DAYLIGHT;CLEAR;0;0;;NO CONTROL PRESENT;PICKUP;PASSENGER CAR;NONE;NONE;;2019-11-27T08:13:41-05:00;2019;No;No;11;08
50 FEET FROM SR 1615 (HIGH HOUSE RD);TWO-WAY,DIVIDED,UNPROTECTED MEDIAN;DARK - LIGHTED ROADWAY;CLOUDY;0;0;;STOP AND GO SIGNAL;SPORT UTILITY;SPORT UTILITY;NONE;NONE;;2019-11-27T18:04:13-05:00;2019;No;No;11;18
.1 MILES FROM P.P. (304 MATRIX DR);TWO-WAY,NOT DIVIDED;DAYLIGHT;CLEAR;0;0;;NO CONTROL PRESENT;VAN;PASSENGER CAR;NONE;NONE;;2019-11-25T12:15:00-05:00;2019;No;No;11;12
224 FEET FROM P.V.A. (2100 AUTOPARK BLVD);TWO-WAY,NOT DIVIDED;DAYLIGHT;CLEAR;0;0;;NO CONTROL PRESENT;SPORT UTILITY;PASSENGER CAR;NONE;NONE;;2019-11-27T18:52:58-05:00;2019;No;No;11;18
CARY;NONE;NONE;NONE;0;0;;;NONE;NONE;NONE;NONE;;2019-12-02T16:12:08-05:00;2019;No;No;12;16
183 FEET FROM P.V.A. (1343 KILDAIRE FARM RD);TWO-WAY,NOT DIVIDED;DAYLIGHT;CLEAR;0;0;;NO CONTROL PRESENT;PASSENGER CAR;SPORT UTILITY;NONE;NONE;;2019-12-02T12:36:00-05:00;2019;No;No;12;12
0 FEET FROM SR 1300 (KILDAIRE FARM RD);TWO-WAY,NOT DIVIDED;DAYLIGHT;RAIN;0;0;;STOP AND GO SIGNAL;PASSENGER CAR;PICKUP;NONE;NONE;;2019-12-01T12:56:00-05:00;2019;No;No;12;12
.2 MILES FROM P. V. A. (3655 SW CARY PKWY);TWO-WAY,NOT DIVIDED;DAYLIGHT;CLEAR;0;0;;NO CONTROL PRESENT;SPORT UTILITY;PASSENGER CAR;NONE;NONE;;2019-12-02T13:46:58-05:00;2019;No;No;12;13
0 FEET FROM SR1313 (WALNUT ST);TWO-WAY,DIVIDED,UNPROTECTED MEDIAN;DAYLIGHT;CLEAR;0;0;;STOP AND GO SIGNAL;PICKUP;SPORT UTILITY;NONE;NONE;;2019-12-02T11:58:00-05:00;2019;No;No;12;11