Location_Description;Road_Configuration;Light_Condition;Weather;Fatality;Injury;Contributing_Factor;Traffic_Control;Vehicle1;Vehicle2;Vehicle3;Vehicle4;Vehicle5;Crash_Date;year;Fatalities;Injuries;Month;Hour
.12 MILES FROM SR-1315 (BUCK JONES RD);TWO-WAY,NOT DIVIDED;DUSK;CLEAR;0;0;;NO CONTROL PRESENT;VAN;PASSENGER CAR;NONE;NONE;;2016-01-11T16:37:39-05:00;2016;No;No;1;16
490 FEET FROM NC 54 HWY;TWO-WAY,DIVIDED,UNPROTECTED MEDIAN;DAYLIGHT;CLEAR;0;0;;NO CONTROL PRESENT;PASSENGER CAR;NONE;NONE;NONE;;2016-01-11T15:49:23-05:00;2016;No;No;1;15
0.1 MILES FROM REEDY CREEK RD;ONE-WAY,NOT DIVIDED;DAYLIGHT;CLEAR;0;0;;NO CONTROL PRESENT;PASSENGER CAR;PASSENGER CAR;NONE;NONE;;2016-01-13T08:48:42-05:00;2016;No;No;1;08
20 FEET FROM PVA 8204 TRYON WOODS DR;TWO-WAY,NOT DIVIDED;DAYLIGHT;CLEAR;0;0;;NO CONTROL PRESENT;PICKUP;PASSENGER CAR;NONE;NONE;;2016-01-11T07:48:45-05:00;2016;No;No;1;07
342 FEET FROM SR 1313 (WALNUT ST);TWO-WAY,DIVIDED,UNPROTECTED MEDIAN;DAYLIGHT;CLEAR;0;0;DARTING;STOP AND GO SIGNAL;SPORT UTILITY;SPORT UTILITY;NONE;NONE;;2016-01-13T13:25:21-05:00;2016;No;No;1;13
CARY;TWO-WAY,NOT DIVIDED;DUSK;CLEAR;0;1;;NO CONTROL PRESENT;PASSENGER CAR;PASSENGER CAR;NONE;NONE;;2016-01-14T17:33:46-05:00;2016;No;Yes;1;17
50 FEET FROM P.V.A. (575-102 NEW WAVERLY PL;TWO-WAY,NOT DIVIDED;DAYLIGHT;CLEAR;0;0;;NO CONTROL PRESENT;PASSENGER CAR;NONE;NONE;NONE;;2016-01-07T00:10:00-05:00;2016;No;No;1;00
25 FEET FROM SR 1415 (WALNUT ST);TWO-WAY,NOT DIVIDED;DAYLIGHT;RAIN;0;0;;STOP AND GO SIGNAL;PASSENGER CAR;PICKUP;PASSENGER CAR;NONE;;2016-01-15T16:31:54-05:00;2016;No;No;1;16
.25 MILES FROM NW MAYNARD RD;TWO-WAY,NOT DIVIDED;DARK - LIGHTED ROADWAY;CLOUDY;0;0;;NO CONTROL PRESENT;PASSENGER CAR;PASSENGER CAR;NONE;NONE;;2016-01-18T18:08:08-05:00;2016;No;No;1;18
.03 MILES FROM SR 3977 (SW CARY PARKWAY;TWO-WAY,DIVIDED,UNPROTECTED MEDIAN;DAYLIGHT;CLEAR;0;0;;NO CONTROL PRESENT;PASSENGER CAR;PASSENGER CAR;NONE;NONE;;2016-01-18T12:22:00-05:00;2016;No;No;1;12
0 FEET FROM SR 1435 (GREGSON DR);TWO-WAY,NOT DIVIDED;DAYLIGHT;CLEAR;0;0;;STOP SIGN;SPORT UTILITY;NONE;NONE;NONE;;2016-01-18T11:53:00-05:00;2016;No;No;1;11
0 FEET FROM RIGGSBEE FARM DR;TWO-WAY,DIVIDED,UNPROTECTED MEDIAN;DARK - LIGHTED ROADWAY;CLEAR;0;0;;STOP AND GO SIGNAL;SPORT UTILITY;SPORT UTILITY;NONE;NONE;;2016-01-13T18:42:20-05:00;2016;No;No;1;18
.113 MILES FROM PVA 1297 BUCK JONES RD;ONE-WAY,NOT DIVIDED;DAYLIGHT;CLEAR;0;0;;NO CONTROL PRESENT;PICKUP;PASSENGER CAR;NONE;NONE;;2016-01-19T16:27:26-05:00;2016;No;No;1;16
.07 MILES FROM P.V.A. PANERA BREAD (1065 DARR;TWO-WAY,NOT DIVIDED;DAYLIGHT;CLOUDY;0;0;;NO CONTROL PRESENT;PASSENGER CAR;PASSENGER CAR;NONE;NONE;;2016-01-20T13:27:48-05:00;2016;No;No;1;13
229 FEET FROM P.V.A. 2458 SW CARY PKWY;TWO-WAY,NOT DIVIDED;DUSK;CLEAR;0;0;;NO CONTROL PRESENT;PASSENGER CAR;PASSENGER CAR;NONE;NONE;;2016-01-21T16:55:37-05:00;2016;No;No;1;16
10 FEET FROM GREGSON DR;TWO-WAY,NOT DIVIDED;DARK - LIGHTED ROADWAY;CLEAR;0;0;;STOP AND GO SIGNAL;VAN;PASSENGER CAR;NONE;NONE;;2016-01-21T21:30:32-05:00;2016;No;No;1;21
100 FEET FROM 803 TRANQUIL SOUND DR;TWO-WAY,NOT DIVIDED;DAYLIGHT;CLEAR;0;0;;NO CONTROL PRESENT;PASSENGER CAR;NONE;NONE;NONE;;2016-01-20T19:19:58-05:00;2016;No;No;1;19
.1 MILES FROM PVA OF 33300 FOLKLORE WAY;ONE-WAY,NOT DIVIDED;DARK - LIGHTED ROADWAY;CLOUDY;0;0;;NO CONTROL PRESENT;PASSENGER CAR;PASSENGER CAR;NONE;NONE;;2016-01-20T21:30:12-05:00;2016;No;No;1;21
.3 MILES FROM 441 MILLS PARK DR (PVA);ONE-WAY,NOT DIVIDED;DARK - LIGHTED ROADWAY;BLOWING SAND, DIRT, SNOW;0;0;;NO CONTROL PRESENT;SPORT UTILITY;NONE;NONE;NONE;;2016-01-23T20:02:42-05:00;2016;No;No;1;20
CARY;TWO-WAY,NOT DIVIDED;DARK - LIGHTED ROADWAY;CLEAR;0;1;;NO CONTROL PRESENT;SPORT UTILITY;VAN;PASSENGER CAR;NONE;;2016-01-21T17:45:39-05:00;2016;No;Yes;1;17
CARY;TWO-WAY,NOT DIVIDED;DAYLIGHT;CLEAR;0;0;COMING FROM BEHIND PARKED VEHICLE;NO CONTROL PRESENT;PASSENGER CAR;PASSENGER CAR;NONE;NONE;;2016-01-24T18:39:48-05:00;2016;No;No;1;18
.14 MILES FROM SR1613 (DAVIS DR);NONE;DAYLIGHT;CLEAR;0;1;COMING FROM BEHIND PARKED VEHICLE;NO CONTROL PRESENT;PASSENGER CAR;PASSENGER CAR;PICKUP;NONE;;2016-01-25T11:20:00-05:00;2016;No;Yes;1;11
150 FEET FROM 820 SAS CAMPUS DR;TWO-WAY,NOT DIVIDED;DAYLIGHT;CLEAR;0;0;;NO CONTROL PRESENT;LIGHT TRUCK (MINI-VAN- PANEL);NONE;NONE;NONE;;2016-01-25T13:59:50-05:00;2016;No;No;1;13
20 FEET FROM US HWY 1;TWO-WAY,DIVIDED,POSITIVE MEDIAN BARRIER;DARK - LIGHTED ROADWAY;CLEAR;0;0;;STOP AND GO SIGNAL;PASSENGER CAR;NONE;NONE;NONE;;2016-01-25T19:43:37-05:00;2016;No;No;1;19
CARY;TWO-WAY,NOT DIVIDED;DAYLIGHT;CLEAR;0;0;;STOP AND GO SIGNAL;PASSENGER CAR;PASSENGER CAR;NONE;NONE;;2016-01-26T10:27:00-05:00;2016;No;No;1;10
245 FEET FROM US 64 HWY;NONE;NONE;NONE;0;0;;;VAN;NONE;NONE;NONE;;2016-01-21T08:00:39-05:00;2016;No;No;1;08
5 FEET FROM PVA AT 1201 KILDAIRE FARM RD;TWO-WAY,NOT DIVIDED;DAYLIGHT;CLEAR;0;0;;NO CONTROL PRESENT;VAN;SPORT UTILITY;NONE;NONE;;2016-01-20T09:18:10-05:00;2016;No;No;1;09
.12 MILES FROM PVA 6770 MCCRIMMON PKWY;TWO-WAY,NOT DIVIDED;DAYLIGHT;CLEAR;0;0;;NO CONTROL PRESENT;VAN;PASSENGER CAR;NONE;NONE;;2016-01-26T07:01:10-05:00;2016;No;No;1;07
.25 MILES FROM MORRISVILLE PKWY;TWO-WAY,DIVIDED,UNPROTECTED MEDIAN;DAYLIGHT;CLEAR;0;0;COMING FROM BEHIND PARKED VEHICLE;STOP SIGN;SPORT UTILITY;NONE;NONE;NONE;;2016-01-26T07:36:27-05:00;2016;No;No;1;07
.339 MILES FROM US 1 HWY;TWO-WAY,DIVIDED,POSITIVE MEDIAN BARRIER;DAYLIGHT;CLEAR;0;0;;NO CONTROL PRESENT;PICKUP;PASSENGER CAR;NONE;NONE;;2016-01-28T07:43:35-05:00;2016;No;No;1;07
250 FEET FROM PVA OF 1809 WALNUT ST;TWO-WAY,NOT DIVIDED;DAYLIGHT;CLEAR;0;0;;NO CONTROL PRESENT;VAN;NONE;NONE;NONE;;2016-01-31T14:42:53-05:00;2016;No;No;1;14
20 FEET FROM TURNER CREEK RD;TWO-WAY,NOT DIVIDED;DAYLIGHT;CLEAR;0;0;;STOP SIGN;PASSENGER CAR;PICKUP;NONE;NONE;;2016-01-29T08:42:34-05:00;2016;No;No;1;08
150 FEET FROM SR 1010 (TEN TEN RD);TWO-WAY,NOT DIVIDED;DAYLIGHT;CLEAR;0;2;;STOP AND GO SIGNAL;SPORT UTILITY;SPORT UTILITY;NONE;NONE;;2016-01-29T07:41:43-05:00;2016;No;Yes;1;07
CARY;TWO-WAY,DIVIDED,UNPROTECTED MEDIAN;DAYLIGHT;CLOUDY;0;4;;NO CONTROL PRESENT;PASSENGER CAR;NONE;NONE;NONE;;2016-01-29T15:27:15-05:00;2016;No;Yes;1;15
240 FEET FROM SR 1415 (NE MAYNARD RD);TWO-WAY,DIVIDED,UNPROTECTED MEDIAN;DAYLIGHT;CLEAR;0;0;;NO CONTROL PRESENT;SPORT UTILITY;SPORT UTILITY;NONE;NONE;;2016-01-29T15:47:05-05:00;2016;No;No;1;15
CARY;TWO-WAY,DIVIDED,UNPROTECTED MEDIAN;DAYLIGHT;CLEAR;0;0;;STOP AND GO SIGNAL;PASSENGER CAR;PASSENGER CAR;NONE;NONE;;2016-01-31T16:22:04-05:00;2016;No;No;1;16
.2 MILES FROM US 1 HWY;TWO-WAY,DIVIDED,POSITIVE MEDIAN BARRIER;DAYLIGHT;CLEAR;0;0;;NO CONTROL PRESENT;PICKUP;PASSENGER CAR;NONE;NONE;;2016-02-01T12:22:00-05:00;2016;No;No;2;12
60 FEET FROM SR# 1626 (CARPENTER FIRE STAT);TWO-WAY,DIVIDED,UNPROTECTED MEDIAN;DAYLIGHT;CLEAR;0;0;;STOP AND GO SIGNAL;PASSENGER CAR;PASSENGER CAR;NONE;NONE;;2016-02-01T09:11:34-05:00;2016;No;No;2;09
.13 MILES FROM 7145 OKELLY CHAPEL RD;TWO-WAY,NOT DIVIDED;DAYLIGHT;CLEAR;0;0;;NO CONTROL PRESENT;PASSENGER CAR;PASSENGER CAR;NONE;NONE;;2016-02-01T14:33:08-05:00;2016;No;No;2;14
.10 MILES FROM PVA OF 2010 KILDAIRE FARM RD;TWO-WAY,NOT DIVIDED;DARK - LIGHTED ROADWAY;CLEAR;0;0;;NO CONTROL PRESENT;VAN;SPORT UTILITY;NONE;NONE;;2016-02-01T17:58:08-05:00;2016;No;No;2;17
.1 MILES FROM SR 1628 (OKELLY CHAPEL RD);TWO-WAY,DIVIDED,UNPROTECTED MEDIAN;DARK - LIGHTED ROADWAY;CLEAR;0;0;;NO CONTROL PRESENT;SPORT UTILITY;PASSENGER CAR;NONE;NONE;;2016-01-31T20:17:44-05:00;2016;No;No;1;20
0 FEET FROM NC 54 HWY;NONE;NONE;NONE;0;0;;;NONE;NONE;NONE;NONE;;2016-01-27T00:00:00-05:00;2016;No;No;1;00
CARY;TWO-WAY,DIVIDED,UNPROTECTED MEDIAN;DARK - LIGHTED ROADWAY;RAIN;0;0;;STOP SIGN;PASSENGER CAR;LIGHT TRUCK (MINI-VAN- PANEL);NONE;NONE;;2016-02-03T17:46:17-05:00;2016;No;No;2;17
.04 MILES FROM SR-1152 (HOLLY SPRINGS RD);TWO-WAY,NOT DIVIDED;DAYLIGHT;RAIN;0;0;;NO CONTROL PRESENT;PASSENGER CAR;NONE;NONE;NONE;;2016-02-03T15:57:55-05:00;2016;No;No;2;15
CARY;TWO-WAY,DIVIDED,UNPROTECTED MEDIAN;DUSK;CLOUDY;0;0;;STOP AND GO SIGNAL;SPORT UTILITY;SPORT UTILITY;NONE;NONE;;2016-02-03T17:05:23-05:00;2016;No;No;2;17
171 FEET FROM P.V.A. BANK OF AMERICA (801 SE;TWO-WAY,NOT DIVIDED;DAYLIGHT;RAIN;0;0;;NO CONTROL PRESENT;SPORT UTILITY;PICKUP;NONE;NONE;;2016-02-04T09:28:36-05:00;2016;No;No;2;09
43 FEET FROM SR 3112 (NW CARY PKWY);TWO-WAY,DIVIDED,UNPROTECTED MEDIAN;DARK - LIGHTED ROADWAY;RAIN;0;0;;NO CONTROL PRESENT;PASSENGER CAR;SPORT UTILITY;NONE;NONE;;2016-02-04T17:58:27-05:00;2016;No;No;2;17
60 FEET FROM P.V.A. (2303 NW MAYNARD RD);TWO-WAY,NOT DIVIDED;DAYLIGHT;CLEAR;0;0;;NO CONTROL PRESENT;PASSENGER CAR;PASSENGER CAR;NONE;NONE;;2016-02-05T12:09:00-05:00;2016;No;No;2;12
275 FEET FROM E CANOPY OAK CT;TWO-WAY,NOT DIVIDED;DAYLIGHT;CLEAR;0;0;;NO CONTROL PRESENT;SPORT UTILITY;PASSENGER CAR;NONE;NONE;;2016-02-05T13:12:47-05:00;2016;No;No;2;13
10 FEET FROM UPCHURCH FARM LN;TWO-WAY,NOT DIVIDED;DAYLIGHT;CLEAR;0;2;;NO CONTROL PRESENT;SPORT UTILITY;VAN;NONE;NONE;;2016-02-02T15:00:34-05:00;2016;No;Yes;2;15
150 FEET FROM 8322 CHAPEL HILL RD (PVA);TWO-WAY,NOT DIVIDED;DARK - LIGHTED ROADWAY;CLEAR;0;0;;NO CONTROL PRESENT;PASSENGER CAR;PASSENGER CAR;NONE;NONE;;2016-02-06T09:31:19-05:00;2016;No;No;2;09
150 FEET FROM US 64;TWO-WAY,DIVIDED,UNPROTECTED MEDIAN;DARK - LIGHTED ROADWAY;CLEAR;0;2;;NO CONTROL PRESENT;PASSENGER CAR;PASSENGER CAR;PICKUP;NONE;;2016-02-05T19:08:31-05:00;2016;No;Yes;2;19
225 FEET FROM SR 1615 (HIGH HOUSE RD);TWO-WAY,DIVIDED,UNPROTECTED MEDIAN;DAYLIGHT;CLEAR;0;0;COMING FROM BEHIND PARKED VEHICLE;NO CONTROL PRESENT;PASSENGER CAR;NONE;NONE;NONE;;2016-02-06T07:14:27-05:00;2016;No;No;2;07
CARY;TWO-WAY,DIVIDED,UNPROTECTED MEDIAN;DAYLIGHT;CLEAR;0;1;;STOP AND GO SIGNAL;PASSENGER CAR;PASSENGER CAR;NONE;NONE;;2016-02-06T11:04:00-05:00;2016;No;Yes;2;11
350 FEET FROM P.V.A. (1289 KILDAIRE FARM RD);ONE-WAY,NOT DIVIDED;DUSK;CLEAR;0;0;;NO CONTROL PRESENT;PASSENGER CAR;PASSENGER CAR;NONE;NONE;;2016-02-05T13:04:42-05:00;2016;No;No;2;13
CARY;TWO-WAY,NOT DIVIDED;DAYLIGHT;CLOUDY;0;0;;STOP AND GO SIGNAL;PASSENGER CAR;PASSENGER CAR;NONE;NONE;;2016-02-07T11:19:00-05:00;2016;No;No;2;11
20 FEET FROM WARREN AVE;TWO-WAY,NOT DIVIDED;DAYLIGHT;CLOUDY;0;0;;NO CONTROL PRESENT;PASSENGER CAR;SPORT UTILITY;NONE;NONE;;2016-02-09T08:53:23-05:00;2016;No;No;2;08
225 FEET FROM P.V.A. (256 TOWNE VILLAGE DR);TWO-WAY,NOT DIVIDED;DAYLIGHT;CLEAR;0;0;;NO CONTROL PRESENT;PASSENGER CAR;NONE;NONE;NONE;;2016-02-10T10:35:00-05:00;2016;No;No;2;10
100 FEET FROM US 1 HWY;TWO-WAY,DIVIDED,POSITIVE MEDIAN BARRIER;DAYLIGHT;RAIN;0;0;;NO CONTROL PRESENT;PASSENGER CAR;PASSENGER CAR;PASSENGER CAR;NONE;;2016-02-04T09:15:29-05:00;2016;No;No;2;09
0 FEET FROM US 64;TWO-WAY,DIVIDED,UNPROTECTED MEDIAN;DAYLIGHT;CLEAR;0;0;;STOP AND GO SIGNAL;SPORT UTILITY;PASSENGER CAR;NONE;NONE;;2016-02-10T13:42:02-05:00;2016;No;No;2;13
.1 MILES FROM US 1 HWY NB;TWO-WAY,DIVIDED,POSITIVE MEDIAN BARRIER;DARK - ROADWAY NOT LIGHTED;CLEAR;0;0;;NO CONTROL PRESENT;SPORT UTILITY;PASSENGER CAR;NONE;NONE;;2016-02-10T20:47:14-05:00;2016;No;No;2;20
50 FEET FROM AUDUBON PARC DR;TWO-WAY,NOT DIVIDED;DAYLIGHT;CLEAR;0;1;;NO CONTROL PRESENT;PASSENGER CAR;SPORT UTILITY;NONE;NONE;;2016-02-11T16:45:02-05:00;2016;No;Yes;2;16
350 FEET FROM P.V.A. (400 JAMES JACKSON AV);TWO-WAY,NOT DIVIDED;DAYLIGHT;CLEAR;0;0;;NO CONTROL PRESENT;PICKUP;LIGHT TRUCK (MINI-VAN- PANEL);NONE;NONE;;2016-02-11T10:47:00-05:00;2016;No;No;2;10
.08 MILES FROM US 1 SOUTH;TWO-WAY,DIVIDED,POSITIVE MEDIAN BARRIER;DARK - LIGHTED ROADWAY;CLEAR;0;0;;NO CONTROL PRESENT;PASSENGER CAR;NONE;NONE;NONE;;2016-02-10T19:01:44-05:00;2016;No;No;2;19
50 FEET FROM ELLISVIEW DR;TWO-WAY,NOT DIVIDED;DAYLIGHT;CLEAR;0;0;;NO CONTROL PRESENT;TRUCK/TRAILER;VAN;NONE;NONE;;2016-02-12T11:54:00-05:00;2016;No;No;2;11
20 FEET FROM PVA (216 E CHATHAM ST);TWO-WAY,NOT DIVIDED;DARK - LIGHTED ROADWAY;CLEAR;0;0;;NO CONTROL PRESENT;VAN;PASSENGER CAR;NONE;NONE;;2016-02-12T03:26:12-05:00;2016;No;No;2;03
CARY;TWO-WAY,DIVIDED,UNPROTECTED MEDIAN;DAYLIGHT;CLEAR;0;1;;STOP AND GO SIGNAL;PICKUP;NONE;NONE;NONE;;2016-02-14T15:50:56-05:00;2016;No;Yes;2;15
35 FEET FROM OLDE WEATHERSTONE WAY;TWO-WAY,DIVIDED,UNPROTECTED MEDIAN;DAYLIGHT;CLOUDY;0;0;;NO CONTROL PRESENT;PASSENGER CAR;PASSENGER CAR;NONE;NONE;;2016-02-12T13:28:07-05:00;2016;No;No;2;13
.12 MILES FROM COLLIER PL;TWO-WAY,NOT DIVIDED;DAYLIGHT;CLEAR;0;0;;NO CONTROL PRESENT;PASSENGER CAR;NONE;NONE;NONE;;2016-02-13T13:16:02-05:00;2016;No;No;2;13
CARY;TWO-WAY,DIVIDED,UNPROTECTED MEDIAN;DAYLIGHT;CLEAR;0;0;;STOP AND GO SIGNAL;PASSENGER CAR;VAN;NONE;NONE;;2016-02-11T16:45:02-05:00;2016;No;No;2;16
.25 MILES FROM CROSSROADS BLVD;TWO-WAY,DIVIDED,POSITIVE MEDIAN BARRIER;DAYLIGHT;CLEAR;0;0;;NO CONTROL PRESENT;SPORT UTILITY;PASSENGER CAR;NONE;NONE;;2016-02-14T17:27:58-05:00;2016;No;No;2;17
300 FEET FROM SR3060(MORRISVILLE PKWY);TWO-WAY,DIVIDED,UNPROTECTED MEDIAN;DAYLIGHT;SLEET, HAIL, FREEZING RAIN/DRIZZLE;0;0;COMING FROM BEHIND PARKED VEHICLE;NO CONTROL PRESENT;NONE;NONE;NONE;NONE;;2016-02-15T14:45:15-05:00;2016;No;No;2;14
178 FEET FROM PRESTONWOOD PKWY;TWO-WAY,DIVIDED,UNPROTECTED MEDIAN;DAYLIGHT;CLOUDY;0;2;;NO CONTROL PRESENT;SPORT UTILITY;NONE;NONE;NONE;;2016-02-14T14:39:07-05:00;2016;No;Yes;2;14
.1 MILES FROM HILLIARD FOREST DR;TWO-WAY,NOT DIVIDED;DAYLIGHT;CLOUDY;0;0;;NO CONTROL PRESENT;SINGLE UNIT TRUCK (2-AXLE- 6-TIRE);NONE;NONE;NONE;;2016-02-16T08:07:35-05:00;2016;No;No;2;08
CARY;TWO-WAY,DIVIDED,UNPROTECTED MEDIAN;DAYLIGHT;RAIN;0;2;;STOP AND GO SIGNAL;PASSENGER CAR;PASSENGER CAR;NONE;NONE;;2016-02-16T10:49:00-05:00;2016;No;Yes;2;10
165 FEET FROM SR 1300 (KILDAIRE FARM RD);TWO-WAY,DIVIDED,UNPROTECTED MEDIAN;DAYLIGHT;CLEAR;0;0;;NO CONTROL PRESENT;SPORT UTILITY;PASSENGER CAR;NONE;NONE;;2016-02-16T11:35:00-05:00;2016;No;No;2;11
CARY;TWO-WAY,NOT DIVIDED;DAYLIGHT;CLEAR;0;0;;STOP SIGN;PASSENGER CAR;PASSENGER CAR;NONE;NONE;;2016-02-17T17:10:14-05:00;2016;No;No;2;17
CARY;TWO-WAY,DIVIDED,UNPROTECTED MEDIAN;DAYLIGHT;CLEAR;0;2;;STOP AND GO SIGNAL;SINGLE UNIT TRUCK (2-AXLE- 6-TIRE);SPORT UTILITY;NONE;NONE;;2016-02-10T22:43:00-05:00;2016;No;Yes;2;22
75 FEET FROM P.V.A. CAROLINA AUTO SPA (1370;TWO-WAY,NOT DIVIDED;DAYLIGHT;CLEAR;0;0;;NO CONTROL PRESENT;SPORT UTILITY;PASSENGER CAR;NONE;NONE;;2016-02-18T13:18:56-05:00;2016;No;No;2;13
0 FEET FROM US 1;TWO-WAY,DIVIDED,POSITIVE MEDIAN BARRIER;DAYLIGHT;CLEAR;0;0;;STOP AND GO SIGNAL;PASSENGER CAR;PASSENGER CAR;NONE;NONE;;2016-02-19T10:24:00-05:00;2016;No;No;2;10
0 FEET FROM NC 55 HWY;TWO-WAY,DIVIDED,UNPROTECTED MEDIAN;DAYLIGHT;CLOUDY;0;0;;STOP AND GO SIGNAL;PICKUP;PASSENGER CAR;NONE;NONE;;2016-02-17T08:38:32-05:00;2016;No;No;2;08
CARY;NONE;NONE;NONE;0;0;;;SPORT UTILITY;NONE;NONE;NONE;;2016-02-12T01:25:24-05:00;2016;No;No;2;01
.2 MILES FROM NC 55 HWY;TWO-WAY,DIVIDED,UNPROTECTED MEDIAN;DARK - LIGHTED ROADWAY;CLEAR;0;0;;NO CONTROL PRESENT;SPORT UTILITY;PASSENGER CAR;NONE;NONE;;2016-02-19T18:32:01-05:00;2016;No;No;2;18
.20 MILES FROM SR1011 (E CHATHAM ST);TWO-WAY,NOT DIVIDED;DAYLIGHT;CLEAR;0;0;;NO CONTROL PRESENT;VAN;PASSENGER CAR;NONE;NONE;;2016-02-17T17:30:47-05:00;2016;No;No;2;17
50 FEET FROM PVA 1921 HIGH HOUSE RD;ONE-WAY,NOT DIVIDED;DAYLIGHT;CLOUDY;0;0;;NO CONTROL PRESENT;PICKUP;NONE;NONE;NONE;;2016-02-20T13:18:08-05:00;2016;No;No;2;13
112 FEET FROM SR1615 (HIGH HOUSE RD);TWO-WAY,DIVIDED,UNPROTECTED MEDIAN;DAYLIGHT;RAIN;0;0;;NO CONTROL PRESENT;SPORT UTILITY;SPORT UTILITY;NONE;NONE;;2016-02-22T17:46:36-05:00;2016;No;No;2;17
124 FEET FROM PVA OF 321 BROOK ARBOR DR;TWO-WAY,NOT DIVIDED;DAYLIGHT;CLEAR;0;0;;NO CONTROL PRESENT;PASSENGER CAR;PASSENGER CAR;NONE;NONE;;2016-02-21T20:53:44-05:00;2016;No;No;2;20
45 FEET FROM PVA OF 750 SE CARY PKWY;TWO-WAY,NOT DIVIDED;DAYLIGHT;RAIN;0;0;;NO CONTROL PRESENT;PASSENGER CAR;PASSENGER CAR;NONE;NONE;;2016-02-22T16:56:01-05:00;2016;No;No;2;16
70 FEET FROM SR 1009 (TRYON RD);TWO-WAY,DIVIDED,UNPROTECTED MEDIAN;DARK - LIGHTED ROADWAY;RAIN;0;0;;STOP AND GO SIGNAL;PASSENGER CAR;PASSENGER CAR;NONE;NONE;;2016-02-22T19:01:39-05:00;2016;No;No;2;19
150 FEET FROM SR 1652 (N HARRISON AVE0;TWO-WAY,NOT DIVIDED;DAYLIGHT;CLEAR;0;5;;NO CONTROL PRESENT;PASSENGER CAR;PASSENGER CAR;NONE;NONE;;2016-02-19T17:07:40-05:00;2016;No;Yes;2;17
35 FEET FROM SR 1313 (WALNUT ST);TWO-WAY,NOT DIVIDED;DAYLIGHT;CLOUDY;0;0;;STOP AND GO SIGNAL;SPORT UTILITY;PASSENGER CAR;NONE;NONE;;2016-02-23T16:22:50-05:00;2016;No;No;2;16
250 FEET FROM SR3081 (CHAPEL HILL RD);TWO-WAY,DIVIDED,POSITIVE MEDIAN BARRIER;DARK - LIGHTED ROADWAY;CLEAR;0;0;;NO CONTROL PRESENT;PASSENGER CAR;PASSENGER CAR;NONE;NONE;;2016-02-23T19:35:56-05:00;2016;No;No;2;19
200 FEET FROM U.S. 1 HWY;TWO-WAY,DIVIDED,POSITIVE MEDIAN BARRIER;DAYLIGHT;RAIN;0;0;;NO CONTROL PRESENT;SPORT UTILITY;PASSENGER CAR;NONE;NONE;;2016-02-24T17:03:58-05:00;2016;No;No;2;17
70 FEET FROM SR 1611 (HIGH HOUSE RD);TWO-WAY,DIVIDED,UNPROTECTED MEDIAN;DAYLIGHT;CLOUDY;0;0;;STOP AND GO SIGNAL;PICKUP;SPORT UTILITY;NONE;NONE;;2016-02-23T09:20:02-05:00;2016;No;No;2;09
35 FEET FROM SR 1611 (HIGH HOUSE RD);TWO-WAY,NOT DIVIDED;DAYLIGHT;CLEAR;0;0;;STOP AND GO SIGNAL;PASSENGER CAR;PASSENGER CAR;PASSENGER CAR;NONE;;2016-02-24T09:49:36-05:00;2016;No;No;2;09
0 FEET FROM SR 1300 (KILDAIRE FARM RD);TWO-WAY,NOT DIVIDED;DAYLIGHT;CLOUDY;0;0;;STOP AND GO SIGNAL;VAN;PASSENGER CAR;NONE;NONE;;2016-02-24T09:26:19-05:00;2016;No;No;2;09
.2 MILES FROM SR#1379 (PENNY ROAD);TWO-WAY,DIVIDED,UNPROTECTED MEDIAN;DAYLIGHT;RAIN;0;0;INATTENTIVE (TALKING,EATING,ETC.);NO CONTROL PRESENT;SPORT UTILITY;NONE;NONE;NONE;;2016-02-24T17:29:55-05:00;2016;No;No;2;17
46 FEET FROM P.V.A. (1000 INNOVATION AVE);TWO-WAY,NOT DIVIDED;DAYLIGHT;CLEAR;0;0;;NO CONTROL PRESENT;LIGHT TRUCK (MINI-VAN- PANEL);PASSENGER CAR;NONE;NONE;;2016-02-25T12:23:00-05:00;2016;No;No;2;12
300 FEET FROM PVA AT 6430 TRYON RD;TWO-WAY,NOT DIVIDED;DAYLIGHT;CLOUDY;0;0;;NO CONTROL PRESENT;PICKUP;PASSENGER CAR;NONE;NONE;;2016-02-24T16:40:36-05:00;2016;No;No;2;16
210 FEET FROM P.V.A. (211 N ACADEMY ST);TWO-WAY,NOT DIVIDED;DAYLIGHT;CLEAR;0;0;;NO CONTROL PRESENT;SPORT UTILITY;PASSENGER CAR;NONE;NONE;;2016-02-25T17:33:03-05:00;2016;No;No;2;17
50 FEET FROM PVA 3430 TEN TEN RD(HARRIS TEE;TWO-WAY,NOT DIVIDED;DAYLIGHT;CLOUDY;0;0;;NO CONTROL PRESENT;PASSENGER CAR;NONE;NONE;NONE;;2016-02-24T10:58:00-05:00;2016;No;No;2;10
35 FEET FROM PVA (864 SE MAYNARD RD);TWO-WAY,NOT DIVIDED;DARK - LIGHTED ROADWAY;CLEAR;0;1;;NO CONTROL PRESENT;PASSENGER CAR;PASSENGER CAR;NONE;NONE;;2016-02-26T21:54:25-05:00;2016;No;Yes;2;21
30 FEET FROM PVA AT 410 W CHATHAM ST;TWO-WAY,NOT DIVIDED;DAYLIGHT;CLEAR;0;0;;NO CONTROL PRESENT;SPORT UTILITY;NONE;NONE;NONE;;2016-02-26T21:14:10-05:00;2016;No;No;2;21