Location_Description;Road_Configuration;Light_Condition;Weather;Fatality;Injury;Contributing_Factor;Traffic_Control;Vehicle1;Vehicle2;Vehicle3;Vehicle4;Vehicle5;Crash_Date;year;Fatalities;Injuries;Month;Hour
312 FEET FROM (SR1313) WALNUT ST;TWO-WAY,NOT DIVIDED;DAYLIGHT;CLEAR;0;0;;NO CONTROL PRESENT;SPORT UTILITY;PASSENGER CAR;NONE;NONE;;2016-04-16T17:30:27-04:00;2016;No;No;4;17
CARY;TWO-WAY,DIVIDED,UNPROTECTED MEDIAN;DAYLIGHT;CLEAR;0;1;;STOP AND GO SIGNAL;SINGLE UNIT TRUCK (2-AXLE- 6-TIRE);PASSENGER CAR;NONE;NONE;;2016-04-18T10:25:00-04:00;2016;No;Yes;4;10
CARY;TWO-WAY,DIVIDED,POSITIVE MEDIAN BARRIER;DAYLIGHT;CLEAR;0;1;;STOP AND GO SIGNAL;SPORT UTILITY;SPORT UTILITY;PASSENGER CAR;NONE;;2016-04-17T07:31:16-04:00;2016;No;Yes;4;07
.20 MILES FROM  SR1300 (KILDAIRE FARM RD);TWO-WAY,NOT DIVIDED;DAYLIGHT;CLEAR;0;0;FAILURE TO YIELD RIGHT OF WAY;NO CONTROL PRESENT;PASSENGER CAR;PICKUP;NONE;NONE;;2016-04-18T10:12:00-04:00;2016;No;No;4;10
CARY;TWO-WAY,DIVIDED,UNPROTECTED MEDIAN;DAYLIGHT;CLEAR;0;0;;STOP AND GO SIGNAL;PASSENGER CAR;PASSENGER CAR;NONE;NONE;;2016-04-17T17:19:32-04:00;2016;No;No;4;17
50 FEET FROM SR3977 (SW CARY PKWY);TWO-WAY,DIVIDED,UNPROTECTED MEDIAN;DAYLIGHT;CLEAR;0;0;;STOP AND GO SIGNAL;PASSENGER CAR;SPORT UTILITY;NONE;NONE;;2016-04-18T07:55:44-04:00;2016;No;No;4;07
10 FEET FROM E DURHAM RD;TWO-WAY,NOT DIVIDED;DAYLIGHT;CLEAR;0;0;;STOP SIGN;PASSENGER CAR;PASSENGER CAR;PASSENGER CAR;NONE;;2016-04-18T15:32:14-04:00;2016;No;No;4;15
266 FEET FROM PVA OF 8745 HOLLY SPRINGS RD;TWO-WAY,DIVIDED,UNPROTECTED MEDIAN;DAYLIGHT;CLEAR;0;1;;STOP SIGN;SPORT UTILITY;SPORT UTILITY;NONE;NONE;;2016-04-18T15:31:15-04:00;2016;No;Yes;4;15
100 FEET FROM PVA (211 JAMES JACKSON AVE);TWO-WAY,NOT DIVIDED;DAYLIGHT;CLEAR;0;0;;NO CONTROL PRESENT;PICKUP;PASSENGER CAR;NONE;NONE;;2016-04-19T10:31:00-04:00;2016;No;No;4;10
20 FEET FROM SR 1152 (HOLLY SPRINGS RD);TWO-WAY,DIVIDED,UNPROTECTED MEDIAN;DAYLIGHT;CLEAR;0;0;;STOP AND GO SIGNAL;SPORT UTILITY;VAN;NONE;NONE;;2016-04-19T11:14:00-04:00;2016;No;No;4;11
CARY;TWO-WAY,DIVIDED,UNPROTECTED MEDIAN;DAYLIGHT;CLEAR;0;0;;STOP AND GO SIGNAL;SPORT UTILITY;PASSENGER CAR;NONE;NONE;;2016-04-20T08:05:13-04:00;2016;No;No;4;08
50 FEET FROM SR 1009 (TRYON RD);TWO-WAY,NOT DIVIDED;DAYLIGHT;CLEAR;0;0;;STOP AND GO SIGNAL;NONE;NONE;NONE;NONE;;2016-04-19T08:12:36-04:00;2016;No;No;4;08
410 FEET FROM SR 1011 (W CHATHAM ST);TWO-WAY,NOT DIVIDED;DAYLIGHT;CLEAR;0;0;;NO CONTROL PRESENT;PASSENGER CAR;PASSENGER CAR;NONE;NONE;;2016-04-20T17:33:34-04:00;2016;No;No;4;17
50 FEET FROM ADAMS ST;TWO-WAY,NOT DIVIDED;DAYLIGHT;CLEAR;0;0;;STOP SIGN;SPORT UTILITY;PICKUP;NONE;NONE;;2016-04-20T19:39:05-04:00;2016;No;No;4;19
.25 MILES FROM SR 1613 (DAVIS DR);NONE;NONE;NONE;0;0;;;PASSENGER CAR;NONE;NONE;NONE;;2016-03-16T21:47:07-04:00;2016;No;No;3;21
CARY;TWO-WAY,DIVIDED,UNPROTECTED MEDIAN;DARK - LIGHTED ROADWAY;CLEAR;0;3;;STOP AND GO SIGNAL;PASSENGER CAR;VAN;NONE;NONE;;2016-04-20T22:44:00-04:00;2016;No;Yes;4;22
100 FEET FROM PVA 151 SE CARY PKWY(TIJUANA F;TWO-WAY,NOT DIVIDED;DARK - LIGHTED ROADWAY;CLEAR;0;0;;NO CONTROL PRESENT;SPORT UTILITY;SPORT UTILITY;NONE;NONE;;2016-04-20T20:30:54-04:00;2016;No;No;4;20
50 FEET FROM 638 WALNUT ST;TWO-WAY,NOT DIVIDED;DAYLIGHT;CLEAR;0;0;;NO CONTROL PRESENT;SPORT UTILITY;PASSENGER CAR;NONE;NONE;;2016-04-21T13:25:08-04:00;2016;No;No;4;13
100 FEET FROM US1;ONE-WAY,NOT DIVIDED;DAYLIGHT;CLEAR;0;0;;NO CONTROL PRESENT;PASSENGER CAR;SPORT UTILITY;NONE;NONE;;2016-04-19T00:00:00-04:00;2016;No;No;4;00
500 FEET FROM MAGNESS DR;TWO-WAY,DIVIDED,UNPROTECTED MEDIAN;DARK - LIGHTED ROADWAY;CLEAR;0;0;;NO CONTROL PRESENT;PASSENGER CAR;NONE;NONE;NONE;;2016-04-21T07:43:57-04:00;2016;No;No;4;07
180 FEET FROM BUCK JONES RD (SR 1315);TWO-WAY,DIVIDED,UNPROTECTED MEDIAN;DAYLIGHT;CLEAR;0;3;;NO CONTROL PRESENT;PASSENGER CAR;PASSENGER CAR;NONE;NONE;;2016-04-24T11:34:00-04:00;2016;No;Yes;4;11
200 FEET FROM PVA OF 1135 KILDAIRE FARM RD;TWO-WAY,NOT DIVIDED;DAYLIGHT;CLEAR;0;0;;NO CONTROL PRESENT;PASSENGER CAR;VAN;NONE;NONE;;2016-04-25T10:04:00-04:00;2016;No;No;4;10
CARY;TWO-WAY,DIVIDED,UNPROTECTED MEDIAN;DAYLIGHT;CLEAR;0;0;;STOP AND GO SIGNAL;PICKUP;PASSENGER CAR;NONE;NONE;;2016-04-24T12:32:00-04:00;2016;No;No;4;12
.10 MILES FROM PVA OF 2010 KILDAIRE FARM RD;TWO-WAY,NOT DIVIDED;DAYLIGHT;CLEAR;0;0;;NO CONTROL PRESENT;PASSENGER CAR;PASSENGER CAR;NONE;NONE;;2016-04-27T10:36:00-04:00;2016;No;No;4;10
350 FEET FROM ADAMS ST;TWO-WAY,NOT DIVIDED;DARK - LIGHTED ROADWAY;CLEAR;0;0;;NO CONTROL PRESENT;PASSENGER CAR;PICKUP;NONE;NONE;;2016-04-28T00:31:00-04:00;2016;No;No;4;00
10 FEET FROM SR 1615 (HIGH HOUSE RD);TWO-WAY,DIVIDED,UNPROTECTED MEDIAN;DAYLIGHT;CLOUDY;0;0;;NO CONTROL PRESENT;SCHOOL BUS;SPORT UTILITY;NONE;NONE;;2016-04-28T18:45:38-04:00;2016;No;No;4;18
CARY;TWO-WAY,NOT DIVIDED;DAYLIGHT;CLEAR;0;0;;STOP AND GO SIGNAL;PASSENGER CAR;PASSENGER CAR;NONE;NONE;;2016-04-29T14:59:33-04:00;2016;No;No;4;14
300 FEET FROM PVA OF 321 ST ANDREWS LN;TWO-WAY,NOT DIVIDED;DAYLIGHT;CLEAR;0;0;;NO CONTROL PRESENT;PASSENGER CAR;PASSENGER CAR;NONE;NONE;;2016-04-29T13:05:01-04:00;2016;No;No;4;13
407 FEET FROM P.V.A. (750 SE MAYNARD RD);TWO-WAY,NOT DIVIDED;DAYLIGHT;CLEAR;0;0;;NO CONTROL PRESENT;SPORT UTILITY;SPORT UTILITY;NONE;NONE;;2016-04-29T15:48:04-04:00;2016;No;No;4;15
100 FEET FROM SR 1009 (SE CARY PKWY);TWO-WAY,DIVIDED,POSITIVE MEDIAN BARRIER;DARK - LIGHTED ROADWAY;CLEAR;0;0;;STOP AND GO SIGNAL;PASSENGER CAR;SPORT UTILITY;NONE;NONE;;2016-04-29T20:30:09-04:00;2016;No;No;4;20
50 FEET FROM SR 1619 (WALDO ROOD BLVD);TWO-WAY,DIVIDED,UNPROTECTED MEDIAN;DAYLIGHT;CLEAR;0;1;;STOP AND GO SIGNAL;SPORT UTILITY;SPORT UTILITY;NONE;NONE;;2016-04-25T17:37:03-04:00;2016;No;Yes;4;17
.1 MILES FROM PVA 638 WALNUT ST;TWO-WAY,NOT DIVIDED;DAYLIGHT;CLEAR;0;0;;NO CONTROL PRESENT;SPORT UTILITY;SPORT UTILITY;NONE;NONE;;2016-04-29T20:15:19-04:00;2016;No;No;4;20
.20 MILES FROM 1105 WALNUT STREET;ONE-WAY,NOT DIVIDED;DAYLIGHT;CLOUDY;0;0;;NO CONTROL PRESENT;PASSENGER CAR;PASSENGER CAR;NONE;NONE;;2016-05-01T16:51:59-04:00;2016;No;No;5;16
318 FEET FROM CROSSROADS BLVD;TWO-WAY,DIVIDED,UNPROTECTED MEDIAN;DAYLIGHT;CLEAR;0;0;;NO CONTROL PRESENT;PASSENGER CAR;SPORT UTILITY;NONE;NONE;;2016-05-01T14:04:50-04:00;2016;No;No;5;14
110 FEET FROM PVA OF 1830 WALNUT ST;TWO-WAY,NOT DIVIDED;DAYLIGHT;CLEAR;0;0;;NO CONTROL PRESENT;PASSENGER CAR;NONE;NONE;NONE;;2016-05-01T15:30:16-04:00;2016;No;No;5;15
.1 MILES FROM PVA OF 233 CROSSROADS BLVD;TWO-WAY,NOT DIVIDED;DAYLIGHT;CLEAR;0;0;;NO CONTROL PRESENT;PICKUP;PASSENGER CAR;NONE;NONE;;2016-05-02T13:54:24-04:00;2016;No;No;5;13
CARY;TWO-WAY,DIVIDED,UNPROTECTED MEDIAN;DUSK;RAIN;0;0;;DOUBLE YELLOW LINE, NO PASSING ZONE;PASSENGER CAR;PASSENGER CAR;NONE;NONE;;2016-05-02T20:40:32-04:00;2016;No;No;5;20
CARY;TWO-WAY,DIVIDED,POSITIVE MEDIAN BARRIER;DAYLIGHT;RAIN;0;0;;STOP AND GO SIGNAL;SPORT UTILITY;PICKUP;NONE;NONE;;2016-05-02T17:34:49-04:00;2016;No;No;5;17
CARY;TWO-WAY,NOT DIVIDED;DAYLIGHT;CLOUDY;0;0;FAILURE TO YIELD RIGHT OF WAY;NO CONTROL PRESENT;PICKUP;NONE;NONE;NONE;;2016-05-02T07:44:33-04:00;2016;No;No;5;07
0 FEET FROM SR 1009 (TRYON RD);TWO-WAY,DIVIDED,UNPROTECTED MEDIAN;DAYLIGHT;CLEAR;0;1;;STOP AND GO SIGNAL;PASSENGER CAR;PASSENGER CAR;NONE;NONE;;2016-04-29T16:32:12-04:00;2016;No;Yes;4;16
37 FEET FROM P.V.A. 748 E CHATHAM ST;TWO-WAY,NOT DIVIDED;DAYLIGHT;CLEAR;0;0;;NO CONTROL PRESENT;PASSENGER CAR;NONE;NONE;NONE;;2016-05-02T06:24:13-04:00;2016;No;No;5;06
449 FEET FROM SR 1613 (DAVIS DR);TWO-WAY,DIVIDED,UNPROTECTED MEDIAN;DAYLIGHT;CLEAR;0;0;;NO CONTROL PRESENT;PASSENGER CAR;LIGHT TRUCK (MINI-VAN- PANEL);NONE;NONE;;2016-04-28T16:47:58-04:00;2016;No;No;4;16
CARY;TWO-WAY,DIVIDED,POSITIVE MEDIAN BARRIER;DAYLIGHT;RAIN;0;0;;STOP AND GO SIGNAL;PASSENGER CAR;SPORT UTILITY;NONE;NONE;;2016-05-03T11:38:00-04:00;2016;No;No;5;11
50 FEET FROM SR 1619 (WALDO ROOD BLVD);TWO-WAY,DIVIDED,POSITIVE MEDIAN BARRIER;DAYLIGHT;RAIN;0;0;COMING FROM BEHIND PARKED VEHICLE;STOP AND GO SIGNAL;VAN;SPORT UTILITY;NONE;NONE;;2016-05-03T10:20:00-04:00;2016;No;No;5;10
.20 MILES FROM SR1313 (WALNUT ST);TWO-WAY,NOT DIVIDED;DAYLIGHT;RAIN;0;0;COMING FROM BEHIND PARKED VEHICLE;NO CONTROL PRESENT;PASSENGER CAR;PASSENGER CAR;NONE;NONE;;2016-05-02T17:30:34-04:00;2016;No;No;5;17
1 MILES FROM US 1 HWY NORTH;TWO-WAY,DIVIDED,POSITIVE MEDIAN BARRIER;DAYLIGHT;RAIN;0;1;;NO CONTROL PRESENT;PASSENGER CAR;NONE;NONE;NONE;;2016-05-03T12:22:00-04:00;2016;No;Yes;5;12
.20 MILES FROM GREGSON DR;TWO-WAY,NOT DIVIDED;DAYLIGHT;CLOUDY;0;1;;NO CONTROL PRESENT;PASSENGER CAR;PASSENGER CAR;NONE;NONE;;2016-05-02T12:29:00-04:00;2016;No;Yes;5;12
.50 MILES FROM US 1 HWY;TWO-WAY,DIVIDED,POSITIVE MEDIAN BARRIER;DAYLIGHT;RAIN;0;0;;NO CONTROL PRESENT;PASSENGER CAR;PASSENGER CAR;NONE;NONE;;2016-05-03T18:39:12-04:00;2016;No;No;5;18
CARY;TWO-WAY,DIVIDED,UNPROTECTED MEDIAN;DAYLIGHT;CLEAR;0;0;;STOP SIGN;PASSENGER CAR;PICKUP;NONE;NONE;;2016-05-03T13:29:59-04:00;2016;No;No;5;13
250 FEET FROM P.V.A. BURGER FI (2052 RENAISS;ONE-WAY,NOT DIVIDED;DAYLIGHT;CLOUDY;0;0;;NO CONTROL PRESENT;PICKUP;PASSENGER CAR;NONE;NONE;;2016-05-03T13:08:38-04:00;2016;No;No;5;13
0 FEET FROM SR 1497 (CARY TOWNE BLVD);TWO-WAY,DIVIDED,UNPROTECTED MEDIAN;DAYLIGHT;CLEAR;0;0;;STOP AND GO SIGNAL;PASSENGER CAR;MOPED;NONE;NONE;;2016-04-28T07:29:29-04:00;2016;No;No;4;07
200 FEET FROM P.V.A. 1807 SR 1300 (KILDAIRE;ONE-WAY,NOT DIVIDED;DAYLIGHT;CLEAR;0;0;;NO CONTROL PRESENT;SPORT UTILITY;NONE;NONE;NONE;;2016-05-04T19:55:06-04:00;2016;No;No;5;19
75 FEET FROM 3505 KILDAIRE FARM RD;TWO-WAY,NOT DIVIDED;DAYLIGHT;RAIN;0;0;;NO CONTROL PRESENT;SPORT UTILITY;SPORT UTILITY;NONE;NONE;;2016-04-22T14:45:43-04:00;2016;No;No;4;14
CARY;TWO-WAY,NOT DIVIDED;DAYLIGHT;RAIN;0;0;;STOP SIGN;PASSENGER CAR;PASSENGER CAR;NONE;NONE;;2016-05-03T18:47:50-04:00;2016;No;No;5;18
CARY;TWO-WAY,NOT DIVIDED;DAYLIGHT;CLOUDY;0;0;;STOP AND GO SIGNAL;PASSENGER CAR;PASSENGER CAR;NONE;NONE;;2016-05-05T08:34:29-04:00;2016;No;No;5;08
.5 MILES FROM NC 55 HWY;TWO-WAY,DIVIDED,UNPROTECTED MEDIAN;DARK - ROADWAY NOT LIGHTED;RAIN;0;0;;NO CONTROL PRESENT;POLICE;NONE;NONE;NONE;;2016-04-30T03:55:07-04:00;2016;No;No;4;03
150 FEET FROM PVA (210 METLIFE WAY);TWO-WAY,NOT DIVIDED;DAYLIGHT;CLOUDY;0;0;;NO CONTROL PRESENT;PASSENGER CAR;SPORT UTILITY;NONE;NONE;;2016-05-05T10:01:00-04:00;2016;No;No;5;10
30 FEET FROM P.V.A. 108 ROSEDOWN DR;TWO-WAY,NOT DIVIDED;NONE;CLEAR;0;0;;NO CONTROL PRESENT;PASSENGER CAR;PASSENGER CAR;NONE;NONE;;2016-05-07T21:00:04-04:00;2016;No;No;5;21
CARY;TWO-WAY,DIVIDED,UNPROTECTED MEDIAN;DAYLIGHT;CLEAR;0;1;;STOP AND GO SIGNAL;PASSENGER CAR;PICKUP;NONE;NONE;;2016-05-08T15:33:44-04:00;2016;No;Yes;5;15
CARY;TWO-WAY,DIVIDED,UNPROTECTED MEDIAN;DARK - LIGHTED ROADWAY;CLEAR;0;1;;STOP AND GO SIGNAL;SPORT UTILITY;SPORT UTILITY;NONE;NONE;;2016-05-07T21:33:01-04:00;2016;No;Yes;5;21
335 FEET FROM PVA (6408 TRYON RD);TWO-WAY,NOT DIVIDED;DAYLIGHT;CLOUDY;0;0;;NO CONTROL PRESENT;SPORT UTILITY;PASSENGER CAR;NONE;NONE;;2016-05-06T12:45:00-04:00;2016;No;No;5;12
CARY;TWO-WAY,DIVIDED,UNPROTECTED MEDIAN;DAYLIGHT;RAIN;0;0;;STOP AND GO SIGNAL;SPORT UTILITY;PASSENGER CAR;NONE;NONE;;2016-05-06T16:13:40-04:00;2016;No;No;5;16
400 FEET FROM PVA (4010 CONVENIECE LN);TWO-WAY,NOT DIVIDED;DAYLIGHT;CLOUDY;0;0;;NO CONTROL PRESENT;SPORT UTILITY;SPORT UTILITY;NONE;NONE;;2016-05-06T12:53:00-04:00;2016;No;No;5;12
400 FEET FROM 6430 TRYON RD (PVA);TWO-WAY,NOT DIVIDED;DAYLIGHT;CLEAR;0;0;;NO CONTROL PRESENT;PICKUP;PASSENGER CAR;NONE;NONE;;2016-05-09T13:08:30-04:00;2016;No;No;5;13
.10 MILES FROM PVA OF 1213 BUCK JONES RD;TWO-WAY,NOT DIVIDED;DAYLIGHT;CLEAR;0;0;;NO CONTROL PRESENT;NONE;PASSENGER CAR;NONE;NONE;;2016-05-09T15:32:55-04:00;2016;No;No;5;15
.2 MILES FROM P.V.A. (1628 CHARGER LN);TWO-WAY,NOT DIVIDED;DAYLIGHT;CLEAR;0;0;;NO CONTROL PRESENT;PICKUP;NONE;NONE;NONE;;2016-05-10T15:57:28-04:00;2016;No;No;5;15
100 FEET FROM SR 1415 (SE MAYNARD RD);TWO-WAY,DIVIDED,UNPROTECTED MEDIAN;DAYLIGHT;CLEAR;0;0;;NO CONTROL PRESENT;PASSENGER CAR;SPORT UTILITY;NONE;NONE;;2016-05-10T18:27:58-04:00;2016;No;No;5;18
CARY;TWO-WAY,NOT DIVIDED;DAYLIGHT;CLEAR;0;0;;STOP AND GO SIGNAL;SPORT UTILITY;SPORT UTILITY;NONE;NONE;;2016-05-06T22:08:00-04:00;2016;No;No;5;22
033 MILES FROM SR 1423 (PINEY PLAINS RD);TWO-WAY,NOT DIVIDED;DAYLIGHT;CLOUDY;0;0;;NO CONTROL PRESENT;SPORT UTILITY;NONE;NONE;NONE;;2016-05-10T12:25:00-04:00;2016;No;No;5;12
CARY;TWO-WAY,NOT DIVIDED;DAYLIGHT;CLEAR;0;0;;STOP AND GO SIGNAL;PASSENGER CAR;PASSENGER CAR;PASSENGER CAR;PASSENGER CAR;;2016-05-11T15:21:40-04:00;2016;No;No;5;15
404 FEET FROM PVA OF 2416 WALNUT ST;TWO-WAY,NOT DIVIDED;DAYLIGHT;CLEAR;0;2;;STOP SIGN;PASSENGER CAR;PICKUP;NONE;NONE;;2016-05-06T19:11:39-04:00;2016;No;Yes;5;19
CARY;TWO-WAY,NOT DIVIDED;DAYLIGHT;CLEAR;0;0;;NO CONTROL PRESENT;PASSENGER CAR;PASSENGER CAR;NONE;NONE;;2016-05-13T17:36:40-04:00;2016;No;No;5;17
450 FEET FROM 2021 WALNUT ST;TWO-WAY,NOT DIVIDED;DAYLIGHT;CLEAR;0;0;;NO CONTROL PRESENT;SPORT UTILITY;SPORT UTILITY;NONE;NONE;;2016-05-15T19:06:12-04:00;2016;No;No;5;19
350 FEET FROM P.V.A. 980 KILDAIRE FARM RD;TWO-WAY,NOT DIVIDED;DAYLIGHT;CLEAR;0;0;;NO CONTROL PRESENT;SPORT UTILITY;PASSENGER CAR;NONE;NONE;;2016-05-13T18:11:07-04:00;2016;No;No;5;18
100 FEET FROM NC 55 HWY;TWO-WAY,NOT DIVIDED;DAYLIGHT;CLEAR;0;0;;NO CONTROL PRESENT;PASSENGER CAR;PASSENGER CAR;NONE;NONE;;2016-05-11T18:39:59-04:00;2016;No;No;5;18
200 FEET FROM LOUIS STEPHENS RD SR 1635;TWO-WAY,NOT DIVIDED;DAYLIGHT;CLOUDY;0;0;LYING AND/OR ILLEGALLY IN ROADWAY,COMING FROM BEHIND PARKED VEHICLE;NO CONTROL PRESENT;PASSENGER CAR;NONE;NONE;NONE;;2016-05-13T09:07:16-04:00;2016;No;No;5;09
75 FEET FROM 2500 CARPENTER UPCHURCH RD;TWO-WAY,NOT DIVIDED;DAYLIGHT;CLEAR;0;0;;NO CONTROL PRESENT;SPORT UTILITY;SPORT UTILITY;NONE;NONE;;2016-05-10T11:03:00-04:00;2016;No;No;5;11
288 FEET FROM 2500 CARPENTER UPCHURCH RD;TWO-WAY,NOT DIVIDED;DAYLIGHT;CLEAR;0;0;;NO CONTROL PRESENT;PASSENGER CAR;PASSENGER CAR;NONE;NONE;;2016-05-10T16:36:14-04:00;2016;No;No;5;16
CARY;TWO-WAY,DIVIDED,UNPROTECTED MEDIAN;DAYLIGHT;CLEAR;0;1;;DOUBLE YELLOW LINE, NO PASSING ZONE;PASSENGER CAR;PASSENGER CAR;NONE;NONE;;2016-05-15T08:48:14-04:00;2016;No;Yes;5;08
CARY;TWO-WAY,DIVIDED,UNPROTECTED MEDIAN;DAYLIGHT;CLEAR;0;0;;STOP SIGN;VAN;PASSENGER CAR;NONE;NONE;;2016-05-14T13:04:44-04:00;2016;No;No;5;13
50 FEET FROM WALNUT ST;TWO-WAY,DIVIDED,POSITIVE MEDIAN BARRIER;DAYLIGHT;CLEAR;0;0;;STOP AND GO SIGNAL;SPORT UTILITY;PASSENGER CAR;NONE;NONE;;2016-05-16T14:03:43-04:00;2016;No;No;5;14
CARY;ONE-WAY,NOT DIVIDED;DAYLIGHT;CLEAR;0;0;;NO CONTROL PRESENT;PASSENGER CAR;PASSENGER CAR;NONE;NONE;;2016-05-16T13:51:01-04:00;2016;No;No;5;13
175 FEET FROM N. HARRISON AVE;TWO-WAY,NOT DIVIDED;DAYLIGHT;CLEAR;0;1;;NO CONTROL PRESENT;PASSENGER CAR;SPORT UTILITY;PASSENGER CAR;NONE;;2016-05-16T16:43:41-04:00;2016;No;Yes;5;16
.149 MILES FROM NC 54 (CHAPEL HILL RD);TWO-WAY,NOT DIVIDED;DAYLIGHT;RAIN;0;0;;NO CONTROL PRESENT;PASSENGER CAR;PASSENGER CAR;NONE;NONE;;2016-05-17T11:24:00-04:00;2016;No;No;5;11
25 FEET FROM E DURHAM RD;TWO-WAY,DIVIDED,POSITIVE MEDIAN BARRIER;DARK - LIGHTED ROADWAY;CLEAR;0;0;;YIELD SIGN;NONE;NONE;NONE;NONE;;2016-05-17T03:05:48-04:00;2016;No;No;5;03
50 FEET FROM PVA 1331 BUCK JONES RD;TWO-WAY,NOT DIVIDED;DAYLIGHT;RAIN;0;0;;NO CONTROL PRESENT;SPORT UTILITY;PASSENGER CAR;NONE;NONE;;2016-05-17T17:12:34-04:00;2016;No;No;5;17
40 FEET FROM SR 1152 (HOLLY SPRINGS RD);TWO-WAY,NOT DIVIDED;DAYLIGHT;CLOUDY;0;0;;STOP AND GO SIGNAL;SPORT UTILITY;SPORT UTILITY;NONE;NONE;;2016-05-17T15:24:30-04:00;2016;No;No;5;15
.25 MILES FROM US-1 HWY SB;TWO-WAY,DIVIDED,POSITIVE MEDIAN BARRIER;DAYLIGHT;RAIN;0;0;;NO CONTROL PRESENT;PASSENGER CAR;NONE;NONE;NONE;;2016-05-17T14:44:14-04:00;2016;No;No;5;14
50 FEET FROM PVA AT 2000 WALNUT ST;TWO-WAY,NOT DIVIDED;DAYLIGHT;CLOUDY;0;0;;NO CONTROL PRESENT;SPORT UTILITY;SPORT UTILITY;NONE;NONE;;2016-05-17T15:28:24-04:00;2016;No;No;5;15
150 FEET FROM PVA OF 115 PARKWAY OFFICE CT;ONE-WAY,NOT DIVIDED;DAYLIGHT;CLEAR;0;0;;NO CONTROL PRESENT;SPORT UTILITY;SPORT UTILITY;NONE;NONE;;2016-05-13T12:35:00-04:00;2016;No;No;5;12
0 FEET FROM SR 1628 (O KELLY CHAPEL RD);TWO-WAY,DIVIDED,UNPROTECTED MEDIAN;DAYLIGHT;CLEAR;0;1;;STOP SIGN;PASSENGER CAR;PASSENGER CAR;NONE;NONE;;2016-05-13T17:41:01-04:00;2016;No;Yes;5;17
15 FEET FROM PVA 2080 KILDAIRE FARM RD;TWO-WAY,DIVIDED,UNPROTECTED MEDIAN;DAYLIGHT;CLOUDY;0;0;;STOP AND GO SIGNAL;NONE;NONE;NONE;NONE;;2016-05-12T14:13:35-04:00;2016;No;No;5;14
CARY;TWO-WAY,NOT DIVIDED;DAYLIGHT;RAIN;0;0;;STOP SIGN;VAN;SPORT UTILITY;NONE;NONE;;2016-05-17T13:35:50-04:00;2016;No;No;5;13
CARY;TWO-WAY,DIVIDED,UNPROTECTED MEDIAN;DAYLIGHT;RAIN;0;1;;STOP AND GO SIGNAL;PASSENGER CAR;PASSENGER CAR;NONE;NONE;;2016-05-17T16:03:14-04:00;2016;No;Yes;5;16
250 FEET FROM PVA 33000 FOLKLORE WAY;TWO-WAY,NOT DIVIDED;DAYLIGHT;CLOUDY;0;0;;NO CONTROL PRESENT;VAN;PASSENGER CAR;NONE;NONE;;2016-05-18T12:52:00-04:00;2016;No;No;5;12
200 FEET FROM 2020 KILDAIRE FARM RD;TWO-WAY,NOT DIVIDED;DAYLIGHT;NONE;0;0;;NO CONTROL PRESENT;SPORT UTILITY;VAN;NONE;NONE;;2016-05-13T08:19:58-04:00;2016;No;No;5;08
CARY;TWO-WAY,NOT DIVIDED;DAYLIGHT;CLOUDY;0;0;;NO CONTROL PRESENT;PASSENGER CAR;SPORT UTILITY;NONE;NONE;;2016-05-20T14:21:01-04:00;2016;No;No;5;14
CARY;TWO-WAY,NOT DIVIDED;DAYLIGHT;CLOUDY;0;0;;NO CONTROL PRESENT;SPORT UTILITY;PICKUP;NONE;NONE;;2016-05-20T14:43:47-04:00;2016;No;No;5;14
CARY;NONE;NONE;NONE;0;0;;;NONE;NONE;NONE;NONE;;2016-05-21T14:32:50-04:00;2016;No;No;5;14
0 FEET FROM SR 3977 (SW CARY PKWY);TWO-WAY,DIVIDED,UNPROTECTED MEDIAN;DARK - LIGHTED ROADWAY;CLEAR;0;0;;STOP SIGN;PASSENGER CAR;PASSENGER CAR;NONE;NONE;;2016-05-19T20:18:53-04:00;2016;No;No;5;20
20 FEET FROM PVA AT 8204 TRYON WOODS DR;TWO-WAY,NOT DIVIDED;DAYLIGHT;CLOUDY;0;0;;NO CONTROL PRESENT;PASSENGER CAR;SPORT UTILITY;NONE;NONE;;2016-05-20T16:51:17-04:00;2016;No;No;5;16
CARY;TWO-WAY,DIVIDED,UNPROTECTED MEDIAN;DAYLIGHT;CLOUDY;0;0;;STOP AND GO SIGNAL;PICKUP;SPORT UTILITY;NONE;NONE;;2016-05-21T09:39:55-04:00;2016;No;No;5;09
1 MILES FROM RP# 1741 (NW MAYNARD RD);TWO-WAY,DIVIDED,POSITIVE MEDIAN BARRIER;DAYLIGHT;CLEAR;0;0;;OTHER *;PASSENGER CAR;SPORT UTILITY;NONE;NONE;;2016-05-22T14:56:57-04:00;2016;No;No;5;14
CARY;TWO-WAY,NOT DIVIDED;DAYLIGHT;CLOUDY;0;0;;NO CONTROL PRESENT;SPORT UTILITY;NONE;NONE;NONE;;2016-05-23T13:09:21-04:00;2016;No;No;5;13
CARY;NONE;NONE;NONE;0;0;;;NONE;NONE;NONE;NONE;;2016-05-24T09:42:30-04:00;2016;No;No;5;09
CARY;TWO-WAY,DIVIDED,UNPROTECTED MEDIAN;DAYLIGHT;CLEAR;0;0;;STOP SIGN;PASSENGER CAR;PASSENGER CAR;NONE;NONE;;2016-05-24T18:31:29-04:00;2016;No;No;5;18
10 FEET FROM SR 1313 (WALNUT ST);TWO-WAY,NOT DIVIDED;DAYLIGHT;CLEAR;0;1;;STOP SIGN;PASSENGER CAR;SPORT UTILITY;NONE;NONE;;2016-05-24T18:07:45-04:00;2016;No;Yes;5;18