Location_Description;Road_Configuration;Light_Condition;Weather;Fatality;Injury;Contributing_Factor;Traffic_Control;Vehicle1;Vehicle2;Vehicle3;Vehicle4;Vehicle5;Crash_Date;year;Fatalities;Injuries;Month;Hour
151 FEET FROM CHARLEVILLE CT;TWO-WAY,NOT DIVIDED;DARK - LIGHTED ROADWAY;CLEAR;0;0;;NO CONTROL PRESENT;PASSENGER CAR;PASSENGER CAR;NONE;NONE;;2016-07-03T22:25:00-04:00;2016;No;No;7;22
.05 MILES FROM PVA  OF 760 SE MAYNARD RD;TWO-WAY,NOT DIVIDED;DAYLIGHT;CLEAR;0;0;;NO CONTROL PRESENT;PASSENGER CAR;PASSENGER CAR;NONE;NONE;;2016-07-02T14:13:56-04:00;2016;No;No;7;14
250 FEET FROM PVA OF 1393 KILDAIRE FARM RD;TWO-WAY,NOT DIVIDED;DAYLIGHT;CLEAR;0;0;;NO CONTROL PRESENT;PASSENGER CAR;SPORT UTILITY;NONE;NONE;;2016-07-02T13:05:24-04:00;2016;No;No;7;13
.1 MILES FROM PVA (7001 WESTON PKWY);TWO-WAY,NOT DIVIDED;DAYLIGHT;CLEAR;0;0;;NO CONTROL PRESENT;PASSENGER CAR;PASSENGER CAR;PASSENGER CAR;PASSENGER CAR;;2016-07-05T09:35:27-04:00;2016;No;No;7;09
15 FEET FROM JAMES JACKSON AVE;TWO-WAY,NOT DIVIDED;DAYLIGHT;CLOUDY;0;0;;STOP AND GO SIGNAL;PICKUP;SPORT UTILITY;NONE;NONE;;2016-07-05T19:04:41-04:00;2016;No;No;7;19
.2 MILES FROM PVA (624 APPLEDOWN DR);TWO-WAY,NOT DIVIDED;NONE;CLEAR;0;0;;NO CONTROL PRESENT;PASSENGER CAR;NONE;NONE;NONE;;2016-07-06T12:03:00-04:00;2016;No;No;7;12
.1 MILES FROM PVA SAS (820 SAS CAMPUS DR);TWO-WAY,NOT DIVIDED;DAYLIGHT;CLEAR;0;0;;NO CONTROL PRESENT;PICKUP;PASSENGER CAR;NONE;NONE;;2016-07-06T18:03:03-04:00;2016;No;No;7;18
150 FEET FROM PVA WENDY`S (1000 AERIAL CENT;ONE-WAY,NOT DIVIDED;DAYLIGHT;CLEAR;0;0;;NO CONTROL PRESENT;SINGLE UNIT TRUCK (2-AXLE- 6-TIRE);PICKUP;NONE;NONE;;2016-07-06T18:59:18-04:00;2016;No;No;7;18
120 FEET FROM SR 3977 (SE CARY PKY);TWO-WAY,NOT DIVIDED;DARK - LIGHTED ROADWAY;CLEAR;0;0;;NO CONTROL PRESENT;PASSENGER CAR;NONE;NONE;NONE;;2016-07-08T05:45:49-04:00;2016;No;No;7;05
200 FEET FROM SR1613 (HIGH HOUSE RD);TWO-WAY,NOT DIVIDED;DAYLIGHT;CLEAR;0;0;;STOP AND GO SIGNAL;VAN;SPORT UTILITY;NONE;NONE;;2016-07-07T13:39:59-04:00;2016;No;No;7;13
256 FEET FROM 1253 BUCK JONES RD;TWO-WAY,NOT DIVIDED;DAYLIGHT;CLEAR;0;0;;NO CONTROL PRESENT;VAN;PASSENGER CAR;NONE;NONE;;2016-07-03T11:51:00-04:00;2016;No;No;7;11
250 FEET FROM SR-1415 (SE MAYNARD RD);TWO-WAY,NOT DIVIDED;DAYLIGHT;CLEAR;0;0;;NO CONTROL PRESENT;PASSENGER CAR;PASSENGER CAR;NONE;NONE;;2016-07-09T13:41:30-04:00;2016;No;No;7;13
85 FEET FROM BOULDERSTONE WAY;TWO-WAY,NOT DIVIDED;DAYLIGHT;CLEAR;0;0;;NO CONTROL PRESENT;PASSENGER CAR;PASSENGER CAR;NONE;NONE;;2016-07-10T09:06:31-04:00;2016;No;No;7;09
CARY;TWO-WAY,NOT DIVIDED;DAYLIGHT;CLEAR;0;0;;STOP SIGN;PASSENGER CAR;PASSENGER CAR;NONE;NONE;;2016-07-08T16:41:52-04:00;2016;No;No;7;16
100 FEET FROM SR 1415 SW MAYNARD RD;TWO-WAY,DIVIDED,UNPROTECTED MEDIAN;DARK - LIGHTED ROADWAY;CLEAR;0;0;;NO CONTROL PRESENT;PASSENGER CAR;NONE;NONE;NONE;;2016-07-11T21:31:32-04:00;2016;No;No;7;21
CARY;TWO-WAY,DIVIDED,UNPROTECTED MEDIAN;DAYLIGHT;CLEAR;0;0;;STOP AND GO SIGNAL;PASSENGER CAR;NONE;NONE;NONE;;2016-07-12T12:36:00-04:00;2016;No;No;7;12
NEAR .02 MILES N OF N SR-1319 JONES FRANKLIN RD;TWO-WAY,DIVIDED,UNPROTECTED MEDIAN;DAYLIGHT;CLEAR;0;0;;NO CONTROL PRESENT;PASSENGER CAR;PASSENGER CAR;NONE;NONE;;2016-07-12T17:29:45-04:00;2016;No;No;7;17
300 FEET FROM 3635 SW CARY PKY;TWO-WAY,NOT DIVIDED;DAYLIGHT;CLEAR;0;0;;NO CONTROL PRESENT;PASSENGER CAR;PICKUP;NONE;NONE;;2016-07-08T23:01:00-04:00;2016;No;No;7;23
CARY;TWO-WAY,DIVIDED,UNPROTECTED MEDIAN;DAYLIGHT;CLEAR;0;0;;STOP AND GO SIGNAL;SPORT UTILITY;PASSENGER CAR;NONE;NONE;;2016-07-08T23:56:00-04:00;2016;No;No;7;23
30 FEET FROM PVA 1207 KILDAIRE FARM RD;TWO-WAY,NOT DIVIDED;DARK - LIGHTED ROADWAY;CLEAR;0;0;;NO CONTROL PRESENT;PASSENGER CAR;PASSENGER CAR;NONE;NONE;;2016-07-13T22:13:00-04:00;2016;No;No;7;22
CARY;TWO-WAY,DIVIDED,POSITIVE MEDIAN BARRIER;DAYLIGHT;CLEAR;0;0;;STOP AND GO SIGNAL;SPORT UTILITY;PASSENGER CAR;NONE;NONE;;2016-07-13T19:10:19-04:00;2016;No;No;7;19
325 FEET FROM US 1 HWY SB;TWO-WAY,DIVIDED,POSITIVE MEDIAN BARRIER;DAYLIGHT;CLEAR;0;0;;NO CONTROL PRESENT;SPORT UTILITY;PASSENGER CAR;NONE;NONE;;2016-07-14T18:00:39-04:00;2016;No;No;7;18
CARY;TWO-WAY,DIVIDED,UNPROTECTED MEDIAN;DAYLIGHT;CLEAR;0;0;;STOP AND GO SIGNAL;PASSENGER CAR;PASSENGER CAR;NONE;NONE;;2016-07-14T07:56:49-04:00;2016;No;No;7;07
100 FEET FROM SR1415 (SE MAYNARD RD);TWO-WAY,NOT DIVIDED;DAYLIGHT;CLEAR;0;0;;NO CONTROL PRESENT;PASSENGER CAR;SPORT UTILITY;NONE;NONE;;2016-07-14T18:12:12-04:00;2016;No;No;7;18
10 FEET FROM SR 1313 WALNUT ST EXIT TO US N;ONE-WAY,NOT DIVIDED;DAYLIGHT;CLEAR;0;0;;YIELD SIGN;PASSENGER CAR;SPORT UTILITY;NONE;NONE;;2016-07-13T15:59:33-04:00;2016;No;No;7;15
CARY;TWO-WAY,DIVIDED,UNPROTECTED MEDIAN;DAYLIGHT;CLEAR;0;0;;STOP AND GO SIGNAL;PASSENGER CAR;PASSENGER CAR;NONE;NONE;;2016-07-14T00:00:00-04:00;2016;No;No;7;00
CARY;TWO-WAY,DIVIDED,UNPROTECTED MEDIAN;DAYLIGHT;RAIN;0;0;;STOP AND GO SIGNAL;PASSENGER CAR;PASSENGER CAR;NONE;NONE;;2016-07-15T16:48:39-04:00;2016;No;No;7;16
0 FEET FROM WESTON PKWY;TWO-WAY,DIVIDED,UNPROTECTED MEDIAN;DAYLIGHT;CLEAR;0;0;;NO CONTROL PRESENT;PASSENGER CAR;PASSENGER CAR;NONE;NONE;;2016-07-15T16:58:12-04:00;2016;No;No;7;16
CARY;TWO-WAY,DIVIDED,UNPROTECTED MEDIAN;DAYLIGHT;CLEAR;0;2;;STOP AND GO SIGNAL;PASSENGER CAR;PASSENGER CAR;NONE;NONE;;2016-07-17T13:28:59-04:00;2016;No;Yes;7;13
1 MILES FROM US 1;TWO-WAY,DIVIDED,UNPROTECTED MEDIAN;DAYLIGHT;CLEAR;0;0;;NO CONTROL PRESENT;PASSENGER CAR;PASSENGER CAR;PICKUP;NONE;;2016-07-18T08:02:37-04:00;2016;No;No;7;08
CARY;TWO-WAY,NOT DIVIDED;DARK - LIGHTED ROADWAY;RAIN;0;0;;STOP AND GO SIGNAL;PASSENGER CAR;SPORT UTILITY;NONE;NONE;;2016-07-16T10:52:00-04:00;2016;No;No;7;10
CARY;TWO-WAY,DIVIDED,UNPROTECTED MEDIAN;DAYLIGHT;CLEAR;0;0;;STOP SIGN;PASSENGER CAR;PASSENGER CAR;NONE;NONE;;2016-07-18T13:23:26-04:00;2016;No;No;7;13
CARY;TWO-WAY,NOT DIVIDED;DAYLIGHT;CLEAR;0;2;;STOP AND GO SIGNAL;PASSENGER CAR;PASSENGER CAR;NONE;NONE;;2016-07-18T12:32:00-04:00;2016;No;Yes;7;12
CARY;TWO-WAY,NOT DIVIDED;DAYLIGHT;CLEAR;0;2;;STOP AND GO SIGNAL;PASSENGER CAR;PASSENGER CAR;PASSENGER CAR;NONE;;2016-07-15T13:32:14-04:00;2016;No;Yes;7;13
205 FEET FROM P.V.A. OF 1904 NW MAYNARD RD;TWO-WAY,NOT DIVIDED;DARK - LIGHTED ROADWAY;CLEAR;0;0;;NO CONTROL PRESENT;SPORT UTILITY;SPORT UTILITY;NONE;NONE;;2016-07-19T21:07:13-04:00;2016;No;No;7;21
0 FEET FROM SR 3977 (CARY PARKWAY);TWO-WAY,DIVIDED,UNPROTECTED MEDIAN;DAYLIGHT;CLEAR;0;1;;STOP AND GO SIGNAL;PASSENGER CAR;VAN;NONE;NONE;;2016-07-15T11:00:00-04:00;2016;No;Yes;7;11
250 FEET FROM P.V.A. (1505 SW CARY PKWY);TWO-WAY,NOT DIVIDED;DAYLIGHT;CLEAR;0;0;;NO CONTROL PRESENT;NONE;PASSENGER CAR;NONE;NONE;;2016-07-19T09:27:48-04:00;2016;No;No;7;09
140 FEET FROM (PVA) 531 WALNUT ST;TWO-WAY,NOT DIVIDED;DAYLIGHT;CLEAR;0;0;;NO CONTROL PRESENT;PASSENGER CAR;PASSENGER CAR;NONE;NONE;;2016-07-19T17:13:30-04:00;2016;No;No;7;17
.25 MILES FROM US 1;TWO-WAY,DIVIDED,POSITIVE MEDIAN BARRIER;DAYLIGHT;CLEAR;0;0;;NO CONTROL PRESENT;PASSENGER CAR;PASSENGER CAR;NONE;NONE;;2016-07-20T07:29:34-04:00;2016;No;No;7;07
452 FEET FROM US 64 HWY;TWO-WAY,DIVIDED,UNPROTECTED MEDIAN;DAYLIGHT;CLEAR;0;0;;STOP AND GO SIGNAL;PASSENGER CAR;SPORT UTILITY;NONE;NONE;;2016-07-19T16:44:27-04:00;2016;No;No;7;16
0 FEET FROM SR 1011 (W CHATHAM ST);TWO-WAY,NOT DIVIDED;DAYLIGHT;CLEAR;0;0;;STOP SIGN;PASSENGER CAR;NONE;NONE;NONE;;2016-07-20T09:45:09-04:00;2016;No;No;7;09
.01 MILES FROM SR 1300 (KILDAIRE FARM RD);TWO-WAY,DIVIDED,UNPROTECTED MEDIAN;DAYLIGHT;CLEAR;0;0;;NO CONTROL PRESENT;PICKUP;PASSENGER CAR;NONE;NONE;;2016-07-19T07:50:33-04:00;2016;No;No;7;07
200 FEET FROM SR1497 (CARY TOWNE BLVD);TWO-WAY,NOT DIVIDED;DAYLIGHT;CLEAR;0;0;;NO CONTROL PRESENT;SPORT UTILITY;SPORT UTILITY;NONE;NONE;;2016-07-20T13:38:58-04:00;2016;No;No;7;13
CARY;TWO-WAY,NOT DIVIDED;DAYLIGHT;CLEAR;0;0;;STOP SIGN;SPORT UTILITY;PASSENGER CAR;NONE;NONE;;2016-07-22T12:13:00-04:00;2016;No;No;7;12
1 MILES FROM US1;TWO-WAY,DIVIDED,POSITIVE MEDIAN BARRIER;DAYLIGHT;CLEAR;0;1;;NO CONTROL PRESENT;PASSENGER CAR;PASSENGER CAR;PASSENGER CAR;NONE;;2016-07-21T22:59:00-04:00;2016;No;Yes;7;22
70 FEET FROM SR-1109 TRYON RD;TWO-WAY,DIVIDED,UNPROTECTED MEDIAN;DAYLIGHT;CLEAR;0;0;;NO CONTROL PRESENT;PASSENGER CAR;VAN;NONE;NONE;;2016-07-22T16:49:46-04:00;2016;No;No;7;16
150 FEET FROM 101 YMCA DR;TWO-WAY,NOT DIVIDED;DAYLIGHT;CLEAR;0;0;;NO CONTROL PRESENT;ACTIVITY BUS;PASSENGER CAR;NONE;NONE;;2016-07-15T16:20:39-04:00;2016;No;No;7;16
85 FEET FROM 305 COLONADES WAY;ONE-WAY,NOT DIVIDED;DAYLIGHT;CLEAR;0;0;;NO CONTROL PRESENT;MOTOR HOME/RECREATIONAL VEHICLE;NONE;NONE;NONE;;2016-07-09T15:41:46-04:00;2016;No;No;7;15
.25 MILES FROM P.V.A. (1100 WESTON PKWY);TWO-WAY,NOT DIVIDED;DAYLIGHT;CLEAR;0;0;;NO CONTROL PRESENT;PASSENGER CAR;PASSENGER CAR;NONE;NONE;;2016-07-22T16:10:39-04:00;2016;No;No;7;16
CARY;ONE-WAY,NOT DIVIDED;DAYLIGHT;CLEAR;0;1;;NO CONTROL PRESENT;PASSENGER CAR;NONE;NONE;NONE;;2016-07-22T23:05:00-04:00;2016;No;Yes;7;23
CARY;TWO-WAY,DIVIDED,UNPROTECTED MEDIAN;DAYLIGHT;CLEAR;0;1;;STOP SIGN;VAN;SPORT UTILITY;NONE;NONE;;2016-07-23T22:42:00-04:00;2016;No;Yes;7;22
20 FEET FROM WALNUT ST;TWO-WAY,DIVIDED,POSITIVE MEDIAN BARRIER;DAYLIGHT;CLEAR;0;0;;STOP AND GO SIGNAL;SPORT UTILITY;PASSENGER CAR;NONE;NONE;;2016-07-24T15:50:48-04:00;2016;No;No;7;15
30 FEET FROM SR 1152 (HOLLY SPRINGS RD.);TWO-WAY,NOT DIVIDED;DAYLIGHT;CLEAR;0;0;;NO CONTROL PRESENT;PASSENGER CAR;NONE;NONE;NONE;;2016-07-25T08:41:59-04:00;2016;No;No;7;08
20 FEET FROM P.V.A. (1398 KILDAIRE FARM RD);TWO-WAY,NOT DIVIDED;DAYLIGHT;CLEAR;0;1;;OTHER *;PASSENGER CAR;PASSENGER CAR;NONE;NONE;;2016-07-25T14:45:00-04:00;2016;No;Yes;7;14
CARY;TWO-WAY,NOT DIVIDED;DAYLIGHT;CLEAR;0;0;;STOP SIGN;PASSENGER CAR;PASSENGER CAR;NONE;NONE;;2016-07-25T08:20:17-04:00;2016;No;No;7;08
43 FEET FROM SR 1615 (HIGH HOUSE RD);TWO-WAY,NOT DIVIDED;DAYLIGHT;CLEAR;0;0;;STOP AND GO SIGNAL;PASSENGER CAR;PASSENGER CAR;NONE;NONE;;2016-07-25T07:14:35-04:00;2016;No;No;7;07
0 FEET FROM S WALKER ST;TWO-WAY,NOT DIVIDED;DAYLIGHT;CLEAR;0;1;;STOP SIGN;VAN;PASSENGER CAR;NONE;NONE;;2016-07-25T11:42:00-04:00;2016;No;Yes;7;11
0 FEET FROM SR 1615 (HIGH HOUSE RD);TWO-WAY,DIVIDED,UNPROTECTED MEDIAN;DAYLIGHT;CLEAR;0;1;;STOP SIGN;PASSENGER CAR;PASSENGER CAR;NONE;NONE;;2016-07-26T14:59:17-04:00;2016;No;Yes;7;14
200 FEET FROM PVA 2500 GATEWAY CENTRE BLVD;TWO-WAY,NOT DIVIDED;DAYLIGHT;CLEAR;0;0;;NO CONTROL PRESENT;SINGLE UNIT TRUCK (2-AXLE- 6-TIRE);SPORT UTILITY;NONE;NONE;;2016-07-25T14:06:29-04:00;2016;No;No;7;14
400 FEET FROM PVA OF 1505 SW CARY PKWY;TWO-WAY,NOT DIVIDED;DAYLIGHT;CLEAR;0;0;;NO CONTROL PRESENT;PICKUP;PASSENGER CAR;NONE;NONE;;2016-07-25T16:05:51-04:00;2016;No;No;7;16
CARY;TWO-WAY,NOT DIVIDED;DAYLIGHT;CLOUDY;0;0;;STOP SIGN;PASSENGER CAR;PASSENGER CAR;NONE;NONE;;2016-07-27T12:42:00-04:00;2016;No;No;7;12
20 FEET FROM PVA LAQUINTA INN (1001 AERIAL;TWO-WAY,NOT DIVIDED;DAYLIGHT;CLOUDY;0;0;;NO CONTROL PRESENT;PICKUP;SPORT UTILITY;NONE;NONE;;2016-07-27T13:58:43-04:00;2016;No;No;7;13
170 FEET FROM P.V.A. LA FARM BAKERY (4248 SR;TWO-WAY,NOT DIVIDED;DAYLIGHT;CLEAR;0;0;;NO CONTROL PRESENT;PASSENGER CAR;PASSENGER CAR;NONE;NONE;;2016-07-28T13:39:43-04:00;2016;No;No;7;13
CARY;TWO-WAY,NOT DIVIDED;DAYLIGHT;CLEAR;0;0;;STOP SIGN;SINGLE UNIT TRUCK (2-AXLE- 6-TIRE);PASSENGER CAR;NONE;NONE;;2016-07-28T15:09:23-04:00;2016;No;No;7;15
330 FEET FROM SR 1349 (DILLARD DR);TWO-WAY,NOT DIVIDED;DAYLIGHT;CLEAR;0;2;;NO CONTROL PRESENT;PASSENGER CAR;SPORT UTILITY;NONE;NONE;;2016-07-28T11:57:00-04:00;2016;No;Yes;7;11
CARY;TWO-WAY,DIVIDED,UNPROTECTED MEDIAN;DAYLIGHT;CLEAR;0;0;;STOP AND GO SIGNAL;SPORT UTILITY;PASSENGER CAR;NONE;NONE;;2016-07-29T13:15:27-04:00;2016;No;No;7;13
CARY;TWO-WAY,NOT DIVIDED;DAYLIGHT;CLEAR;0;0;;STOP AND GO SIGNAL;PASSENGER CAR;PICKUP;NONE;NONE;;2016-07-28T14:20:33-04:00;2016;No;No;7;14
10 FEET FROM SR 1009 (TRYON RD);TWO-WAY,NOT DIVIDED;DAYLIGHT;CLEAR;0;0;;STOP AND GO SIGNAL;PASSENGER CAR;PASSENGER CAR;NONE;NONE;;2016-07-28T00:55:00-04:00;2016;No;No;7;00
CARY;TWO-WAY,NOT DIVIDED;DAYLIGHT;CLEAR;0;0;;STOP SIGN;SPORT UTILITY;SPORT UTILITY;NONE;NONE;;2016-07-29T20:54:06-04:00;2016;No;No;7;20
.25 MILES FROM CROSSROADS BLVD;TWO-WAY,DIVIDED,POSITIVE MEDIAN BARRIER;DAYLIGHT;CLEAR;0;0;;NO CONTROL PRESENT;SPORT UTILITY;SPORT UTILITY;NONE;NONE;;2016-07-29T23:24:00-04:00;2016;No;No;7;23
3 FEET FROM SR 1313 (WALNUT ST);TWO-WAY,DIVIDED,UNPROTECTED MEDIAN;DAYLIGHT;CLEAR;0;0;;STOP AND GO SIGNAL;PASSENGER CAR;SPORT UTILITY;NONE;NONE;;2016-07-30T08:08:06-04:00;2016;No;No;7;08
70 FEET FROM CARROUSEL LN;TWO-WAY,NOT DIVIDED;DAYLIGHT;CLEAR;0;0;;NO CONTROL PRESENT;SPORT UTILITY;NONE;NONE;NONE;;2016-07-30T14:04:56-04:00;2016;No;No;7;14
100 FEET FROM P.V.A. (100 ENDEAVOR WAY;TWO-WAY,NOT DIVIDED;DAYLIGHT;CLOUDY;0;0;;NO CONTROL PRESENT;SPORT UTILITY;PASSENGER CAR;NONE;NONE;;2016-08-01T16:45:07-04:00;2016;No;No;8;16
0 FEET FROM SR 3977 (SW CARY PKWY);TWO-WAY,DIVIDED,UNPROTECTED MEDIAN;DAYLIGHT;CLEAR;0;0;;STOP AND GO SIGNAL;PASSENGER CAR;SPORT UTILITY;NONE;NONE;;2016-08-01T12:45:00-04:00;2016;No;No;8;12
40 FEET FROM CAITBOO AV;TWO-WAY,NOT DIVIDED;DARK - LIGHTED ROADWAY;RAIN;0;0;;NO CONTROL PRESENT;VAN;VAN;NONE;NONE;;2016-08-02T20:31:23-04:00;2016;No;No;8;20
70 FEET FROM PVA (203 N HARRISON AV);TWO-WAY,NOT DIVIDED;DAYLIGHT;CLEAR;0;0;;NO CONTROL PRESENT;PASSENGER CAR;NONE;NONE;NONE;;2016-08-02T11:14:00-04:00;2016;No;No;8;11
CARY;TWO-WAY,DIVIDED,UNPROTECTED MEDIAN;DAYLIGHT;CLEAR;0;0;;STOP AND GO SIGNAL;NONE;NONE;NONE;NONE;;2016-08-03T15:55:31-04:00;2016;No;No;8;15
150 FEET FROM 216 ASHVILLE AVE;TWO-WAY,NOT DIVIDED;DAYLIGHT;CLEAR;0;0;;NO CONTROL PRESENT;NONE;PASSENGER CAR;NONE;NONE;;2016-08-03T18:36:14-04:00;2016;No;No;8;18
1.5 MILES FROM HWY US1;TWO-WAY,DIVIDED,POSITIVE MEDIAN BARRIER;DARK - ROADWAY NOT LIGHTED;RAIN;0;0;COMING FROM BEHIND PARKED VEHICLE,COMING FROM BEHIND PARKED VEHICLE;NO CONTROL PRESENT;PASSENGER CAR;NONE;NONE;NONE;;2016-07-26T02:08:02-04:00;2016;No;No;7;02
54 FEET FROM NC 54 HWY (NE MAYNARD RD);TWO-WAY,NOT DIVIDED;DAYLIGHT;CLEAR;0;0;;STOP SIGN;NONE;NONE;NONE;NONE;;2016-08-03T15:27:01-04:00;2016;No;No;8;15
NEAR .40 MILES S OF S SR-1152 (HOLLY SPRINGS RD);TWO-WAY,NOT DIVIDED;DAYLIGHT;CLOUDY;0;0;;STOP AND GO SIGNAL;PASSENGER CAR;PASSENGER CAR;NONE;NONE;;2016-08-04T18:30:22-04:00;2016;No;No;8;18
100 FEET FROM PVA OF 21035 BRADFORD GREEN SQ;TWO-WAY,NOT DIVIDED;DAYLIGHT;CLEAR;0;0;;NO CONTROL PRESENT;PASSENGER CAR;NONE;NONE;NONE;;2016-08-03T10:18:00-04:00;2016;No;No;8;10
3 FEET FROM US 1 EXIT 98 RAMP SB;ONE-WAY,NOT DIVIDED;DAYLIGHT;CLEAR;0;1;;STOP AND GO SIGNAL;PICKUP;SPORT UTILITY;SPORT UTILITY;NONE;;2016-08-05T08:11:47-04:00;2016;No;Yes;8;08
.1 MILES FROM SR 1615 (HIGH HOUSE RD);TWO-WAY,DIVIDED,UNPROTECTED MEDIAN;DAYLIGHT;CLOUDY;0;0;;NO CONTROL PRESENT;SPORT UTILITY;SPORT UTILITY;NONE;NONE;;2016-08-04T15:50:44-04:00;2016;No;No;8;15
200 FEET FROM PVA OF 8921 HOLLY SPRINGS RD;TWO-WAY,NOT DIVIDED;DAYLIGHT;CLOUDY;0;0;;NO CONTROL PRESENT;PASSENGER CAR;SPORT UTILITY;NONE;NONE;;2016-08-05T19:29:18-04:00;2016;No;No;8;19
CARY;TWO-WAY,NOT DIVIDED;DAYLIGHT;CLOUDY;0;0;;STOP AND GO SIGNAL;SPORT UTILITY;SPORT UTILITY;NONE;NONE;;2016-08-05T17:31:11-04:00;2016;No;No;8;17
322 FEET FROM PVA (500 SAS CAMPUS DR);TWO-WAY,NOT DIVIDED;DAYLIGHT;CLOUDY;0;0;;NO CONTROL PRESENT;PICKUP;SINGLE UNIT TRUCK (2-AXLE- 6-TIRE);NONE;NONE;;2016-08-05T17:08:33-04:00;2016;No;No;8;17
0 FEET FROM SR 1652 (N HARRISON AV);TWO-WAY,DIVIDED,UNPROTECTED MEDIAN;DAYLIGHT;CLEAR;0;1;;STOP AND GO SIGNAL;PASSENGER CAR;VAN;PASSENGER CAR;NONE;;2016-08-05T15:08:45-04:00;2016;No;Yes;8;15
50 FEET FROM US 1 HWY OFF RAMP;ONE-WAY,NOT DIVIDED;DAYLIGHT;CLEAR;0;0;;STOP AND GO SIGNAL;SPORT UTILITY;SPORT UTILITY;NONE;NONE;;2016-08-06T17:24:10-04:00;2016;No;No;8;17
CARY;TWO-WAY,DIVIDED,UNPROTECTED MEDIAN;DAYLIGHT;CLEAR;0;2;;STOP SIGN;PASSENGER CAR;SPORT UTILITY;NONE;NONE;;2016-08-07T09:05:39-04:00;2016;No;Yes;8;09
CARY;TWO-WAY,DIVIDED,UNPROTECTED MEDIAN;DAYLIGHT;CLEAR;0;0;;NO CONTROL PRESENT;PASSENGER CAR;NONE;NONE;NONE;;2016-08-08T08:12:01-04:00;2016;No;No;8;08
CARY;TWO-WAY,NOT DIVIDED;DAYLIGHT;CLOUDY;0;0;;NO CONTROL PRESENT;PASSENGER CAR;PASSENGER CAR;NONE;NONE;;2016-08-08T17:41:18-04:00;2016;No;No;8;17
CARY;TWO-WAY,DIVIDED,UNPROTECTED MEDIAN;DAYLIGHT;RAIN;0;0;;STOP AND GO SIGNAL;PASSENGER CAR;PASSENGER CAR;NONE;NONE;;2016-08-08T22:08:00-04:00;2016;No;No;8;22
25 FEET FROM PVA OF 3302 OLD RALEIGH RD;TWO-WAY,NOT DIVIDED;DAYLIGHT;CLOUDY;0;0;;NO CONTROL PRESENT;PASSENGER CAR;PICKUP;NONE;NONE;;2016-07-21T12:38:00-04:00;2016;No;No;7;12
0 FEET FROM SR 1652 (N HARRISON AV);TWO-WAY,NOT DIVIDED;DAYLIGHT;CLEAR;0;0;;STOP AND GO SIGNAL;SPORT UTILITY;PASSENGER CAR;NONE;NONE;;2016-08-09T10:02:00-04:00;2016;No;No;8;10
0 FEET FROM WALDO ST;TWO-WAY,NOT DIVIDED;DAYLIGHT;CLEAR;0;1;;STOP SIGN;PICKUP;PASSENGER CAR;NONE;NONE;;2016-08-09T14:42:11-04:00;2016;No;Yes;8;14
50 FEET FROM SR 1415 (SW MAYNARD RD);TWO-WAY,DIVIDED,UNPROTECTED MEDIAN;DAYLIGHT;CLEAR;0;0;;NO CONTROL PRESENT;PICKUP;PASSENGER CAR;NONE;NONE;;2016-08-10T07:29:39-04:00;2016;No;No;8;07
175 FEET FROM PVA 100 AUTO MALL DRIVE;TWO-WAY,NOT DIVIDED;DAYLIGHT;CLEAR;0;0;;NO CONTROL PRESENT;PASSENGER CAR;PICKUP;NONE;NONE;;2016-08-10T14:56:48-04:00;2016;No;No;8;14
10 FEET FROM SR 1415 (SE MAYNARD RD);TWO-WAY,DIVIDED,UNPROTECTED MEDIAN;DAYLIGHT;CLEAR;0;0;;STOP AND GO SIGNAL;SPORT UTILITY;PASSENGER CAR;NONE;NONE;;2016-08-10T19:18:27-04:00;2016;No;No;8;19
50 FEET FROM SR1300 (KILDAIRE FARM RD);TWO-WAY,DIVIDED,UNPROTECTED MEDIAN;DAYLIGHT;CLEAR;0;0;;STOP AND GO SIGNAL;PASSENGER CAR;PASSENGER CAR;NONE;NONE;;2016-08-10T13:41:29-04:00;2016;No;No;8;13
200 FEET FROM NC 55;NONE;NONE;NONE;0;0;;;PICKUP;PASSENGER CAR;NONE;NONE;;2016-08-09T12:12:00-04:00;2016;No;No;8;12
50 FEET FROM P.V.A. 1920 NC 54 (NW MAYNARD;TWO-WAY,NOT DIVIDED;DAYLIGHT;CLEAR;0;0;;STOP AND GO SIGNAL;PASSENGER CAR;NONE;NONE;NONE;;2016-08-12T08:22:34-04:00;2016;No;No;8;08
60 FEET FROM WIDDINGTON LN;TWO-WAY,NOT DIVIDED;DAYLIGHT;CLEAR;0;1;;NO CONTROL PRESENT;SPORT UTILITY;NONE;NONE;NONE;;2016-08-12T07:00:57-04:00;2016;No;Yes;8;07
.1 MILES FROM NEEDLE PARK DR;TWO-WAY,NOT DIVIDED;DAYLIGHT;CLEAR;0;0;;NO CONTROL PRESENT;PASSENGER CAR;PASSENGER CAR;NONE;NONE;;2016-08-09T19:11:55-04:00;2016;No;No;8;19
NEAR .55 MILES NE OF NE US 1;TWO-WAY,DIVIDED,POSITIVE MEDIAN BARRIER;DAYLIGHT;CLEAR;0;0;;NO CONTROL PRESENT;PASSENGER CAR;NONE;NONE;NONE;;2016-08-11T19:27:48-04:00;2016;No;No;8;19
20 FEET FROM SEABROOK AVE;TWO-WAY,NOT DIVIDED;DARK - LIGHTED ROADWAY;CLEAR;0;0;;STOP SIGN;PASSENGER CAR;PASSENGER CAR;NONE;NONE;;2016-08-11T20:11:12-04:00;2016;No;No;8;20