Location_Description;Road_Configuration;Light_Condition;Weather;Fatality;Injury;Contributing_Factor;Traffic_Control;Vehicle1;Vehicle2;Vehicle3;Vehicle4;Vehicle5;Crash_Date;year;Fatalities;Injuries;Month;Hour
CARY;TWO-WAY,DIVIDED,UNPROTECTED MEDIAN;DAYLIGHT;CLEAR;0;0;;STOP AND GO SIGNAL;PICKUP;PASSENGER CAR;NONE;NONE;;2016-12-01T10:17:00-05:00;2016;No;No;12;10
25 FEET FROM CARPENTER UPCHURCH RD SR 1617;TWO-WAY,DIVIDED,UNPROTECTED MEDIAN;DAYLIGHT;CLEAR;0;0;;STOP AND GO SIGNAL;PASSENGER CAR;SINGLE UNIT TRUCK (2-AXLE- 6-TIRE);NONE;NONE;;2016-12-02T13:34:35-05:00;2016;No;No;12;13
CARY;NONE;NONE;NONE;0;0;;;NONE;NONE;NONE;NONE;;2016-12-04T06:27:01-05:00;2016;No;No;12;06
.06 MILES FROM US 1 HWY;TWO-WAY,DIVIDED,UNPROTECTED MEDIAN;DAYLIGHT;CLEAR;0;0;;NO CONTROL PRESENT;PICKUP;NONE;NONE;NONE;;2016-12-03T11:12:00-05:00;2016;No;No;12;11
15 FEET FROM 100 WRENN DR;TWO-WAY,NOT DIVIDED;DAYLIGHT;CLEAR;0;0;;NO CONTROL PRESENT;SPORT UTILITY;PASSENGER CAR;NONE;NONE;;2016-12-03T12:47:00-05:00;2016;No;No;12;12
100 FEET FROM SR 1011 (W CHATHAM ST);TWO-WAY,NOT DIVIDED;DARK - LIGHTED ROADWAY;CLEAR;0;1;;STOP AND GO SIGNAL;PASSENGER CAR;SPORT UTILITY;NONE;NONE;;2016-12-02T17:48:13-05:00;2016;No;Yes;12;17
CARY;TWO-WAY,NOT DIVIDED;DAYLIGHT;CLEAR;0;0;;NO CONTROL PRESENT;SPORT UTILITY;PASSENGER CAR;NONE;NONE;;2016-12-03T13:26:54-05:00;2016;No;No;12;13
CARY;TWO-WAY,DIVIDED,UNPROTECTED MEDIAN;DARK - LIGHTED ROADWAY;CLEAR;0;0;;STOP AND GO SIGNAL;PASSENGER CAR;PASSENGER CAR;NONE;NONE;;2016-12-02T18:28:39-05:00;2016;No;No;12;18
CARY;TWO-WAY,NOT DIVIDED;DAYLIGHT;CLEAR;0;2;;STOP AND GO SIGNAL;SPORT UTILITY;PASSENGER CAR;NONE;NONE;;2016-12-03T08:08:30-05:00;2016;No;Yes;12;08
CARY;TWO-WAY,DIVIDED,UNPROTECTED MEDIAN;DAYLIGHT;CLOUDY;0;0;;STOP AND GO SIGNAL;PASSENGER CAR;PASSENGER CAR;NONE;NONE;;2016-12-04T13:54:55-05:00;2016;No;No;12;13
CARY;TWO-WAY,DIVIDED,UNPROTECTED MEDIAN;DAYLIGHT;CLEAR;0;0;;STOP AND GO SIGNAL;SPORT UTILITY;PASSENGER CAR;NONE;NONE;;2016-12-05T10:57:00-05:00;2016;No;No;12;10
75 FEET FROM I40 EB ON RAMP;ONE-WAY,NOT DIVIDED;DAYLIGHT;CLEAR;0;0;;STOP AND GO SIGNAL;SPORT UTILITY;VAN;NONE;NONE;;2016-12-01T12:37:00-05:00;2016;No;No;12;12
10 FEET FROM US 1;TWO-WAY,DIVIDED,POSITIVE MEDIAN BARRIER;DAYLIGHT;RAIN;0;0;;STOP AND GO SIGNAL;PASSENGER CAR;PASSENGER CAR;NONE;NONE;;2016-12-06T14:51:34-05:00;2016;No;No;12;14
CARY;TWO-WAY,DIVIDED,UNPROTECTED MEDIAN;DUSK;RAIN;0;0;;NO CONTROL PRESENT;SPORT UTILITY;PASSENGER CAR;NONE;NONE;;2016-12-06T18:23:03-05:00;2016;No;No;12;18
250 FEET FROM NC 55 HWY;TWO-WAY,DIVIDED,UNPROTECTED MEDIAN;DAYLIGHT;RAIN;0;5;;STOP AND GO SIGNAL;PASSENGER CAR;SPORT UTILITY;NONE;NONE;;2016-12-06T11:04:00-05:00;2016;No;Yes;12;11
200 FEET FROM ADDENBROCK DR;TWO-WAY,NOT DIVIDED;DAYLIGHT;CLEAR;0;0;;NO CONTROL PRESENT;PASSENGER CAR;PASSENGER CAR;NONE;NONE;;2016-12-07T16:20:14-05:00;2016;No;No;12;16
CARY;TWO-WAY,DIVIDED,POSITIVE MEDIAN BARRIER;DARK - LIGHTED ROADWAY;CLEAR;0;0;;STOP AND GO SIGNAL;PASSENGER CAR;PASSENGER CAR;NONE;NONE;;2016-12-07T21:18:58-05:00;2016;No;No;12;21
CARY;TWO-WAY,DIVIDED,UNPROTECTED MEDIAN;DAYLIGHT;CLEAR;0;0;;STOP AND GO SIGNAL;PASSENGER CAR;PASSENGER CAR;NONE;NONE;;2016-12-07T15:11:16-05:00;2016;No;No;12;15
0 FEET FROM SR 1300 (KILDAIRE FARM RD);TWO-WAY,NOT DIVIDED;DAYLIGHT;CLEAR;0;1;;STOP AND GO SIGNAL;PASSENGER CAR;PASSENGER CAR;NONE;NONE;;2016-12-07T06:51:02-05:00;2016;No;Yes;12;06
45 FEET FROM  SR 3112 (SW CARY PKWY);TWO-WAY,DIVIDED,UNPROTECTED MEDIAN;DAYLIGHT;CLEAR;0;0;;NO CONTROL PRESENT;PASSENGER CAR;PASSENGER CAR;NONE;NONE;;2016-12-07T09:00:53-05:00;2016;No;No;12;09
36 FEET FROM P.V.A. (1031 N HARRISON AVE);TWO-WAY,NOT DIVIDED;DARK - LIGHTED ROADWAY;CLEAR;0;0;;NO CONTROL PRESENT;PASSENGER CAR;NONE;NONE;NONE;;2016-12-08T23:03:00-05:00;2016;No;No;12;23
55 FEET FROM US1 EXIT 98 RAMP SB;ONE-WAY,NOT DIVIDED;DAYLIGHT;CLEAR;0;0;;STOP AND GO SIGNAL;PASSENGER CAR;NONE;NONE;NONE;;2016-12-09T11:59:00-05:00;2016;No;No;12;11
CARY;NONE;NONE;NONE;0;0;;;NONE;NONE;NONE;NONE;;2016-12-09T13:55:23-05:00;2016;No;No;12;13
50 FEET FROM PVA AT 1301 KILDAIRE FARM RD;TWO-WAY,NOT DIVIDED;DAYLIGHT;CLEAR;0;0;;NO CONTROL PRESENT;VAN;PASSENGER CAR;NONE;NONE;;2016-12-09T13:03:45-05:00;2016;No;No;12;13
2 MILES FROM US 1 HWY;TWO-WAY,DIVIDED,UNPROTECTED MEDIAN;DAYLIGHT;CLEAR;0;0;;STOP AND GO SIGNAL;PASSENGER CAR;VAN;NONE;NONE;;2016-12-10T15:57:35-05:00;2016;No;No;12;15
175 FEET FROM CONTESSA DR;TWO-WAY,NOT DIVIDED;DAYLIGHT;CLEAR;0;0;;NO CONTROL PRESENT;PASSENGER CAR;PASSENGER CAR;NONE;NONE;;2016-12-10T10:00:00-05:00;2016;No;No;12;10
170 FEET FROM NC 55 HWY;TWO-WAY,DIVIDED,UNPROTECTED MEDIAN;DUSK;CLEAR;0;0;;STOP AND GO SIGNAL;VAN;SPORT UTILITY;NONE;NONE;;2016-12-09T19:32:26-05:00;2016;No;No;12;19
165 FEET FROM NC 55 HWY;TWO-WAY,DIVIDED,UNPROTECTED MEDIAN;DARK - LIGHTED ROADWAY;CLEAR;0;0;;STOP AND GO SIGNAL;SPORT UTILITY;SPORT UTILITY;PASSENGER CAR;NONE;;2016-12-09T19:32:26-05:00;2016;No;No;12;19
50 FEET FROM 6560 TRYON RD;TWO-WAY,NOT DIVIDED;DAYLIGHT;CLEAR;0;0;;NO CONTROL PRESENT;PASSENGER CAR;PASSENGER CAR;NONE;NONE;;2016-12-09T19:24:33-05:00;2016;No;No;12;19
25 FEET FROM US 64;TWO-WAY,DIVIDED,POSITIVE MEDIAN BARRIER;DARK - ROADWAY NOT LIGHTED;CLEAR;0;0;;STOP AND GO SIGNAL;PASSENGER CAR;SPORT UTILITY;NONE;NONE;;2016-12-09T22:07:00-05:00;2016;No;No;12;22
92 FEET FROM RICHARD DR;TWO-WAY,NOT DIVIDED;DARK - ROADWAY NOT LIGHTED;CLEAR;0;0;;STOP AND GO SIGNAL;PICKUP;NONE;NONE;NONE;;2016-12-09T22:05:00-05:00;2016;No;No;12;22
CARY;TWO-WAY,DIVIDED,POSITIVE MEDIAN BARRIER;DAYLIGHT;CLEAR;0;0;;STOP AND GO SIGNAL;PASSENGER CAR;SPORT UTILITY;NONE;NONE;;2016-12-05T17:31:05-05:00;2016;No;No;12;17
25 FEET FROM SR 1152 WALNUT ST;TWO-WAY,DIVIDED,POSITIVE MEDIAN BARRIER;DAYLIGHT;CLEAR;0;0;;STOP AND GO SIGNAL;PASSENGER CAR;PASSENGER CAR;NONE;NONE;;2016-12-09T22:39:00-05:00;2016;No;No;12;22
CARY;NONE;NONE;NONE;0;0;;;NONE;NONE;NONE;NONE;;2016-12-12T13:38:55-05:00;2016;No;No;12;13
CARY;TWO-WAY,NOT DIVIDED;DARK - LIGHTED ROADWAY;CLEAR;0;0;;STOP AND GO SIGNAL;SPORT UTILITY;SPORT UTILITY;NONE;NONE;;2016-12-12T22:37:00-05:00;2016;No;No;12;22
55 FEET FROM PVA 5520 DILLARD DR;TWO-WAY,DIVIDED,UNPROTECTED MEDIAN;DAYLIGHT;CLEAR;0;0;;NO CONTROL PRESENT;NONE;SPORT UTILITY;NONE;NONE;;2016-12-12T15:50:20-05:00;2016;No;No;12;15
CARY;TWO-WAY,DIVIDED,UNPROTECTED MEDIAN;DAYLIGHT;CLEAR;0;0;;STOP AND GO SIGNAL;SPORT UTILITY;PASSENGER CAR;NONE;NONE;;2016-12-13T11:03:00-05:00;2016;No;No;12;11
.1 MILES FROM PVA (200 CROSSROADS BLVD);TWO-WAY,NOT DIVIDED;DAYLIGHT;CLOUDY;0;0;;NO CONTROL PRESENT;SPORT UTILITY;PICKUP;NONE;NONE;;2016-12-13T13:29:34-05:00;2016;No;No;12;13
CARY;TWO-WAY,NOT DIVIDED;DARK - ROADWAY NOT LIGHTED;RAIN;0;0;;STOP SIGN;PASSENGER CAR;VAN;NONE;NONE;;2016-12-13T18:48:56-05:00;2016;No;No;12;18
.16 MILES FROM SR# 1416 (TRIMBLE AVE);TWO-WAY,NOT DIVIDED;DARK - ROADWAY NOT LIGHTED;CLEAR;0;0;;NO CONTROL PRESENT;PASSENGER CAR;PASSENGER CAR;NONE;NONE;;2016-12-13T22:17:00-05:00;2016;No;No;12;22
0 FEET FROM SR 1009 (TRYON RD);TWO-WAY,DIVIDED,UNPROTECTED MEDIAN;DAYLIGHT;CLOUDY;0;1;;STOP AND GO SIGNAL;PASSENGER CAR;SPORT UTILITY;NONE;NONE;;2016-12-08T13:02:51-05:00;2016;No;Yes;12;13
.1 MILES FROM SR 1313 (WALNUT ST);TWO-WAY,DIVIDED,UNPROTECTED MEDIAN;DAYLIGHT;CLOUDY;0;0;;STOP AND GO SIGNAL;PASSENGER CAR;PASSENGER CAR;NONE;NONE;;2016-12-14T12:55:00-05:00;2016;No;No;12;12
180 FEET FROM PVA ALLSTATE (744-G SR 1011);TWO-WAY,NOT DIVIDED;DAYLIGHT;CLEAR;0;0;;NO CONTROL PRESENT;SPORT UTILITY;LIGHT TRUCK (MINI-VAN- PANEL);NONE;NONE;;2016-12-15T11:59:00-05:00;2016;No;No;12;11
20 FEET FROM SR 1349 (DILLARD DR);TWO-WAY,DIVIDED,UNPROTECTED MEDIAN;DAYLIGHT;CLEAR;0;0;;STOP AND GO SIGNAL;SPORT UTILITY;PASSENGER CAR;NONE;NONE;;2016-12-14T12:58:00-05:00;2016;No;No;12;12
CARY;TWO-WAY,NOT DIVIDED;DAYLIGHT;CLEAR;0;1;;STOP AND GO SIGNAL;SPORT UTILITY;PASSENGER CAR;SPORT UTILITY;NONE;;2016-12-15T16:16:44-05:00;2016;No;Yes;12;16
.2 MILES FROM PVA (98 CORNERSTONE DR);TWO-WAY,NOT DIVIDED;DAYLIGHT;CLOUDY;0;0;;NO CONTROL PRESENT;PASSENGER CAR;SPORT UTILITY;NONE;NONE;;2016-12-15T11:39:00-05:00;2016;No;No;12;11
150 FEET FROM SR-1652 (N. HARRISON AVE);TWO-WAY,DIVIDED,POSITIVE MEDIAN BARRIER;DAYLIGHT;CLOUDY;0;0;;STOP AND GO SIGNAL;PASSENGER CAR;SPORT UTILITY;NONE;NONE;;2016-12-17T17:22:00-05:00;2016;No;No;12;17
CARY;NONE;NONE;NONE;0;0;;;NONE;NONE;NONE;NONE;;2016-11-20T21:08:24-05:00;2016;No;No;11;21
.25 MILES FROM CROSSROADS BLVD;TWO-WAY,DIVIDED,UNPROTECTED MEDIAN;DARK - UNKNOWN LIGHTING;CLEAR;0;1;;STOP SIGN;SPORT UTILITY;MOPED;NONE;NONE;;2016-12-17T19:52:01-05:00;2016;No;Yes;12;19
0 FEET FROM SR 1300 (KILDAIRE FARM RD);TWO-WAY,DIVIDED,POSITIVE MEDIAN BARRIER;DAYLIGHT;CLEAR;0;0;;STOP AND GO SIGNAL;PASSENGER CAR;PASSENGER CAR;PASSENGER CAR;NONE;;2016-12-15T16:27:24-05:00;2016;No;No;12;16
60 FEET FROM SR 1615 (HIGH HOUSE RD);TWO-WAY,DIVIDED,UNPROTECTED MEDIAN;DAYLIGHT;CLOUDY;0;1;;STOP AND GO SIGNAL;PASSENGER CAR;SPORT UTILITY;SPORT UTILITY;NONE;;2016-12-16T10:41:00-05:00;2016;No;Yes;12;10
100 FEET FROM PVA 950 N HARRISON AVE;TWO-WAY,NOT DIVIDED;DAYLIGHT;CLEAR;0;0;;NO CONTROL PRESENT;PASSENGER CAR;PICKUP;NONE;NONE;;2016-12-16T18:17:46-05:00;2016;No;No;12;18
CARY;TWO-WAY,DIVIDED,UNPROTECTED MEDIAN;DAYLIGHT;CLOUDY;0;0;;NO CONTROL PRESENT;PASSENGER CAR;PASSENGER CAR;NONE;NONE;;2016-12-19T08:18:57-05:00;2016;No;No;12;08
.10 MILES FROM CROSSROADS BLVD;TWO-WAY,DIVIDED,UNPROTECTED MEDIAN;DAYLIGHT;RAIN;0;2;;STOP SIGN;SPORT UTILITY;PASSENGER CAR;NONE;NONE;;2016-12-19T12:56:00-05:00;2016;No;Yes;12;12
20 FEET FROM SR 1621 (GREEN HOPE SCHOOL RD);TWO-WAY,NOT DIVIDED;DAYLIGHT;CLOUDY;0;0;;STOP AND GO SIGNAL;PICKUP;PASSENGER CAR;NONE;NONE;;2016-12-19T16:23:53-05:00;2016;No;No;12;16
50 FEET FROM P.P. OF 101 GEARRLAND LN;ONE-WAY,NOT DIVIDED;DAYLIGHT;CLOUDY;0;0;;NO CONTROL PRESENT;VAN;SPORT UTILITY;NONE;NONE;;2016-12-19T11:45:00-05:00;2016;No;No;12;11
100 FEET FROM SR 1415 (SE MAYNARD RD);TWO-WAY,NOT DIVIDED;DARK - LIGHTED ROADWAY;CLOUDY;0;1;;NO CONTROL PRESENT;PASSENGER CAR;PASSENGER CAR;NONE;NONE;;2016-12-19T21:06:36-05:00;2016;No;Yes;12;21
CARY;TWO-WAY,NOT DIVIDED;DARK - LIGHTED ROADWAY;CLOUDY;0;0;;STOP AND GO SIGNAL;PASSENGER CAR;SPORT UTILITY;NONE;NONE;;2016-12-17T19:30:10-05:00;2016;No;No;12;19
1.2 MILES FROM US 1 HWY;TWO-WAY,DIVIDED,POSITIVE MEDIAN BARRIER;DARK - LIGHTED ROADWAY;CLEAR;0;0;;NO CONTROL PRESENT;SPORT UTILITY;NONE;NONE;NONE;;2016-12-15T15:13:22-05:00;2016;No;No;12;15
.25 MILES FROM TRYON RD(SR#1370);TWO-WAY,DIVIDED,UNPROTECTED MEDIAN;NONE;CLEAR;0;0;;STOP AND GO SIGNAL;NONE;NONE;NONE;NONE;;2016-12-15T12:00:00-05:00;2016;No;No;12;12
35 FEET FROM PVA 930 SE CARY PARKWAY;TWO-WAY,NOT DIVIDED;DAYLIGHT;CLOUDY;0;0;;NO CONTROL PRESENT;VAN;PASSENGER CAR;NONE;NONE;;2016-12-20T12:06:00-05:00;2016;No;No;12;12
.1 MILES FROM SR 1370 (TRYON RD);TWO-WAY,DIVIDED,POSITIVE MEDIAN BARRIER;DAYLIGHT;CLEAR;0;1;;STOP AND GO SIGNAL;PASSENGER CAR;PASSENGER CAR;NONE;NONE;;2016-12-20T16:48:22-05:00;2016;No;Yes;12;16
50 FEET FROM SR 1009 TRYON RD;TWO-WAY,DIVIDED,POSITIVE MEDIAN BARRIER;DAYLIGHT;CLEAR;0;2;;STOP AND GO SIGNAL;PASSENGER CAR;SPORT UTILITY;PASSENGER CAR;NONE;;2016-12-20T19:09:02-05:00;2016;No;Yes;12;19
40 FEET FROM KENSINGTON DR;TWO-WAY,NOT DIVIDED;DAYLIGHT;CLEAR;0;0;;NO CONTROL PRESENT;PASSENGER CAR;PASSENGER CAR;NONE;NONE;;2016-12-20T14:25:12-05:00;2016;No;No;12;14
25 FEET FROM SR 1497 (CARY TOWNE BLVD);TWO-WAY,DIVIDED,UNPROTECTED MEDIAN;DAYLIGHT;CLEAR;0;0;;STOP AND GO SIGNAL;PASSENGER CAR;PICKUP;NONE;NONE;;2016-12-20T14:14:57-05:00;2016;No;No;12;14
10 FEET FROM US 1 HWY;TWO-WAY,DIVIDED,POSITIVE MEDIAN BARRIER;DARK - LIGHTED ROADWAY;RAIN;0;0;COMING FROM BEHIND PARKED VEHICLE;NO CONTROL PRESENT;PASSENGER CAR;NONE;NONE;NONE;;2016-12-17T09:52:13-05:00;2016;No;No;12;09
250 FEET FROM SR 1615 (HIGH HOUSE RD);TWO-WAY,NOT DIVIDED;DARK - LIGHTED ROADWAY;CLEAR;0;0;;NO CONTROL PRESENT;PASSENGER CAR;NONE;NONE;NONE;;2016-12-21T19:01:17-05:00;2016;No;No;12;19
200 FEET FROM US 64 HWY;TWO-WAY,DIVIDED,UNPROTECTED MEDIAN;DARK - ROADWAY NOT LIGHTED;CLEAR;0;0;;NO CONTROL PRESENT;LIGHT TRUCK (MINI-VAN- PANEL);PASSENGER CAR;NONE;NONE;;2016-12-21T22:18:00-05:00;2016;No;No;12;22
.01 MILES FROM SR 1652 (N. HARRISON AV.);TWO-WAY,NOT DIVIDED;DAWN;CLEAR;0;0;;NO CONTROL PRESENT;PASSENGER CAR;NONE;NONE;NONE;;2016-12-21T09:46:04-05:00;2016;No;No;12;09
250 FEET FROM SR 1152 (HOLLY SPRINGS RD);TWO-WAY,DIVIDED,POSITIVE MEDIAN BARRIER;DAYLIGHT;CLOUDY;0;0;;STOP AND GO SIGNAL;PASSENGER CAR;PASSENGER CAR;NONE;NONE;;2016-12-19T12:53:00-05:00;2016;No;No;12;12
250 FEET FROM P.V.A. (LOWES FOODS);TWO-WAY,NOT DIVIDED;DAYLIGHT;CLEAR;0;0;;NO CONTROL PRESENT;PASSENGER CAR;VAN;NONE;NONE;;2016-12-26T10:42:00-05:00;2016;No;No;12;10
161 FEET FROM PVA OF 2080 KILDAIERE FARM RD;TWO-WAY,NOT DIVIDED;DARK - LIGHTED ROADWAY;CLOUDY;0;0;;NO CONTROL PRESENT;PASSENGER CAR;PASSENGER CAR;NONE;NONE;;2016-12-27T19:54:49-05:00;2016;No;No;12;19
.2 MILES FROM CROSSROADS BLVD;TWO-WAY,DIVIDED,UNPROTECTED MEDIAN;DAYLIGHT;CLEAR;0;0;;STOP AND GO SIGNAL;PASSENGER CAR;SPORT UTILITY;NONE;NONE;;2016-12-26T16:16:46-05:00;2016;No;No;12;16
200 FEET FROM NW MAYNARD RD;TWO-WAY,DIVIDED,UNPROTECTED MEDIAN;DARK - LIGHTED ROADWAY;RAIN;0;0;;NO CONTROL PRESENT;PASSENGER CAR;NONE;NONE;NONE;;2016-12-26T21:08:20-05:00;2016;No;No;12;21
.1 MILES FROM NC-54 (NE MAYNARD RD);TWO-WAY,DIVIDED,POSITIVE MEDIAN BARRIER;DARK - LIGHTED ROADWAY;RAIN;0;0;;;PASSENGER CAR;PASSENGER CAR;NONE;NONE;;2016-12-26T22:34:00-05:00;2016;No;No;12;22
0 FEET FROM NC 55 HWY;TWO-WAY,DIVIDED,UNPROTECTED MEDIAN;DAYLIGHT;CLOUDY;0;0;;STOP AND GO SIGNAL;PASSENGER CAR;PASSENGER CAR;NONE;NONE;;2016-12-27T12:38:00-05:00;2016;No;No;12;12
75 FEET FROM PVA OF 329 CROSSROADS BLVD;TWO-WAY,NOT DIVIDED;DAYLIGHT;CLEAR;0;0;;NO CONTROL PRESENT;PASSENGER CAR;PASSENGER CAR;NONE;NONE;;2016-12-27T16:29:45-05:00;2016;No;No;12;16
200 FEET FROM PVA (4212 NW CARY PKWY);TWO-WAY,NOT DIVIDED;DAYLIGHT;CLEAR;0;0;;STOP SIGN;PASSENGER CAR;PASSENGER CAR;NONE;NONE;;2016-12-22T10:58:00-05:00;2016;No;No;12;10
.31 MILES FROM HWY US 1 S;TWO-WAY,DIVIDED,POSITIVE MEDIAN BARRIER;DARK - LIGHTED ROADWAY;CLEAR;0;0;;NO CONTROL PRESENT;PICKUP;SPORT UTILITY;NONE;NONE;;2016-12-25T23:33:00-05:00;2016;No;No;12;23
30 FEET FROM SR 1009 (TRYON RD);TWO-WAY,DIVIDED,UNPROTECTED MEDIAN;DAYLIGHT;CLEAR;0;0;;STOP AND GO SIGNAL;SPORT UTILITY;SPORT UTILITY;NONE;NONE;;2016-12-26T13:24:07-05:00;2016;No;No;12;13
50 FEET FROM US 1 SOUTH;ONE-WAY,NOT DIVIDED;DAYLIGHT;CLEAR;0;0;;STOP AND GO SIGNAL;PASSENGER CAR;PASSENGER CAR;NONE;NONE;;2016-12-22T15:42:11-05:00;2016;No;No;12;15
125 FEET FROM SR 1313 (WALNUT ST);TWO-WAY,NOT DIVIDED;DAYLIGHT;CLEAR;0;1;;STOP AND GO SIGNAL;PASSENGER CAR;PASSENGER CAR;NONE;NONE;;2016-12-22T14:32:03-05:00;2016;No;Yes;12;14
15 FEET FROM SR 1313 (WALNUT ST);TWO-WAY,DIVIDED,POSITIVE MEDIAN BARRIER;DAYLIGHT;CLEAR;0;0;;FLASHING STOP AND GO SIGNAL;PASSENGER CAR;PASSENGER CAR;NONE;NONE;;2016-12-28T08:31:43-05:00;2016;No;No;12;08
CARY;TWO-WAY,DIVIDED,UNPROTECTED MEDIAN;DARK - LIGHTED ROADWAY;CLEAR;0;0;;STOP AND GO SIGNAL;PICKUP;PASSENGER CAR;NONE;NONE;;2016-12-29T18:54:12-05:00;2016;No;No;12;18
200 FEET FROM 1110 SE CARY PKY;ONE-WAY,NOT DIVIDED;DAYLIGHT;CLEAR;0;0;;NO CONTROL PRESENT;SPORT UTILITY;PASSENGER CAR;NONE;NONE;;2016-12-29T14:27:55-05:00;2016;No;No;12;14
50 FEET FROM P.V.A. (WALGREENS);TWO-WAY,NOT DIVIDED;DAYLIGHT;CLEAR;0;0;;NO CONTROL PRESENT;PICKUP;PASSENGER CAR;NONE;NONE;;2016-12-31T11:21:00-05:00;2016;No;No;12;11
CARY;TWO-WAY,DIVIDED,UNPROTECTED MEDIAN;DARK - LIGHTED ROADWAY;RAIN;0;2;;STOP AND GO SIGNAL;PASSENGER CAR;PASSENGER CAR;NONE;NONE;;2017-01-01T22:02:00-05:00;2017;No;Yes;1;22
100 FEET FROM PVA OF 1805 WALNUT ST;TWO-WAY,NOT DIVIDED;DARK - LIGHTED ROADWAY;CLEAR;0;0;;NO CONTROL PRESENT;PASSENGER CAR;VAN;NONE;NONE;;2016-12-30T17:46:39-05:00;2016;No;No;12;17
200 FEET FROM PVA 760 SE MAYNARD RD;TWO-WAY,NOT DIVIDED;DARK - LIGHTED ROADWAY;CLEAR;0;0;;NO CONTROL PRESENT;PASSENGER CAR;VAN;NONE;NONE;;2017-01-02T16:02:51-05:00;2017;No;No;1;16
CARY;NONE;NONE;NONE;0;0;;;NONE;NONE;NONE;NONE;;2017-01-04T01:20:28-05:00;2017;No;No;1;01
CARY;TWO-WAY,DIVIDED,UNPROTECTED MEDIAN;DARK - LIGHTED ROADWAY;CLOUDY;0;0;;STOP AND GO SIGNAL;PASSENGER CAR;PASSENGER CAR;NONE;NONE;;2017-01-03T17:44:32-05:00;2017;No;No;1;17
CARY;TWO-WAY,DIVIDED,UNPROTECTED MEDIAN;DARK - LIGHTED ROADWAY;CLEAR;0;0;;STOP AND GO SIGNAL;PASSENGER CAR;PASSENGER CAR;NONE;NONE;;2017-01-03T18:10:49-05:00;2017;No;No;1;18
10 FEET FROM US 1;TWO-WAY,DIVIDED,POSITIVE MEDIAN BARRIER;DAYLIGHT;CLEAR;0;0;;STOP AND GO SIGNAL;LIGHT TRUCK (MINI-VAN- PANEL);PASSENGER CAR;NONE;NONE;;2017-01-04T08:42:32-05:00;2017;No;No;1;08
10 FEET FROM US 1;TWO-WAY,DIVIDED,POSITIVE MEDIAN BARRIER;DAYLIGHT;CLEAR;0;1;;STOP AND GO SIGNAL;PASSENGER CAR;PASSENGER CAR;NONE;NONE;;2017-01-04T13:36:05-05:00;2017;No;Yes;1;13
358 FEET FROM LAKE PINE DR;TWO-WAY,NOT DIVIDED;DAYLIGHT;CLEAR;0;1;;STOP SIGN;PASSENGER CAR;PASSENGER CAR;NONE;NONE;;2017-01-04T16:25:53-05:00;2017;No;Yes;1;16
250 FEET FROM NC 54 (NE MAYNARD RD);TWO-WAY,NOT DIVIDED;DAYLIGHT;CLEAR;0;0;;NO CONTROL PRESENT;PASSENGER CAR;PASSENGER CAR;NONE;NONE;;2017-01-05T07:54:38-05:00;2017;No;No;1;07
0 FEET FROM SUMMER LAKES DR;NONE;DARK - LIGHTED ROADWAY;CLEAR;0;0;;STOP SIGN;PASSENGER CAR;PASSENGER CAR;NONE;NONE;;2017-01-04T18:56:49-05:00;2017;No;No;1;18
172 FEET FROM P.V.A. OF 2900 WATERFORD FORES;TWO-WAY,NOT DIVIDED;DAYLIGHT;CLEAR;0;0;;NO CONTROL PRESENT;PASSENGER CAR;PASSENGER CAR;NONE;NONE;;2017-01-05T11:20:00-05:00;2017;No;No;1;11
20 FEET FROM SR 1300 (KILDAIRE FARM RD);TWO-WAY,DIVIDED,UNPROTECTED MEDIAN;DARK - LIGHTED ROADWAY;CLEAR;0;0;;STOP SIGN;PASSENGER CAR;PASSENGER CAR;NONE;NONE;;2017-01-05T20:26:06-05:00;2017;No;No;1;20
40 FEET FROM DONALDSON DR;TWO-WAY,NOT DIVIDED;DAYLIGHT;CLEAR;0;0;;NO CONTROL PRESENT;SPORT UTILITY;PASSENGER CAR;NONE;NONE;;2017-01-04T12:31:00-05:00;2017;No;No;1;12
200 FEET FROM P.V.A. (1151 TRYON VILLAGE DR);TWO-WAY,NOT DIVIDED;DAYLIGHT;CLOUDY;0;0;;NO CONTROL PRESENT;PASSENGER CAR;PASSENGER CAR;NONE;NONE;;2017-01-06T13:29:37-05:00;2017;No;No;1;13
.10 MILES FROM SR1010 (WALNUT ST);TWO-WAY,NOT DIVIDED;DARK - LIGHTED ROADWAY;RAIN;0;0;;NO CONTROL PRESENT;SPORT UTILITY;PASSENGER CAR;NONE;NONE;;2017-01-06T17:29:07-05:00;2017;No;No;1;17
.1 MILES FROM NE MAYNARD RD (SR 1415);TWO-WAY,DIVIDED,UNPROTECTED MEDIAN;DAYLIGHT;RAIN;0;0;;NO CONTROL PRESENT;SPORT UTILITY;PICKUP;VAN;NONE;;2017-01-06T15:31:27-05:00;2017;No;No;1;15
CARY;NONE;NONE;NONE;0;0;;;NONE;NONE;NONE;NONE;;2016-05-02T00:00:00-04:00;2016;No;No;5;00
50 FEET FROM REED ST;TWO-WAY,NOT DIVIDED;DARK - ROADWAY NOT LIGHTED;CLEAR;0;0;COMING FROM BEHIND PARKED VEHICLE,COMING FROM BEHIND PARKED VEHICLE;NO CONTROL PRESENT;PASSENGER CAR;PASSENGER CAR;NONE;NONE;;2017-01-08T02:32:21-05:00;2017;No;No;1;02