Location_Description;Road_Configuration;Light_Condition;Weather;Fatality;Injury;Contributing_Factor;Traffic_Control;Vehicle1;Vehicle2;Vehicle3;Vehicle4;Vehicle5;Crash_Date;year;Fatalities;Injuries;Month;Hour
200 FEET FROM P.V.A. (127 WESTON PKWY);TWO-WAY,NOT DIVIDED;DAYLIGHT;CLEAR;0;0;;NO CONTROL PRESENT;PASSENGER CAR;SPORT UTILITY;NONE;NONE;;2017-05-10T14:29:15-04:00;2017;No;No;5;14
81 FEET FROM P.V.A. (1803 N HARRISON AVE);ONE-WAY,NOT DIVIDED;DAYLIGHT;CLEAR;0;0;;NO CONTROL PRESENT;PASSENGER CAR;PASSENGER CAR;NONE;NONE;;2017-05-11T14:24:49-04:00;2017;No;No;5;14
50 FEET FROM CORNERSTONE DR;TWO-WAY,NOT DIVIDED;DAYLIGHT;CLEAR;0;0;;NO CONTROL PRESENT;PASSENGER CAR;SPORT UTILITY;NONE;NONE;;2017-05-10T19:12:49-04:00;2017;No;No;5;19
5 FEET FROM WELDON RIDGE RD;TWO-WAY,DIVIDED,UNPROTECTED MEDIAN;DAYLIGHT;CLOUDY;0;0;;STOP SIGN;PASSENGER CAR;PASSENGER CAR;NONE;NONE;;2017-05-09T09:48:08-04:00;2017;No;No;5;09
0 FEET FROM SR 4067 (REGENCY PKWY);NONE;NONE;NONE;0;0;;;PASSENGER CAR;NONE;NONE;NONE;;2017-04-06T17:04:36-04:00;2017;No;No;4;17
40 FEET FROM P.V.A. (WELLINGTON PARK);TWO-WAY,NOT DIVIDED;DUSK;CLEAR;0;0;;NO CONTROL PRESENT;PASSENGER CAR;PASSENGER CAR;NONE;NONE;;2017-05-13T20:12:22-04:00;2017;No;No;5;20
CARY;TWO-WAY,NOT DIVIDED;DAYLIGHT;CLOUDY;0;2;;STOP SIGN;SPORT UTILITY;SPORT UTILITY;NONE;NONE;;2017-05-12T15:26:28-04:00;2017;No;Yes;5;15
200 FEET FROM PVA (150 METRO PARK DRIVE);TWO-WAY,NOT DIVIDED;DAYLIGHT;CLEAR;0;0;;NO CONTROL PRESENT;PASSENGER CAR;PASSENGER CAR;NONE;NONE;;2017-05-13T14:12:56-04:00;2017;No;No;5;14
CARY;TWO-WAY,NOT DIVIDED;DAYLIGHT;CLEAR;0;2;;STOP SIGN;PASSENGER CAR;VAN;NONE;NONE;;2017-05-14T12:27:00-04:00;2017;No;Yes;5;12
25 FEET FROM PVA (258 W CHATHAM ST);TWO-WAY,NOT DIVIDED;DAYLIGHT;CLEAR;0;0;;NO CONTROL PRESENT;LIGHT TRUCK (MINI-VAN- PANEL);NONE;NONE;NONE;;2017-05-15T18:39:01-04:00;2017;No;No;5;18
CARY;TWO-WAY,NOT DIVIDED;DAYLIGHT;CLEAR;0;0;;STOP SIGN;PASSENGER CAR;PASSENGER CAR;NONE;NONE;;2017-05-15T14:42:25-04:00;2017;No;No;5;14
.5 MILES FROM SR 1011 (CHATHAM ST);TWO-WAY,NOT DIVIDED;DAYLIGHT;CLEAR;0;0;;NO CONTROL PRESENT;LIGHT TRUCK (MINI-VAN- PANEL);SPORT UTILITY;NONE;NONE;;2017-05-15T17:52:07-04:00;2017;No;No;5;17
250 FEET FROM PVA OF 1979 HIGH HOUSE RD;TWO-WAY,NOT DIVIDED;DAYLIGHT;CLEAR;0;0;;NO CONTROL PRESENT;PASSENGER CAR;PASSENGER CAR;NONE;NONE;;2017-05-16T15:30:31-04:00;2017;No;No;5;15
75 FEET FROM SR 1349 (DILLARD DR);TWO-WAY,NOT DIVIDED;DAYLIGHT;CLEAR;0;0;;NO CONTROL PRESENT;PASSENGER CAR;PICKUP;NONE;NONE;;2017-05-17T09:15:09-04:00;2017;No;No;5;09
CARY;TWO-WAY,DIVIDED,UNPROTECTED MEDIAN;DAYLIGHT;CLEAR;0;0;;NO CONTROL PRESENT;PASSENGER CAR;PASSENGER CAR;NONE;NONE;;2017-05-16T17:32:29-04:00;2017;No;No;5;17
150 FEET FROM US 64 HWY;TWO-WAY,DIVIDED,UNPROTECTED MEDIAN;DAYLIGHT;CLEAR;0;0;;NO CONTROL PRESENT;PASSENGER CAR;PASSENGER CAR;NONE;NONE;;2017-05-16T16:57:24-04:00;2017;No;No;5;16
.6 MILES FROM US 64;TWO-WAY,DIVIDED,POSITIVE MEDIAN BARRIER;DAYLIGHT;CLEAR;0;1;;NO CONTROL PRESENT;PASSENGER CAR;PASSENGER CAR;NONE;NONE;;2017-05-17T22:29:00-04:00;2017;No;Yes;5;22
75 FEET FROM 5623 CARY GLEN BLVD;TWO-WAY,NOT DIVIDED;DAYLIGHT;CLEAR;0;0;;NO CONTROL PRESENT;PASSENGER CAR;PASSENGER CAR;PASSENGER CAR;NONE;;2017-05-18T16:17:45-04:00;2017;No;No;5;16
50 FEET FROM P.V.A. (105 CONVENTION DR);TWO-WAY,NOT DIVIDED;DAYLIGHT;CLEAR;0;0;;NO CONTROL PRESENT;PASSENGER CAR;VAN;NONE;NONE;;2017-05-17T14:49:45-04:00;2017;No;No;5;14
CARY;TWO-WAY,DIVIDED,POSITIVE MEDIAN BARRIER;DAYLIGHT;CLEAR;0;0;;STOP AND GO SIGNAL;PASSENGER CAR;PASSENGER CAR;PASSENGER CAR;NONE;;2017-05-17T15:46:19-04:00;2017;No;No;5;15
.1 MILES FROM NW CARY PKWY;TWO-WAY,DIVIDED,UNPROTECTED MEDIAN;DAWN;CLEAR;0;0;;NO CONTROL PRESENT;SPORT UTILITY;PASSENGER CAR;NONE;NONE;;2017-05-18T05:34:26-04:00;2017;No;No;5;05
.15 MILES FROM (PVA) 7145 OKELLY CHAPEL RD;TWO-WAY,NOT DIVIDED;DAYLIGHT;CLEAR;0;0;;NO CONTROL PRESENT;PASSENGER CAR;PASSENGER CAR;NONE;NONE;;2017-05-17T18:22:00-04:00;2017;No;No;5;18
CARY;TWO-WAY,DIVIDED,UNPROTECTED MEDIAN;DAYLIGHT;CLEAR;0;0;;STOP AND GO SIGNAL;PASSENGER CAR;PASSENGER CAR;NONE;NONE;;2017-05-16T15:52:08-04:00;2017;No;No;5;15
.25 MILES FROM E CEDAR ST;TWO-WAY,NOT DIVIDED;NONE;CLEAR;0;0;;NO CONTROL PRESENT;PASSENGER CAR;VAN;NONE;NONE;;2017-05-21T01:29:00-04:00;2017;No;No;5;01
.1705 MILES FROM PVA 2021 WALNUT ST;TWO-WAY,NOT DIVIDED;DAYLIGHT;CLEAR;0;0;;NO CONTROL PRESENT;PASSENGER CAR;PASSENGER CAR;NONE;NONE;;2017-05-18T21:58:15-04:00;2017;No;No;5;21
100 FEET FROM P.V.A. (275 CONVENTION DR);TWO-WAY,NOT DIVIDED;DAYLIGHT;CLEAR;0;0;;NO CONTROL PRESENT;PASSENGER CAR;PASSENGER CAR;NONE;NONE;;2017-05-19T19:30:40-04:00;2017;No;No;5;19
.10 MILES FROM E. CEDAR ST;TWO-WAY,NOT DIVIDED;DARK - ROADWAY NOT LIGHTED;CLEAR;0;0;;NO CONTROL PRESENT;PASSENGER CAR;PASSENGER CAR;NONE;NONE;;2017-05-16T23:12:00-04:00;2017;No;No;5;23
.1 MILES FROM SR 1300 KILDAIRE FARM RD;TWO-WAY,DIVIDED,UNPROTECTED MEDIAN;DAYLIGHT;CLOUDY;0;1;;STOP AND GO SIGNAL;PASSENGER CAR;VAN;NONE;NONE;;2017-05-22T08:03:17-04:00;2017;No;Yes;5;08
.10 MILES FROM HWY US 64;TWO-WAY,DIVIDED,UNPROTECTED MEDIAN;DAYLIGHT;RAIN;0;3;;NO CONTROL PRESENT;SPORT UTILITY;PASSENGER CAR;PASSENGER CAR;NONE;;2017-05-22T08:03:12-04:00;2017;No;Yes;5;08
0 FEET FROM SR 54 (CHAPEL HILL RD);TWO-WAY,NOT DIVIDED;DAYLIGHT;RAIN;0;0;;STOP AND GO SIGNAL;PASSENGER CAR;PASSENGER CAR;NONE;NONE;;2017-05-22T07:11:20-04:00;2017;No;No;5;07
CARY;TWO-WAY,DIVIDED,UNPROTECTED MEDIAN;DAYLIGHT;RAIN;0;1;;STOP SIGN;PICKUP;PASSENGER CAR;NONE;NONE;;2017-05-23T07:08:24-04:00;2017;No;Yes;5;07
0 FEET FROM NC 55 HWY;TWO-WAY,DIVIDED,UNPROTECTED MEDIAN;DAYLIGHT;CLEAR;0;0;;NO CONTROL PRESENT;SPORT UTILITY;SPORT UTILITY;NONE;NONE;;2017-05-18T17:36:34-04:00;2017;No;No;5;17
200 FEET FROM WESTON PKWY;TWO-WAY,DIVIDED,UNPROTECTED MEDIAN;DARK - LIGHTED ROADWAY;CLOUDY;0;0;;NO CONTROL PRESENT;PASSENGER CAR;NONE;NONE;NONE;;2017-05-24T20:32:34-04:00;2017;No;No;5;20
20 FEET FROM RENSHAW CT;TWO-WAY,NOT DIVIDED;DAYLIGHT;CLOUDY;0;0;;NO CONTROL PRESENT;PASSENGER CAR;PASSENGER CAR;NONE;NONE;;2017-05-24T14:26:03-04:00;2017;No;No;5;14
.22 MILES FROM US 1 HWY;TWO-WAY,DIVIDED,POSITIVE MEDIAN BARRIER;DAYLIGHT;CLOUDY;0;0;;NO CONTROL PRESENT;SPORT UTILITY;PASSENGER CAR;NONE;NONE;;2017-05-25T07:45:06-04:00;2017;No;No;5;07
CARY;TWO-WAY,NOT DIVIDED;DAYLIGHT;CLEAR;0;0;;NO CONTROL PRESENT;SPORT UTILITY;PASSENGER CAR;NONE;NONE;;2017-05-25T15:51:53-04:00;2017;No;No;5;15
5 FEET FROM PARK VILLAGE DR;TWO-WAY,DIVIDED,UNPROTECTED MEDIAN;DARK - ROADWAY NOT LIGHTED;RAIN;0;1;NOT VISIBLE (DARK CLOTHING,ETC.);STOP AND GO SIGNAL;SPORT UTILITY;NONE;NONE;NONE;;2017-05-23T23:01:00-04:00;2017;No;Yes;5;23
30 FEET FROM SR 3090 (WESTON PKWY);TWO-WAY,DIVIDED,POSITIVE MEDIAN BARRIER;DAYLIGHT;CLOUDY;0;0;;STOP AND GO SIGNAL;PASSENGER CAR;PASSENGER CAR;NONE;NONE;;2017-05-25T17:58:00-04:00;2017;No;No;5;17
250 FEET FROM PVA 104 RAMSEY ST;TWO-WAY,NOT DIVIDED;DARK - LIGHTED ROADWAY;CLEAR;0;0;;NO CONTROL PRESENT;PASSENGER CAR;SPORT UTILITY;NONE;NONE;;2017-05-24T19:28:06-04:00;2017;No;No;5;19
0.25 MILES FROM 311 ASHVILLE AVE;TWO-WAY,NOT DIVIDED;DAYLIGHT;CLEAR;0;1;;NO CONTROL PRESENT;PASSENGER CAR;VAN;NONE;NONE;;2017-05-26T10:56:00-04:00;2017;No;Yes;5;10
0 FEET FROM SR 1313 (WALNUT ST);TWO-WAY,DIVIDED,UNPROTECTED MEDIAN;DAYLIGHT;CLEAR;0;0;;STOP AND GO SIGNAL;PASSENGER CAR;SPORT UTILITY;NONE;NONE;;2017-05-26T08:18:50-04:00;2017;No;No;5;08
.1 MILES FROM U.S. 1 HWY;TWO-WAY,DIVIDED,POSITIVE MEDIAN BARRIER;DARK - ROADWAY NOT LIGHTED;RAIN;0;0;;NO CONTROL PRESENT;PASSENGER CAR;NONE;NONE;NONE;;2017-05-28T01:15:52-04:00;2017;No;No;5;01
20 FEET FROM IVY LN;TWO-WAY,NOT DIVIDED;DAYLIGHT;CLEAR;0;0;;NO CONTROL PRESENT;PICKUP;SPORT UTILITY;NONE;NONE;;2017-05-26T18:20:31-04:00;2017;No;No;5;18
0 FEET FROM NC-54 (CHAPEL HILL RD);TWO-WAY,DIVIDED,POSITIVE MEDIAN BARRIER;DAYLIGHT;CLEAR;0;0;;STOP AND GO SIGNAL;SPORT UTILITY;PASSENGER CAR;NONE;NONE;;2017-05-29T09:29:26-04:00;2017;No;No;5;09
10 FEET FROM US 64 HWY;TWO-WAY,DIVIDED,UNPROTECTED MEDIAN;DAYLIGHT;CLEAR;0;1;;NO CONTROL PRESENT;SPORT UTILITY;PASSENGER CAR;SPORT UTILITY;PASSENGER CAR;;2017-05-26T19:05:13-04:00;2017;No;Yes;5;19
CARY;TWO-WAY,NOT DIVIDED;DAYLIGHT;CLEAR;0;1;;STOP SIGN;PICKUP;SPORT UTILITY;NONE;NONE;;2017-05-27T18:02:38-04:00;2017;No;Yes;5;18
15 FEET FROM SR#3977 (SE CARY PKWY);TWO-WAY,DIVIDED,UNPROTECTED MEDIAN;DAYLIGHT;CLOUDY;0;0;;NO CONTROL PRESENT;PASSENGER CAR;VAN;NONE;NONE;;2017-05-30T11:41:00-04:00;2017;No;No;5;11
.1 MILES FROM PVA OF 2700 SR 3122 (LOUIS STE;NONE;DAYLIGHT;CLEAR;0;0;;NO CONTROL PRESENT;PICKUP;NONE;NONE;NONE;;2017-03-20T00:00:00-04:00;2017;No;No;3;00
CARY;TWO-WAY,DIVIDED,UNPROTECTED MEDIAN;DAYLIGHT;CLEAR;0;0;;STOP AND GO SIGNAL;PASSENGER CAR;PICKUP;NONE;NONE;;2017-06-01T06:43:05-04:00;2017;No;No;6;06
40 FEET FROM SR 1613 (DAVIS DR);TWO-WAY,DIVIDED,UNPROTECTED MEDIAN;DAYLIGHT;CLEAR;0;0;;STOP AND GO SIGNAL;PASSENGER CAR;PASSENGER CAR;NONE;NONE;;2017-05-31T09:19:03-04:00;2017;No;No;5;09
CARY;TWO-WAY,DIVIDED,UNPROTECTED MEDIAN;DARK - LIGHTED ROADWAY;CLOUDY;0;1;;STOP AND GO SIGNAL;PASSENGER CAR;PASSENGER CAR;NONE;NONE;;2017-06-02T00:10:00-04:00;2017;No;Yes;6;00
20 FEET FROM NC 54;TWO-WAY,DIVIDED,UNPROTECTED MEDIAN;DAYLIGHT;CLEAR;0;0;;STOP AND GO SIGNAL;PASSENGER CAR;PASSENGER CAR;NONE;NONE;;2017-05-31T21:30:58-04:00;2017;No;No;5;21
CARY;TWO-WAY,DIVIDED,UNPROTECTED MEDIAN;DAYLIGHT;CLEAR;0;0;;YIELD SIGN;PASSENGER CAR;PASSENGER CAR;NONE;NONE;;2017-06-02T08:50:52-04:00;2017;No;No;6;08
0 FEET FROM SR 1415 (MAYNARD RD);TWO-WAY,NOT DIVIDED;DAYLIGHT;CLEAR;0;0;;STOP AND GO SIGNAL;SPORT UTILITY;SPORT UTILITY;NONE;NONE;;2017-06-01T14:48:21-04:00;2017;No;No;6;14
CARY;NONE;NONE;NONE;0;0;;;NONE;NONE;NONE;NONE;;2017-06-03T18:53:23-04:00;2017;No;No;6;18
0.15 MILES FROM SR(1624)CARPENTER FIRE STATION;TWO-WAY,NOT DIVIDED;DARK - ROADWAY NOT LIGHTED;CLEAR;0;3;;DOUBLE YELLOW LINE, NO PASSING ZONE;PICKUP;PICKUP;PICKUP;PASSENGER CAR;;2017-06-04T04:11:05-04:00;2017;No;Yes;6;04
175 FEET FROM WESTON PKWY;TWO-WAY,DIVIDED,UNPROTECTED MEDIAN;DAYLIGHT;CLEAR;0;0;;STOP AND GO SIGNAL;PASSENGER CAR;PASSENGER CAR;NONE;NONE;;2017-06-02T16:37:38-04:00;2017;No;No;6;16
50 FEET FROM PVA 204 CROSSROADS BLVD;ONE-WAY,NOT DIVIDED;DAYLIGHT;CLEAR;0;0;;NO CONTROL PRESENT;PASSENGER CAR;PASSENGER CAR;NONE;NONE;;2017-06-02T19:41:16-04:00;2017;No;No;6;19
35 FEET FROM PVA 111 E CHATHAM ST;TWO-WAY,NOT DIVIDED;DAYLIGHT;CLEAR;0;0;;NO CONTROL PRESENT;SPORT UTILITY;SPORT UTILITY;NONE;NONE;;2017-06-03T14:36:52-04:00;2017;No;No;6;14
360 FEET FROM PVA 1297 BUCK JONES RD;TWO-WAY,NOT DIVIDED;DAYLIGHT;CLEAR;0;0;;NO CONTROL PRESENT;PICKUP;PASSENGER CAR;NONE;NONE;;2017-06-04T14:13:24-04:00;2017;No;No;6;14
.3 MILES FROM PVA 2420 WALNUT ST;TWO-WAY,NOT DIVIDED;DAYLIGHT;CLEAR;0;0;;NO CONTROL PRESENT;SPORT UTILITY;VAN;NONE;NONE;;2017-06-04T14:12:10-04:00;2017;No;No;6;14
20 FEET FROM SR 1605 (HIGH HOUSE RD);TWO-WAY,DIVIDED,UNPROTECTED MEDIAN;DAYLIGHT;CLEAR;0;0;;STOP AND GO SIGNAL;PASSENGER CAR;VAN;NONE;NONE;;2017-06-03T12:39:00-04:00;2017;No;No;6;12
250 FEET FROM SR 1613 (DAVIS DR);TWO-WAY,DIVIDED,POSITIVE MEDIAN BARRIER;DAYLIGHT;CLOUDY;0;0;;STOP AND GO SIGNAL;PASSENGER CAR;PASSENGER CAR;NONE;NONE;;2017-06-05T17:08:57-04:00;2017;No;No;6;17
CARY;TWO-WAY,NOT DIVIDED;DAYLIGHT;CLOUDY;0;0;;NO CONTROL PRESENT;NONE;PASSENGER CAR;NONE;NONE;;2017-06-05T15:15:15-04:00;2017;No;No;6;15
200 FEET FROM WRENN DR;TWO-WAY,NOT DIVIDED;DAYLIGHT;CLOUDY;0;0;;NO CONTROL PRESENT;PASSENGER CAR;PASSENGER CAR;NONE;NONE;;2017-06-05T21:25:56-04:00;2017;No;No;6;21
30 FEET FROM 123 MIDDLE CREEK PARK AVE;TWO-WAY,NOT DIVIDED;DAYLIGHT;CLEAR;0;0;;NO CONTROL PRESENT;SPORT UTILITY;VAN;PASSENGER CAR;NONE;;2017-06-06T10:51:00-04:00;2017;No;No;6;10
100 FEET FROM CROSSROADS BLVD;TWO-WAY,DIVIDED,POSITIVE MEDIAN BARRIER;DAYLIGHT;CLEAR;0;0;;STOP SIGN;PASSENGER CAR;PASSENGER CAR;NONE;NONE;;2017-06-06T15:06:51-04:00;2017;No;No;6;15
200 FEET FROM 11555 GREEN LEVEL CHURCH RD;TWO-WAY,NOT DIVIDED;DAYLIGHT;CLEAR;0;0;;NO CONTROL PRESENT;ACTIVITY BUS;NONE;NONE;NONE;;2017-06-02T11:02:00-04:00;2017;No;No;6;11
50 FEET FROM WEDGEMERE ST;TWO-WAY,NOT DIVIDED;DAYLIGHT;CLEAR;0;0;;NO CONTROL PRESENT;SINGLE UNIT TRUCK (2-AXLE- 6-TIRE);NONE;NONE;NONE;;2017-06-06T14:40:59-04:00;2017;No;No;6;14
0 FEET FROM US 1;TWO-WAY,DIVIDED,POSITIVE MEDIAN BARRIER;DAYLIGHT;CLOUDY;0;0;;NO CONTROL PRESENT;PASSENGER CAR;PASSENGER CAR;NONE;NONE;;2017-06-07T19:30:16-04:00;2017;No;No;6;19
.25 MILES FROM SR1605 HIGH HOUSE RD;TWO-WAY,DIVIDED,UNPROTECTED MEDIAN;DAYLIGHT;CLEAR;0;0;;STOP AND GO SIGNAL;SPORT UTILITY;VAN;NONE;NONE;;2017-06-07T15:20:24-04:00;2017;No;No;6;15
400 FEET FROM NC 55 HWY;NONE;NONE;NONE;0;1;;;NONE;NONE;NONE;NONE;;2017-05-29T09:01:22-04:00;2017;No;Yes;5;09
70 FEET FROM TRYON VILLAGE DR;ONE-WAY,NOT DIVIDED;DAYLIGHT;CLEAR;0;0;;NO CONTROL PRESENT;SPORT UTILITY;SPORT UTILITY;NONE;NONE;;2017-06-11T14:18:48-04:00;2017;No;No;6;14
.25 MILES FROM CROSSROADS BLVD;TWO-WAY,DIVIDED,UNPROTECTED MEDIAN;DAYLIGHT;CLEAR;0;0;;STOP AND GO SIGNAL;PASSENGER CAR;PICKUP;PASSENGER CAR;NONE;;2017-06-11T15:26:47-04:00;2017;No;No;6;15
230 FEET FROM PVA 410 E CHATHAM ST;TWO-WAY,NOT DIVIDED;DAYLIGHT;CLEAR;0;0;;NO CONTROL PRESENT;NONE;NONE;NONE;NONE;;2017-06-12T10:05:00-04:00;2017;No;No;6;10
337 FEET FROM HIGH MEADOW DR;TWO-WAY,DIVIDED,UNPROTECTED MEDIAN;DAYLIGHT;CLEAR;0;0;;STOP SIGN;PASSENGER CAR;PASSENGER CAR;NONE;NONE;;2017-06-12T14:23:59-04:00;2017;No;No;6;14
100 FEET FROM SR 1009 (TRYON RD);TWO-WAY,DIVIDED,UNPROTECTED MEDIAN;DAYLIGHT;CLEAR;0;1;;NO CONTROL PRESENT;PASSENGER CAR;PASSENGER CAR;NONE;NONE;;2017-06-12T17:24:21-04:00;2017;No;Yes;6;17
.7 MILES FROM I-40 W;TWO-WAY,DIVIDED,POSITIVE MEDIAN BARRIER;DARK - ROADWAY NOT LIGHTED;CLEAR;0;0;;NO CONTROL PRESENT;PASSENGER CAR;NONE;NONE;NONE;;2017-06-12T01:52:06-04:00;2017;No;No;6;01
CARY;TWO-WAY,NOT DIVIDED;DAYLIGHT;CLEAR;0;1;;STOP SIGN;PASSENGER CAR;PASSENGER CAR;NONE;NONE;;2017-06-13T14:00:24-04:00;2017;No;Yes;6;14
CARY;TWO-WAY,DIVIDED,UNPROTECTED MEDIAN;DAYLIGHT;CLEAR;0;0;;STOP AND GO SIGNAL;PASSENGER CAR;PASSENGER CAR;NONE;NONE;;2017-06-14T06:37:54-04:00;2017;No;No;6;06
CARY;TWO-WAY,NOT DIVIDED;DAYLIGHT;CLEAR;0;0;;STOP SIGN;SPORT UTILITY;PASSENGER CAR;NONE;NONE;;2017-06-14T16:18:45-04:00;2017;No;No;6;16
.1 MILES FROM OLD REEDY CREEK RD;TWO-WAY,NOT DIVIDED;DAYLIGHT;CLEAR;0;0;;NO CONTROL PRESENT;PASSENGER CAR;NONE;NONE;NONE;;2017-06-14T17:03:55-04:00;2017;No;No;6;17
50 FEET FROM SR 3977 SE CARY PKWY;TWO-WAY,DIVIDED,UNPROTECTED MEDIAN;DAYLIGHT;CLEAR;0;0;;STOP AND GO SIGNAL;SPORT UTILITY;LIGHT TRUCK (MINI-VAN- PANEL);NONE;NONE;;2017-06-15T15:19:34-04:00;2017;No;No;6;15
CARY;TWO-WAY,DIVIDED,UNPROTECTED MEDIAN;DAYLIGHT;CLEAR;0;0;;STOP AND GO SIGNAL;VAN;PASSENGER CAR;NONE;NONE;;2017-06-15T18:30:06-04:00;2017;No;No;6;18
CARY;TWO-WAY,DIVIDED,UNPROTECTED MEDIAN;DARK - LIGHTED ROADWAY;CLEAR;0;0;;STOP AND GO SIGNAL;PASSENGER CAR;PASSENGER CAR;NONE;NONE;;2017-06-15T23:03:00-04:00;2017;No;No;6;23
CARY;TWO-WAY,DIVIDED,UNPROTECTED MEDIAN;DAYLIGHT;CLOUDY;0;0;;STOP SIGN;SPORT UTILITY;SPORT UTILITY;NONE;NONE;;2017-06-16T09:15:23-04:00;2017;No;No;6;09
.1 MILES FROM PVA LOWES 1920 NW MAYNARD RD;TWO-WAY,NOT DIVIDED;DAYLIGHT;CLOUDY;0;0;;NO CONTROL PRESENT;PASSENGER CAR;PASSENGER CAR;NONE;NONE;;2017-06-16T12:13:00-04:00;2017;No;No;6;12
CARY;NONE;NONE;NONE;0;0;;;NONE;NONE;NONE;NONE;;2017-06-18T13:35:14-04:00;2017;No;No;6;13
CARY;TWO-WAY,DIVIDED,UNPROTECTED MEDIAN;DAYLIGHT;CLOUDY;0;2;;YIELD SIGN;PICKUP;VAN;NONE;NONE;;2017-06-16T18:45:28-04:00;2017;No;Yes;6;18
CARY;TWO-WAY,NOT DIVIDED;DAYLIGHT;CLOUDY;0;0;;STOP AND GO SIGNAL;PASSENGER CAR;PASSENGER CAR;NONE;NONE;;2017-06-17T17:56:36-04:00;2017;No;No;6;17
CARY;ONE-WAY,NOT DIVIDED;DAYLIGHT;CLOUDY;0;0;;NO CONTROL PRESENT;SINGLE UNIT TRUCK (2-AXLE- 6-TIRE);NONE;NONE;NONE;;2017-06-17T10:45:00-04:00;2017;No;No;6;10
15 FEET FROM LEGAULT DR;TWO-WAY,NOT DIVIDED;DARK - ROADWAY NOT LIGHTED;RAIN;0;0;;NO CONTROL PRESENT;PASSENGER CAR;PASSENGER CAR;NONE;NONE;;2017-06-16T22:08:00-04:00;2017;No;No;6;22
12 FEET FROM SR 1300 (WALNUT ST);TWO-WAY,NOT DIVIDED;DAYLIGHT;CLEAR;0;1;;STOP AND GO SIGNAL;PASSENGER CAR;PASSENGER CAR;NONE;NONE;;2017-06-19T06:44:16-04:00;2017;No;Yes;6;06
200 FEET FROM P.V.A (1207 KILDAIRE FARM RD);TWO-WAY,NOT DIVIDED;DAYLIGHT;CLEAR;0;0;;NO CONTROL PRESENT;PASSENGER CAR;PICKUP;NONE;NONE;;2017-06-19T12:44:00-04:00;2017;No;No;6;12
400 FEET FROM SHANNON OAKS CIRCLE;TWO-WAY,NOT DIVIDED;DAYLIGHT;CLEAR;0;0;;NO CONTROL PRESENT;PASSENGER CAR;PASSENGER CAR;NONE;NONE;;2017-06-19T14:20:06-04:00;2017;No;No;6;14
40 FEET FROM PVA 1105 WALNUT ST;TWO-WAY,DIVIDED,UNPROTECTED MEDIAN;DAYLIGHT;CLEAR;0;0;;STOP AND GO SIGNAL;SPORT UTILITY;PASSENGER CAR;NONE;NONE;;2017-06-19T12:53:00-04:00;2017;No;No;6;12
CARY;TWO-WAY,DIVIDED,UNPROTECTED MEDIAN;DAYLIGHT;CLEAR;0;0;;STOP AND GO SIGNAL;PASSENGER CAR;PASSENGER CAR;NONE;NONE;;2017-06-19T15:21:16-04:00;2017;No;No;6;15
100 FEET FROM PVA 500 GREGSON DR;TWO-WAY,NOT DIVIDED;DAYLIGHT;CLEAR;0;0;;NO CONTROL PRESENT;PASSENGER CAR;VAN;NONE;NONE;;2017-06-19T16:27:31-04:00;2017;No;No;6;16
0 FEET FROM SR 3977 (SW CARY PKWY);TWO-WAY,DIVIDED,UNPROTECTED MEDIAN;DAYLIGHT;CLEAR;0;0;;STOP AND GO SIGNAL;SPORT UTILITY;SPORT UTILITY;NONE;NONE;;2017-06-20T15:42:05-04:00;2017;No;No;6;15
.1 MILES FROM HILLSBORO ST;TWO-WAY,NOT DIVIDED;DAYLIGHT;CLEAR;0;1;;NO CONTROL PRESENT;SINGLE UNIT TRUCK (2-AXLE- 6-TIRE);NONE;NONE;NONE;;2017-06-21T14:45:23-04:00;2017;No;Yes;6;14
CARY;TWO-WAY,DIVIDED,UNPROTECTED MEDIAN;DARK - LIGHTED ROADWAY;RAIN;0;0;;STOP AND GO SIGNAL;PASSENGER CAR;PASSENGER CAR;NONE;NONE;;2017-06-20T21:07:47-04:00;2017;No;No;6;21
50 FEET FROM SR-1379 (PENNY RD);TWO-WAY,NOT DIVIDED;DAYLIGHT;CLEAR;0;0;;STOP SIGN;PASSENGER CAR;PASSENGER CAR;NONE;NONE;;2017-06-21T17:26:46-04:00;2017;No;No;6;17
90 FEET FROM SHELDON DR;TWO-WAY,DIVIDED,UNPROTECTED MEDIAN;DAYLIGHT;CLOUDY;0;0;DARTING;NO CONTROL PRESENT;PASSENGER CAR;NONE;NONE;NONE;;2017-06-21T11:29:00-04:00;2017;No;No;6;11
200 FEET FROM PVA 2010 KILDAIRE FARM RD;ONE-WAY,NOT DIVIDED;DAYLIGHT;CLOUDY;0;0;;NO CONTROL PRESENT;PASSENGER CAR;SPORT UTILITY;NONE;NONE;;2017-06-22T09:51:07-04:00;2017;No;No;6;09
200 FEET FROM 1 HWY;TWO-WAY,DIVIDED,POSITIVE MEDIAN BARRIER;DAYLIGHT;CLOUDY;0;0;;NO CONTROL PRESENT;PASSENGER CAR;NONE;NONE;NONE;;2017-06-21T08:37:57-04:00;2017;No;No;6;08
100 FEET FROM 504 E. CHATHAM ST (PVA);TWO-WAY,NOT DIVIDED;DAYLIGHT;CLEAR;0;0;;NO CONTROL PRESENT;PICKUP;PASSENGER CAR;NONE;NONE;;2017-06-08T14:01:41-04:00;2017;No;No;6;14
.20 MILES FROM 1011 VILLAGE GREENWAY;TWO-WAY,NOT DIVIDED;DAYLIGHT;CLOUDY;0;0;;NO CONTROL PRESENT;SPORT UTILITY;SPORT UTILITY;NONE;NONE;;2017-06-22T16:45:41-04:00;2017;No;No;6;16