Location_Description;Road_Configuration;Light_Condition;Weather;Fatality;Injury;Contributing_Factor;Traffic_Control;Vehicle1;Vehicle2;Vehicle3;Vehicle4;Vehicle5;Crash_Date;year;Fatalities;Injuries;Month;Hour
CARY;NONE;NONE;NONE;0;0;;;PASSENGER CAR;PASSENGER CAR;NONE;NONE;;2017-09-23T07:55:48-04:00;2017;No;No;9;07
CARY;TWO-WAY,DIVIDED,POSITIVE MEDIAN BARRIER;DAYLIGHT;CLEAR;0;0;;STOP AND GO SIGNAL;PASSENGER CAR;PASSENGER CAR;NONE;NONE;;2017-09-23T10:20:00-04:00;2017;No;No;9;10
CARY;TWO-WAY,DIVIDED,UNPROTECTED MEDIAN;DAYLIGHT;CLEAR;0;0;;STOP AND GO SIGNAL;PASSENGER CAR;VAN;NONE;NONE;;2017-09-23T18:40:54-04:00;2017;No;No;9;18
50 FEET FROM JIM VALVANO DR;TWO-WAY,NOT DIVIDED;DAYLIGHT;CLEAR;0;0;;STOP SIGN;PASSENGER CAR;PASSENGER CAR;NONE;NONE;;2017-09-20T06:47:40-04:00;2017;No;No;9;06
20 FEET FROM US1;ONE-WAY,NOT DIVIDED;DAYLIGHT;CLEAR;0;0;;NO CONTROL PRESENT;PASSENGER CAR;PASSENGER CAR;NONE;NONE;;2017-09-25T07:50:32-04:00;2017;No;No;9;07
.091 MILES FROM P.V.A. (405 CROSSROADS BLVD);TWO-WAY,NOT DIVIDED;DAYLIGHT;CLOUDY;0;0;;NO CONTROL PRESENT;SPORT UTILITY;NONE;NONE;NONE;;2017-09-25T13:15:43-04:00;2017;No;No;9;13
CARY;TWO-WAY,DIVIDED,UNPROTECTED MEDIAN;DAYLIGHT;CLEAR;0;0;;STOP SIGN;SPORT UTILITY;PASSENGER CAR;NONE;NONE;;2017-09-25T14:24:02-04:00;2017;No;No;9;14
.1 MILES FROM US HWY 1;TWO-WAY,DIVIDED,POSITIVE MEDIAN BARRIER;DAYLIGHT;CLEAR;0;0;;NO CONTROL PRESENT;PASSENGER CAR;PASSENGER CAR;PASSENGER CAR;NONE;;2017-09-25T17:18:48-04:00;2017;No;No;9;17
200 FEET FROM WICKLOW DR;TWO-WAY,NOT DIVIDED;DAYLIGHT;CLEAR;0;0;;NO CONTROL PRESENT;PASSENGER CAR;PASSENGER CAR;NONE;NONE;;2017-09-26T10:16:00-04:00;2017;No;No;9;10
CARY;NONE;NONE;NONE;0;0;;;NONE;NONE;NONE;NONE;;2017-09-26T20:00:38-04:00;2017;No;No;9;20
300 FEET FROM SR 1009 (TRYON RD);ONE-WAY,NOT DIVIDED;DAYLIGHT;CLEAR;0;2;;STOP AND GO SIGNAL;SPORT UTILITY;LIGHT TRUCK (MINI-VAN- PANEL);SPORT UTILITY;NONE;;2017-09-28T07:39:43-04:00;2017;No;Yes;9;07
.2 MILES FROM US 1;TWO-WAY,DIVIDED,POSITIVE MEDIAN BARRIER;DAYLIGHT;CLEAR;0;0;;NO CONTROL PRESENT;PASSENGER CAR;VAN;NONE;NONE;;2017-09-28T07:42:38-04:00;2017;No;No;9;07
.2 MILES FROM SR 1010 (TEN-TEN RD.);TWO-WAY,NOT DIVIDED;DAWN;CLEAR;1;0;DARTING;NO CONTROL PRESENT;SPORT UTILITY;NONE;NONE;NONE;;2017-09-28T06:48:49-04:00;2017;Yes;No;9;06
.15 MILES FROM SR 1639 (KIT CREEK RD);TWO-WAY,DIVIDED,UNPROTECTED MEDIAN;DAYLIGHT;CLEAR;0;0;;STOP AND GO SIGNAL;PASSENGER CAR;NONE;NONE;NONE;;2017-09-26T14:58:10-04:00;2017;No;No;9;14
100 FEET FROM PVA OF 575 NEW WAVERLY PL;TWO-WAY,NOT DIVIDED;DAYLIGHT;CLEAR;0;0;;NO CONTROL PRESENT;PICKUP;PASSENGER CAR;NONE;NONE;;2017-09-28T14:43:01-04:00;2017;No;No;9;14
300 FEET FROM SR1625 (GREEN LEVEL CHURCH RD);TWO-WAY,DIVIDED,UNPROTECTED MEDIAN;DARK - LIGHTED ROADWAY;CLEAR;0;0;;STOP AND GO SIGNAL;PASSENGER CAR;SPORT UTILITY;NONE;NONE;;2017-09-28T19:20:27-04:00;2017;No;No;9;19
.1 MILES FROM 2370 WALNUT ST;TWO-WAY,NOT DIVIDED;DAYLIGHT;CLEAR;0;0;;STOP SIGN;SPORT UTILITY;SPORT UTILITY;NONE;NONE;;2017-09-28T15:50:52-04:00;2017;No;No;9;15
.1 MILES FROM SR 3014(MORRISVILLE CARPENTER);TWO-WAY,NOT DIVIDED;DAYLIGHT;CLEAR;0;0;;STOP AND GO SIGNAL;PASSENGER CAR;PASSENGER CAR;NONE;NONE;;2017-09-22T08:09:15-04:00;2017;No;No;9;08
CARY;TWO-WAY,DIVIDED,UNPROTECTED MEDIAN;DAYLIGHT;CLEAR;0;0;;STOP AND GO SIGNAL;PASSENGER CAR;SPORT UTILITY;NONE;NONE;;2017-09-29T13:29:29-04:00;2017;No;No;9;13
175 FEET FROM SR1609 (TURNER CREEK RD);TWO-WAY,NOT DIVIDED;DAYLIGHT;CLEAR;0;0;;HUMAN CONTROL;SINGLE UNIT TRUCK (2-AXLE- 6-TIRE);PASSENGER CAR;NONE;NONE;;2017-09-29T18:57:34-04:00;2017;No;No;9;18
.1 MILES FROM NOTTINGHAM DR;TWO-WAY,NOT DIVIDED;DARK - LIGHTED ROADWAY;CLEAR;0;0;;STOP AND GO SIGNAL;PASSENGER CAR;NONE;NONE;NONE;;2017-10-01T00:01:00-04:00;2017;No;No;10;00
CARY;TWO-WAY,NOT DIVIDED;DAYLIGHT;CLEAR;0;0;;STOP AND GO SIGNAL;PASSENGER CAR;PASSENGER CAR;NONE;NONE;;2017-09-29T17:29:46-04:00;2017;No;No;9;17
192 FEET FROM SR 1652 (N HARRISON AVE);TWO-WAY,NOT DIVIDED;DUSK;CLEAR;0;0;;NO CONTROL PRESENT;PASSENGER CAR;SPORT UTILITY;NONE;NONE;;2017-09-29T19:43:35-04:00;2017;No;No;9;19
CARY;TWO-WAY,NOT DIVIDED;DAYLIGHT;CLEAR;0;0;;NO CONTROL PRESENT;PASSENGER CAR;PASSENGER CAR;NONE;NONE;;2017-09-30T18:11:39-04:00;2017;No;No;9;18
50 FEET FROM PVA OF 1315 KILDAIRE FARM RD;TWO-WAY,DIVIDED,UNPROTECTED MEDIAN;DAYLIGHT;CLOUDY;0;0;;STOP AND GO SIGNAL;PASSENGER CAR;PASSENGER CAR;NONE;NONE;;2017-09-29T19:27:39-04:00;2017;No;No;9;19
450 FEET FROM (SR1613) DAVIS DR;TWO-WAY,NOT DIVIDED;DAYLIGHT;CLEAR;0;0;;NO CONTROL PRESENT;PASSENGER CAR;NONE;NONE;NONE;;2017-10-02T08:34:47-04:00;2017;No;No;10;08
20 FEET FROM HAMILTON HEDGE PLACE;TWO-WAY,NOT DIVIDED;DAYLIGHT;CLEAR;0;0;;STOP SIGN;SPORT UTILITY;SPORT UTILITY;NONE;NONE;;2017-10-01T13:21:47-04:00;2017;No;No;10;13
.05 MILES FROM CHAPEL HILL RD TO I 40 E BOUND;TWO-WAY,DIVIDED,POSITIVE MEDIAN BARRIER;DARK - LIGHTED ROADWAY;CLEAR;0;1;;NO CONTROL PRESENT;PASSENGER CAR;NONE;NONE;NONE;;2017-09-30T19:46:26-04:00;2017;No;Yes;9;19
0 FEET FROM HWY 54;TWO-WAY,NOT DIVIDED;DAYLIGHT;CLEAR;0;0;;NO CONTROL PRESENT;SPORT UTILITY;NONE;NONE;NONE;;2017-10-03T08:28:51-04:00;2017;No;No;10;08
.25 MILES FROM SR 1387 (WEST LAKE RD);TWO-WAY,NOT DIVIDED;DAYLIGHT;CLEAR;0;0;;STOP SIGN;SPORT UTILITY;PASSENGER CAR;NONE;NONE;;2017-10-02T11:48:00-04:00;2017;No;No;10;11
200 FEET FROM NC 54 (NE MAYNARD RD);TWO-WAY,NOT DIVIDED;DAWN;CLEAR;0;0;;NO CONTROL PRESENT;SPORT UTILITY;NONE;NONE;NONE;;2017-10-05T06:56:17-04:00;2017;No;No;10;06
.5 MILES FROM US1;TWO-WAY,DIVIDED,POSITIVE MEDIAN BARRIER;DUSK;CLEAR;0;0;;NO CONTROL PRESENT;PASSENGER CAR;NONE;NONE;NONE;;2017-09-22T20:30:11-04:00;2017;No;No;9;20
CARY;NONE;NONE;NONE;0;0;;;NONE;NONE;NONE;NONE;;2017-09-07T17:57:53-04:00;2017;No;No;9;17
CARY;TWO-WAY,DIVIDED,UNPROTECTED MEDIAN;DAYLIGHT;CLEAR;0;0;;STOP AND GO SIGNAL;SPORT UTILITY;PASSENGER CAR;NONE;NONE;;2017-10-05T11:21:00-04:00;2017;No;No;10;11
400 FEET FROM SR 1300 (KILDAIRE FARM RD);TWO-WAY,DIVIDED,UNPROTECTED MEDIAN;DAYLIGHT;CLEAR;0;0;;NO CONTROL PRESENT;PASSENGER CAR;SPORT UTILITY;NONE;NONE;;2017-10-05T06:13:23-04:00;2017;No;No;10;06
CARY;TWO-WAY,NOT DIVIDED;DAYLIGHT;CLEAR;0;0;;STOP SIGN;VAN;PICKUP;NONE;NONE;;2017-10-05T00:00:00-04:00;2017;No;No;10;00
60 FEET FROM PVA 7317 TRYON RD;TWO-WAY,NOT DIVIDED;DAYLIGHT;CLEAR;0;0;;NO CONTROL PRESENT;PICKUP;NONE;NONE;NONE;;2017-10-06T15:28:42-04:00;2017;No;No;10;15
CARY;NONE;NONE;NONE;0;0;;;NONE;NONE;NONE;NONE;;2017-10-07T17:44:14-04:00;2017;No;No;10;17
.5 MILES FROM US1;TWO-WAY,DIVIDED,POSITIVE MEDIAN BARRIER;DAYLIGHT;CLEAR;0;3;;NO CONTROL PRESENT;SPORT UTILITY;PASSENGER CAR;NONE;NONE;;2017-10-06T15:38:58-04:00;2017;No;Yes;10;15
50 FEET FROM SR 1621 (GREEN HOPE SCHOOL RD);TWO-WAY,DIVIDED,UNPROTECTED MEDIAN;DAYLIGHT;CLEAR;0;0;;STOP AND GO SIGNAL;PICKUP;VAN;NONE;NONE;;2017-10-05T08:39:44-04:00;2017;No;No;10;08
CARY;NONE;NONE;NONE;0;0;;;NONE;NONE;NONE;NONE;;2017-10-05T00:43:00-04:00;2017;No;No;10;00
80 FEET FROM PVA 100 ROSEDOWN DR;TWO-WAY,NOT DIVIDED;DAYLIGHT;CLEAR;0;0;;NO CONTROL PRESENT;NONE;PASSENGER CAR;NONE;NONE;;2017-10-06T15:22:23-04:00;2017;No;No;10;15
CARY;TWO-WAY,DIVIDED,UNPROTECTED MEDIAN;DAYLIGHT;CLOUDY;0;0;;NO CONTROL PRESENT;PASSENGER CAR;VAN;NONE;NONE;;2017-10-10T16:07:32-04:00;2017;No;No;10;16
241 FEET FROM SR 3084 (EVANS RD);TWO-WAY,DIVIDED,UNPROTECTED MEDIAN;DAYLIGHT;CLEAR;0;0;FAILURE TO YIELD RIGHT OF WAY;NO CONTROL PRESENT;PASSENGER CAR;NONE;NONE;NONE;;2017-10-11T11:35:00-04:00;2017;No;No;10;11
220 FEET FROM NC 54 (MAYNARD RD);TWO-WAY,DIVIDED,UNPROTECTED MEDIAN;DAYLIGHT;CLEAR;0;0;;NO CONTROL PRESENT;SPORT UTILITY;PASSENGER CAR;NONE;NONE;;2017-10-11T16:41:47-04:00;2017;No;No;10;16
200 FEET FROM SR 1652 (N HARRISON AVE);TWO-WAY,DIVIDED,UNPROTECTED MEDIAN;DARK - LIGHTED ROADWAY;RAIN;0;0;;FLASHING STOP AND GO SIGNAL;PASSENGER CAR;PICKUP;NONE;NONE;;2017-10-11T18:59:15-04:00;2017;No;No;10;18
CARY;TWO-WAY,DIVIDED,UNPROTECTED MEDIAN;DARK - ROADWAY NOT LIGHTED;RAIN;0;0;COMING FROM BEHIND PARKED VEHICLE;STOP AND GO SIGNAL;SPORT UTILITY;PASSENGER CAR;NONE;NONE;;2017-10-11T20:09:49-04:00;2017;No;No;10;20
CARY;TWO-WAY,DIVIDED,UNPROTECTED MEDIAN;DUSK;CLOUDY;0;0;;STOP SIGN;SPORT UTILITY;PASSENGER CAR;NONE;NONE;;2017-10-11T18:37:06-04:00;2017;No;No;10;18
CARY;TWO-WAY,DIVIDED,UNPROTECTED MEDIAN;DAYLIGHT;CLEAR;0;0;;STOP AND GO SIGNAL;PASSENGER CAR;PASSENGER CAR;NONE;NONE;;2017-10-11T16:04:29-04:00;2017;No;No;10;16
CARY;TWO-WAY,NOT DIVIDED;DUSK;CLOUDY;0;0;;NO CONTROL PRESENT;PASSENGER CAR;PASSENGER CAR;NONE;NONE;;2017-10-12T19:16:19-04:00;2017;No;No;10;19
300 FEET FROM PVA OF 113 EDINBURGH SOUTH DR;TWO-WAY,NOT DIVIDED;DAYLIGHT;CLOUDY;0;0;;NO CONTROL PRESENT;PASSENGER CAR;SPORT UTILITY;NONE;NONE;;2017-10-13T09:36:09-04:00;2017;No;No;10;09
75 FEET FROM US1;ONE-WAY,NOT DIVIDED;DAYLIGHT;CLEAR;0;0;;YIELD SIGN;SPORT UTILITY;PASSENGER CAR;NONE;NONE;;2017-10-12T00:00:00-04:00;2017;No;No;10;00
310 FEET FROM SR 1613 (DAVIS DR);TWO-WAY,NOT DIVIDED;DARK - ROADWAY NOT LIGHTED;CLOUDY;0;0;;NO CONTROL PRESENT;SPORT UTILITY;NONE;NONE;NONE;;2017-10-12T05:17:05-04:00;2017;No;No;10;05
.1 MILES FROM PVA OF 2021 WALNUT ST;TWO-WAY,NOT DIVIDED;DAYLIGHT;CLEAR;0;0;;NO CONTROL PRESENT;PASSENGER CAR;SPORT UTILITY;NONE;NONE;;2017-10-14T14:36:20-04:00;2017;No;No;10;14
229 FEET FROM P.V.A. (1397 KILDAIRE FARM RD);TWO-WAY,NOT DIVIDED;DAYLIGHT;CLEAR;0;0;;NO CONTROL PRESENT;PASSENGER CAR;NONE;NONE;NONE;;2017-10-15T19:00:06-04:00;2017;No;No;10;19
40 FEET FROM CROMWELL CT;TWO-WAY,NOT DIVIDED;DAYLIGHT;CLOUDY;0;0;;STOP SIGN;PICKUP;SPORT UTILITY;NONE;NONE;;2017-10-13T16:28:08-04:00;2017;No;No;10;16
CARY;TWO-WAY,DIVIDED,UNPROTECTED MEDIAN;DARK - LIGHTED ROADWAY;CLEAR;0;0;;STOP AND GO SIGNAL;PASSENGER CAR;PASSENGER CAR;NONE;NONE;;2017-10-14T23:10:00-04:00;2017;No;No;10;23
.1 MILES FROM PVA OF 10100 HERTFORDSHIRE CT;TWO-WAY,NOT DIVIDED;DAYLIGHT;CLEAR;0;0;;NO CONTROL PRESENT;PASSENGER CAR;PASSENGER CAR;NONE;NONE;;2017-10-16T18:13:49-04:00;2017;No;No;10;18
.10 MILES FROM NC 55 HWY;TWO-WAY,NOT DIVIDED;DARK - LIGHTED ROADWAY;CLEAR;0;0;;NO CONTROL PRESENT;PASSENGER CAR;PASSENGER CAR;NONE;NONE;;2017-10-17T06:32:48-04:00;2017;No;No;10;06
30 FEET FROM SR 1009 (TRYON RD);TWO-WAY,DIVIDED,UNPROTECTED MEDIAN;DAYLIGHT;CLEAR;0;2;;STOP AND GO SIGNAL;PASSENGER CAR;PASSENGER CAR;NONE;NONE;;2017-10-17T16:13:55-04:00;2017;No;Yes;10;16
.4 MILES FROM US 1 HWY;TWO-WAY,DIVIDED,UNPROTECTED MEDIAN;DAYLIGHT;CLEAR;0;0;;NO CONTROL PRESENT;PASSENGER CAR;SPORT UTILITY;NONE;NONE;;2017-10-17T17:55:11-04:00;2017;No;No;10;17
.12 MILES FROM 307 COLONADES WAY;TWO-WAY,NOT DIVIDED;DAYLIGHT;CLEAR;0;0;;NO CONTROL PRESENT;PASSENGER CAR;SPORT UTILITY;NONE;NONE;;2017-10-17T16:53:25-04:00;2017;No;No;10;16
.2 MILES FROM P.V.A. 628 KEY WEST MEWS;TWO-WAY,NOT DIVIDED;DAYLIGHT;CLEAR;0;0;;NO CONTROL PRESENT;VAN;PASSENGER CAR;NONE;NONE;;2017-10-18T09:35:18-04:00;2017;No;No;10;09
70 FEET FROM 748 E CHATHAM ST;TWO-WAY,NOT DIVIDED;DAYLIGHT;CLEAR;0;0;;NO CONTROL PRESENT;SPORT UTILITY;PASSENGER CAR;NONE;NONE;;2017-10-18T11:37:00-04:00;2017;No;No;10;11
20 FEET FROM SR 1300 (KILDAIRE FARM RD);TWO-WAY,DIVIDED,UNPROTECTED MEDIAN;DAYLIGHT;CLEAR;0;0;;STOP SIGN;PASSENGER CAR;PICKUP;NONE;NONE;;2017-10-19T14:21:15-04:00;2017;No;No;10;14
.02 MILES FROM SR 1652 (S HARRISON AVE);TWO-WAY,NOT DIVIDED;DAYLIGHT;CLEAR;0;0;;NO CONTROL PRESENT;SPORT UTILITY;SPORT UTILITY;NONE;NONE;;2017-10-19T15:23:38-04:00;2017;No;No;10;15
.20 MILES FROM SR #3097 (AVIATION PKWY);TWO-WAY,NOT DIVIDED;DAYLIGHT;CLEAR;0;0;;NO CONTROL PRESENT;PASSENGER CAR;PASSENGER CAR;NONE;NONE;;2017-10-19T17:33:53-04:00;2017;No;No;10;17
.1 MILES FROM LOCHMERE DR;TWO-WAY,DIVIDED,UNPROTECTED MEDIAN;DAYLIGHT;CLEAR;0;0;;NO CONTROL PRESENT;SPORT UTILITY;NONE;NONE;NONE;;2017-10-18T09:09:22-04:00;2017;No;No;10;09
.5 MILES FROM US1;TWO-WAY,DIVIDED,POSITIVE MEDIAN BARRIER;DAYLIGHT;CLEAR;0;0;;NO CONTROL PRESENT;PASSENGER CAR;PASSENGER CAR;NONE;NONE;;2017-10-19T08:29:31-04:00;2017;No;No;10;08
0 FEET FROM NC 54 HWY ( CHAPEL HILL RD);TWO-WAY,NOT DIVIDED;DAYLIGHT;CLEAR;0;1;;STOP AND GO SIGNAL;PICKUP;POLICE;NONE;NONE;;2017-10-21T16:20:53-04:00;2017;No;Yes;10;16
CARY;NONE;NONE;NONE;0;0;;;NONE;NONE;NONE;NONE;;2017-10-08T21:58:46-04:00;2017;No;No;10;21
.215 MILES FROM SR3977 (SE CARY PKWY);TWO-WAY,DIVIDED,UNPROTECTED MEDIAN;DARK - LIGHTED ROADWAY;CLEAR;0;0;;NO CONTROL PRESENT;PICKUP;NONE;NONE;NONE;;2017-10-22T03:55:07-04:00;2017;No;No;10;03
CARY;TWO-WAY,DIVIDED,POSITIVE MEDIAN BARRIER;DAYLIGHT;CLEAR;0;0;;STOP AND GO SIGNAL;SPORT UTILITY;SPORT UTILITY;NONE;NONE;;2017-10-21T14:55:37-04:00;2017;No;No;10;14
400 FEET FROM SR 5808 (E CHATHAM ST);TWO-WAY,DIVIDED,UNPROTECTED MEDIAN;DARK - ROADWAY NOT LIGHTED;CLEAR;0;0;;HUMAN CONTROL;PASSENGER CAR;PASSENGER CAR;PASSENGER CAR;NONE;;2017-10-21T21:25:40-04:00;2017;No;No;10;21
50 FEET FROM SR 1313 (WALNUT ST);TWO-WAY,DIVIDED,UNPROTECTED MEDIAN;DARK - LIGHTED ROADWAY;CLEAR;0;1;;NO CONTROL PRESENT;LIGHT TRUCK (MINI-VAN- PANEL);PASSENGER CAR;NONE;NONE;;2017-10-20T20:57:44-04:00;2017;No;Yes;10;20
59 FEET FROM HIGHFIELD AVE;TWO-WAY,NOT DIVIDED;DAYLIGHT;CLEAR;0;0;;NO CONTROL PRESENT;SPORT UTILITY;PICKUP;NONE;NONE;;2017-10-20T15:26:12-04:00;2017;No;No;10;15
160 FEET FROM SR 3081 (CHAPEL HILL RD);TWO-WAY,DIVIDED,UNPROTECTED MEDIAN;DAYLIGHT;CLEAR;0;0;;STOP AND GO SIGNAL;SPORT UTILITY;SPORT UTILITY;NONE;NONE;;2017-10-21T11:58:00-04:00;2017;No;No;10;11
60 FEET FROM SR 1152 (HOLLY SPRINGS RD);TWO-WAY,DIVIDED,UNPROTECTED MEDIAN;DAYLIGHT;CLEAR;0;0;;NO CONTROL PRESENT;PASSENGER CAR;SPORT UTILITY;NONE;NONE;;2017-10-21T14:23:43-04:00;2017;No;No;10;14
CARY;TWO-WAY,DIVIDED,POSITIVE MEDIAN BARRIER;DAYLIGHT;CLEAR;0;0;;NO CONTROL PRESENT;PASSENGER CAR;PASSENGER CAR;NONE;NONE;;2017-10-17T08:30:13-04:00;2017;No;No;10;08
1 MILES FROM US-1;TWO-WAY,DIVIDED,POSITIVE MEDIAN BARRIER;DAYLIGHT;RAIN;0;0;;NO CONTROL PRESENT;PASSENGER CAR;PASSENGER CAR;NONE;NONE;;2017-10-23T09:22:57-04:00;2017;No;No;10;09
CARY;TWO-WAY,NOT DIVIDED;DAYLIGHT;CLOUDY;0;1;;STOP AND GO SIGNAL;VAN;SPORT UTILITY;NONE;NONE;;2017-10-23T10:19:00-04:00;2017;No;Yes;10;10
0 FEET FROM SR 3073 (NW MAYNARD RD);TWO-WAY,DIVIDED,POSITIVE MEDIAN BARRIER;DAYLIGHT;CLOUDY;0;0;;STOP AND GO SIGNAL;PASSENGER CAR;SPORT UTILITY;NONE;NONE;;2017-10-23T07:26:49-04:00;2017;No;No;10;07
.2 MILES FROM US HWY 1N;TWO-WAY,DIVIDED,POSITIVE MEDIAN BARRIER;DAYLIGHT;RAIN;0;0;;NO CONTROL PRESENT;PASSENGER CAR;SPORT UTILITY;NONE;NONE;;2017-10-24T08:01:20-04:00;2017;No;No;10;08
CARY;TWO-WAY,DIVIDED,UNPROTECTED MEDIAN;DUSK;CLEAR;0;0;;STOP AND GO SIGNAL;PASSENGER CAR;SPORT UTILITY;NONE;NONE;;2017-10-24T17:47:18-04:00;2017;No;No;10;17
CARY;TWO-WAY,DIVIDED,UNPROTECTED MEDIAN;DAYLIGHT;CLEAR;0;0;;STOP AND GO SIGNAL;PICKUP;PASSENGER CAR;NONE;NONE;;2017-10-25T12:54:00-04:00;2017;No;No;10;12
200 FEET FROM PVA AT 4600 WEST LAKE RD;TWO-WAY,NOT DIVIDED;NONE;CLEAR;0;0;;NO CONTROL PRESENT;NONE;PASSENGER CAR;NONE;NONE;;2017-10-24T18:08:28-04:00;2017;No;No;10;18
87 FEET FROM P.V.A. (1830 WALNUT ST);TWO-WAY,NOT DIVIDED;DARK - LIGHTED ROADWAY;CLEAR;0;0;;NO CONTROL PRESENT;SPORT UTILITY;PICKUP;NONE;NONE;;2017-10-25T03:55:01-04:00;2017;No;No;10;03
20 FEET FROM US 64 HWY;TWO-WAY,DIVIDED,UNPROTECTED MEDIAN;DAYLIGHT;CLEAR;0;0;;NO CONTROL PRESENT;PASSENGER CAR;PASSENGER CAR;PASSENGER CAR;NONE;;2017-10-25T17:40:21-04:00;2017;No;No;10;17
CARY;TWO-WAY,DIVIDED,POSITIVE MEDIAN BARRIER;DAYLIGHT;CLEAR;0;0;;YIELD SIGN;PASSENGER CAR;PASSENGER CAR;NONE;NONE;;2017-10-26T15:40:34-04:00;2017;No;No;10;15
5 FEET FROM SR 1313 (WALNUT ST);TWO-WAY,DIVIDED,UNPROTECTED MEDIAN;DARK - LIGHTED ROADWAY;CLEAR;0;0;;STOP AND GO SIGNAL;SPORT UTILITY;NONE;NONE;NONE;;2017-10-24T19:57:39-04:00;2017;No;No;10;19
250 FEET FROM 100 BLOCK TURQUOISE CREEK DR;NONE;DAYLIGHT;CLEAR;0;0;;NO CONTROL PRESENT;PICKUP;PICKUP;NONE;NONE;;2017-10-27T10:36:00-04:00;2017;No;No;10;10
.4 MILES FROM NC 55 HWY;TWO-WAY,DIVIDED,UNPROTECTED MEDIAN;DAYLIGHT;CLEAR;0;0;;NO CONTROL PRESENT;LIGHT TRUCK (MINI-VAN- PANEL);PASSENGER CAR;NONE;NONE;;2017-10-26T08:43:25-04:00;2017;No;No;10;08
150 FEET FROM ACADEMY ST;TWO-WAY,DIVIDED,UNPROTECTED MEDIAN;DAYLIGHT;CLEAR;0;0;;NO CONTROL PRESENT;VAN;PASSENGER CAR;NONE;NONE;;2017-10-20T11:57:00-04:00;2017;No;No;10;11
.3 MILES FROM US1;TWO-WAY,DIVIDED,POSITIVE MEDIAN BARRIER;DAYLIGHT;CLEAR;0;0;;NO CONTROL PRESENT;PASSENGER CAR;SPORT UTILITY;NONE;NONE;;2017-10-26T07:34:34-04:00;2017;No;No;10;07
15 FEET FROM KILMAYNE DR;TWO-WAY,DIVIDED,UNPROTECTED MEDIAN;DAYLIGHT;CLEAR;0;0;;STOP AND GO SIGNAL;POLICE;PASSENGER CAR;NONE;NONE;;2017-10-28T06:02:14-04:00;2017;No;No;10;06
330 FEET FROM P.V.A (WALMART MARKET);TWO-WAY,NOT DIVIDED;DAYLIGHT;CLOUDY;0;0;;NO CONTROL PRESENT;PASSENGER CAR;PASSENGER CAR;NONE;NONE;;2017-10-28T11:12:00-04:00;2017;No;No;10;11
300 FEET FROM PVA 1111 WALNUT ST;TWO-WAY,NOT DIVIDED;DAYLIGHT;CLEAR;0;0;;NO CONTROL PRESENT;PASSENGER CAR;VAN;NONE;NONE;;2017-10-29T21:46:20-04:00;2017;No;No;10;21
.34 MILES FROM SR 1300 (KILDAIRE FARM RD);TWO-WAY,NOT DIVIDED;DAYLIGHT;RAIN;0;0;;STOP AND GO SIGNAL;SPORT UTILITY;PASSENGER CAR;NONE;NONE;;2017-10-29T13:45:37-04:00;2017;No;No;10;13
100 FEET FROM HOLTZ LN;NONE;NONE;NONE;0;0;;;PASSENGER CAR;NONE;NONE;NONE;;2017-10-30T09:04:24-04:00;2017;No;No;10;09
100 FEET FROM PVA 107 ARBOR WAY;TWO-WAY,NOT DIVIDED;DARK - LIGHTED ROADWAY;CLEAR;0;0;;NO CONTROL PRESENT;PASSENGER CAR;PASSENGER CAR;NONE;NONE;;2017-10-31T00:44:00-04:00;2017;No;No;10;00
.5 MILES FROM WOODWINDS INDUSTRIAL COURT;TWO-WAY,NOT DIVIDED;DUSK;CLEAR;0;0;;NO CONTROL PRESENT;PASSENGER CAR;PASSENGER CAR;PASSENGER CAR;PASSENGER CAR;PASSENGER CAR;2017-10-29T19:49:21-04:00;2017;No;No;10;19
30 FEET FROM GREEN LEVEL CHURCH RD SR 1600;TWO-WAY,NOT DIVIDED;DAYLIGHT;CLEAR;0;0;;NO CONTROL PRESENT;SPORT UTILITY;VAN;NONE;NONE;;2017-10-31T15:06:17-04:00;2017;No;No;10;15
45 FEET FROM SR 1652 (N HARRISON AVE);TWO-WAY,DIVIDED,UNPROTECTED MEDIAN;DAYLIGHT;CLEAR;1;0;;STOP AND GO SIGNAL;PASSENGER CAR;PASSENGER CAR;NONE;NONE;;2017-11-01T08:01:25-04:00;2017;Yes;No;11;08
.17 MILES FROM SR #1652 (N HARRISON AV);TWO-WAY,NOT DIVIDED;DAYLIGHT;CLEAR;0;0;;STOP AND GO SIGNAL;PASSENGER CAR;PASSENGER CAR;NONE;NONE;;2017-11-01T13:29:26-04:00;2017;No;No;11;13
.2640 MILES FROM US1;TWO-WAY,DIVIDED,POSITIVE MEDIAN BARRIER;DAYLIGHT;CLEAR;0;2;;NO CONTROL PRESENT;PICKUP;PASSENGER CAR;PASSENGER CAR;LIGHT TRUCK (MINI-VAN- PANEL);;2017-10-31T13:56:52-04:00;2017;No;Yes;10;13
100 FEET FROM PVA (885 WALNUT ST);TWO-WAY,NOT DIVIDED;DAYLIGHT;CLEAR;0;0;;NO CONTROL PRESENT;PICKUP;PASSENGER CAR;NONE;NONE;;2017-11-01T19:40:01-04:00;2017;No;No;11;19
CARY;TWO-WAY,DIVIDED,UNPROTECTED MEDIAN;DAYLIGHT;CLEAR;0;0;;STOP AND GO SIGNAL;PASSENGER CAR;PASSENGER CAR;NONE;NONE;;2017-11-02T16:37:03-04:00;2017;No;No;11;16