Location_Description;Road_Configuration;Light_Condition;Weather;Fatality;Injury;Contributing_Factor;Traffic_Control;Vehicle1;Vehicle2;Vehicle3;Vehicle4;Vehicle5;Crash_Date;year;Fatalities;Injuries;Month;Hour
.22 MILES FROM NC 55 HWY;TWO-WAY,DIVIDED,UNPROTECTED MEDIAN;DAYLIGHT;CLEAR;0;0;INATTENTIVE (TALKING,EATING,ETC.);NO CONTROL PRESENT;PASSENGER CAR;NONE;NONE;NONE;;2017-11-02T11:59:00-04:00;2017;No;No;11;11
450 FEET FROM MCCRIMMON PKWY;TWO-WAY,DIVIDED,UNPROTECTED MEDIAN;DAYLIGHT;CLEAR;0;0;;STOP AND GO SIGNAL;VAN;SPORT UTILITY;NONE;NONE;;2017-11-01T07:38:27-04:00;2017;No;No;11;07
.2841 MILES FROM US 1 HWY;TWO-WAY,DIVIDED,POSITIVE MEDIAN BARRIER;DAYLIGHT;CLEAR;0;2;;NO CONTROL PRESENT;PASSENGER CAR;PASSENGER CAR;PASSENGER CAR;NONE;;2017-11-02T17:33:47-04:00;2017;No;Yes;11;17
100 FEET FROM P.V.A. (870 SQUIRE CT);TWO-WAY,NOT DIVIDED;DAYLIGHT;CLOUDY;0;0;;NO CONTROL PRESENT;PASSENGER CAR;PASSENGER CAR;NONE;NONE;;2017-11-04T10:44:00-04:00;2017;No;No;11;10
100 FEET FROM PVA (111 HIDDEN OAKS DR);TWO-WAY,NOT DIVIDED;DARK - LIGHTED ROADWAY;CLOUDY;0;0;;NO CONTROL PRESENT;PASSENGER CAR;PASSENGER CAR;NONE;NONE;;2017-11-05T00:00:00-04:00;2017;No;No;11;00
CARY;TWO-WAY,NOT DIVIDED;DAYLIGHT;CLOUDY;0;0;;STOP AND GO SIGNAL;PICKUP;PICKUP;NONE;NONE;;2017-11-04T10:22:00-04:00;2017;No;No;11;10
CARY;TWO-WAY,NOT DIVIDED;DAYLIGHT;CLEAR;0;0;;STOP AND GO SIGNAL;SPORT UTILITY;PASSENGER CAR;NONE;NONE;;2017-11-03T14:39:09-04:00;2017;No;No;11;14
100 FEET FROM SR 1415 ( NE MAYNARD RD);NONE;NONE;NONE;0;0;;;NONE;PASSENGER CAR;PASSENGER CAR;PASSENGER CAR;;2017-10-16T00:00:00-04:00;2017;No;No;10;00
.5 MILES FROM US1;TWO-WAY,DIVIDED,POSITIVE MEDIAN BARRIER;DAYLIGHT;CLEAR;0;0;;NO CONTROL PRESENT;SPORT UTILITY;PASSENGER CAR;SPORT UTILITY;NONE;;2017-11-03T16:44:44-04:00;2017;No;No;11;16
.1 MILES FROM SR1300 (WALNUT ST);TWO-WAY,DIVIDED,UNPROTECTED MEDIAN;DAYLIGHT;CLEAR;0;0;;NO CONTROL PRESENT;SPORT UTILITY;SPORT UTILITY;NONE;NONE;;2017-11-06T12:37:00-05:00;2017;No;No;11;12
189 FEET FROM P.V.A. (102 GREGSON DR);TWO-WAY,NOT DIVIDED;DARK - LIGHTED ROADWAY;CLOUDY;0;0;;NO CONTROL PRESENT;PASSENGER CAR;NONE;NONE;NONE;;2017-11-05T14:44:16-05:00;2017;No;No;11;14
370 FEET FROM W JOHNSON ST;TWO-WAY,NOT DIVIDED;DAYLIGHT;CLEAR;0;0;;NO CONTROL PRESENT;PASSENGER CAR;PASSENGER CAR;NONE;NONE;;2017-11-06T15:19:55-05:00;2017;No;No;11;15
423 FEET FROM 209 E DURHAM RD;ONE-WAY,NOT DIVIDED;DARK - LIGHTED ROADWAY;CLEAR;0;0;;OTHER *;PASSENGER CAR;NONE;NONE;NONE;;2017-11-05T21:35:20-05:00;2017;No;No;11;21
CARY;TWO-WAY,DIVIDED,UNPROTECTED MEDIAN;DARK - LIGHTED ROADWAY;CLOUDY;0;0;;STOP AND GO SIGNAL;SPORT UTILITY;PASSENGER CAR;NONE;NONE;;2017-11-07T06:14:28-05:00;2017;No;No;11;06
20 FEET FROM SR 1300 (KILDAIRE FARM RD);TWO-WAY,DIVIDED,POSITIVE MEDIAN BARRIER;DARK - LIGHTED ROADWAY;RAIN;0;0;;NO CONTROL PRESENT;PASSENGER CAR;SPORT UTILITY;NONE;NONE;;2017-11-08T17:18:45-05:00;2017;No;No;11;17
200 FEET FROM SR 1313 (WALNUT ST);TWO-WAY,DIVIDED,POSITIVE MEDIAN BARRIER;DAYLIGHT;CLEAR;0;0;;STOP AND GO SIGNAL;PASSENGER CAR;PASSENGER CAR;NONE;NONE;;2017-11-10T09:20:01-05:00;2017;No;No;11;09
1000 FEET FROM DAVIS DR SR 1613;TWO-WAY,NOT DIVIDED;DARK - LIGHTED ROADWAY;CLEAR;0;0;;NO CONTROL PRESENT;PASSENGER CAR;NONE;NONE;NONE;;2017-11-10T21:01:20-05:00;2017;No;No;11;21
30 FEET FROM SR 1630 (GREEN LEVEL CHURCH RD;TWO-WAY,DIVIDED,UNPROTECTED MEDIAN;DARK - LIGHTED ROADWAY;CLEAR;0;0;;STOP SIGN;PASSENGER CAR;NONE;NONE;NONE;;2017-11-12T02:15:13-05:00;2017;No;No;11;02
125 FEET FROM NC 55 HWY;TWO-WAY,NOT DIVIDED;DAYLIGHT;CLEAR;0;0;;NO CONTROL PRESENT;SPORT UTILITY;VAN;NONE;NONE;;2017-11-10T11:04:00-05:00;2017;No;No;11;11
.5 MILES FROM US1;TWO-WAY,DIVIDED,POSITIVE MEDIAN BARRIER;DARK - ROADWAY NOT LIGHTED;CLEAR;0;0;;NO CONTROL PRESENT;PASSENGER CAR;NONE;NONE;NONE;;2017-11-11T02:04:31-05:00;2017;No;No;11;02
0.13 MILES FROM SR 1652 (N HARRISON AV);TWO-WAY,NOT DIVIDED;DAYLIGHT;CLEAR;0;0;;NO CONTROL PRESENT;PASSENGER CAR;PASSENGER CAR;NONE;NONE;;2017-11-11T12:25:00-05:00;2017;No;No;11;12
150 FEET FROM MORRISVILLE PKWY;TWO-WAY,DIVIDED,POSITIVE MEDIAN BARRIER;DAYLIGHT;CLEAR;0;0;;NO CONTROL PRESENT;PASSENGER CAR;PASSENGER CAR;NONE;NONE;;2017-11-11T12:47:00-05:00;2017;No;No;11;12
CARY;TWO-WAY,DIVIDED,UNPROTECTED MEDIAN;DAYLIGHT;CLEAR;0;0;;STOP AND GO SIGNAL;PASSENGER CAR;SPORT UTILITY;NONE;NONE;;2017-11-10T07:34:33-05:00;2017;No;No;11;07
CARY;TWO-WAY,NOT DIVIDED;DAYLIGHT;CLEAR;0;0;;STOP AND GO SIGNAL;SPORT UTILITY;PASSENGER CAR;NONE;NONE;;2017-11-10T13:25:12-05:00;2017;No;No;11;13
170 FEET FROM P.V.A (BRIGHT HORIZONS);TWO-WAY,NOT DIVIDED;DAYLIGHT;CLOUDY;0;0;;NO CONTROL PRESENT;PASSENGER CAR;PICKUP;NONE;NONE;;2017-11-13T09:13:25-05:00;2017;No;No;11;09
10 FEET FROM CREEK PARK DR;TWO-WAY,DIVIDED,UNPROTECTED MEDIAN;DAYLIGHT;CLEAR;0;0;;NO CONTROL PRESENT;PASSENGER CAR;NONE;NONE;NONE;;2017-11-11T17:48:47-05:00;2017;No;No;11;17
.13 MILES FROM 681 CARY TOWNE BLVD;ONE-WAY,NOT DIVIDED;DAYLIGHT;CLEAR;0;0;;NO CONTROL PRESENT;PASSENGER CAR;PASSENGER CAR;NONE;NONE;;2017-11-13T13:08:25-05:00;2017;No;No;11;13
157 FEET FROM MAYNARD CROSSING CT;TWO-WAY,NOT DIVIDED;DARK - LIGHTED ROADWAY;CLEAR;0;0;;STOP SIGN;SPORT UTILITY;SPORT UTILITY;NONE;NONE;;2017-11-14T18:04:47-05:00;2017;No;No;11;18
.13 MILES FROM PVA (6770 MCCRIMMON PKWY);TWO-WAY,NOT DIVIDED;DAYLIGHT;CLEAR;0;0;;NO CONTROL PRESENT;SPORT UTILITY;PASSENGER CAR;NONE;NONE;;2017-11-14T00:00:00-05:00;2017;No;No;11;00
200 FEET FROM SR 1009 TRYON RD;ONE-WAY,NOT DIVIDED;DAYLIGHT;CLEAR;0;0;;STOP AND GO SIGNAL;PASSENGER CAR;PASSENGER CAR;NONE;NONE;;2017-11-10T11:26:00-05:00;2017;No;No;11;11
0 FEET FROM 310 S ACADEMY ST;TWO-WAY,NOT DIVIDED;DAYLIGHT;CLEAR;0;0;;NO CONTROL PRESENT;PASSENGER CAR;SPORT UTILITY;NONE;NONE;;2017-11-15T12:38:00-05:00;2017;No;No;11;12
CARY;TWO-WAY,DIVIDED,UNPROTECTED MEDIAN;DAYLIGHT;CLEAR;0;0;;STOP AND GO SIGNAL;SPORT UTILITY;PASSENGER CAR;NONE;NONE;;2017-11-17T12:41:00-05:00;2017;No;No;11;12
53 FEET FROM SR 1652 (N. HARRISON AVE.);TWO-WAY,NOT DIVIDED;DARK - LIGHTED ROADWAY;CLEAR;0;0;;NO CONTROL PRESENT;SPORT UTILITY;PASSENGER CAR;NONE;NONE;;2017-11-18T22:27:00-05:00;2017;No;No;11;22
100 FEET FROM S.R. 1415 (NW MAYNARD RD);TWO-WAY,DIVIDED,POSITIVE MEDIAN BARRIER;DARK - LIGHTED ROADWAY;CLEAR;0;0;;NO CONTROL PRESENT;PICKUP;NONE;NONE;NONE;;2017-11-17T18:55:19-05:00;2017;No;No;11;18
100 FEET FROM SR1349 (DILLARD DR);TWO-WAY,NOT DIVIDED;DAYLIGHT;CLEAR;0;0;;NO CONTROL PRESENT;PASSENGER CAR;SPORT UTILITY;NONE;NONE;;2017-11-18T14:22:37-05:00;2017;No;No;11;14
CARY;TWO-WAY,NOT DIVIDED;DARK - LIGHTED ROADWAY;CLEAR;0;0;;STOP AND GO SIGNAL;PICKUP;PASSENGER CAR;NONE;NONE;;2017-11-18T23:15:00-05:00;2017;No;No;11;23
.1 MILES FROM S.R.1300 (WALNUT ST);ONE-WAY,NOT DIVIDED;DAYLIGHT;CLEAR;0;1;;YIELD SIGN;PASSENGER CAR;PASSENGER CAR;NONE;NONE;;2017-11-20T12:36:00-05:00;2017;No;Yes;11;12
50 FEET FROM P.V.A. (121 E CHATHAM ST);TWO-WAY,NOT DIVIDED;DAYLIGHT;CLEAR;0;0;;NO CONTROL PRESENT;PASSENGER CAR;PASSENGER CAR;NONE;NONE;;2017-11-19T16:42:00-05:00;2017;No;No;11;16
200 FEET FROM SR 1613 (DAVIS DR);TWO-WAY,DIVIDED,UNPROTECTED MEDIAN;DAYLIGHT;CLEAR;0;0;;NO CONTROL PRESENT;PASSENGER CAR;PASSENGER CAR;NONE;NONE;;2017-11-19T10:03:00-05:00;2017;No;No;11;10
0 FEET FROM NC 54 HWY;TWO-WAY,NOT DIVIDED;DARK - LIGHTED ROADWAY;CLEAR;0;0;;STOP AND GO SIGNAL;SPORT UTILITY;PASSENGER CAR;NONE;NONE;;2017-11-20T22:45:00-05:00;2017;No;No;11;22
0 FEET FROM (SR 1415) NW MAYNARD RD;TWO-WAY,DIVIDED,UNPROTECTED MEDIAN;DARK - LIGHTED ROADWAY;CLEAR;0;1;;STOP AND GO SIGNAL;PASSENGER CAR;PASSENGER CAR;NONE;NONE;;2017-11-20T21:12:42-05:00;2017;No;Yes;11;21
.2 MILES FROM CROSSROADS BLVD;TWO-WAY,DIVIDED,UNPROTECTED MEDIAN;DAYLIGHT;CLOUDY;0;0;;STOP AND GO SIGNAL;PICKUP;PASSENGER CAR;NONE;NONE;;2017-11-21T12:53:00-05:00;2017;No;No;11;12
450 FEET FROM P.V.A. (632 KEY WEST MEWS);TWO-WAY,NOT DIVIDED;DAYLIGHT;CLEAR;0;0;;NO CONTROL PRESENT;PASSENGER CAR;PASSENGER CAR;NONE;NONE;;2017-11-21T08:10:22-05:00;2017;No;No;11;08
5 FEET FROM SR 1313 (WALNUT ST);TWO-WAY,DIVIDED,POSITIVE MEDIAN BARRIER;DAYLIGHT;CLEAR;0;1;FAILURE TO OBEY TRAFFIC SIGNS,SIGNALS;STOP AND GO SIGNAL;SPORT UTILITY;NONE;NONE;NONE;;2017-11-20T15:11:06-05:00;2017;No;Yes;11;15
.19 MILES FROM P.V.A. (525 NEW WAVERLY PL);TWO-WAY,NOT DIVIDED;NONE;CLEAR;0;0;;NO CONTROL PRESENT;NONE;PASSENGER CAR;NONE;NONE;;2017-11-21T23:03:00-05:00;2017;No;No;11;23
.15 MILES FROM SR 3977 SW CARY PKWY;TWO-WAY,DIVIDED,POSITIVE MEDIAN BARRIER;DARK - LIGHTED ROADWAY;CLEAR;0;2;;FLASHING STOP AND GO SIGNAL;PASSENGER CAR;PASSENGER CAR;NONE;NONE;;2017-11-21T20:01:55-05:00;2017;No;Yes;11;20
50 FEET FROM PVA 2799 NC HWY 55 (DOLLAR TRE;TWO-WAY,NOT DIVIDED;DAYLIGHT;CLEAR;0;0;;NO CONTROL PRESENT;VAN;SPORT UTILITY;NONE;NONE;;2017-11-25T13:44:45-05:00;2017;No;No;11;13
50 FEET FROM 1 HWY ON RAMP;ONE-WAY,NOT DIVIDED;DARK - LIGHTED ROADWAY;CLEAR;0;0;;NO CONTROL PRESENT;PICKUP;VAN;NONE;NONE;;2017-11-23T18:21:31-05:00;2017;No;No;11;18
CARY;TWO-WAY,NOT DIVIDED;DARK - LIGHTED ROADWAY;CLEAR;0;1;;STOP AND GO SIGNAL;PASSENGER CAR;PASSENGER CAR;NONE;NONE;;2017-11-25T18:29:20-05:00;2017;No;Yes;11;18
300 FEET FROM PVA (501 CAITBOO AVE);TWO-WAY,NOT DIVIDED;DARK - ROADWAY NOT LIGHTED;CLEAR;0;0;;NO CONTROL PRESENT;PASSENGER CAR;NONE;NONE;NONE;;2017-11-25T22:16:00-05:00;2017;No;No;11;22
210 FEET FROM PVA (3000 GRANDE VALLEY CIR);TWO-WAY,NOT DIVIDED;DARK - ROADWAY NOT LIGHTED;CLEAR;0;0;;NO CONTROL PRESENT;NONE;PASSENGER CAR;NONE;NONE;;2017-11-24T14:20:46-05:00;2017;No;No;11;14
.05 MILES FROM SR-3081 (CHAPEL HILL RD);TWO-WAY,NOT DIVIDED;DAYLIGHT;CLEAR;0;0;;NO CONTROL PRESENT;PASSENGER CAR;NONE;NONE;NONE;;2017-11-25T15:10:39-05:00;2017;No;No;11;15
.1 MILES FROM 1253 BUCK JONES RD (PVA);TWO-WAY,NOT DIVIDED;DAYLIGHT;CLEAR;0;0;;NO CONTROL PRESENT;PASSENGER CAR;PASSENGER CAR;NONE;NONE;;2017-11-26T13:25:20-05:00;2017;No;No;11;13
CARY;TWO-WAY,DIVIDED,POSITIVE MEDIAN BARRIER;DUSK;CLEAR;0;0;;STOP AND GO SIGNAL;PASSENGER CAR;PASSENGER CAR;NONE;NONE;;2017-11-15T17:06:04-05:00;2017;No;No;11;17
10 FEET FROM SR 1300 (KILDAIRE FARM RD);TWO-WAY,NOT DIVIDED;DAYLIGHT;CLEAR;0;0;;NO CONTROL PRESENT;PASSENGER CAR;PASSENGER CAR;NONE;NONE;;2017-11-16T12:28:00-05:00;2017;No;No;11;12
.2 MILES FROM SR 1300 (KILDAIRE FARM RD);TWO-WAY,NOT DIVIDED;DAYLIGHT;CLEAR;0;1;;;PASSENGER CAR;PASSENGER CAR;NONE;NONE;;2017-11-22T10:08:00-05:00;2017;No;Yes;11;10
CARY;ONE-WAY,NOT DIVIDED;DAYLIGHT;CLEAR;0;0;;STOP AND GO SIGNAL;PASSENGER CAR;VAN;NONE;NONE;;2017-11-17T07:45:15-05:00;2017;No;No;11;07
86 FEET FROM SR 1652 (N HARRISON AVE);TWO-WAY,DIVIDED,UNPROTECTED MEDIAN;DAYLIGHT;CLEAR;0;0;;STOP AND GO SIGNAL;SPORT UTILITY;PASSENGER CAR;NONE;NONE;;2017-11-24T13:44:51-05:00;2017;No;No;11;13
.1 MILES FROM SR 3977 (SW CARY PKWY);TWO-WAY,DIVIDED,UNPROTECTED MEDIAN;DARK - LIGHTED ROADWAY;CLEAR;0;0;;NO CONTROL PRESENT;VAN;NONE;NONE;NONE;;2017-11-24T19:14:05-05:00;2017;No;No;11;19
CARY;TWO-WAY,NOT DIVIDED;DAYLIGHT;CLEAR;0;0;;STOP SIGN;SPORT UTILITY;PASSENGER CAR;NONE;NONE;;2017-11-26T12:22:00-05:00;2017;No;No;11;12
400 FEET FROM S.R. 1415 (SW MAYNARD RD);TWO-WAY,NOT DIVIDED;DARK - LIGHTED ROADWAY;CLEAR;0;0;;NO CONTROL PRESENT;PASSENGER CAR;EMS VEHICLE- AMBULANCE- RESCUE SQUAD;NONE;NONE;;2017-11-27T20:11:41-05:00;2017;No;No;11;20
.10 MILES FROM US 1 NORTH;TWO-WAY,DIVIDED,POSITIVE MEDIAN BARRIER;DUSK;CLEAR;0;1;;NO CONTROL PRESENT;PASSENGER CAR;PASSENGER CAR;PASSENGER CAR;NONE;;2017-11-28T19:59:19-05:00;2017;No;Yes;11;19
150 FEET FROM PVA-1201 N HARRISON AVE;TWO-WAY,NOT DIVIDED;DAYLIGHT;CLEAR;0;0;;NO CONTROL PRESENT;PASSENGER CAR;PASSENGER CAR;NONE;NONE;;2017-11-27T18:59:32-05:00;2017;No;No;11;18
144 FEET FROM P.V.A. (1803 N HARRISON AVE);TWO-WAY,NOT DIVIDED;DAYLIGHT;CLEAR;0;0;;NO CONTROL PRESENT;PASSENGER CAR;PICKUP;NONE;NONE;;2017-11-28T18:35:16-05:00;2017;No;No;11;18
CARY;TWO-WAY,DIVIDED,UNPROTECTED MEDIAN;DAYLIGHT;CLEAR;0;0;;STOP SIGN;VAN;PASSENGER CAR;NONE;NONE;;2017-11-29T12:00:00-05:00;2017;No;No;11;12
.5 MILES FROM US1;TWO-WAY,DIVIDED,POSITIVE MEDIAN BARRIER;DAYLIGHT;CLEAR;0;0;;NO CONTROL PRESENT;VAN;PASSENGER CAR;NONE;NONE;;2017-11-28T16:22:57-05:00;2017;No;No;11;16
200 FEET FROM (PVA) 10170 GREEN LEVEL CHURCH;TWO-WAY,NOT DIVIDED;DAYLIGHT;CLEAR;0;0;;NO CONTROL PRESENT;SPORT UTILITY;PASSENGER CAR;NONE;NONE;;2017-11-29T12:25:00-05:00;2017;No;No;11;12
400 FEET FROM SR1415 (SE MAYNARD RD);TWO-WAY,NOT DIVIDED;DAYLIGHT;CLEAR;0;0;;NO CONTROL PRESENT;SPORT UTILITY;PASSENGER CAR;PASSENGER CAR;NONE;;2017-11-28T21:59:17-05:00;2017;No;No;11;21
30 FEET FROM 1028 RYAN RD (PVA);TWO-WAY,NOT DIVIDED;DAYLIGHT;CLEAR;0;0;;NO CONTROL PRESENT;PICKUP;PASSENGER CAR;NONE;NONE;;2017-11-29T15:31:01-05:00;2017;No;No;11;15
200 FEET FROM SR-1300 KILDAIRE FARM RD;TWO-WAY,DIVIDED,UNPROTECTED MEDIAN;DUSK;CLEAR;0;0;;STOP SIGN;PASSENGER CAR;SPORT UTILITY;NONE;NONE;;2017-11-29T16:13:33-05:00;2017;No;No;11;16
136 FEET FROM SR 3081 (CHAPEL HILL RD);TWO-WAY,NOT DIVIDED;DARK - ROADWAY NOT LIGHTED;CLEAR;0;2;;STOP AND GO SIGNAL;SPORT UTILITY;PASSENGER CAR;NONE;NONE;;2017-11-29T19:15:58-05:00;2017;No;Yes;11;19
300 FEET FROM PVA-7404 CHAPEL HILL RD;TWO-WAY,NOT DIVIDED;DAYLIGHT;CLEAR;0;0;;NO CONTROL PRESENT;PASSENGER CAR;PASSENGER CAR;NONE;NONE;;2017-11-29T18:09:39-05:00;2017;No;No;11;18
300 FEET FROM US HWY 1N;TWO-WAY,DIVIDED,POSITIVE MEDIAN BARRIER;DARK - LIGHTED ROADWAY;CLEAR;0;0;;NO CONTROL PRESENT;PICKUP;PICKUP;NONE;NONE;;2017-11-29T19:00:00-05:00;2017;No;No;11;19
200 FEET FROM PVA (4010 CONVENIENCELNY);TWO-WAY,NOT DIVIDED;DAYLIGHT;CLEAR;0;0;;NO CONTROL PRESENT;PICKUP;PASSENGER CAR;NONE;NONE;;2017-11-30T12:49:00-05:00;2017;No;No;11;12
72 FEET FROM PVA 101 BRAMPTON LN;TWO-WAY,NOT DIVIDED;DUSK;CLEAR;0;0;;NO CONTROL PRESENT;PASSENGER CAR;SPORT UTILITY;NONE;NONE;;2017-11-29T17:00:57-05:00;2017;No;No;11;17
30 FEET FROM US 64 HWY;TWO-WAY,DIVIDED,UNPROTECTED MEDIAN;DUSK;CLOUDY;0;1;;STOP AND GO SIGNAL;PASSENGER CAR;PASSENGER CAR;PASSENGER CAR;PASSENGER CAR;;2017-11-30T17:11:09-05:00;2017;No;Yes;11;17
CARY;TWO-WAY,NOT DIVIDED;DAYLIGHT;CLEAR;0;0;;FLASHING STOP AND GO SIGNAL;PICKUP;NONE;NONE;NONE;;2017-12-01T08:19:43-05:00;2017;No;No;12;08
.5 MILES FROM SR 1615 (HIGH HOUSE RD);TWO-WAY,DIVIDED,UNPROTECTED MEDIAN;DAYLIGHT;CLEAR;0;1;;STOP AND GO SIGNAL;PASSENGER CAR;SPORT UTILITY;NONE;NONE;;2017-12-03T16:33:03-05:00;2017;No;Yes;12;16
CARY;TWO-WAY,NOT DIVIDED;DAYLIGHT;CLEAR;0;0;;STOP SIGN;SPORT UTILITY;PASSENGER CAR;NONE;NONE;;2017-12-01T16:55:54-05:00;2017;No;No;12;16
20 FEET FROM SR1628 (O`KELLY CHURCH RD);TWO-WAY,NOT DIVIDED;DUSK;CLEAR;0;0;;STOP AND GO SIGNAL;PASSENGER CAR;LIGHT TRUCK (MINI-VAN- PANEL);NONE;NONE;;2017-12-01T16:50:21-05:00;2017;No;No;12;16
CARY;TWO-WAY,NOT DIVIDED;DARK - ROADWAY NOT LIGHTED;CLEAR;0;0;;STOP SIGN;PICKUP;SPORT UTILITY;NONE;NONE;;2017-12-01T17:56:58-05:00;2017;No;No;12;17
CARY;TWO-WAY,DIVIDED,UNPROTECTED MEDIAN;DAYLIGHT;RAIN;0;0;;STOP AND GO SIGNAL;PASSENGER CAR;SPORT UTILITY;NONE;NONE;;2017-12-02T12:12:00-05:00;2017;No;No;12;12
.5 MILES FROM GREEN HOPE SCHOOL RD 1621;TWO-WAY,NOT DIVIDED;DARK - LIGHTED ROADWAY;CLEAR;0;0;;NO CONTROL PRESENT;PASSENGER CAR;PASSENGER CAR;NONE;NONE;;2017-12-01T17:43:43-05:00;2017;No;No;12;17
200 FEET FROM US 64 HWY;TWO-WAY,DIVIDED,UNPROTECTED MEDIAN;DARK - ROADWAY NOT LIGHTED;CLEAR;0;0;;NO CONTROL PRESENT;SPORT UTILITY;NONE;NONE;NONE;;2017-12-01T21:08:14-05:00;2017;No;No;12;21
CARY;TWO-WAY,NOT DIVIDED;DARK - LIGHTED ROADWAY;CLEAR;0;0;;NO CONTROL PRESENT;PASSENGER CAR;PASSENGER CAR;NONE;NONE;;2017-12-02T03:04:07-05:00;2017;No;No;12;03
400 FEET FROM SR 3977 (SW CARY PKWY);TWO-WAY,DIVIDED,UNPROTECTED MEDIAN;DARK - LIGHTED ROADWAY;CLEAR;0;0;DARTING;NO CONTROL PRESENT;PASSENGER CAR;NONE;NONE;NONE;;2017-12-04T17:35:51-05:00;2017;No;No;12;17
30 FEET FROM SR# 1300 (KILDAIRE FARM RD);TWO-WAY,DIVIDED,UNPROTECTED MEDIAN;DAYLIGHT;CLEAR;0;0;;STOP AND GO SIGNAL;PASSENGER CAR;SPORT UTILITY;NONE;NONE;;2017-12-05T13:36:48-05:00;2017;No;No;12;13
160 FEET FROM SR 1010 (TEN TEN RD);TWO-WAY,DIVIDED,UNPROTECTED MEDIAN;DAYLIGHT;CLEAR;0;0;;NO CONTROL PRESENT;PASSENGER CAR;NONE;NONE;NONE;;2017-12-05T14:15:37-05:00;2017;No;No;12;14
.4 MILES FROM NC 55 HWY;TWO-WAY,DIVIDED,UNPROTECTED MEDIAN;DARK - LIGHTED ROADWAY;RAIN;0;0;;STOP AND GO SIGNAL;PASSENGER CAR;PASSENGER CAR;NONE;NONE;;2017-12-06T18:49:24-05:00;2017;No;No;12;18
450 FEET FROM SR 1159 (HOLLY SPRINGS RD);TWO-WAY,NOT DIVIDED;DAYLIGHT;SLEET, HAIL, FREEZING RAIN/DRIZZLE;0;0;;NO CONTROL PRESENT;VAN;PASSENGER CAR;NONE;NONE;;2017-12-08T18:52:34-05:00;2017;No;No;12;18
100 FEET FROM SR 1521 (LAKE PINE DR);TWO-WAY,NOT DIVIDED;DAYLIGHT;SLEET, HAIL, FREEZING RAIN/DRIZZLE;0;2;;NO CONTROL PRESENT;PASSENGER CAR;PASSENGER CAR;NONE;NONE;;2017-12-08T14:56:30-05:00;2017;No;Yes;12;14
5 FEET FROM 100 PEACHLAND DR;TWO-WAY,DIVIDED,UNPROTECTED MEDIAN;DAYLIGHT;RAIN;0;0;;NO CONTROL PRESENT;LIGHT TRUCK (MINI-VAN- PANEL);PICKUP;NONE;NONE;;2017-12-09T10:42:00-05:00;2017;No;No;12;10
.1 MILES FROM PADGHAM LN;ONE-WAY,NOT DIVIDED;DAYLIGHT;CLEAR;0;0;;NO CONTROL PRESENT;SPORT UTILITY;PASSENGER CAR;NONE;NONE;;2017-12-10T10:26:00-05:00;2017;No;No;12;10
.3 MILES FROM  US 1;TWO-WAY,DIVIDED,POSITIVE MEDIAN BARRIER;DAYLIGHT;CLEAR;0;0;;NO CONTROL PRESENT;SPORT UTILITY;PASSENGER CAR;NONE;NONE;;2017-12-11T16:57:17-05:00;2017;No;No;12;16
50 FEET FROM PVA 1365 SE MAYNARD RD;TWO-WAY,NOT DIVIDED;DAYLIGHT;CLOUDY;0;0;;NO CONTROL PRESENT;PASSENGER CAR;PASSENGER CAR;NONE;NONE;;2017-12-09T08:49:17-05:00;2017;No;No;12;08
CARY;NONE;NONE;NONE;0;0;;;PASSENGER CAR;NONE;NONE;NONE;;2017-12-11T13:43:41-05:00;2017;No;No;12;13
.1 MILES FROM SR 1315 (BUCK JONES RD);TWO-WAY,NOT DIVIDED;DAYLIGHT;CLEAR;0;1;;NO CONTROL PRESENT;PASSENGER CAR;PASSENGER CAR;NONE;NONE;;2017-12-07T15:24:15-05:00;2017;No;Yes;12;15
0 FEET FROM DILLARD DR;TWO-WAY,DIVIDED,UNPROTECTED MEDIAN;DAYLIGHT;CLEAR;0;1;;STOP AND GO SIGNAL;SPORT UTILITY;PASSENGER CAR;NONE;NONE;;2017-12-01T15:19:04-05:00;2017;No;Yes;12;15
450 FEET FROM SR1653 (EVANS RD);TWO-WAY,NOT DIVIDED;DARK - LIGHTED ROADWAY;CLEAR;0;1;;STOP AND GO SIGNAL;PASSENGER CAR;PASSENGER CAR;NONE;NONE;;2017-12-12T14:06:10-05:00;2017;No;Yes;12;14
.2 MILES FROM NC 55 HWY;TWO-WAY,DIVIDED,UNPROTECTED MEDIAN;DARK - ROADWAY NOT LIGHTED;CLEAR;0;0;;NO CONTROL PRESENT;NONE;NONE;NONE;NONE;;2017-12-13T03:29:51-05:00;2017;No;No;12;03
CARY;TWO-WAY,NOT DIVIDED;DAYLIGHT;CLEAR;0;0;;NO CONTROL PRESENT;PASSENGER CAR;PASSENGER CAR;NONE;NONE;;2017-12-13T14:36:19-05:00;2017;No;No;12;14
.15 MILES FROM PVA 5707 DILLARD DR;ONE-WAY,NOT DIVIDED;DAYLIGHT;CLEAR;0;0;;NO CONTROL PRESENT;SPORT UTILITY;SINGLE UNIT TRUCK (2-AXLE- 6-TIRE);NONE;NONE;;2017-12-13T14:07:58-05:00;2017;No;No;12;14