Location_Description;Road_Configuration;Light_Condition;Weather;Fatality;Injury;Contributing_Factor;Traffic_Control;Vehicle1;Vehicle2;Vehicle3;Vehicle4;Vehicle5;Crash_Date;year;Fatalities;Injuries;Month;Hour
100 FEET FROM WALDO ROOD;TWO-WAY,NOT DIVIDED;DAYLIGHT;CLEAR;0;0;;STOP AND GO SIGNAL;PASSENGER CAR;PASSENGER CAR;NONE;NONE;;2017-12-14T13:38:24-05:00;2017;No;No;12;13
CARY;ONE-WAY,NOT DIVIDED;DAYLIGHT;CLEAR;0;1;;STOP SIGN;SPORT UTILITY;PASSENGER CAR;NONE;NONE;;2017-12-15T10:02:00-05:00;2017;No;Yes;12;10
250 FEET FROM SR 3112(CARY PARKWAY);TWO-WAY,DIVIDED,POSITIVE MEDIAN BARRIER;DUSK;CLEAR;0;0;;STOP AND GO SIGNAL;SPORT UTILITY;PASSENGER CAR;NONE;NONE;;2017-12-14T14:00:16-05:00;2017;No;No;12;14
5 FEET FROM SR 3977 (SW CARY PKWY);TWO-WAY,DIVIDED,POSITIVE MEDIAN BARRIER;DAYLIGHT;CLEAR;0;0;;STOP SIGN;PASSENGER CAR;PASSENGER CAR;NONE;NONE;;2017-12-16T08:36:52-05:00;2017;No;No;12;08
.2 MILES FROM SR 1315 (BUCK JONES RD);ONE-WAY,NOT DIVIDED;DAYLIGHT;CLEAR;0;0;;NO CONTROL PRESENT;PICKUP;PASSENGER CAR;NONE;NONE;;2017-12-16T12:53:00-05:00;2017;No;No;12;12
200 FEET FROM PVA 1210 KILDAIRE FARM RD;ONE-WAY,NOT DIVIDED;DAYLIGHT;CLOUDY;0;0;;NO CONTROL PRESENT;SPORT UTILITY;PASSENGER CAR;NONE;NONE;;2017-12-15T15:15:15-05:00;2017;No;No;12;15
.5 MILES FROM US 64 HWY RAMP;TWO-WAY,NOT DIVIDED;DAYLIGHT;CLEAR;0;0;;FLASHING STOP AND GO SIGNAL;PASSENGER CAR;PASSENGER CAR;NONE;NONE;;2017-12-12T14:56:57-05:00;2017;No;No;12;14
.5 MILES FROM S.R. 1300(KILDAIRE FARM ROAD);TWO-WAY,DIVIDED,POSITIVE MEDIAN BARRIER;DAYLIGHT;CLEAR;0;0;;FLASHING STOP AND GO SIGNAL;EMS VEHICLE- AMBULANCE- RESCUE SQUAD;PASSENGER CAR;NONE;NONE;;2017-12-18T14:31:59-05:00;2017;No;No;12;14
0 FEET FROM WESTON PKWY;TWO-WAY,DIVIDED,UNPROTECTED MEDIAN;DUSK;CLEAR;0;0;;NO CONTROL PRESENT;PASSENGER CAR;PASSENGER CAR;NONE;NONE;;2017-12-18T17:39:19-05:00;2017;No;No;12;17
40 FEET FROM CARY TOWNE BLVD;TWO-WAY,NOT DIVIDED;DAYLIGHT;CLEAR;0;0;;STOP AND GO SIGNAL;PICKUP;SPORT UTILITY;NONE;NONE;;2017-12-18T12:19:00-05:00;2017;No;No;12;12
.50 MILES FROM US1 NB HWY;TWO-WAY,DIVIDED,POSITIVE MEDIAN BARRIER;DUSK;CLEAR;0;1;;NO CONTROL PRESENT;PASSENGER CAR;PASSENGER CAR;SPORT UTILITY;NONE;;2017-12-19T16:44:55-05:00;2017;No;Yes;12;16
.5 MILES FROM SR 3127 (MCCRIMMON PRKWY);TWO-WAY,DIVIDED,POSITIVE MEDIAN BARRIER;DARK - LIGHTED ROADWAY;CLEAR;0;1;;STOP SIGN;SPORT UTILITY;PICKUP;NONE;NONE;;2017-12-19T21:01:10-05:00;2017;No;Yes;12;21
50 FEET FROM CAITBOO AVE;TWO-WAY,NOT DIVIDED;DAYLIGHT;RAIN;0;0;;STOP AND GO SIGNAL;PASSENGER CAR;SPORT UTILITY;VAN;NONE;;2017-12-20T15:12:11-05:00;2017;No;No;12;15
CARY;TWO-WAY,NOT DIVIDED;DAYLIGHT;CLEAR;0;1;;STOP AND GO SIGNAL;PASSENGER CAR;PASSENGER CAR;NONE;NONE;;2017-12-21T08:11:42-05:00;2017;No;Yes;12;08
133 FEET FROM SR 3073 (NW MAYNARD RD);TWO-WAY,DIVIDED,UNPROTECTED MEDIAN;DARK - LIGHTED ROADWAY;CLEAR;0;0;;NO CONTROL PRESENT;VAN;NONE;NONE;NONE;;2017-12-15T06:30:12-05:00;2017;No;No;12;06
.02 MILES FROM US 64 HWY;TWO-WAY,DIVIDED,UNPROTECTED MEDIAN;DAYLIGHT;CLEAR;0;0;;NO CONTROL PRESENT;PASSENGER CAR;PICKUP;NONE;NONE;;2017-12-21T14:36:41-05:00;2017;No;No;12;14
.20 MILES FROM SR1497 (CARY TOWNE BLVD);TWO-WAY,NOT DIVIDED;DAYLIGHT;CLEAR;0;0;;NO CONTROL PRESENT;PASSENGER CAR;NONE;NONE;NONE;;2017-12-21T17:07:20-05:00;2017;No;No;12;17
.1 MILES FROM SR 1615 (HIGH HOUSE RD);TWO-WAY,DIVIDED,UNPROTECTED MEDIAN;DARK - LIGHTED ROADWAY;CLEAR;0;0;;STOP AND GO SIGNAL;PASSENGER CAR;PASSENGER CAR;NONE;NONE;;2017-12-21T17:34:25-05:00;2017;No;No;12;17
450 FEET FROM SR 1415 (MAYNARD RD);TWO-WAY,DIVIDED,UNPROTECTED MEDIAN;DAYLIGHT;CLEAR;0;1;;NO CONTROL PRESENT;PASSENGER CAR;PASSENGER CAR;VAN;NONE;;2017-12-12T12:13:00-05:00;2017;No;Yes;12;12
200 FEET FROM PVA 237 CROSSROADS BLVD;ONE-WAY,NOT DIVIDED;DAYLIGHT;CLEAR;0;0;;NO CONTROL PRESENT;PICKUP;NONE;NONE;NONE;;2017-12-22T14:35:18-05:00;2017;No;No;12;14
5 FEET FROM CRESCENT GREEN;TWO-WAY,DIVIDED,UNPROTECTED MEDIAN;DUSK;CLEAR;0;0;;STOP SIGN;PASSENGER CAR;PASSENGER CAR;NONE;NONE;;2017-12-22T16:52:35-05:00;2017;No;No;12;16
100 FEET FROM SHERWOOD FOREST PL;TWO-WAY,NOT DIVIDED;DAYLIGHT;CLOUDY;0;0;;NO CONTROL PRESENT;PASSENGER CAR;PASSENGER CAR;NONE;NONE;;2017-12-24T14:57:41-05:00;2017;No;No;12;14
CARY;TWO-WAY,DIVIDED,UNPROTECTED MEDIAN;DAYLIGHT;CLOUDY;0;0;;NO CONTROL PRESENT;PASSENGER CAR;PASSENGER CAR;NONE;NONE;;2017-12-23T14:52:17-05:00;2017;No;No;12;14
450 FEET FROM NC 55 HWY;TWO-WAY,DIVIDED,UNPROTECTED MEDIAN;DARK - ROADWAY NOT LIGHTED;CLOUDY;0;0;;NO CONTROL PRESENT;PASSENGER CAR;NONE;NONE;NONE;;2017-12-25T03:31:35-05:00;2017;No;No;12;03
300 FEET FROM PVA AT 2010 KILDAIRE FARM RD;TWO-WAY,NOT DIVIDED;DAYLIGHT;CLEAR;0;0;;NO CONTROL PRESENT;NONE;PASSENGER CAR;NONE;NONE;;2017-12-27T16:53:49-05:00;2017;No;No;12;16
380 FEET FROM BELLE GATE PL;TWO-WAY,NOT DIVIDED;DAYLIGHT;CLOUDY;0;0;;NO CONTROL PRESENT;PICKUP;SPORT UTILITY;NONE;NONE;;2017-12-27T10:12:00-05:00;2017;No;No;12;10
30 FEET FROM PVA 8745 CHAPEL HILL RD;TWO-WAY,NOT DIVIDED;DARK - ROADWAY NOT LIGHTED;CLEAR;0;0;;NO CONTROL PRESENT;POLICE;NONE;NONE;NONE;;2017-12-28T16:17:44-05:00;2017;No;No;12;16
CARY;ONE-WAY,NOT DIVIDED;DAYLIGHT;CLEAR;0;0;;STOP AND GO SIGNAL;PICKUP;PICKUP;NONE;NONE;;2017-12-30T11:51:00-05:00;2017;No;No;12;11
132 FEET FROM P.V.A. (219 CROSSROADS BLVD);TWO-WAY,NOT DIVIDED;DAYLIGHT;CLEAR;0;0;;NO CONTROL PRESENT;SPORT UTILITY;PASSENGER CAR;NONE;NONE;;2017-12-30T15:53:50-05:00;2017;No;No;12;15
160 FEET FROM P.V.A. (111 JAMES JACKSON AV);TWO-WAY,NOT DIVIDED;DAYLIGHT;CLEAR;0;0;;NO CONTROL PRESENT;PASSENGER CAR;PASSENGER CAR;NONE;NONE;;2017-12-29T13:57:00-05:00;2017;No;No;12;13
150 FEET FROM PVA AT 202 FOLIAGE CIR;TWO-WAY,NOT DIVIDED;DARK - LIGHTED ROADWAY;CLEAR;0;0;;NO CONTROL PRESENT;SINGLE UNIT TRUCK (2-AXLE- 6-TIRE);NONE;NONE;NONE;;2017-12-29T18:51:28-05:00;2017;No;No;12;18
91 FEET FROM P.V.A. (1809 N HARRISON AVE);TWO-WAY,NOT DIVIDED;DAYLIGHT;CLEAR;0;0;;NO CONTROL PRESENT;PASSENGER CAR;PICKUP;NONE;NONE;;2018-01-02T14:07:30-05:00;2018;No;No;1;14
230 FEET FROM P.V.A. (100 KEMPWOOD DR);TWO-WAY,NOT DIVIDED;NONE;CLEAR;0;0;;NO CONTROL PRESENT;NONE;PASSENGER CAR;NONE;NONE;;2018-01-02T16:08:08-05:00;2018;No;No;1;16
1 MILES FROM US 1 HWY;TWO-WAY,DIVIDED,POSITIVE MEDIAN BARRIER;DAYLIGHT;CLEAR;0;0;;NO CONTROL PRESENT;PASSENGER CAR;PICKUP;SPORT UTILITY;NONE;;2018-01-02T17:28:06-05:00;2018;No;No;1;17
CARY;TWO-WAY,DIVIDED,UNPROTECTED MEDIAN;DAYLIGHT;CLOUDY;0;0;;STOP AND GO SIGNAL;SPORT UTILITY;SPORT UTILITY;NONE;NONE;;2018-01-03T09:35:02-05:00;2018;No;No;1;09
450 FEET FROM PVA OF 885 WALNUT ST;TWO-WAY,NOT DIVIDED;DAYLIGHT;CLEAR;0;0;;NO CONTROL PRESENT;PASSENGER CAR;PASSENGER CAR;NONE;NONE;;2018-01-03T13:25:01-05:00;2018;No;No;1;13
75 FEET FROM SR 1615 (HIGH HOUSE RD);TWO-WAY,DIVIDED,UNPROTECTED MEDIAN;DARK - LIGHTED ROADWAY;SNOW;0;0;;STOP AND GO SIGNAL;PASSENGER CAR;PICKUP;NONE;NONE;;2018-01-03T21:04:56-05:00;2018;No;No;1;21
20 FEET FROM HIGH HOUSE RD SR 1615;TWO-WAY,NOT DIVIDED;DARK - LIGHTED ROADWAY;SNOW;0;0;;YIELD SIGN;PASSENGER CAR;NONE;NONE;NONE;;2018-01-03T21:21:00-05:00;2018;No;No;1;21
CARY;TWO-WAY,DIVIDED,UNPROTECTED MEDIAN;DARK - LIGHTED ROADWAY;SNOW;0;0;COMING FROM BEHIND PARKED VEHICLE;STOP AND GO SIGNAL;PASSENGER CAR;PASSENGER CAR;NONE;NONE;;2018-01-03T21:53:07-05:00;2018;No;No;1;21
1 MILES FROM US 1;TWO-WAY,DIVIDED,POSITIVE MEDIAN BARRIER;DARK - ROADWAY NOT LIGHTED;CLEAR;0;0;;NO CONTROL PRESENT;PASSENGER CAR;NONE;NONE;NONE;;2018-01-04T04:08:13-05:00;2018;No;No;1;04
CARY;ONE-WAY,NOT DIVIDED;DAYLIGHT;CLEAR;0;0;;NO CONTROL PRESENT;PASSENGER CAR;PASSENGER CAR;NONE;NONE;;2018-01-03T09:04:30-05:00;2018;No;No;1;09
.05 MILES FROM SR 1415 (SE MAYNARD RD);TWO-WAY,DIVIDED,UNPROTECTED MEDIAN;DAYLIGHT;CLEAR;0;0;;STOP AND GO SIGNAL;PASSENGER CAR;SPORT UTILITY;NONE;NONE;;2018-01-03T19:54:43-05:00;2018;No;No;1;19
60 FEET FROM PVA 440 CROSSROADS BLVD;TWO-WAY,NOT DIVIDED;DAYLIGHT;CLEAR;0;0;;NO CONTROL PRESENT;NONE;PASSENGER CAR;NONE;NONE;;2017-12-31T20:00:00-05:00;2017;No;No;12;20
10 FEET FROM SCARLET SKY LN;TWO-WAY,NOT DIVIDED;DAYLIGHT;CLEAR;0;0;COMING FROM BEHIND PARKED VEHICLE;STOP SIGN;PASSENGER CAR;SPORT UTILITY;NONE;NONE;;2018-01-05T08:38:19-05:00;2018;No;No;1;08
.1 MILES FROM P.V.A. 340 WALNUT ST (MICHAELS;TWO-WAY,NOT DIVIDED;DAYLIGHT;CLEAR;0;0;;NO CONTROL PRESENT;PASSENGER CAR;PICKUP;NONE;NONE;;2018-01-06T15:21:00-05:00;2018;No;No;1;15
200 FEET FROM PVA (2001 HOSPITALITY CT);TWO-WAY,NOT DIVIDED;DARK - LIGHTED ROADWAY;CLEAR;0;0;;NO CONTROL PRESENT;PASSENGER CAR;PASSENGER CAR;NONE;NONE;;2018-01-05T20:28:40-05:00;2018;No;No;1;20
40 FEET FROM PVA (301 N HARRISON AVE);TWO-WAY,NOT DIVIDED;DARK - LIGHTED ROADWAY;CLEAR;0;0;;NO CONTROL PRESENT;PASSENGER CAR;PICKUP;NONE;NONE;;2018-01-07T02:43:30-05:00;2018;No;No;1;02
0 FEET FROM S. ACADEMY ST.;TWO-WAY,NOT DIVIDED;DARK - LIGHTED ROADWAY;CLEAR;0;1;;STOP SIGN;PASSENGER CAR;SPORT UTILITY;NONE;NONE;;2018-01-07T18:32:34-05:00;2018;No;Yes;1;18
0 FEET FROM S.R. 1415 (SE MAYNARD RD);TWO-WAY,DIVIDED,UNPROTECTED MEDIAN;DAYLIGHT;CLEAR;0;0;;NO CONTROL PRESENT;PICKUP;PASSENGER CAR;NONE;NONE;;2018-01-08T08:17:11-05:00;2018;No;No;1;08
400 FEET FROM SR 1615 (HIGH HOUSE RD);TWO-WAY,DIVIDED,UNPROTECTED MEDIAN;DAYLIGHT;CLEAR;0;0;;STOP AND GO SIGNAL;PASSENGER CAR;PASSENGER CAR;NONE;NONE;;2018-01-06T16:27:13-05:00;2018;No;No;1;16
0 FEET FROM S.R. 1011 (E CHATHAM ST);TWO-WAY,DIVIDED,UNPROTECTED MEDIAN;DAYLIGHT;CLEAR;0;0;;STOP SIGN;PASSENGER CAR;PASSENGER CAR;NONE;NONE;;2018-01-08T09:37:43-05:00;2018;No;No;1;09
CARY;TWO-WAY,DIVIDED,UNPROTECTED MEDIAN;DAYLIGHT;CLEAR;0;1;;STOP AND GO SIGNAL;PASSENGER CAR;SPORT UTILITY;NONE;NONE;;2018-01-08T10:56:00-05:00;2018;No;Yes;1;10
20 FEET FROM SR 2684 (TRYON RD);TWO-WAY,NOT DIVIDED;DUSK;CLEAR;0;0;;STOP AND GO SIGNAL;SPORT UTILITY;VAN;NONE;NONE;;2018-01-08T17:24:26-05:00;2018;No;No;1;17
CARY;TWO-WAY,DIVIDED,UNPROTECTED MEDIAN;DARK - LIGHTED ROADWAY;CLEAR;0;0;;STOP AND GO SIGNAL;VAN;SPORT UTILITY;NONE;NONE;;2018-01-08T19:29:32-05:00;2018;No;No;1;19
0 FEET FROM SR 1652 (N HARRISON AV);TWO-WAY,NOT DIVIDED;DAYLIGHT;CLEAR;0;0;;STOP AND GO SIGNAL;PASSENGER CAR;PASSENGER CAR;NONE;NONE;;2018-01-08T12:50:00-05:00;2018;No;No;1;12
0 FEET FROM PARK VILLAGE DR;TWO-WAY,NOT DIVIDED;DAYLIGHT;CLEAR;0;0;;NO CONTROL PRESENT;PASSENGER CAR;NONE;NONE;NONE;;2018-01-04T07:38:50-05:00;2018;No;No;1;07
0 FEET FROM SR 1747 (NE MAYNARD RD);TWO-WAY,DIVIDED,UNPROTECTED MEDIAN;DAYLIGHT;CLEAR;0;0;;STOP AND GO SIGNAL;PASSENGER CAR;PASSENGER CAR;NONE;NONE;;2018-01-04T11:49:00-05:00;2018;No;No;1;11
.1 MILES FROM P.V.A. 240 CROSSROADS BLVD;TWO-WAY,NOT DIVIDED;DAYLIGHT;CLEAR;0;0;;NO CONTROL PRESENT;SPORT UTILITY;PASSENGER CAR;NONE;NONE;;2018-01-09T13:21:19-05:00;2018;No;No;1;13
.1 MILES FROM SR-1300 KILDAIRE FARM RD;TWO-WAY,NOT DIVIDED;DAYLIGHT;CLEAR;0;0;;NO CONTROL PRESENT;PASSENGER CAR;PASSENGER CAR;NONE;NONE;;2018-01-10T08:26:44-05:00;2018;No;No;1;08
NEAR .1 MILES S OF S NC 55;TWO-WAY,DIVIDED,UNPROTECTED MEDIAN;DAYLIGHT;CLEAR;0;1;;STOP AND GO SIGNAL;PASSENGER CAR;SPORT UTILITY;NONE;NONE;;2018-01-09T09:01:19-05:00;2018;No;Yes;1;09
.25 MILES FROM SR 1628 (OKELLY CHAPEL RD);TWO-WAY,NOT DIVIDED;DARK - UNKNOWN LIGHTING;CLEAR;0;0;;NO CONTROL PRESENT;PASSENGER CAR;PASSENGER CAR;NONE;NONE;;2018-01-09T22:46:00-05:00;2018;No;No;1;22
488 FEET FROM PVA (258 GRANDE HEIGHTS DR);TWO-WAY,NOT DIVIDED;DAYLIGHT;CLEAR;0;0;;NO CONTROL PRESENT;NONE;SPORT UTILITY;NONE;NONE;;2018-01-10T20:50:26-05:00;2018;No;No;1;20
CARY;TWO-WAY,DIVIDED,POSITIVE MEDIAN BARRIER;DAYLIGHT;CLEAR;0;0;;STOP SIGN;PICKUP;NONE;NONE;NONE;;2018-01-10T15:39:39-05:00;2018;No;No;1;15
200 FEET FROM US 1 HWY;ONE-WAY,NOT DIVIDED;DAYLIGHT;CLOUDY;0;0;;STOP AND GO SIGNAL;PASSENGER CAR;LIGHT TRUCK (MINI-VAN- PANEL);NONE;NONE;;2018-01-11T12:17:00-05:00;2018;No;No;1;12
185 FEET FROM RENSFORD PL;TWO-WAY,NOT DIVIDED;DAYLIGHT;CLEAR;0;0;;NO CONTROL PRESENT;PASSENGER CAR;NONE;NONE;NONE;;2018-01-11T10:03:00-05:00;2018;No;No;1;10
CARY;TWO-WAY,DIVIDED,UNPROTECTED MEDIAN;DAYLIGHT;CLOUDY;0;0;;STOP AND GO SIGNAL;SPORT UTILITY;PASSENGER CAR;NONE;NONE;;2018-01-11T10:08:00-05:00;2018;No;No;1;10
30 FEET FROM SR 1009 (TRYON RD);TWO-WAY,DIVIDED,POSITIVE MEDIAN BARRIER;DARK - LIGHTED ROADWAY;CLOUDY;0;0;;STOP AND GO SIGNAL;PASSENGER CAR;PASSENGER CAR;NONE;NONE;;2018-01-11T17:31:07-05:00;2018;No;No;1;17
65 FEET FROM SR 1615 (HIGH HOUSE RD);TWO-WAY,DIVIDED,UNPROTECTED MEDIAN;DAYLIGHT;CLEAR;0;0;;NO CONTROL PRESENT;SPORT UTILITY;PASSENGER CAR;NONE;NONE;;2018-01-10T08:10:16-05:00;2018;No;No;1;08
36 FEET FROM SR 1652 (N HARRISON AVE);TWO-WAY,NOT DIVIDED;DAYLIGHT;CLOUDY;0;0;COMING FROM BEHIND PARKED VEHICLE;STOP AND GO SIGNAL;PASSENGER CAR;SPORT UTILITY;NONE;NONE;;2018-01-12T08:11:10-05:00;2018;No;No;1;08
100 FEET FROM SR1742 GREEN LEVEL WEST;TWO-WAY,DIVIDED,UNPROTECTED MEDIAN;DARK - ROADWAY NOT LIGHTED;RAIN;0;0;;NO CONTROL PRESENT;SINGLE UNIT TRUCK (2-AXLE- 6-TIRE);NONE;NONE;NONE;;2018-01-11T22:05:00-05:00;2018;No;No;1;22
475 FEET FROM 8111 TRYON WOODS DR;TWO-WAY,NOT DIVIDED;DARK - LIGHTED ROADWAY;CLEAR;0;0;;NO CONTROL PRESENT;PASSENGER CAR;POLICE;NONE;NONE;;2018-01-15T23:51:00-05:00;2018;No;No;1;23
400 FEET FROM US 1 SOUTH;TWO-WAY,DIVIDED,POSITIVE MEDIAN BARRIER;DARK - ROADWAY NOT LIGHTED;CLEAR;0;0;;NO CONTROL PRESENT;PASSENGER CAR;NONE;NONE;NONE;;2018-01-14T21:38:44-05:00;2018;No;No;1;21
CARY;TWO-WAY,NOT DIVIDED;DUSK;CLEAR;0;0;;STOP AND GO SIGNAL;SPORT UTILITY;SPORT UTILITY;NONE;NONE;;2018-01-13T19:58:52-05:00;2018;No;No;1;19
160 FEET FROM SR 1011 (E CHATHAM ST);TWO-WAY,NOT DIVIDED;DAYLIGHT;CLEAR;0;0;;NO CONTROL PRESENT;PASSENGER CAR;PASSENGER CAR;NONE;NONE;;2018-01-15T08:46:29-05:00;2018;No;No;1;08
CARY;TWO-WAY,DIVIDED,UNPROTECTED MEDIAN;DUSK;CLEAR;0;2;;STOP AND GO SIGNAL;SPORT UTILITY;PASSENGER CAR;NONE;NONE;;2018-01-11T18:37:37-05:00;2018;No;Yes;1;18
CARY;TWO-WAY,NOT DIVIDED;DARK - LIGHTED ROADWAY;RAIN;0;1;;STOP SIGN;PASSENGER CAR;SPORT UTILITY;NONE;NONE;;2018-01-11T20:23:58-05:00;2018;No;Yes;1;20
.34 MILES FROM SR 1009 (TRYON RD);TWO-WAY,DIVIDED,UNPROTECTED MEDIAN;DAYLIGHT;CLEAR;0;1;;STOP AND GO SIGNAL;SINGLE UNIT TRUCK (2-AXLE- 6-TIRE);SPORT UTILITY;NONE;NONE;;2018-01-15T14:36:33-05:00;2018;No;Yes;1;14
150 FEET FROM SR 1313 (WALNUT ST);TWO-WAY,NOT DIVIDED;DARK - LIGHTED ROADWAY;RAIN;0;0;;NO CONTROL PRESENT;PASSENGER CAR;PASSENGER CAR;PASSENGER CAR;NONE;;2018-01-12T20:36:24-05:00;2018;No;No;1;20
.1 MILES FROM SR 1300 WALNUT ST;TWO-WAY,DIVIDED,POSITIVE MEDIAN BARRIER;DAYLIGHT;CLEAR;0;0;;NO CONTROL PRESENT;PASSENGER CAR;PICKUP;NONE;NONE;;2018-01-13T15:16:05-05:00;2018;No;No;1;15
100 FEET FROM SR 1319 (JONES FRANKLIN RD);TWO-WAY,NOT DIVIDED;DAYLIGHT;CLOUDY;0;0;;NO CONTROL PRESENT;PASSENGER CAR;SPORT UTILITY;NONE;NONE;;2018-01-12T15:21:55-05:00;2018;No;No;1;15
100 FEET FROM WAKEHURST DR;TWO-WAY,NOT DIVIDED;DAYLIGHT;CLEAR;0;0;;NO CONTROL PRESENT;PASSENGER CAR;NONE;NONE;NONE;;2018-01-16T15:07:29-05:00;2018;No;No;1;15
CARY;ONE-WAY,NOT DIVIDED;DAYLIGHT;CLEAR;0;0;;STOP AND GO SIGNAL;PASSENGER CAR;NONE;NONE;NONE;;2018-01-16T15:35:52-05:00;2018;No;No;1;15
100 FEET FROM SR 1615 ( HIGH HOUSE RD);TWO-WAY,DIVIDED,UNPROTECTED MEDIAN;DAYLIGHT;CLEAR;0;0;;NO CONTROL PRESENT;PASSENGER CAR;NONE;NONE;NONE;;2018-01-16T09:37:51-05:00;2018;No;No;1;09
110 FEET FROM TWO CREEK RD;TWO-WAY,NOT DIVIDED;DARK - LIGHTED ROADWAY;SNOW;0;0;;NO CONTROL PRESENT;PASSENGER CAR;NONE;NONE;NONE;;2018-01-17T23:12:00-05:00;2018;No;No;1;23
5 FEET FROM US 1 ON RAMP TO WALNUT ST;ONE-WAY,NOT DIVIDED;DAYLIGHT;SNOW;0;0;;STOP AND GO SIGNAL;PASSENGER CAR;PASSENGER CAR;NONE;NONE;;2018-01-17T11:32:00-05:00;2018;No;No;1;11
342 FEET FROM SR 1642 (NELSON RD);TWO-WAY,NOT DIVIDED;DAYLIGHT;SNOW;0;0;COMING FROM BEHIND PARKED VEHICLE;NO CONTROL PRESENT;SPORT UTILITY;NONE;NONE;NONE;;2018-01-17T12:47:00-05:00;2018;No;No;1;12
.114 MILES FROM P.V.A. (111 COLLIER PL);TWO-WAY,NOT DIVIDED;DAYLIGHT;SNOW;0;0;COMING FROM BEHIND PARKED VEHICLE;NO CONTROL PRESENT;PASSENGER CAR;PASSENGER CAR;VAN;NONE;;2018-01-17T13:09:43-05:00;2018;No;No;1;13
CARY;NONE;DAYLIGHT;CLEAR;0;0;;NO CONTROL PRESENT;SINGLE UNIT TRUCK (2-AXLE- 6-TIRE);PASSENGER CAR;NONE;NONE;;2018-01-19T09:34:31-05:00;2018;No;No;1;09
400 FEET FROM P.V.A (665 WALNUT ST);TWO-WAY,NOT DIVIDED;DAYLIGHT;CLEAR;0;0;;NO CONTROL PRESENT;PICKUP;PASSENGER CAR;NONE;NONE;;2018-01-20T01:22:10-05:00;2018;No;No;1;01
.1 MILES FROM SR 1300 (KILDAIRE FARM RD);TWO-WAY,DIVIDED,UNPROTECTED MEDIAN;DAYLIGHT;CLEAR;0;0;;STOP AND GO SIGNAL;VAN;SPORT UTILITY;NONE;NONE;;2018-01-19T12:45:00-05:00;2018;No;No;1;12
75 FEET FROM US 1;ONE-WAY,NOT DIVIDED;DAYLIGHT;CLEAR;0;1;;NO CONTROL PRESENT;SPORT UTILITY;PASSENGER CAR;NONE;NONE;;2018-01-20T16:27:20-05:00;2018;No;Yes;1;16
400 FEET FROM P.V.A(2010 KILDAIRE FARM RD);TWO-WAY,NOT DIVIDED;DAYLIGHT;CLEAR;0;0;;NO CONTROL PRESENT;NONE;SPORT UTILITY;NONE;NONE;;2018-01-20T17:12:48-05:00;2018;No;No;1;17
150 FEET FROM PVA OF 6801 TURNER CREEK RD;ONE-WAY,NOT DIVIDED;DAYLIGHT;CLEAR;0;0;;NO CONTROL PRESENT;NONE;PASSENGER CAR;NONE;NONE;;2018-01-21T12:30:00-05:00;2018;No;No;1;12
CARY;NONE;NONE;NONE;0;0;;;NONE;NONE;NONE;NONE;;2018-01-22T17:22:01-05:00;2018;No;No;1;17
483 FEET FROM SR3977 (SW CARY PKWY);TWO-WAY,DIVIDED,UNPROTECTED MEDIAN;DAYLIGHT;CLEAR;0;1;;STOP AND GO SIGNAL;PICKUP;PASSENGER CAR;NONE;NONE;;2018-01-22T18:43:31-05:00;2018;No;Yes;1;18
200 FEET FROM PVA OF 2317 SW CARY PKWY;TWO-WAY,NOT DIVIDED;DAYLIGHT;CLEAR;0;0;;NO CONTROL PRESENT;PASSENGER CAR;LIGHT TRUCK (MINI-VAN- PANEL);NONE;NONE;;2018-01-22T17:39:20-05:00;2018;No;No;1;17
.25 MILES FROM US 1 HWY;TWO-WAY,DIVIDED,POSITIVE MEDIAN BARRIER;DAYLIGHT;RAIN;0;0;;NO CONTROL PRESENT;SPORT UTILITY;PASSENGER CAR;NONE;NONE;;2018-01-23T08:09:46-05:00;2018;No;No;1;08
CARY;ONE-WAY,NOT DIVIDED;DAYLIGHT;SEVERE CROSSWINDS;0;0;;NO CONTROL PRESENT;SPORT UTILITY;NONE;NONE;NONE;;2018-01-23T12:53:00-05:00;2018;No;No;1;12
10 FEET FROM US 1 EXIT 98 RAMP SB;ONE-WAY,NOT DIVIDED;DAYLIGHT;CLEAR;0;0;;STOP AND GO SIGNAL;PICKUP;SPORT UTILITY;NONE;NONE;;2018-01-23T16:23:38-05:00;2018;No;No;1;16
47 FEET FROM 163 SR 3977 (SE CARY PARKWAY);TWO-WAY,NOT DIVIDED;DAYLIGHT;CLEAR;0;0;;NO CONTROL PRESENT;PASSENGER CAR;SPORT UTILITY;NONE;NONE;;2018-01-25T13:48:33-05:00;2018;No;No;1;13
200 FEET FROM SR 1521 (LAKE PINE DR);TWO-WAY,DIVIDED,UNPROTECTED MEDIAN;DARK - ROADWAY NOT LIGHTED;CLEAR;0;0;;NO CONTROL PRESENT;PASSENGER CAR;PASSENGER CAR;NONE;NONE;;2018-01-25T18:05:46-05:00;2018;No;No;1;18
150 FEET FROM NC HWY 55;TWO-WAY,DIVIDED,UNPROTECTED MEDIAN;DAYLIGHT;CLEAR;0;0;;DOUBLE YELLOW LINE, NO PASSING ZONE;PASSENGER CAR;VAN;NONE;NONE;;2018-01-23T08:43:52-05:00;2018;No;No;1;08
CARY;TWO-WAY,DIVIDED,UNPROTECTED MEDIAN;DAYLIGHT;CLEAR;0;0;;STOP SIGN;PICKUP;VAN;NONE;NONE;;2018-01-24T12:21:00-05:00;2018;No;No;1;12