Location_Description;Road_Configuration;Light_Condition;Weather;Fatality;Injury;Contributing_Factor;Traffic_Control;Vehicle1;Vehicle2;Vehicle3;Vehicle4;Vehicle5;Crash_Date;year;Fatalities;Injuries;Month;Hour
CARY;NONE;NONE;NONE;0;0;;;SPORT UTILITY;NONE;NONE;NONE;;2018-01-13T12:31:00-05:00;2018;No;No;1;12
1 MILES FROM SR1152 (HOLLY SPRINGS RD);TWO-WAY,NOT DIVIDED;DAYLIGHT;CLOUDY;0;1;;NO CONTROL PRESENT;PASSENGER CAR;NONE;NONE;NONE;;2018-01-27T23:18:00-05:00;2018;No;Yes;1;23
450 FEET FROM PARKTON CT;TWO-WAY,NOT DIVIDED;NONE;CLEAR;0;0;;NO CONTROL PRESENT;PASSENGER CAR;PASSENGER CAR;NONE;NONE;;2018-01-28T14:40:03-05:00;2018;No;No;1;14
425 FEET FROM SR 1521 (LAKE PINE DR);TWO-WAY,NOT DIVIDED;DAYLIGHT;CLEAR;0;0;;STOP SIGN;PASSENGER CAR;SPORT UTILITY;NONE;NONE;;2018-01-27T10:43:00-05:00;2018;No;No;1;10
.1 MILES FROM PVA OF 1207 KILDAIRE FARM RD;TWO-WAY,NOT DIVIDED;DARK - LIGHTED ROADWAY;RAIN;0;0;;NO CONTROL PRESENT;PICKUP;PASSENGER CAR;NONE;NONE;;2018-01-28T18:42:52-05:00;2018;No;No;1;18
200 FEET FROM SR 3977 (CARY PKWY);TWO-WAY,DIVIDED,UNPROTECTED MEDIAN;DAYLIGHT;CLEAR;0;0;;STOP AND GO SIGNAL;VAN;PASSENGER CAR;NONE;NONE;;2018-01-26T20:02:34-05:00;2018;No;No;1;20
100 FEET FROM (PVA) 900 E. CHATHAM ST.;ONE-WAY,NOT DIVIDED;DARK - ROADWAY NOT LIGHTED;CLEAR;0;0;;NO CONTROL PRESENT;PASSENGER CAR;PASSENGER CAR;NONE;NONE;;2018-01-25T18:22:48-05:00;2018;No;No;1;18
380 FEET FROM MORNINGSIDE DR;TWO-WAY,NOT DIVIDED;DAYLIGHT;CLEAR;0;0;;NO CONTROL PRESENT;NONE;SPORT UTILITY;NONE;NONE;;2018-01-27T12:34:00-05:00;2018;No;No;1;12
110 FEET FROM NC 55 HWY;TWO-WAY,DIVIDED,UNPROTECTED MEDIAN;DAYLIGHT;CLOUDY;0;0;;STOP AND GO SIGNAL;SPORT UTILITY;SINGLE UNIT TRUCK (2-AXLE- 6-TIRE);NONE;NONE;;2018-01-28T14:31:26-05:00;2018;No;No;1;14
159 FEET FROM SR 1652 (N HARRISON AV);TWO-WAY,NOT DIVIDED;DARK - LIGHTED ROADWAY;CLEAR;0;0;;NO CONTROL PRESENT;PASSENGER CAR;PASSENGER CAR;NONE;NONE;;2018-01-29T17:41:18-05:00;2018;No;No;1;17
400 FEET FROM P.V.A (1201 WALNUT ST);TWO-WAY,NOT DIVIDED;DAYLIGHT;CLOUDY;0;0;;NO CONTROL PRESENT;SPORT UTILITY;PASSENGER CAR;NONE;NONE;;2018-01-29T16:47:37-05:00;2018;No;No;1;16
25 FEET FROM SR 1300 (KILDAIRE FARM RD);TWO-WAY,DIVIDED,UNPROTECTED MEDIAN;DAYLIGHT;RAIN;0;0;;NO CONTROL PRESENT;PASSENGER CAR;SPORT UTILITY;NONE;NONE;;2018-01-29T11:55:00-05:00;2018;No;No;1;11
300 FEET FROM 1207 SR 1300 (KILDARE FARM RD);TWO-WAY,DIVIDED,UNPROTECTED MEDIAN;DAYLIGHT;CLEAR;0;2;;NO CONTROL PRESENT;SPORT UTILITY;SPORT UTILITY;NONE;NONE;;2018-01-30T12:53:00-05:00;2018;No;Yes;1;12
.5 MILES FROM SR 1002 (AVIATION PKWY);TWO-WAY,NOT DIVIDED;DAYLIGHT;CLEAR;0;0;;NO CONTROL PRESENT;PASSENGER CAR;PICKUP;NONE;NONE;;2018-01-30T08:44:25-05:00;2018;No;No;1;08
.1 MILES FROM   SR 1300 (KILDAIRE FARM RD);TWO-WAY,NOT DIVIDED;DAYLIGHT;CLEAR;0;0;;NO CONTROL PRESENT;PASSENGER CAR;PASSENGER CAR;NONE;NONE;;2018-01-30T13:02:48-05:00;2018;No;No;1;13
.15 MILES FROM US 1 HIGHWAY;TWO-WAY,DIVIDED,UNPROTECTED MEDIAN;DAYLIGHT;CLEAR;0;0;;STOP AND GO SIGNAL;SPORT UTILITY;SPORT UTILITY;NONE;NONE;;2018-01-30T14:20:04-05:00;2018;No;No;1;14
200 FEET FROM SR1624 (CARPENTER FIRE STATION;TWO-WAY,NOT DIVIDED;DAYLIGHT;CLEAR;0;0;;NO CONTROL PRESENT;SPORT UTILITY;SPORT UTILITY;NONE;NONE;;2018-01-31T14:55:01-05:00;2018;No;No;1;14
.3 MILES FROM SR 1300 (KILDAIRE FARM RD);TWO-WAY,DIVIDED,UNPROTECTED MEDIAN;DAYLIGHT;CLEAR;0;0;;NO CONTROL PRESENT;SPORT UTILITY;SPORT UTILITY;NONE;NONE;;2018-02-01T07:24:56-05:00;2018;No;No;2;07
CARY;TWO-WAY,NOT DIVIDED;DARK - LIGHTED ROADWAY;CLEAR;0;0;;STOP AND GO SIGNAL;SPORT UTILITY;SPORT UTILITY;NONE;NONE;;2018-01-31T19:04:30-05:00;2018;No;No;1;19
.10 MILES FROM PVA 1105 WALNUT ST;TWO-WAY,NOT DIVIDED;DAYLIGHT;CLEAR;0;0;;NO CONTROL PRESENT;PASSENGER CAR;PASSENGER CAR;NONE;NONE;;2018-02-01T12:37:00-05:00;2018;No;No;2;12
50 FEET FROM SR1600 GREEN LEVEL CHURCH RD;TWO-WAY,DIVIDED,UNPROTECTED MEDIAN;DARK - LIGHTED ROADWAY;CLEAR;0;0;;NO CONTROL PRESENT;PASSENGER CAR;SPORT UTILITY;NONE;NONE;;2018-01-30T14:07:20-05:00;2018;No;No;1;14
15 FEET FROM SR 1300 (KILDARE FARM RD);TWO-WAY,DIVIDED,UNPROTECTED MEDIAN;DAYLIGHT;CLEAR;0;1;;STOP AND GO SIGNAL;PASSENGER CAR;SPORT UTILITY;NONE;NONE;;2018-02-02T12:42:00-05:00;2018;No;Yes;2;12
150 FEET FROM SR 1010 (TEN TEN RD);TWO-WAY,DIVIDED,UNPROTECTED MEDIAN;DAYLIGHT;CLEAR;0;0;;NO CONTROL PRESENT;SPORT UTILITY;PASSENGER CAR;NONE;NONE;;2018-02-02T07:25:09-05:00;2018;No;No;2;07
100 FEET FROM MEETING ST;TWO-WAY,NOT DIVIDED;DAYLIGHT;CLOUDY;0;0;;NO CONTROL PRESENT;SPORT UTILITY;PASSENGER CAR;NONE;NONE;;2018-02-04T15:12:41-05:00;2018;No;No;2;15
.3 MILES FROM US 1;TWO-WAY,DIVIDED,POSITIVE MEDIAN BARRIER;DAYLIGHT;CLEAR;0;0;;NO CONTROL PRESENT;PASSENGER CAR;PICKUP;NONE;NONE;;2018-02-02T07:28:58-05:00;2018;No;No;2;07
99 FEET FROM SR 1300 (KILDAIRE FARM RD);TWO-WAY,NOT DIVIDED;DAYLIGHT;CLEAR;0;0;;NO CONTROL PRESENT;PASSENGER CAR;NONE;NONE;NONE;;2020-01-28T08:01:01-05:00;2020;No;No;1;08
0 FEET FROM NC 55 HWY;TWO-WAY,DIVIDED,UNPROTECTED MEDIAN;DAYLIGHT;CLEAR;0;1;;STOP AND GO SIGNAL;PASSENGER CAR;PASSENGER CAR;NONE;NONE;;2020-01-28T16:17:50-05:00;2020;No;Yes;1;16
CARY;TWO-WAY,NOT DIVIDED;DAYLIGHT;CLEAR;0;0;;STOP SIGN;PASSENGER CAR;SPORT UTILITY;NONE;NONE;;2020-01-31T06:54:08-05:00;2020;No;No;1;06
NEAR .006 MILES W OF W NC 54 HWY;TWO-WAY,NOT DIVIDED;DUSK;RAIN;0;0;;NO CONTROL PRESENT;PASSENGER CAR;PASSENGER CAR;NONE;NONE;;2020-01-31T17:16:00-05:00;2020;No;No;1;17
0 FEET FROM SR 1615 (HIGH HOUSE RD);TWO-WAY,DIVIDED,UNPROTECTED MEDIAN;DARK - LIGHTED ROADWAY;RAIN;0;0;;STOP AND GO SIGNAL;PICKUP;PASSENGER CAR;NONE;NONE;;2020-01-31T18:46:33-05:00;2020;No;No;1;18
CARY;TWO-WAY,DIVIDED,UNPROTECTED MEDIAN;DARK - LIGHTED ROADWAY;RAIN;0;0;;STOP AND GO SIGNAL;PASSENGER CAR;PASSENGER CAR;NONE;NONE;;2020-01-31T21:03:11-05:00;2020;No;No;1;21
175 FEET FROM SR 3014 (MORRISVILLE CARPENTER;TWO-WAY,DIVIDED,UNPROTECTED MEDIAN;DARK - LIGHTED ROADWAY;RAIN;0;0;LYING AND/OR ILLEGALLY IN ROADWAY,FAILURE TO YIELD RIGHT OF WAY;NO CONTROL PRESENT;PASSENGER CAR;NONE;NONE;NONE;;2020-01-31T22:19:00-05:00;2020;No;No;1;22
5 FEET FROM P.V.A. (WESTON PKWY);TWO-WAY,NOT DIVIDED;DAYLIGHT;RAIN;0;0;;STOP SIGN;PASSENGER CAR;PASSENGER CAR;NONE;NONE;;2020-01-31T16:09:40-05:00;2020;No;No;1;16
.5 MILES FROM US 1 HWY;TWO-WAY,DIVIDED,POSITIVE MEDIAN BARRIER;DARK - LIGHTED ROADWAY;RAIN;0;0;;NO CONTROL PRESENT;PASSENGER CAR;NONE;NONE;NONE;;2020-01-31T17:59:28-05:00;2020;No;No;1;17
400 FEET FROM US HWY 1;TWO-WAY,DIVIDED,POSITIVE MEDIAN BARRIER;DUSK;CLEAR;0;0;;NO CONTROL PRESENT;SPORT UTILITY;SPORT UTILITY;NONE;NONE;;2020-02-01T17:33:27-05:00;2020;No;No;2;17
0 FEET FROM SR 1615 (HIGH HOUSE RD);TWO-WAY,DIVIDED,UNPROTECTED MEDIAN;DAYLIGHT;CLEAR;0;0;;STOP AND GO SIGNAL;SPORT UTILITY;SPORT UTILITY;NONE;NONE;;2020-02-02T15:27:57-05:00;2020;No;No;2;15
400 FEET FROM SR1313 (WALNUT ST);TWO-WAY,NOT DIVIDED;DAYLIGHT;CLEAR;0;0;DARTING;NO CONTROL PRESENT;PASSENGER CAR;NONE;NONE;NONE;;2020-02-02T16:16:34-05:00;2020;No;No;2;16
55 FEET FROM PARKSIDE GREEN ST;TWO-WAY,NOT DIVIDED;DARK - ROADWAY NOT LIGHTED;CLEAR;0;0;;NO CONTROL PRESENT;PASSENGER CAR;PASSENGER CAR;NONE;NONE;;2020-02-01T18:57:45-05:00;2020;No;No;2;18
CARY;TWO-WAY,NOT DIVIDED;DUSK;CLEAR;0;0;;STOP SIGN;VAN;SPORT UTILITY;NONE;NONE;;2020-02-03T17:44:56-05:00;2020;No;No;2;17
100 FEET FROM SR 1300 (KILDAIRE FARM RD);TWO-WAY,NOT DIVIDED;DARK - LIGHTED ROADWAY;CLEAR;0;0;;NO CONTROL PRESENT;PASSENGER CAR;PASSENGER CAR;PASSENGER CAR;NONE;;2020-02-03T18:15:19-05:00;2020;No;No;2;18
.1 MILES FROM HWY 55;TWO-WAY,DIVIDED,POSITIVE MEDIAN BARRIER;DAYLIGHT;CLEAR;0;1;;NO CONTROL PRESENT;PASSENGER CAR;PICKUP;SPORT UTILITY;PASSENGER CAR;;2020-01-30T06:43:04-05:00;2020;No;Yes;1;06
50 FEET FROM SR1349 (DILLARD DR);TWO-WAY,DIVIDED,UNPROTECTED MEDIAN;DARK - LIGHTED ROADWAY;CLEAR;0;0;;STOP AND GO SIGNAL;PASSENGER CAR;NONE;NONE;NONE;;2020-02-01T12:05:00-05:00;2020;No;No;2;12
70 FEET FROM SR 1009 (TRYON RD);TWO-WAY,DIVIDED,UNPROTECTED MEDIAN;DAYLIGHT;CLEAR;0;0;;STOP AND GO SIGNAL;PASSENGER CAR;PASSENGER CAR;NONE;NONE;;2020-02-04T16:08:10-05:00;2020;No;No;2;16
25 FEET FROM PVA 1815 WALNUT ST;TWO-WAY,NOT DIVIDED;DAYLIGHT;CLEAR;0;0;;NO CONTROL PRESENT;PASSENGER CAR;PASSENGER CAR;NONE;NONE;;2020-02-04T16:34:58-05:00;2020;No;No;2;16
CARY;TWO-WAY,NOT DIVIDED;DARK - LIGHTED ROADWAY;CLEAR;0;0;;FLASHING STOP AND GO SIGNAL;PASSENGER CAR;PASSENGER CAR;NONE;NONE;;2020-02-04T18:54:53-05:00;2020;No;No;2;18
30 FEET FROM US 64 HWY;TWO-WAY,DIVIDED,UNPROTECTED MEDIAN;DAYLIGHT;CLOUDY;0;0;;NO CONTROL PRESENT;PASSENGER CAR;PASSENGER CAR;NONE;NONE;;2020-01-27T15:34:10-05:00;2020;No;No;1;15
25 FEET FROM SR1625 (GREEN LEVEL CHURCH RD);TWO-WAY,DIVIDED,UNPROTECTED MEDIAN;DAYLIGHT;CLOUDY;0;0;;STOP AND GO SIGNAL;SPORT UTILITY;PASSENGER CAR;NONE;NONE;;2020-02-05T08:13:29-05:00;2020;No;No;2;08
1.4 MILES FROM US 1 HWY OFF RAMP;TWO-WAY,DIVIDED,POSITIVE MEDIAN BARRIER;DAYLIGHT;RAIN;0;0;;STOP AND GO SIGNAL;VAN;PASSENGER CAR;NONE;NONE;;2020-02-06T14:56:30-05:00;2020;No;No;2;14
.2 MILES FROM SR 1010 (TEN TEN RD);TWO-WAY,NOT DIVIDED;DARK - ROADWAY NOT LIGHTED;CLEAR;0;0;;STOP AND GO SIGNAL;SPORT UTILITY;PASSENGER CAR;NONE;NONE;;2020-02-07T19:05:50-05:00;2020;No;No;2;19
.12 MILES FROM SR 1652 (N HARRISON AV);TWO-WAY,DIVIDED,UNPROTECTED MEDIAN;DARK - LIGHTED ROADWAY;CLOUDY;0;2;;STOP AND GO SIGNAL;PASSENGER CAR;PASSENGER CAR;NONE;NONE;;2020-02-05T20:11:57-05:00;2020;No;Yes;2;20
100 FEET FROM FAWN CT;TWO-WAY,NOT DIVIDED;DAYLIGHT;RAIN;0;0;;NO CONTROL PRESENT;VAN;SPORT UTILITY;NONE;NONE;;2020-02-06T16:41:26-05:00;2020;No;No;2;16
CARY;TWO-WAY,NOT DIVIDED;DARK - LIGHTED ROADWAY;RAIN;0;0;;NO CONTROL PRESENT;PASSENGER CAR;NONE;NONE;NONE;;2020-02-06T16:17:27-05:00;2020;No;No;2;16
150 FEET FROM SR 3977 (SW CARY PKWY);TWO-WAY,DIVIDED,POSITIVE MEDIAN BARRIER;DARK - LIGHTED ROADWAY;CLEAR;0;1;;STOP AND GO SIGNAL;SPORT UTILITY;PASSENGER CAR;NONE;NONE;;2020-02-07T18:14:10-05:00;2020;No;Yes;2;18
100 FEET FROM SR 1415 (SW MAYNARD RD);TWO-WAY,NOT DIVIDED;DAYLIGHT;CLOUDY;0;0;;STOP SIGN;PASSENGER CAR;PASSENGER CAR;NONE;NONE;;2020-02-07T16:01:34-05:00;2020;No;No;2;16
.1108 MILES FROM SR 1630 (GREEN LEVEL CHURCH RD;TWO-WAY,NOT DIVIDED;DARK - LIGHTED ROADWAY;RAIN;0;0;;NO CONTROL PRESENT;PASSENGER CAR;NONE;NONE;NONE;;2020-02-07T00:13:00-05:00;2020;No;No;2;00
80 FEET FROM SR 1415 (SW MAYNARD RD);TWO-WAY,NOT DIVIDED;DAYLIGHT;CLOUDY;0;0;;NO CONTROL PRESENT;PICKUP;PASSENGER CAR;NONE;NONE;;2020-02-08T11:35:00-05:00;2020;No;No;2;11
CARY;TWO-WAY,DIVIDED,UNPROTECTED MEDIAN;DARK - LIGHTED ROADWAY;RAIN;0;3;;STOP AND GO SIGNAL;SPORT UTILITY;PASSENGER CAR;NONE;NONE;;2020-02-08T02:22:14-05:00;2020;No;Yes;2;02
50 FEET FROM SR 1600 (GREEN LEVEL CHURCH RD;TWO-WAY,NOT DIVIDED;DARK - ROADWAY NOT LIGHTED;CLEAR;0;0;DARTING;NO CONTROL PRESENT;PASSENGER CAR;NONE;NONE;NONE;;2020-02-08T21:46:42-05:00;2020;No;No;2;21
30 FEET FROM P.V.A. ABC(6494 TRYON RD);TWO-WAY,NOT DIVIDED;DAYLIGHT;CLEAR;0;0;;STOP SIGN;PASSENGER CAR;SPORT UTILITY;NONE;NONE;;2020-02-08T14:14:19-05:00;2020;No;No;2;14
0 FEET FROM 55 HWY;TWO-WAY,DIVIDED,UNPROTECTED MEDIAN;DAYLIGHT;CLOUDY;0;0;;STOP AND GO SIGNAL;PASSENGER CAR;SPORT UTILITY;NONE;NONE;;2020-02-08T11:08:00-05:00;2020;No;No;2;11
37 FEET FROM PVA 1387 SE MAYNARD RD;TWO-WAY,NOT DIVIDED;DAYLIGHT;CLEAR;0;0;;NO CONTROL PRESENT;PASSENGER CAR;PASSENGER CAR;NONE;NONE;;2020-02-10T13:02:13-05:00;2020;No;No;2;13
211 FEET FROM P.V.A. 2080 KILDAIRE FARM RD;TWO-WAY,NOT DIVIDED;DAYLIGHT;CLEAR;0;0;;NO CONTROL PRESENT;PASSENGER CAR;PASSENGER CAR;NONE;NONE;;2020-02-09T12:34:00-05:00;2020;No;No;2;12
.1 MILES FROM S.R. 1615 (HIGH HOUSE RD);TWO-WAY,DIVIDED,UNPROTECTED MEDIAN;DAYLIGHT;CLEAR;0;0;;NO CONTROL PRESENT;SPORT UTILITY;PASSENGER CAR;NONE;NONE;;2020-02-10T16:01:03-05:00;2020;No;No;2;16
130 FEET FROM PVA (2000 WALNUT ST);TWO-WAY,NOT DIVIDED;DAYLIGHT;CLEAR;0;0;;NO CONTROL PRESENT;VAN;SPORT UTILITY;NONE;NONE;;2020-02-07T08:02:31-05:00;2020;No;No;2;08
100 FEET FROM CARAWAY LN;TWO-WAY,NOT DIVIDED;DAYLIGHT;CLEAR;0;0;;NO CONTROL PRESENT;PICKUP;SPORT UTILITY;NONE;NONE;;2020-02-12T11:37:00-05:00;2020;No;No;2;11
50 FEET FROM SR 1009 (TRYON RD);TWO-WAY,DIVIDED,UNPROTECTED MEDIAN;DAYLIGHT;CLEAR;0;0;;NO CONTROL PRESENT;PASSENGER CAR;PASSENGER CAR;NONE;NONE;;2020-02-11T16:27:01-05:00;2020;No;No;2;16
0.2 MILES FROM US 1 HWY;ONE-WAY,NOT DIVIDED;DAYLIGHT;CLOUDY;0;0;;NO CONTROL PRESENT;PASSENGER CAR;VAN;NONE;NONE;;2020-02-13T08:22:27-05:00;2020;No;No;2;08
6 FEET FROM SR 1415 (NW MAYNARD RD);TWO-WAY,NOT DIVIDED;DAYLIGHT;RAIN;0;0;COMING FROM BEHIND PARKED VEHICLE;STOP AND GO SIGNAL;PASSENGER CAR;SPORT UTILITY;PASSENGER CAR;NONE;;2020-02-13T16:35:54-05:00;2020;No;No;2;16
CARY;TWO-WAY,NOT DIVIDED;DAYLIGHT;CLEAR;0;5;;STOP AND GO SIGNAL;VAN;PASSENGER CAR;NONE;NONE;;2020-02-04T17:50:55-05:00;2020;No;Yes;2;17
.3 MILES FROM SR 1010 (TEN TEN RD);TWO-WAY,NOT DIVIDED;DAYLIGHT;CLEAR;0;0;;STOP SIGN;SPORT UTILITY;SPORT UTILITY;NONE;NONE;;2020-02-12T17:49:42-05:00;2020;No;No;2;17
135 FEET FROM P.V.A. (MACGREGOR FAMILY PHYSI;TWO-WAY,NOT DIVIDED;DAYLIGHT;CLEAR;0;0;;NO CONTROL PRESENT;PASSENGER CAR;PASSENGER CAR;NONE;NONE;;2020-02-11T14:13:55-05:00;2020;No;No;2;14
130 FEET FROM SR 1300 (KILDAIRE FARM RD);TWO-WAY,NOT DIVIDED;DARK - LIGHTED ROADWAY;RAIN;0;0;;STOP AND GO SIGNAL;PASSENGER CAR;PASSENGER CAR;NONE;NONE;;2020-02-13T17:29:53-05:00;2020;No;No;2;17
129 FEET FROM SR 1147 (EVANS RD);TWO-WAY,NOT DIVIDED;DARK - LIGHTED ROADWAY;CLEAR;0;0;COMING FROM BEHIND PARKED VEHICLE;NO CONTROL PRESENT;PASSENGER CAR;NONE;NONE;NONE;;2020-02-13T22:38:00-05:00;2020;No;No;2;22
350 FEET FROM P.V.A. (10120 GREEN LEVEL CHUR;TWO-WAY,NOT DIVIDED;DAYLIGHT;CLEAR;0;0;;NO CONTROL PRESENT;PASSENGER CAR;SPORT UTILITY;NONE;NONE;;2020-02-14T16:44:13-05:00;2020;No;No;2;16
.13 MILES FROM NC 55 HWY;TWO-WAY,NOT DIVIDED;DARK - ROADWAY NOT LIGHTED;CLEAR;0;0;;NO CONTROL PRESENT;PASSENGER CAR;PASSENGER CAR;NONE;NONE;;2020-02-16T20:38:22-05:00;2020;No;No;2;20
0 FEET FROM SR 3081 (CHAPEL HILL RD);TWO-WAY,DIVIDED,UNPROTECTED MEDIAN;DAYLIGHT;CLOUDY;0;0;;NO CONTROL PRESENT;PASSENGER CAR;PASSENGER CAR;NONE;NONE;;2020-02-13T15:11:11-05:00;2020;No;No;2;15
50 FEET FROM SEALINE DR;TWO-WAY,NOT DIVIDED;DAYLIGHT;CLEAR;0;0;;NO CONTROL PRESENT;PASSENGER CAR;PASSENGER CAR;NONE;NONE;;2020-02-17T15:40:45-05:00;2020;No;No;2;15
282 FEET FROM STURDIVANT DR;TWO-WAY,NOT DIVIDED;DARK - ROADWAY NOT LIGHTED;CLEAR;0;0;;NO CONTROL PRESENT;PASSENGER CAR;SPORT UTILITY;NONE;NONE;;2020-02-15T20:08:32-05:00;2020;No;No;2;20
CARY;TWO-WAY,NOT DIVIDED;DAYLIGHT;CLEAR;0;0;;STOP SIGN;PASSENGER CAR;PASSENGER CAR;NONE;NONE;;2020-02-17T16:27:52-05:00;2020;No;No;2;16
.15 MILES FROM US1 N;TWO-WAY,DIVIDED,POSITIVE MEDIAN BARRIER;DAYLIGHT;CLEAR;0;0;;NO CONTROL PRESENT;PASSENGER CAR;PASSENGER CAR;NONE;NONE;;2020-02-14T15:43:22-05:00;2020;No;No;2;15
300 FEET FROM SR 5808 (E CHATHAM ST);TWO-WAY,NOT DIVIDED;DAYLIGHT;CLEAR;0;0;;STOP AND GO SIGNAL;PASSENGER CAR;PASSENGER CAR;NONE;NONE;;2020-02-14T16:32:53-05:00;2020;No;No;2;16
20 FEET FROM P.V.A. (103 SW MAYNARD RD);TWO-WAY,NOT DIVIDED;DAYLIGHT;CLEAR;0;0;;NO CONTROL PRESENT;SPORT UTILITY;SPORT UTILITY;NONE;NONE;;2020-02-18T17:21:13-05:00;2020;No;No;2;17
236 FEET FROM SR4067(REGENCY PKWY);TWO-WAY,DIVIDED,POSITIVE MEDIAN BARRIER;DARK - LIGHTED ROADWAY;CLEAR;0;0;;NO CONTROL PRESENT;SPORT UTILITY;SPORT UTILITY;NONE;NONE;;2020-02-18T19:06:33-05:00;2020;No;No;2;19
25 FEET FROM SR 1010 (TEN TEN RD);TWO-WAY,NOT DIVIDED;DAYLIGHT;CLOUDY;0;0;;NO CONTROL PRESENT;PASSENGER CAR;PASSENGER CAR;NONE;NONE;;2020-02-20T07:30:19-05:00;2020;No;No;2;07
.1 MILES FROM US 64 HWY;TWO-WAY,DIVIDED,UNPROTECTED MEDIAN;DAYLIGHT;CLOUDY;0;0;;STOP AND GO SIGNAL;PICKUP;PASSENGER CAR;NONE;NONE;;2020-02-20T10:18:00-05:00;2020;No;No;2;10
300 FEET FROM P.V.A. (3480 KILDAIRE FARM RD);TWO-WAY,NOT DIVIDED;DARK - LIGHTED ROADWAY;SNOW;0;0;;NO CONTROL PRESENT;PASSENGER CAR;PASSENGER CAR;NONE;NONE;;2020-02-20T19:25:22-05:00;2020;No;No;2;19
0 FEET FROM WESTON PKWY;TWO-WAY,DIVIDED,UNPROTECTED MEDIAN;DAWN;CLEAR;0;0;;NO CONTROL PRESENT;PASSENGER CAR;NONE;NONE;NONE;;2020-02-20T06:14:29-05:00;2020;No;No;2;06
0 FEET FROM SR 3977 (SE CARY PKWY);TWO-WAY,NOT DIVIDED;DAYLIGHT;CLOUDY;0;0;;STOP AND GO SIGNAL;PASSENGER CAR;PASSENGER CAR;NONE;NONE;;2020-02-19T18:22:06-05:00;2020;No;No;2;18
0 FEET FROM ADVENT CT;TWO-WAY,DIVIDED,UNPROTECTED MEDIAN;DAYLIGHT;SNOW;0;0;;STOP SIGN;PASSENGER CAR;PASSENGER CAR;NONE;NONE;;2020-02-20T14:44:28-05:00;2020;No;No;2;14
50 FEET FROM CASTALIA DR;TWO-WAY,NOT DIVIDED;DAYLIGHT;CLEAR;0;0;;NO CONTROL PRESENT;PICKUP;NONE;NONE;NONE;;2020-02-23T11:04:00-05:00;2020;No;No;2;11
.14 MILES FROM P.V.A. (2120 LAKESIDE VIEW CT);TWO-WAY,NOT DIVIDED;DARK - LIGHTED ROADWAY;CLEAR;0;0;;NO CONTROL PRESENT;PASSENGER CAR;PASSENGER CAR;NONE;NONE;;2020-02-23T19:24:31-05:00;2020;No;No;2;19
80 FEET FROM BETHABARA LN;TWO-WAY,NOT DIVIDED;DAYLIGHT;CLOUDY;0;0;;NO CONTROL PRESENT;PICKUP;PICKUP;NONE;NONE;;2020-02-24T11:57:00-05:00;2020;No;No;2;11
10 FEET FROM SR 1415 (SE MAYNARD RD);TWO-WAY,NOT DIVIDED;DAYLIGHT;RAIN;0;0;;NO CONTROL PRESENT;SPORT UTILITY;PASSENGER CAR;NONE;NONE;;2020-02-24T15:17:12-05:00;2020;No;No;2;15
.2 MILES FROM US 1 HWY;TWO-WAY,DIVIDED,POSITIVE MEDIAN BARRIER;DAYLIGHT;CLOUDY;0;0;;NO CONTROL PRESENT;SPORT UTILITY;SPORT UTILITY;NONE;NONE;;2020-02-26T07:23:01-05:00;2020;No;No;2;07
100 FEET FROM SR 1613 (DAVIS DR);TWO-WAY,DIVIDED,UNPROTECTED MEDIAN;DUSK;CLEAR;0;1;;STOP AND GO SIGNAL;PASSENGER CAR;SPORT UTILITY;PASSENGER CAR;NONE;;2020-02-26T17:05:09-05:00;2020;No;Yes;2;17
01 FEET FROM PVA (1020 BRADFORD PLAZA WAY);TWO-WAY,NOT DIVIDED;DAYLIGHT;CLOUDY;0;0;;NO CONTROL PRESENT;PASSENGER CAR;SPORT UTILITY;NONE;NONE;;2020-02-25T11:51:00-05:00;2020;No;No;2;11
CARY;TWO-WAY,DIVIDED,POSITIVE MEDIAN BARRIER;DARK - LIGHTED ROADWAY;CLEAR;0;0;;FLASHING STOP AND GO SIGNAL;PASSENGER CAR;PASSENGER CAR;NONE;NONE;;2020-02-26T22:24:00-05:00;2020;No;No;2;22
300 FEET FROM SR 1415 (SE MAYNARD RD);TWO-WAY,NOT DIVIDED;DAYLIGHT;CLEAR;0;0;;NO CONTROL PRESENT;PASSENGER CAR;PASSENGER CAR;NONE;NONE;;2020-02-25T14:21:14-05:00;2020;No;No;2;14
290 FEET FROM P.V.A. (1391 KILDAIRE FARM RD);TWO-WAY,NOT DIVIDED;DAYLIGHT;CLOUDY;0;0;;NO CONTROL PRESENT;PASSENGER CAR;PASSENGER CAR;NONE;NONE;;2020-02-25T12:08:00-05:00;2020;No;No;2;12
300 FEET FROM US 1 HWY;TWO-WAY,DIVIDED,POSITIVE MEDIAN BARRIER;DAYLIGHT;CLEAR;0;0;;NO CONTROL PRESENT;PICKUP;SPORT UTILITY;NONE;NONE;;2020-02-26T09:03:14-05:00;2020;No;No;2;09
CARY;TWO-WAY,DIVIDED,UNPROTECTED MEDIAN;DAYLIGHT;CLEAR;0;0;;STOP AND GO SIGNAL;PICKUP;PASSENGER CAR;SPORT UTILITY;NONE;;2020-02-28T11:17:00-05:00;2020;No;No;2;11