Location_Description;Road_Configuration;Light_Condition;Weather;Fatality;Injury;Contributing_Factor;Traffic_Control;Vehicle1;Vehicle2;Vehicle3;Vehicle4;Vehicle5;Crash_Date;year;Fatalities;Injuries;Month;Hour
CARY;TWO-WAY,DIVIDED,UNPROTECTED MEDIAN;DUSK;CLEAR;0;0;;STOP AND GO SIGNAL;PASSENGER CAR;SPORT UTILITY;PASSENGER CAR;NONE;;2020-03-01T18:45:29-05:00;2020;No;No;3;18
100 FEET FROM PVA 1601 LAKE PINE DRIVE;TWO-WAY,NOT DIVIDED;DARK - LIGHTED ROADWAY;CLEAR;0;0;;NO CONTROL PRESENT;PASSENGER CAR;NONE;NONE;NONE;;2020-02-27T21:35:49-05:00;2020;No;No;2;21
10 FEET FROM SR 1300 (KILDAIRE FARM RD);TWO-WAY,DIVIDED,UNPROTECTED MEDIAN;DUSK;CLEAR;0;0;;STOP AND GO SIGNAL;SPORT UTILITY;SPORT UTILITY;NONE;NONE;;2020-03-01T20:07:27-05:00;2020;No;No;3;20
125 FEET FROM P.V.A. (2051 RENAISSANCE PARK);ONE-WAY,NOT DIVIDED;DAYLIGHT;CLEAR;0;0;;NO CONTROL PRESENT;PASSENGER CAR;PASSENGER CAR;NONE;NONE;;2020-02-28T17:11:51-05:00;2020;No;No;2;17
0 FEET FROM SR 1300 (KILAIRE FARM RD);TWO-WAY,NOT DIVIDED;DAYLIGHT;CLEAR;0;2;;STOP AND GO SIGNAL;PASSENGER CAR;PASSENGER CAR;NONE;NONE;;2020-02-23T15:35:05-05:00;2020;No;Yes;2;15
.2 MILES FROM P.V.A. (2024 KILDAIRE FARM RD);TWO-WAY,NOT DIVIDED;DAYLIGHT;CLOUDY;0;0;;NO CONTROL PRESENT;SPORT UTILITY;VAN;NONE;NONE;;2020-02-28T14:50:37-05:00;2020;No;No;2;14
274 FEET FROM S.R. 1300 (KILDAIRE FARM RD);TWO-WAY,DIVIDED,UNPROTECTED MEDIAN;DAYLIGHT;CLEAR;0;0;;NO CONTROL PRESENT;PASSENGER CAR;PASSENGER CAR;NONE;NONE;;2020-03-02T14:45:14-05:00;2020;No;No;3;14
50 FEET FROM P.V.A. ( 8204 TRYON WOODS RD );TWO-WAY,NOT DIVIDED;DAYLIGHT;CLEAR;0;0;;NO CONTROL PRESENT;PASSENGER CAR;PASSENGER CAR;NONE;NONE;;2020-03-02T12:10:00-05:00;2020;No;No;3;12
300 FEET FROM PVA WALMART (973 N HARRISON AV;TWO-WAY,NOT DIVIDED;DAYLIGHT;CLEAR;0;0;;NO CONTROL PRESENT;NONE;PASSENGER CAR;NONE;NONE;;2020-03-02T13:58:14-05:00;2020;No;No;3;13
50 FEET FROM SR 1630 (GREEN LEVEL CHURCH RD;NONE;NONE;NONE;0;0;;;NONE;NONE;NONE;NONE;;2020-02-22T00:00:00-05:00;2020;No;No;2;00
300 FEET FROM SR 1415 (SE MAYNARD RD);TWO-WAY,DIVIDED,UNPROTECTED MEDIAN;DAYLIGHT;CLEAR;0;0;;NO CONTROL PRESENT;PASSENGER CAR;NONE;NONE;NONE;;2020-03-02T10:40:00-05:00;2020;No;No;3;10
25 FEET FROM WRENN DR;TWO-WAY,NOT DIVIDED;DAYLIGHT;RAIN;0;0;;NO CONTROL PRESENT;SPORT UTILITY;PASSENGER CAR;NONE;NONE;;2020-03-03T16:56:45-05:00;2020;No;No;3;16
0 FEET FROM SR 3977 (SW CARY PKWY);TWO-WAY,DIVIDED,UNPROTECTED MEDIAN;DAYLIGHT;CLOUDY;0;3;;STOP SIGN;PASSENGER CAR;PASSENGER CAR;PASSENGER CAR;NONE;;2020-02-25T16:56:33-05:00;2020;No;Yes;2;16
60 FEET FROM P.V.A. (103 SW MAYNARD RD);TWO-WAY,NOT DIVIDED;DAYLIGHT;CLEAR;0;0;;NO CONTROL PRESENT;PICKUP;PASSENGER CAR;NONE;NONE;;2020-03-04T08:17:53-05:00;2020;No;No;3;08
CARY;TWO-WAY,DIVIDED,UNPROTECTED MEDIAN;DAWN;CLEAR;0;2;;STOP AND GO SIGNAL;SPORT UTILITY;PASSENGER CAR;NONE;NONE;;2020-03-05T07:20:43-05:00;2020;No;Yes;3;07
80 FEET FROM P.V.A. (3000 BANYON GROVE LOOP;TWO-WAY,NOT DIVIDED;DAYLIGHT;CLEAR;0;0;;NO CONTROL PRESENT;PASSENGER CAR;PASSENGER CAR;NONE;NONE;;2020-03-05T14:54:38-05:00;2020;No;No;3;14
293 FEET FROM SR1370 (TRYON RD);TWO-WAY,DIVIDED,POSITIVE MEDIAN BARRIER;DAYLIGHT;CLEAR;0;0;;STOP AND GO SIGNAL;SPORT UTILITY;SPORT UTILITY;NONE;NONE;;2020-03-05T14:52:11-05:00;2020;No;No;3;14
.02 MILES FROM SR 1624 (CARPENTER FIRE STATIO;TWO-WAY,DIVIDED,UNPROTECTED MEDIAN;DARK - LIGHTED ROADWAY;CLOUDY;0;0;;NO CONTROL PRESENT;PASSENGER CAR;VAN;NONE;NONE;;2020-03-05T18:39:55-05:00;2020;No;No;3;18
100 FEET FROM SR 1415 (SE MAYNARD RD);TWO-WAY,DIVIDED,UNPROTECTED MEDIAN;DARK - LIGHTED ROADWAY;RAIN;0;0;;NO CONTROL PRESENT;PASSENGER CAR;SPORT UTILITY;NONE;NONE;;2020-03-05T19:34:49-05:00;2020;No;No;3;19
100 FEET FROM S.R. 1 (US 1 HWY ON RAMP);ONE-WAY,NOT DIVIDED;DARK - ROADWAY NOT LIGHTED;CLEAR;0;0;;NO CONTROL PRESENT;PASSENGER CAR;PASSENGER CAR;NONE;NONE;;2020-03-05T21:41:42-05:00;2020;No;No;3;21
75 FEET FROM P.V.A. (1014 RYAN RD);TWO-WAY,NOT DIVIDED;DARK - LIGHTED ROADWAY;RAIN;0;0;;NO CONTROL PRESENT;PASSENGER CAR;PASSENGER CAR;NONE;NONE;;2020-03-05T20:20:33-05:00;2020;No;No;3;20
200 FEET FROM US 1 HWY;TWO-WAY,DIVIDED,POSITIVE MEDIAN BARRIER;DAYLIGHT;CLOUDY;0;1;;NO CONTROL PRESENT;PASSENGER CAR;PASSENGER CAR;PASSENGER CAR;NONE;;2020-03-05T22:41:00-05:00;2020;No;Yes;3;22
300 FEET FROM US 64;TWO-WAY,DIVIDED,POSITIVE MEDIAN BARRIER;DARK - ROADWAY NOT LIGHTED;CLEAR;0;0;;NO CONTROL PRESENT;PASSENGER CAR;PASSENGER CAR;NONE;NONE;;2020-03-06T19:20:09-05:00;2020;No;No;3;19
CARY;NONE;NONE;NONE;0;0;;;NONE;NONE;NONE;NONE;;2020-02-21T00:00:00-05:00;2020;No;No;2;00
300 FEET FROM CROSSROADS BLVD;TWO-WAY,DIVIDED,POSITIVE MEDIAN BARRIER;DAYLIGHT;RAIN;0;0;;NO CONTROL PRESENT;PASSENGER CAR;PASSENGER CAR;NONE;NONE;;2020-03-05T19:27:12-05:00;2020;No;No;3;19
40 FEET FROM SR 1615 (HIGH HOUSE RD);TWO-WAY,DIVIDED,UNPROTECTED MEDIAN;DUSK;CLEAR;0;0;;STOP AND GO SIGNAL;PASSENGER CAR;SPORT UTILITY;NONE;NONE;;2020-03-06T17:17:13-05:00;2020;No;No;3;17
380 FEET FROM I 40 WB;ONE-WAY,NOT DIVIDED;DAYLIGHT;CLEAR;0;0;;NO CONTROL PRESENT;PICKUP;PASSENGER CAR;NONE;NONE;;2020-03-07T11:09:00-05:00;2020;No;No;3;11
.27 MILES FROM SR 1390 (OPTIMIST FARM RD);TWO-WAY,NOT DIVIDED;DAYLIGHT;CLEAR;0;0;;STOP SIGN;SPORT UTILITY;VAN;NONE;NONE;;2020-03-08T13:43:28-04:00;2020;No;No;3;13
200 FEET FROM NC 55 HWY;TWO-WAY,DIVIDED,UNPROTECTED MEDIAN;DAYLIGHT;CLEAR;0;0;;STOP AND GO SIGNAL;PICKUP;PICKUP;NONE;NONE;;2020-03-09T16:01:43-04:00;2020;No;No;3;16
.13 MILES FROM SR 1300 (KILDAIRE FARM RD);TWO-WAY,DIVIDED,POSITIVE MEDIAN BARRIER;DAYLIGHT;CLOUDY;0;0;;NO CONTROL PRESENT;PASSENGER CAR;PASSENGER CAR;NONE;NONE;;2020-03-11T17:38:17-04:00;2020;No;No;3;17
0 FEET FROM CAITBOO AVE;TWO-WAY,NOT DIVIDED;DAYLIGHT;CLEAR;0;0;;STOP AND GO SIGNAL;SPORT UTILITY;PASSENGER CAR;NONE;NONE;;2020-03-10T18:25:34-04:00;2020;No;No;3;18
10 FEET FROM SR 1415 (SE MAYNARD RD);NONE;NONE;NONE;0;1;;;NONE;NONE;NONE;NONE;;2020-02-24T22:06:00-05:00;2020;No;Yes;2;22
.3 MILES FROM SR 1415 (NW MAYNARD RD);TWO-WAY,DIVIDED,UNPROTECTED MEDIAN;DAYLIGHT;CLEAR;0;1;;NO CONTROL PRESENT;PASSENGER CAR;PICKUP;NONE;NONE;;2020-03-11T13:33:04-04:00;2020;No;Yes;3;13
.06 MILES FROM PVA (2010 KILDAIRE FARM RD);TWO-WAY,NOT DIVIDED;DAYLIGHT;CLEAR;0;0;;NO CONTROL PRESENT;PASSENGER CAR;PASSENGER CAR;NONE;NONE;;2020-03-12T14:55:22-04:00;2020;No;No;3;14
.12 MILES FROM SR 1300 (KILDAIRE FARM RD);TWO-WAY,NOT DIVIDED;DAYLIGHT;CLEAR;0;0;;NO CONTROL PRESENT;PICKUP;PASSENGER CAR;NONE;NONE;;2020-03-12T16:47:22-04:00;2020;No;No;3;16
227 FEET FROM SR 1498 (CARY TOWNE BLVD);TWO-WAY,NOT DIVIDED;DUSK;CLOUDY;0;0;;NO CONTROL PRESENT;VAN;PASSENGER CAR;NONE;NONE;;2020-03-11T19:13:26-04:00;2020;No;No;3;19
50 FEET FROM SR 1300 (KILDAIRE FARM RD);TWO-WAY,NOT DIVIDED;DAYLIGHT;CLEAR;0;0;;NO CONTROL PRESENT;PICKUP;PASSENGER CAR;NONE;NONE;;2020-03-12T14:13:25-04:00;2020;No;No;3;14
.1 MILES FROM P.V.A. (2420 WALNUT ST);TWO-WAY,NOT DIVIDED;DAYLIGHT;CLEAR;0;0;;NO CONTROL PRESENT;PASSENGER CAR;PASSENGER CAR;NONE;NONE;;2020-03-12T11:38:00-04:00;2020;No;No;3;11
.17 MILES FROM SR 1152 (HOLLY SPRINGS RD.);TWO-WAY,DIVIDED,UNPROTECTED MEDIAN;DAYLIGHT;CLEAR;0;0;;NO CONTROL PRESENT;SPORT UTILITY;NONE;NONE;NONE;;2020-03-12T15:41:11-04:00;2020;No;No;3;15
.1 MILES FROM NC 54 (NW MAYNARD RD);TWO-WAY,DIVIDED,UNPROTECTED MEDIAN;DAYLIGHT;CLEAR;0;0;;STOP AND GO SIGNAL;PASSENGER CAR;SPORT UTILITY;NONE;NONE;;2020-03-12T13:16:38-04:00;2020;No;No;3;13
100 FEET FROM P.V.A. 2060 RENIASSANCE PARK P;ONE-WAY,NOT DIVIDED;DAYLIGHT;CLEAR;0;0;;NO CONTROL PRESENT;PASSENGER CAR;PASSENGER CAR;NONE;NONE;;2020-03-12T11:44:00-04:00;2020;No;No;3;11
0 FEET FROM SR 5808 (EAST CHATHAM ST);TWO-WAY,DIVIDED,UNPROTECTED MEDIAN;DAYLIGHT;CLEAR;0;0;;NO CONTROL PRESENT;PICKUP;SPORT UTILITY;NONE;NONE;;2020-03-11T08:14:54-04:00;2020;No;No;3;08
CARY;TWO-WAY,DIVIDED,UNPROTECTED MEDIAN;DARK - LIGHTED ROADWAY;CLEAR;0;0;;NO CONTROL PRESENT;PASSENGER CAR;NONE;NONE;NONE;;2020-03-13T21:25:43-04:00;2020;No;No;3;21
250 FEET FROM SR 1615 (HIGH HOUSE RD);TWO-WAY,DIVIDED,UNPROTECTED MEDIAN;DAYLIGHT;CLEAR;0;0;;NO CONTROL PRESENT;PASSENGER CAR;PICKUP;NONE;NONE;;2020-03-10T13:42:06-04:00;2020;No;No;3;13
147 FEET FROM SR 1300 (KILDAIRE FARM RD);TWO-WAY,NOT DIVIDED;DAYLIGHT;CLOUDY;0;0;;NO CONTROL PRESENT;PASSENGER CAR;PASSENGER CAR;SPORT UTILITY;NONE;;2020-03-14T14:54:31-04:00;2020;No;No;3;14
0 FEET FROM CHAPEL HILL RD;TWO-WAY,NOT DIVIDED;DAYLIGHT;CLEAR;0;0;;STOP AND GO SIGNAL;PASSENGER CAR;PASSENGER CAR;NONE;NONE;;2020-03-14T12:42:00-04:00;2020;No;No;3;12
CARY;TWO-WAY,NOT DIVIDED;DARK - LIGHTED ROADWAY;CLEAR;0;0;;STOP AND GO SIGNAL;PASSENGER CAR;SPORT UTILITY;NONE;NONE;;2020-03-16T22:10:00-04:00;2020;No;No;3;22
250 FEET FROM P.V.A 251 KEISLER DR;TWO-WAY,NOT DIVIDED;DAYLIGHT;CLEAR;0;0;;NO CONTROL PRESENT;PICKUP;PASSENGER CAR;NONE;NONE;;2020-03-17T16:53:56-04:00;2020;No;No;3;16
50 FEET FROM HOLLYBROOK DR;TWO-WAY,NOT DIVIDED;DAYLIGHT;CLEAR;0;0;;NO CONTROL PRESENT;PASSENGER CAR;NONE;NONE;NONE;;2020-03-17T19:26:00-04:00;2020;No;No;3;19
310 FEET FROM SR 1011 (E CHATHAM ST);TWO-WAY,NOT DIVIDED;DAYLIGHT;CLEAR;0;1;;NO CONTROL PRESENT;LIGHT TRUCK (MINI-VAN- PANEL);SPORT UTILITY;NONE;NONE;;2020-03-17T07:28:56-04:00;2020;No;Yes;3;07
CARY;TWO-WAY,NOT DIVIDED;DAYLIGHT;CLEAR;0;0;;NO CONTROL PRESENT;PASSENGER CAR;PASSENGER CAR;NONE;NONE;;2020-03-19T15:23:30-04:00;2020;No;No;3;15
5 FEET FROM S.R.1615 (HIGH HOUSE RD);TWO-WAY,DIVIDED,UNPROTECTED MEDIAN;DAYLIGHT;CLEAR;0;0;;STOP AND GO SIGNAL;SPORT UTILITY;PASSENGER CAR;NONE;NONE;;2020-03-19T15:06:06-04:00;2020;No;No;3;15
0.23 MILES FROM SR 1011 (OLD APEX RD);TWO-WAY,NOT DIVIDED;DAYLIGHT;CLEAR;0;0;;NO CONTROL PRESENT;PASSENGER CAR;NONE;NONE;NONE;;2020-03-20T10:37:00-04:00;2020;No;No;3;10
.1 MILES FROM SR 1010 (TEN TEN RD);TWO-WAY,NOT DIVIDED;DAYLIGHT;CLEAR;0;0;;NO CONTROL PRESENT;PICKUP;SPORT UTILITY;NONE;NONE;;2020-03-19T17:50:44-04:00;2020;No;No;3;17
.10 MILES FROM P.V.A. (HARRIS TEETER);TWO-WAY,NOT DIVIDED;DAYLIGHT;CLEAR;0;0;;NO CONTROL PRESENT;PASSENGER CAR;SPORT UTILITY;NONE;NONE;;2020-03-20T15:38:53-04:00;2020;No;No;3;15
0 FEET FROM S.R. 1349 (DILLARD DR);TWO-WAY,DIVIDED,UNPROTECTED MEDIAN;DARK - LIGHTED ROADWAY;RAIN;0;1;;STOP AND GO SIGNAL;PASSENGER CAR;PASSENGER CAR;NONE;NONE;;2020-03-21T21:17:58-04:00;2020;No;Yes;3;21
400 FEET FROM 1121 PARKSIDE MAIN ST;ONE-WAY,NOT DIVIDED;DAYLIGHT;CLOUDY;0;0;;NO CONTROL PRESENT;SINGLE UNIT TRUCK (2-AXLE- 6-TIRE);SPORT UTILITY;NONE;NONE;;2020-03-25T13:13:02-04:00;2020;No;No;3;13
300 FEET FROM SR 5808 (E CHATHAM ST);TWO-WAY,NOT DIVIDED;DAYLIGHT;CLEAR;0;1;;NO CONTROL PRESENT;VAN;PASSENGER CAR;NONE;NONE;;2020-03-20T12:16:00-04:00;2020;No;Yes;3;12
0 FEET FROM REED ST;TWO-WAY,NOT DIVIDED;DAYLIGHT;CLOUDY;0;0;;NO CONTROL PRESENT;PASSENGER CAR;VAN;NONE;NONE;;2020-03-25T12:20:00-04:00;2020;No;No;3;12
103 FEET FROM BEECH HANGER DRIVE;TWO-WAY,NOT DIVIDED;DAYLIGHT;CLEAR;0;0;;NO CONTROL PRESENT;PASSENGER CAR;NONE;NONE;NONE;;2020-03-26T18:12:38-04:00;2020;No;No;3;18
0 FEET FROM THORPE DR;TWO-WAY,NOT DIVIDED;DAYLIGHT;CLEAR;0;0;;STOP SIGN;VAN;SPORT UTILITY;NONE;NONE;;2020-03-26T17:30:26-04:00;2020;No;No;3;17
CARY;TWO-WAY,DIVIDED,UNPROTECTED MEDIAN;DARK - LIGHTED ROADWAY;CLEAR;0;0;;NO CONTROL PRESENT;MOPED;NONE;NONE;NONE;;2020-03-30T22:12:00-04:00;2020;No;No;3;22
50 FEET FROM US HWY 64 E;TWO-WAY,DIVIDED,UNPROTECTED MEDIAN;DAYLIGHT;CLEAR;0;0;;STOP AND GO SIGNAL;SPORT UTILITY;VAN;NONE;NONE;;2020-03-28T18:25:44-04:00;2020;No;No;3;18
.1 MILES FROM SR 1009 (TRYON RD);TWO-WAY,DIVIDED,POSITIVE MEDIAN BARRIER;DAYLIGHT;CLEAR;0;1;;STOP AND GO SIGNAL;PASSENGER CAR;PASSENGER CAR;NONE;NONE;;2020-03-28T20:47:52-04:00;2020;No;Yes;3;20
172 FEET FROM P.V.A. (1400 CRESCENT GREEN);TWO-WAY,NOT DIVIDED;DAYLIGHT;CLOUDY;0;0;;NO CONTROL PRESENT;PASSENGER CAR;SPORT UTILITY;NONE;NONE;;2020-03-31T13:21:04-04:00;2020;No;No;3;13
100 FEET FROM PVA OF 973 N HARRISON AV;TWO-WAY,NOT DIVIDED;DAYLIGHT;CLEAR;0;0;;NO CONTROL PRESENT;PASSENGER CAR;SPORT UTILITY;NONE;NONE;;2020-04-01T15:27:46-04:00;2020;No;No;4;15
CARY;TWO-WAY,DIVIDED,UNPROTECTED MEDIAN;DAYLIGHT;CLEAR;0;0;;STOP AND GO SIGNAL;SPORT UTILITY;NONE;NONE;NONE;;2020-04-03T12:05:00-04:00;2020;No;No;4;12
120 FEET FROM P.V.A. 8851 CHAPEL HILL RD;TWO-WAY,NOT DIVIDED;DAYLIGHT;CLEAR;0;0;;NO CONTROL PRESENT;PASSENGER CAR;PASSENGER CAR;NONE;NONE;;2020-04-03T15:54:45-04:00;2020;No;No;4;15
00 FEET FROM SR 1615 (HIGH HOUSE RD);TWO-WAY,DIVIDED,POSITIVE MEDIAN BARRIER;DAYLIGHT;CLOUDY;0;0;;STOP AND GO SIGNAL;PASSENGER CAR;PASSENGER CAR;NONE;NONE;;2020-03-30T14:18:23-04:00;2020;No;No;3;14
.1 MILES FROM SR 1387 (WEST LAKE RD);TWO-WAY,NOT DIVIDED;DARK - ROADWAY NOT LIGHTED;CLEAR;0;0;;NO CONTROL PRESENT;PASSENGER CAR;NONE;NONE;NONE;;2020-04-04T00:59:00-04:00;2020;No;No;4;00
20 FEET FROM PVA 200 S ACADEMY STREET;TWO-WAY,NOT DIVIDED;DAYLIGHT;CLEAR;0;0;;NO CONTROL PRESENT;SPORT UTILITY;PASSENGER CAR;NONE;NONE;;2020-04-06T10:42:00-04:00;2020;No;No;4;10
.1 MILES FROM P.V.A. OF ALDI (2303 NW MAYNAR;TWO-WAY,NOT DIVIDED;DAYLIGHT;CLEAR;0;1;;NO CONTROL PRESENT;PASSENGER CAR;NONE;NONE;NONE;;2020-04-06T17:53:55-04:00;2020;No;Yes;4;17
CARY;TWO-WAY,DIVIDED,POSITIVE MEDIAN BARRIER;DAYLIGHT;CLEAR;0;0;;STOP AND GO SIGNAL;PASSENGER CAR;SPORT UTILITY;NONE;NONE;;2020-04-06T15:52:02-04:00;2020;No;No;4;15
150 FEET FROM P.V.A (1002 VILLAGE GREENWAY);TWO-WAY,NOT DIVIDED;DUSK;CLEAR;0;0;;NO CONTROL PRESENT;PASSENGER CAR;PICKUP;NONE;NONE;;2020-04-06T20:33:59-04:00;2020;No;No;4;20
100 FEET FROM CREEK PARK DR;TWO-WAY,NOT DIVIDED;DAYLIGHT;CLEAR;0;0;;NO CONTROL PRESENT;NONE;NONE;NONE;NONE;;2020-04-10T13:04:12-04:00;2020;No;No;4;13
50 FEET FROM PVA OF 410 DELTA CT;TWO-WAY,NOT DIVIDED;DAYLIGHT;CLEAR;0;0;;NO CONTROL PRESENT;SPORT UTILITY;PASSENGER CAR;NONE;NONE;;2020-04-10T14:01:17-04:00;2020;No;No;4;14
50 FEET FROM P.V.A. 205 S ACADEMY ST;TWO-WAY,NOT DIVIDED;DAYLIGHT;CLEAR;0;0;;NO CONTROL PRESENT;PASSENGER CAR;SPORT UTILITY;NONE;NONE;;2020-04-10T13:08:52-04:00;2020;No;No;4;13
10 FEET FROM SR 1300 (KILDAIRE FARM RD);TWO-WAY,NOT DIVIDED;DAYLIGHT;CLEAR;0;0;;STOP AND GO SIGNAL;PASSENGER CAR;SPORT UTILITY;NONE;NONE;;2020-04-08T12:08:00-04:00;2020;No;No;4;12
.11 MILES FROM PVA (2370 WALNUT ST);TWO-WAY,NOT DIVIDED;DAYLIGHT;CLEAR;0;0;;NO CONTROL PRESENT;SPORT UTILITY;SPORT UTILITY;NONE;NONE;;2020-04-09T16:06:51-04:00;2020;No;No;4;16
50 FEET FROM SR 1300 (KILDAIRE FARM RD);TWO-WAY,NOT DIVIDED;DARK - LIGHTED ROADWAY;CLEAR;0;1;;NO CONTROL PRESENT;PASSENGER CAR;NONE;NONE;NONE;;2020-04-14T05:54:56-04:00;2020;No;Yes;4;05
300 FEET FROM PVA (7145 O`KELLY CHAPEL RD);TWO-WAY,NOT DIVIDED;DAYLIGHT;CLEAR;0;0;;NO CONTROL PRESENT;SPORT UTILITY;SPORT UTILITY;NONE;NONE;;2020-04-14T21:48:41-04:00;2020;No;No;4;21
400 FEET FROM P.V.A. 300-BLK BEECHTREE DR;TWO-WAY,NOT DIVIDED;DAYLIGHT;CLOUDY;0;0;;NO CONTROL PRESENT;PASSENGER CAR;NONE;NONE;NONE;;2020-04-15T09:09:37-04:00;2020;No;No;4;09
66 FEET FROM WEYCROFT AV;TWO-WAY,DIVIDED,UNPROTECTED MEDIAN;DAYLIGHT;CLEAR;0;0;;NO CONTROL PRESENT;VAN;PICKUP;NONE;NONE;;2020-04-14T17:12:53-04:00;2020;No;No;4;17
0 FEET FROM SR 1415 ( SW MAYNARD RD);TWO-WAY,DIVIDED,UNPROTECTED MEDIAN;DAYLIGHT;CLEAR;0;0;;STOP AND GO SIGNAL;PASSENGER CAR;PASSENGER CAR;NONE;NONE;;2020-04-13T19:24:40-04:00;2020;No;No;4;19
400 FEET FROM PVA (1353 BRADFORD VIEW DR);TWO-WAY,NOT DIVIDED;DAYLIGHT;CLEAR;0;0;;NO CONTROL PRESENT;SPORT UTILITY;SPORT UTILITY;NONE;NONE;;2020-04-14T18:17:38-04:00;2020;No;No;4;18
150 FEET FROM 9043 CHAPEL HILL RD (PVA);TWO-WAY,NOT DIVIDED;DAYLIGHT;CLEAR;0;0;;STOP SIGN;PASSENGER CAR;PICKUP;NONE;NONE;;2020-04-17T17:18:33-04:00;2020;No;No;4;17
110 FEET FROM P.P.  (FIRE STATION 5);ONE-WAY,NOT DIVIDED;DAYLIGHT;CLOUDY;0;0;;NO CONTROL PRESENT;EMS VEHICLE- AMBULANCE- RESCUE SQUAD;FIRETRUCK;NONE;NONE;;2020-04-19T12:22:00-04:00;2020;No;No;4;12
0 FEET FROM SR 1415 (SE MAYNARD RD);TWO-WAY,DIVIDED,UNPROTECTED MEDIAN;DAYLIGHT;CLEAR;0;0;;STOP AND GO SIGNAL;PASSENGER CAR;PASSENGER CAR;NONE;NONE;;2020-04-19T18:51:45-04:00;2020;No;No;4;18
103 FEET FROM WARREN AV;TWO-WAY,NOT DIVIDED;DAYLIGHT;RAIN;0;0;;NO CONTROL PRESENT;LIGHT TRUCK (MINI-VAN- PANEL);PASSENGER CAR;NONE;NONE;;2020-04-20T12:57:00-04:00;2020;No;No;4;12
398 FEET FROM P.V.A. RITTER PARK (301 W LOCH;TWO-WAY,NOT DIVIDED;DAYLIGHT;CLEAR;0;0;;NO CONTROL PRESENT;PICKUP;PASSENGER CAR;NONE;NONE;;2020-04-20T17:23:17-04:00;2020;No;No;4;17
0 FEET FROM SR 3112 (NW CARY PKWY);TWO-WAY,NOT DIVIDED;DARK - LIGHTED ROADWAY;CLEAR;0;0;;NO CONTROL PRESENT;SPORT UTILITY;NONE;NONE;NONE;;2020-04-23T05:13:53-04:00;2020;No;No;4;05
CARY;TWO-WAY,DIVIDED,UNPROTECTED MEDIAN;DAYLIGHT;CLEAR;0;0;;STOP AND GO SIGNAL;PASSENGER CAR;SPORT UTILITY;NONE;NONE;;2020-04-22T08:44:05-04:00;2020;No;No;4;08
75 FEET FROM P.V.A. (201 HIGH HOUSE RD);ONE-WAY,NOT DIVIDED;DAYLIGHT;CLEAR;0;0;;NO CONTROL PRESENT;SPORT UTILITY;PASSENGER CAR;NONE;NONE;;2020-04-23T17:12:07-04:00;2020;No;No;4;17
17 FEET FROM SR 1300 (KILDAIRE FARM RD;TWO-WAY,DIVIDED,UNPROTECTED MEDIAN;DAYLIGHT;RAIN;0;0;COMING FROM BEHIND PARKED VEHICLE;STOP AND GO SIGNAL;PICKUP;NONE;NONE;NONE;;2020-04-20T13:19:43-04:00;2020;No;No;4;13
100 FEET FROM P.V.A (2323 NW MAYNARD RD);TWO-WAY,NOT DIVIDED;DAYLIGHT;CLEAR;0;0;;NO CONTROL PRESENT;SPORT UTILITY;SPORT UTILITY;NONE;NONE;;2020-04-25T13:27:07-04:00;2020;No;No;4;13
42 FEET FROM CLEARCREEK CT;TWO-WAY,NOT DIVIDED;DAYLIGHT;CLEAR;0;0;;NO CONTROL PRESENT;PASSENGER CAR;PASSENGER CAR;NONE;NONE;;2020-04-20T10:06:00-04:00;2020;No;No;4;10
300 FEET FROM VALLEYSTONE DR;TWO-WAY,NOT DIVIDED;DAYLIGHT;CLEAR;0;0;;NO CONTROL PRESENT;PASSENGER CAR;PICKUP;NONE;NONE;;2020-04-28T12:07:00-04:00;2020;No;No;4;12
CARY;TWO-WAY,DIVIDED,UNPROTECTED MEDIAN;DAYLIGHT;RAIN;0;0;;STOP AND GO SIGNAL;SPORT UTILITY;PASSENGER CAR;NONE;NONE;;2020-04-30T09:06:51-04:00;2020;No;No;4;09
5 FEET FROM CARY GLEN BLVD;TWO-WAY,DIVIDED,UNPROTECTED MEDIAN;DAYLIGHT;CLOUDY;0;0;;STOP AND GO SIGNAL;PASSENGER CAR;PASSENGER CAR;NONE;NONE;;2020-04-30T14:22:29-04:00;2020;No;No;4;14
0 MILES FROM SR 3081 (CHAPEL HILL RD);TWO-WAY,DIVIDED,UNPROTECTED MEDIAN;DARK - ROADWAY NOT LIGHTED;CLEAR;0;0;FAILURE TO OBEY TRAFFIC SIGNS,SIGNALS;STOP AND GO SIGNAL;PASSENGER CAR;PASSENGER CAR;NONE;NONE;;2020-04-29T16:21:11-04:00;2020;No;No;4;16
0 MILES FROM SR 1381 (CHAPEL HILL RD);NONE;NONE;NONE;0;0;;;PASSENGER CAR;NONE;NONE;NONE;;2020-04-29T00:00:00-04:00;2020;No;No;4;00
.15 MILES FROM US 64 HWY;TWO-WAY,DIVIDED,UNPROTECTED MEDIAN;DAYLIGHT;CLOUDY;0;0;;NO CONTROL PRESENT;SPORT UTILITY;VAN;NONE;NONE;;2020-04-29T17:21:21-04:00;2020;No;No;4;17
336 FEET FROM CROSSROADS BLVD;TWO-WAY,DIVIDED,UNPROTECTED MEDIAN;DAYLIGHT;CLEAR;0;0;;NO CONTROL PRESENT;PASSENGER CAR;PASSENGER CAR;NONE;NONE;;2020-05-02T19:00:14-04:00;2020;No;No;5;19
50 FEET FROM PVA (1704 TALKING ROCK DR);TWO-WAY,NOT DIVIDED;DAYLIGHT;CLEAR;0;0;;NO CONTROL PRESENT;SPORT UTILITY;SPORT UTILITY;NONE;NONE;;2020-04-25T18:35:46-04:00;2020;No;No;4;18