Location_Description;Road_Configuration;Light_Condition;Weather;Fatality;Injury;Contributing_Factor;Traffic_Control;Vehicle1;Vehicle2;Vehicle3;Vehicle4;Vehicle5;Crash_Date;year;Fatalities;Injuries;Month;Hour
78 FEET FROM 100 TAMARAK WOOD CT;TWO-WAY,NOT DIVIDED;DAYLIGHT;CLEAR;0;0;;NO CONTROL PRESENT;SPORT UTILITY;VAN;NONE;NONE;;2020-05-04T17:45:32-04:00;2020;No;No;5;17
.1 MILES FROM WALCOTT WAY;TWO-WAY,NOT DIVIDED;DAYLIGHT;CLEAR;0;0;;NO CONTROL PRESENT;PASSENGER CAR;PASSENGER CAR;NONE;NONE;;2020-05-04T15:56:27-04:00;2020;No;No;5;15
60 FEET FROM S.R. 1613 (DAVIS DR);TWO-WAY,DIVIDED,UNPROTECTED MEDIAN;DAYLIGHT;CLEAR;0;0;;STOP SIGN;PASSENGER CAR;SPORT UTILITY;NONE;NONE;;2020-05-07T09:09:23-04:00;2020;No;No;5;09
CARY;TWO-WAY,NOT DIVIDED;DAYLIGHT;CLEAR;0;0;;STOP AND GO SIGNAL;PICKUP;PASSENGER CAR;NONE;NONE;;2020-05-08T11:57:00-04:00;2020;No;No;5;11
CARY;TWO-WAY,DIVIDED,UNPROTECTED MEDIAN;DAYLIGHT;CLEAR;0;0;;STOP SIGN;PASSENGER CAR;SPORT UTILITY;NONE;NONE;;2020-05-08T11:26:00-04:00;2020;No;No;5;11
262 FEET FROM P.V.A. (FOODLION 980 SR 1300);TWO-WAY,NOT DIVIDED;DAYLIGHT;CLEAR;0;0;;NO CONTROL PRESENT;PASSENGER CAR;SPORT UTILITY;NONE;NONE;;2020-05-07T17:03:16-04:00;2020;No;No;5;17
NEAR .2 MILES S OF S NC 55 HWY;TWO-WAY,DIVIDED,UNPROTECTED MEDIAN;DAYLIGHT;CLEAR;0;0;;NO CONTROL PRESENT;PASSENGER CAR;PASSENGER CAR;NONE;NONE;;2020-05-07T17:35:48-04:00;2020;No;No;5;17
300 FEET FROM P.V.A. (HOBBY LOBBY);TWO-WAY,NOT DIVIDED;DAYLIGHT;CLOUDY;0;0;;NO CONTROL PRESENT;PASSENGER CAR;PICKUP;NONE;NONE;;2020-05-08T14:57:02-04:00;2020;No;No;5;14
.1 MILES FROM P.V.A. OF 2458 SW CARY PKWY;TWO-WAY,NOT DIVIDED;DAYLIGHT;CLEAR;0;0;;NO CONTROL PRESENT;PASSENGER CAR;PASSENGER CAR;NONE;NONE;;2020-05-11T12:46:00-04:00;2020;No;No;5;12
.2 MILES FROM P.V.A. 101 RIBBON LN;TWO-WAY,NOT DIVIDED;DARK - UNKNOWN LIGHTING;CLEAR;0;0;;NO CONTROL PRESENT;PASSENGER CAR;NONE;NONE;NONE;;2020-05-11T11:52:00-04:00;2020;No;No;5;11
CARY;TWO-WAY,DIVIDED,UNPROTECTED MEDIAN;DAYLIGHT;CLOUDY;0;1;;STOP AND GO SIGNAL;PASSENGER CAR;PASSENGER CAR;PASSENGER CAR;NONE;;2020-05-13T07:21:16-04:00;2020;No;Yes;5;07
475 FEET FROM SR 3977 (SE CARY PKWY);TWO-WAY,NOT DIVIDED;DAYLIGHT;CLEAR;0;0;;STOP AND GO SIGNAL;PASSENGER CAR;PASSENGER CAR;NONE;NONE;;2020-05-12T20:29:15-04:00;2020;No;No;5;20
200 FEET FROM SR1370(TRYON RD);TWO-WAY,DIVIDED,POSITIVE MEDIAN BARRIER;DAYLIGHT;CLEAR;0;0;;NO CONTROL PRESENT;PICKUP;PASSENGER CAR;NONE;NONE;;2020-05-13T17:33:09-04:00;2020;No;No;5;17
75 FEET FROM P.V.A (PICKETT BRANCH RD);TWO-WAY,NOT DIVIDED;DAYLIGHT;CLEAR;0;0;;NO CONTROL PRESENT;SPORT UTILITY;SPORT UTILITY;NONE;NONE;;2020-05-14T07:04:28-04:00;2020;No;No;5;07
0 FEET FROM SR 1435 (OLD RALEIGH RD);TWO-WAY,NOT DIVIDED;DAYLIGHT;CLEAR;0;0;;STOP SIGN;PASSENGER CAR;SPORT UTILITY;NONE;NONE;;2020-05-14T19:40:45-04:00;2020;No;No;5;19
.138 MILES FROM P.V.A. 1920 NW MAYNARD RD;TWO-WAY,NOT DIVIDED;DAYLIGHT;CLEAR;0;0;;NO CONTROL PRESENT;PICKUP;PASSENGER CAR;NONE;NONE;;2020-05-13T14:28:00-04:00;2020;No;No;5;14
00 FEET FROM SR 3081 (CHAPEL HILL RD);TWO-WAY,NOT DIVIDED;DUSK;CLEAR;0;2;;STOP AND GO SIGNAL;PASSENGER CAR;SPORT UTILITY;NONE;NONE;;2020-05-11T20:00:32-04:00;2020;No;Yes;5;20
200 FEET FROM P.V.A. (2430 WALNUT ST);TWO-WAY,NOT DIVIDED;DAYLIGHT;CLEAR;0;0;;NO CONTROL PRESENT;SPORT UTILITY;PASSENGER CAR;NONE;NONE;;2020-05-11T12:29:00-04:00;2020;No;No;5;12
.33 MILES FROM 11724 GREEN LEVEL CHURCH RD;TWO-WAY,NOT DIVIDED;DAYLIGHT;CLEAR;0;1;;NO CONTROL PRESENT;PASSENGER CAR;NONE;NONE;NONE;;2020-05-16T13:58:42-04:00;2020;No;Yes;5;13
150 FEET FROM 405 JASLIE DR;TWO-WAY,NOT DIVIDED;DAYLIGHT;CLEAR;0;0;;NO CONTROL PRESENT;SPORT UTILITY;NONE;NONE;NONE;;2020-05-16T15:53:10-04:00;2020;No;No;5;15
163 FEET FROM SR 1650 (REEDY CREEK RD);TWO-WAY,NOT DIVIDED;DARK - LIGHTED ROADWAY;CLEAR;0;0;;NO CONTROL PRESENT;SPORT UTILITY;PASSENGER CAR;NONE;NONE;;2020-05-16T18:24:31-04:00;2020;No;No;5;18
40 FEET FROM SR 1300 (KILDAIRE FARM RD);TWO-WAY,DIVIDED,POSITIVE MEDIAN BARRIER;DAYLIGHT;RAIN;0;0;;STOP AND GO SIGNAL;PASSENGER CAR;SPORT UTILITY;NONE;NONE;;2020-05-21T18:01:20-04:00;2020;No;No;5;18
CARY;TWO-WAY,NOT DIVIDED;DAYLIGHT;RAIN;0;0;;NO CONTROL PRESENT;VAN;VAN;PASSENGER CAR;NONE;;2020-05-19T10:53:00-04:00;2020;No;No;5;10
100 FEET FROM P.V.A. 303 BOWDEN ST;TWO-WAY,NOT DIVIDED;DAYLIGHT;RAIN;0;0;;NO CONTROL PRESENT;PASSENGER CAR;PICKUP;NONE;NONE;;2020-05-21T06:57:06-04:00;2020;No;No;5;06
.17 MILES FROM SR 1313 (WALNUT ST);TWO-WAY,DIVIDED,POSITIVE MEDIAN BARRIER;DARK - LIGHTED ROADWAY;RAIN;0;0;;STOP AND GO SIGNAL;PASSENGER CAR;PASSENGER CAR;NONE;NONE;;2020-05-22T21:05:09-04:00;2020;No;No;5;21
262 FEET FROM P.V.A. (104 HOLLINGSWORTH PL);TWO-WAY,NOT DIVIDED;NONE;RAIN;0;0;;NO CONTROL PRESENT;NONE;PASSENGER CAR;NONE;NONE;;2020-05-21T15:00:58-04:00;2020;No;No;5;15
100 FEET FROM P.V.A (8204 TRYON WOODS DR);TWO-WAY,NOT DIVIDED;DAYLIGHT;CLEAR;0;0;;NO CONTROL PRESENT;PASSENGER CAR;PASSENGER CAR;NONE;NONE;;2020-05-23T09:12:11-04:00;2020;No;No;5;09
CARY;TWO-WAY,DIVIDED,UNPROTECTED MEDIAN;DAYLIGHT;CLEAR;0;0;;STOP AND GO SIGNAL;PICKUP;VAN;NONE;NONE;;2020-05-23T15:49:38-04:00;2020;No;No;5;15
CARY;TWO-WAY,DIVIDED,POSITIVE MEDIAN BARRIER;DAYLIGHT;CLEAR;0;0;;STOP AND GO SIGNAL;SPORT UTILITY;PASSENGER CAR;PASSENGER CAR;NONE;;2020-05-23T15:23:24-04:00;2020;No;No;5;15
0 FEET FROM SR 1652 (N HARRISON AV);TWO-WAY,NOT DIVIDED;DAYLIGHT;CLEAR;0;0;;STOP AND GO SIGNAL;TRUCK/TRAILER;NONE;NONE;NONE;;2020-05-22T14:58:02-04:00;2020;No;No;5;14
20 FEET FROM SR 3014 MORRISVILLE CARPENTER;TWO-WAY,NOT DIVIDED;DAYLIGHT;CLOUDY;0;0;;STOP AND GO SIGNAL;SPORT UTILITY;SPORT UTILITY;NONE;NONE;;2020-05-27T13:59:08-04:00;2020;No;No;5;13
125 FEET FROM SR 3073 (NW MAYNARD RD);TWO-WAY,DIVIDED,UNPROTECTED MEDIAN;DAYLIGHT;CLOUDY;0;0;;STOP AND GO SIGNAL;LIGHT TRUCK (MINI-VAN- PANEL);PICKUP;NONE;NONE;;2020-05-29T11:39:00-04:00;2020;No;No;5;11
200 FEET FROM SR 1616 (OLD APEX RD);TWO-WAY,NOT DIVIDED;DAYLIGHT;RAIN;0;0;;NO CONTROL PRESENT;PASSENGER CAR;PASSENGER CAR;NONE;NONE;;2020-05-29T11:53:00-04:00;2020;No;No;5;11
.25 MILES FROM P.V.A. 2021 WALNUT ST (TARGET);TWO-WAY,NOT DIVIDED;DAYLIGHT;CLEAR;0;0;;NO CONTROL PRESENT;PASSENGER CAR;PASSENGER CAR;NONE;NONE;;2020-05-30T11:43:00-04:00;2020;No;No;5;11
0 FEET FROM SR 1615 (HIGH HOUSE RD);TWO-WAY,NOT DIVIDED;DAYLIGHT;CLEAR;0;0;;STOP SIGN;PASSENGER CAR;NONE;NONE;NONE;;2020-05-30T16:00:50-04:00;2020;No;No;5;16
CARY;NONE;NONE;NONE;0;0;;;NONE;NONE;NONE;NONE;;2020-05-30T18:46:14-04:00;2020;No;No;5;18
48 FEET FROM P.V.A. (325 CROSSROADS BLVD);TWO-WAY,NOT DIVIDED;DAYLIGHT;CLEAR;0;0;;NO CONTROL PRESENT;SPORT UTILITY;PASSENGER CAR;NONE;NONE;;2020-05-31T17:16:16-04:00;2020;No;No;5;17
.1 MILES FROM P.V.A. 333 CROSSROADS BLVD;TWO-WAY,NOT DIVIDED;DAYLIGHT;CLEAR;0;0;;NO CONTROL PRESENT;PASSENGER CAR;SPORT UTILITY;NONE;NONE;;2020-05-30T13:08:39-04:00;2020;No;No;5;13
145 FEET FROM ADVENT CT;TWO-WAY,NOT DIVIDED;DAYLIGHT;CLEAR;0;0;;NO CONTROL PRESENT;SPORT UTILITY;PASSENGER CAR;NONE;NONE;;2020-06-01T14:30:00-04:00;2020;No;No;6;14
25 FEET FROM P.V.A. (1607 WALNUT ST);ONE-WAY,NOT DIVIDED;DAYLIGHT;CLEAR;0;0;;NO CONTROL PRESENT;PASSENGER CAR;NONE;NONE;NONE;;2020-06-01T15:22:01-04:00;2020;No;No;6;15
104 FEET FROM US 64;TWO-WAY,DIVIDED,UNPROTECTED MEDIAN;DAYLIGHT;CLEAR;0;0;;NO CONTROL PRESENT;SPORT UTILITY;PICKUP;NONE;NONE;;2020-06-01T16:52:45-04:00;2020;No;No;6;16
20 FEET FROM SR 1313 (WALNUT ST;TWO-WAY,DIVIDED,POSITIVE MEDIAN BARRIER;DAYLIGHT;CLEAR;0;0;;STOP AND GO SIGNAL;PASSENGER CAR;PASSENGER CAR;NONE;NONE;;2020-06-02T20:13:26-04:00;2020;No;No;6;20
.1 MILES FROM US 64;TWO-WAY,DIVIDED,POSITIVE MEDIAN BARRIER;DAYLIGHT;CLEAR;0;0;;NO CONTROL PRESENT;PASSENGER CAR;SPORT UTILITY;SPORT UTILITY;NONE;;2020-06-03T18:36:41-04:00;2020;No;No;6;18
0 FEET FROM SR 3060 (MORRISVILLE PKWY);TWO-WAY,DIVIDED,UNPROTECTED MEDIAN;DAYLIGHT;CLEAR;0;0;;STOP AND GO SIGNAL;SPORT UTILITY;SPORT UTILITY;NONE;NONE;;2020-06-05T15:02:39-04:00;2020;No;No;6;15
50 FEET FROM SR 1313 (WALNUT ST);TWO-WAY,DIVIDED,UNPROTECTED MEDIAN;DAYLIGHT;CLEAR;0;0;;NO CONTROL PRESENT;PASSENGER CAR;SPORT UTILITY;NONE;NONE;;2020-06-05T15:53:41-04:00;2020;No;No;6;15
150 FEET FROM P.V.A. (1315 KILDAIRE FARM RD);TWO-WAY,DIVIDED,UNPROTECTED MEDIAN;DAYLIGHT;CLEAR;0;0;;STOP SIGN;SPORT UTILITY;PASSENGER CAR;NONE;NONE;;2020-06-06T18:27:43-04:00;2020;No;No;6;18
0 FEET FROM NC 54 HWY;TWO-WAY,DIVIDED,UNPROTECTED MEDIAN;DAYLIGHT;CLEAR;0;0;;STOP AND GO SIGNAL;PASSENGER CAR;PASSENGER CAR;NONE;NONE;;2020-06-06T10:50:00-04:00;2020;No;No;6;10
150 FEET FROM SR 1615 (HIGH HOUSE RD);TWO-WAY,DIVIDED,UNPROTECTED MEDIAN;DAYLIGHT;CLEAR;0;0;;NO CONTROL PRESENT;LIGHT TRUCK (MINI-VAN- PANEL);PASSENGER CAR;NONE;NONE;;2020-06-06T07:57:00-04:00;2020;No;No;6;07
50 FEET FROM P.V.A. 1421 OLD APEX RD;TWO-WAY,NOT DIVIDED;DAYLIGHT;CLEAR;0;0;;NO CONTROL PRESENT;PASSENGER CAR;PASSENGER CAR;NONE;NONE;;2020-06-06T14:38:40-04:00;2020;No;No;6;14
CARY;TWO-WAY,DIVIDED,UNPROTECTED MEDIAN;DAYLIGHT;CLEAR;0;1;;STOP AND GO SIGNAL;SPORT UTILITY;PASSENGER CAR;NONE;NONE;;2020-06-08T09:05:54-04:00;2020;No;Yes;6;09
100 FEET FROM SR 1397 (PENNY RD);ONE-WAY,NOT DIVIDED;DAYLIGHT;CLEAR;0;0;;NO CONTROL PRESENT;PICKUP;PICKUP;NONE;NONE;;2020-06-08T15:02:08-04:00;2020;No;No;6;15
50 FEET FROM MEETING ST;TWO-WAY,DIVIDED,UNPROTECTED MEDIAN;DAYLIGHT;CLEAR;0;0;;STOP AND GO SIGNAL;PASSENGER CAR;SPORT UTILITY;NONE;NONE;;2020-06-10T17:29:03-04:00;2020;No;No;6;17
400 FEET FROM S.R. 3081 CHAPEL HILL RD;TWO-WAY,DIVIDED,UNPROTECTED MEDIAN;DAYLIGHT;CLEAR;0;0;;NO CONTROL PRESENT;PASSENGER CAR;PASSENGER CAR;NONE;NONE;;2020-06-11T18:44:37-04:00;2020;No;No;6;18
.1 MILES FROM P.V.A 1920 NW MAYNARD RD;ONE-WAY,NOT DIVIDED;DAYLIGHT;CLEAR;0;0;;;PICKUP;SPORT UTILITY;NONE;NONE;;2020-06-12T19:44:59-04:00;2020;No;No;6;19
100 FEET FROM WEDGEMERE ST;TWO-WAY,NOT DIVIDED;DAYLIGHT;CLEAR;0;0;;NO CONTROL PRESENT;PASSENGER CAR;PASSENGER CAR;NONE;NONE;;2020-06-12T19:05:36-04:00;2020;No;No;6;19
0 FEET FROM US 64 HWY;TWO-WAY,NOT DIVIDED;DAYLIGHT;CLEAR;0;0;;STOP AND GO SIGNAL;PASSENGER CAR;PASSENGER CAR;NONE;NONE;;2020-06-13T17:22:47-04:00;2020;No;No;6;17
.75 MILES FROM US 1 HWY;TWO-WAY,DIVIDED,POSITIVE MEDIAN BARRIER;DARK - ROADWAY NOT LIGHTED;CLOUDY;0;0;;NO CONTROL PRESENT;PASSENGER CAR;NONE;NONE;NONE;;2020-06-14T01:30:19-04:00;2020;No;No;6;01
0 FEET FROM MEETING ST;TWO-WAY,NOT DIVIDED;DAYLIGHT;CLEAR;0;0;;STOP AND GO SIGNAL;PICKUP;PASSENGER CAR;SPORT UTILITY;NONE;;2020-06-13T17:10:14-04:00;2020;No;No;6;17
0.11 MILES FROM S.R. 1349 (DILLARD DR);TWO-WAY,DIVIDED,POSITIVE MEDIAN BARRIER;DAYLIGHT;CLEAR;0;0;;NO CONTROL PRESENT;PASSENGER CAR;PASSENGER CAR;NONE;NONE;;2020-06-13T10:20:00-04:00;2020;No;No;6;10
457 FEET FROM SR 1313 (WALNUT ST);TWO-WAY,NOT DIVIDED;DAYLIGHT;CLEAR;0;0;;STOP SIGN;PASSENGER CAR;PASSENGER CAR;NONE;NONE;;2020-06-14T15:26:02-04:00;2020;No;No;6;15
.12 MILES FROM SR 1300 (KILDAIRE FARM RD);TWO-WAY,NOT DIVIDED;DAYLIGHT;CLEAR;0;0;;FLASHING STOP AND GO SIGNAL;PASSENGER CAR;NONE;NONE;NONE;;2020-06-14T16:23:35-04:00;2020;No;No;6;16
0 FEET FROM SR 1313 (WALNUT ST);TWO-WAY,DIVIDED,UNPROTECTED MEDIAN;DAYLIGHT;CLOUDY;0;1;;STOP AND GO SIGNAL;PASSENGER CAR;PASSENGER CAR;SPORT UTILITY;NONE;;2020-06-11T17:55:40-04:00;2020;No;Yes;6;17
NEAR .01 MILES  OF SR 1002 (AVIATION PKWY);TWO-WAY,DIVIDED,POSITIVE MEDIAN BARRIER;DAYLIGHT;RAIN;0;0;COMING FROM BEHIND PARKED VEHICLE;NO CONTROL PRESENT;NONE;NONE;NONE;NONE;;2020-06-15T10:06:00-04:00;2020;No;No;6;10
200 FEET FROM NC 55 HWY;TWO-WAY,DIVIDED,UNPROTECTED MEDIAN;DAYLIGHT;RAIN;0;1;;NO CONTROL PRESENT;SPORT UTILITY;NONE;NONE;NONE;;2020-06-16T10:02:00-04:00;2020;No;Yes;6;10
0 FEET FROM SR1349 (DILLARD DR);NONE;NONE;NONE;0;0;;;NONE;NONE;NONE;NONE;;2020-05-29T21:21:46-04:00;2020;No;No;5;21
CARY;TWO-WAY,NOT DIVIDED;DAYLIGHT;CLEAR;0;0;;STOP AND GO SIGNAL;PICKUP;PASSENGER CAR;NONE;NONE;;2020-06-17T16:54:37-04:00;2020;No;No;6;16
200 FEET FROM PVA 1151 TRYON VILLAGE DR;TWO-WAY,NOT DIVIDED;DAYLIGHT;CLEAR;0;0;;NO CONTROL PRESENT;PASSENGER CAR;PASSENGER CAR;NONE;NONE;;2020-06-17T19:41:52-04:00;2020;No;No;6;19
193 FEET FROM P.V.A. (100 INNOVATION AV);TWO-WAY,NOT DIVIDED;DAYLIGHT;CLOUDY;0;0;;NO CONTROL PRESENT;PICKUP;PASSENGER CAR;NONE;NONE;;2020-06-17T10:55:00-04:00;2020;No;No;6;10
100 FEET FROM RIDGEBACK RD;TWO-WAY,NOT DIVIDED;DAYLIGHT;CLEAR;0;0;FAILURE TO YIELD RIGHT OF WAY;NO CONTROL PRESENT;PICKUP;NONE;NONE;NONE;;2020-06-18T09:16:04-04:00;2020;No;No;6;09
.1 MILES FROM PINEY PLAINS RD;TWO-WAY,NOT DIVIDED;DAYLIGHT;CLEAR;0;0;;STOP SIGN;PASSENGER CAR;PASSENGER CAR;NONE;NONE;;2020-06-19T14:16:58-04:00;2020;No;No;6;14
.25 MILES FROM S.R. 1 (US 1 HWY);TWO-WAY,DIVIDED,POSITIVE MEDIAN BARRIER;DAYLIGHT;CLEAR;0;0;;NO CONTROL PRESENT;PASSENGER CAR;PASSENGER CAR;NONE;NONE;;2020-06-19T16:46:36-04:00;2020;No;No;6;16
100 FEET FROM SR 1652 (N HARRISON AV);TWO-WAY,DIVIDED,UNPROTECTED MEDIAN;DAYLIGHT;CLEAR;0;0;;STOP AND GO SIGNAL;PASSENGER CAR;PASSENGER CAR;NONE;NONE;;2020-06-20T12:25:00-04:00;2020;No;No;6;12
.1 MILES FROM CANDACE PL;TWO-WAY,NOT DIVIDED;DAYLIGHT;CLEAR;0;0;;NO CONTROL PRESENT;VAN;PASSENGER CAR;NONE;NONE;;2020-06-20T14:49:01-04:00;2020;No;No;6;14
0.4 MILES FROM U.S. HWY 1 SB;TWO-WAY,DIVIDED,POSITIVE MEDIAN BARRIER;DAYLIGHT;CLEAR;0;0;;NO CONTROL PRESENT;PASSENGER CAR;NONE;NONE;NONE;;2020-06-21T14:19:46-04:00;2020;No;No;6;14
300 FEET FROM P.V.A. (8204 TRYON WOODS DR);TWO-WAY,NOT DIVIDED;DAYLIGHT;CLEAR;0;0;;NO CONTROL PRESENT;PASSENGER CAR;PASSENGER CAR;NONE;NONE;;2020-06-22T13:56:32-04:00;2020;No;No;6;13
163 FEET FROM P.V.A.(RESTAURANT DEPOT) GATEW;TWO-WAY,NOT DIVIDED;DAYLIGHT;CLEAR;0;0;;NO CONTROL PRESENT;LIGHT TRUCK (MINI-VAN- PANEL);PASSENGER CAR;NONE;NONE;;2020-06-22T14:01:57-04:00;2020;No;No;6;14
0.20 MILES FROM SR 1009 (TRYON RD);TWO-WAY,DIVIDED,UNPROTECTED MEDIAN;DAYLIGHT;CLEAR;0;0;;STOP AND GO SIGNAL;PASSENGER CAR;PASSENGER CAR;NONE;NONE;;2020-06-23T15:23:05-04:00;2020;No;No;6;15
50 FEET FROM BLANCHE DR;TWO-WAY,NOT DIVIDED;DAYLIGHT;CLEAR;0;0;;NO CONTROL PRESENT;SPORT UTILITY;SPORT UTILITY;NONE;NONE;;2020-06-24T08:06:34-04:00;2020;No;No;6;08
0 FEET FROM SR1632 (LOUIS STEPHENS DR);TWO-WAY,DIVIDED,POSITIVE MEDIAN BARRIER;DAYLIGHT;CLEAR;0;0;;STOP AND GO SIGNAL;VAN;PASSENGER CAR;NONE;NONE;;2020-06-24T14:12:34-04:00;2020;No;No;6;14
10 FEET FROM US 1/OFF RAMP;ONE-WAY,NOT DIVIDED;DAYLIGHT;CLEAR;0;0;;STOP AND GO SIGNAL;VAN;PASSENGER CAR;NONE;NONE;;2020-06-26T10:49:00-04:00;2020;No;No;6;10
250 FEET FROM SR 1415 (SE MAYNARD RD);TWO-WAY,DIVIDED,POSITIVE MEDIAN BARRIER;DARK - LIGHTED ROADWAY;CLEAR;0;0;;STOP AND GO SIGNAL;SPORT UTILITY;SPORT UTILITY;NONE;NONE;;2020-06-26T22:40:00-04:00;2020;No;No;6;22
20 FEET FROM S.R 1009 (TRYON RD);TWO-WAY,DIVIDED,UNPROTECTED MEDIAN;DUSK;CLEAR;0;0;;NO CONTROL PRESENT;SPORT UTILITY;PASSENGER CAR;NONE;NONE;;2020-06-25T20:36:13-04:00;2020;No;No;6;20
100 FEET FROM P.V.A. 2840 NC 55 HWY;TWO-WAY,NOT DIVIDED;DAYLIGHT;CLEAR;0;0;;NO CONTROL PRESENT;SPORT UTILITY;PASSENGER CAR;NONE;NONE;;2020-06-27T02:57:13-04:00;2020;No;No;6;02
CARY;TWO-WAY,DIVIDED,UNPROTECTED MEDIAN;DAYLIGHT;CLEAR;0;2;;STOP AND GO SIGNAL;PASSENGER CAR;PASSENGER CAR;PASSENGER CAR;NONE;;2020-06-28T07:56:06-04:00;2020;No;Yes;6;07
.1 MILES FROM OLD PROS WAY;TWO-WAY,NOT DIVIDED;DAYLIGHT;CLEAR;0;0;;NO CONTROL PRESENT;SPORT UTILITY;VAN;NONE;NONE;;2020-06-29T14:54:43-04:00;2020;No;No;6;14
.5 MILES FROM US1;TWO-WAY,DIVIDED,POSITIVE MEDIAN BARRIER;DAYLIGHT;CLEAR;0;0;;NO CONTROL PRESENT;PASSENGER CAR;PASSENGER CAR;NONE;NONE;;2020-06-27T10:01:00-04:00;2020;No;No;6;10
90 FEET FROM P.V.A. 100 PARKWAY OFFICE CT;TWO-WAY,NOT DIVIDED;DAYLIGHT;CLEAR;0;0;;NO CONTROL PRESENT;SPORT UTILITY;PASSENGER CAR;NONE;NONE;;2020-06-29T13:53:35-04:00;2020;No;No;6;13
20 FEET FROM PVA OF 118 S ACADEMY ST;TWO-WAY,NOT DIVIDED;DAYLIGHT;CLEAR;0;0;;NO CONTROL PRESENT;VAN;SPORT UTILITY;NONE;NONE;;2020-06-30T14:37:16-04:00;2020;No;No;6;14
360 FEET FROM PVA (220 CROSSROADS BLVD);TWO-WAY,NOT DIVIDED;DAYLIGHT;CLEAR;0;0;;STOP SIGN;PASSENGER CAR;PASSENGER CAR;NONE;NONE;;2020-06-26T20:13:07-04:00;2020;No;No;6;20
.15 MILES FROM SR 1313 (WALNUT ST);TWO-WAY,DIVIDED,POSITIVE MEDIAN BARRIER;DAYLIGHT;CLOUDY;0;0;;NO CONTROL PRESENT;PASSENGER CAR;PASSENGER CAR;NONE;NONE;;2020-07-01T16:56:36-04:00;2020;No;No;7;16
CARY;TWO-WAY,NOT DIVIDED;DAYLIGHT;RAIN;0;1;;STOP AND GO SIGNAL;PASSENGER CAR;PASSENGER CAR;PASSENGER CAR;NONE;;2020-06-30T19:27:53-04:00;2020;No;Yes;6;19
300 FEET FROM P.V.A. (575 NEW WAVERLY PL);TWO-WAY,NOT DIVIDED;DAYLIGHT;CLEAR;0;0;;NO CONTROL PRESENT;SPORT UTILITY;PASSENGER CAR;NONE;NONE;;2020-07-01T13:08:52-04:00;2020;No;No;7;13
150 FEET FROM PVA 4300 NW CAYR PKWY;TWO-WAY,NOT DIVIDED;DAYLIGHT;CLOUDY;0;0;;NO CONTROL PRESENT;SPORT UTILITY;SPORT UTILITY;NONE;NONE;;2020-07-03T19:14:37-04:00;2020;No;No;7;19
50 FEET FROM SR 1313 (WALNUT ST);TWO-WAY,DIVIDED,UNPROTECTED MEDIAN;DUSK;CLEAR;0;0;;NO CONTROL PRESENT;PASSENGER CAR;NONE;NONE;NONE;;2020-07-04T22:51:00-04:00;2020;No;No;7;22
0 FEET FROM CHAPEL HILL RD;TWO-WAY,NOT DIVIDED;DAYLIGHT;CLEAR;0;1;;STOP AND GO SIGNAL;PASSENGER CAR;PASSENGER CAR;NONE;NONE;;2020-07-05T11:04:00-04:00;2020;No;Yes;7;11
27 FEET FROM SR 1615 (HIGH HOUSE RD);TWO-WAY,DIVIDED,UNPROTECTED MEDIAN;DAYLIGHT;CLEAR;0;0;;STOP AND GO SIGNAL;PICKUP;NONE;NONE;NONE;;2020-07-05T22:25:00-04:00;2020;No;No;7;22
200 FEET FROM P.V.A. (2021 WALNUT ST);TWO-WAY,NOT DIVIDED;DAYLIGHT;CLEAR;0;0;;NO CONTROL PRESENT;PASSENGER CAR;SPORT UTILITY;NONE;NONE;;2020-07-04T13:45:37-04:00;2020;No;No;7;13
CARY;TWO-WAY,DIVIDED,UNPROTECTED MEDIAN;DAYLIGHT;CLEAR;0;0;;STOP AND GO SIGNAL;PASSENGER CAR;SPORT UTILITY;PASSENGER CAR;NONE;;2020-07-04T13:20:20-04:00;2020;No;No;7;13
.3 MILES FROM US 1 HWY;TWO-WAY,DIVIDED,POSITIVE MEDIAN BARRIER;DAYLIGHT;CLOUDY;0;0;;NO CONTROL PRESENT;PASSENGER CAR;PICKUP;NONE;NONE;;2020-07-05T14:32:54-04:00;2020;No;No;7;14
50 FEET FROM SW CARY PKWY;TWO-WAY,DIVIDED,UNPROTECTED MEDIAN;DARK - LIGHTED ROADWAY;CLEAR;0;0;;NO CONTROL PRESENT;PASSENGER CAR;NONE;NONE;NONE;;2020-07-07T22:59:00-04:00;2020;No;No;7;22
267 FEET FROM P.V.A. (1800 PRESTON GROVE AV);TWO-WAY,NOT DIVIDED;DAYLIGHT;CLEAR;0;0;;NO CONTROL PRESENT;SPORT UTILITY;FARM EQUIPMENT;NONE;NONE;;2020-07-07T07:34:00-04:00;2020;No;No;7;07
155 FEET FROM PVA (1722 WALNUST ST);TWO-WAY,NOT DIVIDED;DAYLIGHT;CLEAR;0;0;;NO CONTROL PRESENT;NONE;SPORT UTILITY;NONE;NONE;;2020-07-09T15:08:35-04:00;2020;No;No;7;15
CARY;TWO-WAY,DIVIDED,POSITIVE MEDIAN BARRIER;DARK - LIGHTED ROADWAY;RAIN;0;1;;NO CONTROL PRESENT;PASSENGER CAR;NONE;NONE;NONE;;2020-07-10T23:31:00-04:00;2020;No;Yes;7;23