Location_Description;Road_Configuration;Light_Condition;Weather;Fatality;Injury;Contributing_Factor;Traffic_Control;Vehicle1;Vehicle2;Vehicle3;Vehicle4;Vehicle5;Crash_Date;year;Fatalities;Injuries;Month;Hour
.05 MILES FROM PVA (1020 BRADFORD PLAZA WAY);ONE-WAY,NOT DIVIDED;DAYLIGHT;CLEAR;0;0;;NO CONTROL PRESENT;PASSENGER CAR;PASSENGER CAR;NONE;NONE;;2020-07-09T21:12:15-04:00;2020;No;No;7;21
100 FEET FROM PVA (2021 WALNUT ST);NONE;DAYLIGHT;CLEAR;0;0;;NO CONTROL PRESENT;SPORT UTILITY;SPORT UTILITY;NONE;NONE;;2020-07-10T19:52:44-04:00;2020;No;No;7;19
400 FEET FROM P.V.A 2260 WALNUT ST;TWO-WAY,NOT DIVIDED;DAYLIGHT;CLEAR;0;0;;NO CONTROL PRESENT;PASSENGER CAR;SPORT UTILITY;NONE;NONE;;2020-07-11T14:35:53-04:00;2020;No;No;7;14
20 FEET FROM SR 1300 (KILDAIRE FARM RD);NONE;NONE;NONE;0;0;;;NONE;NONE;NONE;NONE;;2020-07-06T20:34:18-04:00;2020;No;No;7;20
20 FEET FROM P.V.A. (904 KENSINGTON DR);TWO-WAY,NOT DIVIDED;DAYLIGHT;CLOUDY;0;0;;NO CONTROL PRESENT;VAN;PASSENGER CAR;NONE;NONE;;2020-07-08T14:06:38-04:00;2020;No;No;7;14
100 FEET FROM 401 MODENA DR;TWO-WAY,NOT DIVIDED;DAYLIGHT;CLEAR;0;0;;NO CONTROL PRESENT;PICKUP;PASSENGER CAR;NONE;NONE;;2020-07-13T11:07:00-04:00;2020;No;No;7;11
0 FEET FROM NC 55 HWY;TWO-WAY,DIVIDED,UNPROTECTED MEDIAN;DAYLIGHT;CLEAR;0;0;;STOP AND GO SIGNAL;PASSENGER CAR;PASSENGER CAR;NONE;NONE;;2020-07-13T15:01:49-04:00;2020;No;No;7;15
15 FEET FROM NC 54 (CHAPEL HILL RD);TWO-WAY,DIVIDED,UNPROTECTED MEDIAN;DUSK;CLEAR;0;0;;STOP AND GO SIGNAL;PASSENGER CAR;SPORT UTILITY;NONE;NONE;;2020-07-12T20:42:41-04:00;2020;No;No;7;20
0 FEET FROM SR 1635 (MCCRIMMON PKWY);TWO-WAY,DIVIDED,UNPROTECTED MEDIAN;DAYLIGHT;CLEAR;0;2;;STOP SIGN;SINGLE UNIT TRUCK (2-AXLE- 6-TIRE);PASSENGER CAR;NONE;NONE;;2020-07-14T21:00:55-04:00;2020;No;Yes;7;21
20 FEET FROM NC 54 HWY (CHAPEL HILL RD);TWO-WAY,NOT DIVIDED;DAYLIGHT;CLOUDY;0;0;;NO CONTROL PRESENT;SPORT UTILITY;PASSENGER CAR;NONE;NONE;;2020-07-13T16:14:40-04:00;2020;No;No;7;16
121 FEET FROM NC 55 HWY;TWO-WAY,DIVIDED,UNPROTECTED MEDIAN;DAYLIGHT;CLEAR;0;0;;STOP AND GO SIGNAL;PASSENGER CAR;PASSENGER CAR;NONE;NONE;;2020-07-15T18:32:30-04:00;2020;No;No;7;18
1 MILES FROM US 1;TWO-WAY,DIVIDED,POSITIVE MEDIAN BARRIER;DARK - ROADWAY NOT LIGHTED;RAIN;0;0;;NO CONTROL PRESENT;PASSENGER CAR;SPORT UTILITY;NONE;NONE;;2020-07-10T23:16:00-04:00;2020;No;No;7;23
.18 MILES FROM PVA 135 (PARKWAY OFFICE CT);TWO-WAY,NOT DIVIDED;DAYLIGHT;CLEAR;0;0;;NO CONTROL PRESENT;NONE;SPORT UTILITY;NONE;NONE;;2020-07-09T13:07:35-04:00;2020;No;No;7;13
10 FEET FROM 300 KILDAIRE WOODS DR;TWO-WAY,NOT DIVIDED;DAYLIGHT;CLEAR;0;0;;NO CONTROL PRESENT;PASSENGER CAR;NONE;NONE;NONE;;2020-07-17T15:13:17-04:00;2020;No;No;7;15
319 FEET FROM SR 1152 (HOLLY SPRINGS RD);TWO-WAY,DIVIDED,UNPROTECTED MEDIAN;DAYLIGHT;CLOUDY;0;0;;NO CONTROL PRESENT;PASSENGER CAR;PASSENGER CAR;NONE;NONE;;2020-07-18T15:45:46-04:00;2020;No;No;7;15
CARY;TWO-WAY,DIVIDED,UNPROTECTED MEDIAN;DAYLIGHT;CLEAR;0;0;;STOP AND GO SIGNAL;PASSENGER CAR;PASSENGER CAR;NONE;NONE;;2020-07-18T09:47:56-04:00;2020;No;No;7;09
CARY;TWO-WAY,DIVIDED,POSITIVE MEDIAN BARRIER;DAYLIGHT;CLEAR;0;2;;STOP AND GO SIGNAL;SPORT UTILITY;LIGHT TRUCK (MINI-VAN- PANEL);NONE;NONE;;2020-07-19T19:14:52-04:00;2020;No;Yes;7;19
200 FEET FROM P.V.A (105 RIDGEVIEW DR);TWO-WAY,NOT DIVIDED;DAYLIGHT;CLEAR;0;1;;NO CONTROL PRESENT;PASSENGER CAR;VAN;NONE;NONE;;2020-07-20T12:48:00-04:00;2020;No;Yes;7;12
0 MILES FROM SR 3081 (CHAPEL HILL RD);NONE;NONE;NONE;0;0;;;NONE;NONE;NONE;NONE;;2020-07-05T12:57:00-04:00;2020;No;No;7;12
1.43 MILES FROM US 1 HWY;TWO-WAY,DIVIDED,POSITIVE MEDIAN BARRIER;DAYLIGHT;RAIN;0;0;;NO CONTROL PRESENT;PASSENGER CAR;SPORT UTILITY;NONE;NONE;;2020-07-17T18:01:50-04:00;2020;No;No;7;18
CARY;TWO-WAY,DIVIDED,POSITIVE MEDIAN BARRIER;DAYLIGHT;CLEAR;0;0;;STOP SIGN;PICKUP;PASSENGER CAR;NONE;NONE;;2020-07-17T14:07:12-04:00;2020;No;No;7;14
250 FEET FROM P.V.A. (2797 NC HWY 55);TWO-WAY,NOT DIVIDED;DAYLIGHT;CLEAR;0;0;;NO CONTROL PRESENT;VAN;PASSENGER CAR;NONE;NONE;;2020-07-22T12:09:00-04:00;2020;No;No;7;12
CARY;TWO-WAY,DIVIDED,UNPROTECTED MEDIAN;DAYLIGHT;CLEAR;0;0;;NO CONTROL PRESENT;PASSENGER CAR;NONE;NONE;NONE;;2020-07-23T13:56:10-04:00;2020;No;No;7;13
.15 MILES FROM 1600 (GREEN LEVEL CHURCH RD);TWO-WAY,NOT DIVIDED;DAYLIGHT;CLEAR;0;0;;NO CONTROL PRESENT;PASSENGER CAR;PASSENGER CAR;NONE;NONE;;2020-07-26T14:54:41-04:00;2020;No;No;7;14
0 FEET FROM P.V.A. 832 E CHATHAM ST;TWO-WAY,NOT DIVIDED;DAYLIGHT;CLEAR;0;2;;STOP SIGN;PASSENGER CAR;PASSENGER CAR;NONE;NONE;;2020-07-26T15:03:50-04:00;2020;No;Yes;7;15
.78 MILES FROM US 1 NB;TWO-WAY,DIVIDED,POSITIVE MEDIAN BARRIER;DARK - LIGHTED ROADWAY;CLEAR;0;0;;NO CONTROL PRESENT;PASSENGER CAR;PICKUP;NONE;NONE;;2020-07-26T19:41:42-04:00;2020;No;No;7;19
30 FEET FROM E. JOHNSON ST.;TWO-WAY,NOT DIVIDED;DAYLIGHT;CLEAR;0;0;;NO CONTROL PRESENT;SPORT UTILITY;PASSENGER CAR;NONE;NONE;;2020-07-28T15:47:52-04:00;2020;No;No;7;15
.22 MILES FROM US 1 HWY;ONE-WAY,NOT DIVIDED;DAYLIGHT;CLEAR;0;1;;NO CONTROL PRESENT;PASSENGER CAR;NONE;NONE;NONE;;2020-07-28T07:23:12-04:00;2020;No;Yes;7;07
CARY;TWO-WAY,NOT DIVIDED;DARK - LIGHTED ROADWAY;RAIN;0;0;;STOP AND GO SIGNAL;PASSENGER CAR;PASSENGER CAR;NONE;NONE;;2020-07-28T20:42:30-04:00;2020;No;No;7;20
10 FEET FROM SR 4067 (REGENCY PKWY);TWO-WAY,DIVIDED,UNPROTECTED MEDIAN;DAYLIGHT;CLEAR;0;0;;STOP AND GO SIGNAL;PASSENGER CAR;NONE;NONE;NONE;;2020-07-30T15:12:00-04:00;2020;No;No;7;15
458 FEET FROM S.R. 1415 (NW MAYNARD RD);TWO-WAY,NOT DIVIDED;DAYLIGHT;CLEAR;0;0;;STOP SIGN;SPORT UTILITY;SPORT UTILITY;NONE;NONE;;2020-07-31T11:32:00-04:00;2020;No;No;7;11
0 FEET FROM SR 3060 (MORRISVILLE PKWY);TWO-WAY,DIVIDED,UNPROTECTED MEDIAN;DAYLIGHT;CLEAR;0;0;;STOP AND GO SIGNAL;SPORT UTILITY;PASSENGER CAR;NONE;NONE;;2020-07-31T16:07:01-04:00;2020;No;No;7;16
0.13 MILES FROM P.V.A. (1315 KILDAIRE FARM RD);TWO-WAY,NOT DIVIDED;DAYLIGHT;CLEAR;0;0;;NO CONTROL PRESENT;PASSENGER CAR;PASSENGER CAR;NONE;NONE;;2020-08-01T12:05:00-04:00;2020;No;No;8;12
50 FEET FROM P.V.A. 205 S. ACADEMY ST;TWO-WAY,NOT DIVIDED;DAYLIGHT;CLEAR;0;0;;NO CONTROL PRESENT;SPORT UTILITY;PASSENGER CAR;NONE;NONE;;2020-08-02T15:33:27-04:00;2020;No;No;8;15
CARY;NONE;NONE;NONE;0;0;;;NONE;NONE;NONE;NONE;;2020-07-25T07:57:41-04:00;2020;No;No;7;07
50 FEET FROM SR 1009 (TRYON RD);TWO-WAY,NOT DIVIDED;DAYLIGHT;CLEAR;0;0;;STOP AND GO SIGNAL;PASSENGER CAR;PASSENGER CAR;NONE;NONE;;2020-08-03T13:05:04-04:00;2020;No;No;8;13
.23 MILES FROM SR 1313 (WALNUT ST);TWO-WAY,NOT DIVIDED;DAYLIGHT;CLEAR;0;1;;NO CONTROL PRESENT;PASSENGER CAR;PASSENGER CAR;NONE;NONE;;2020-08-03T11:51:00-04:00;2020;No;Yes;8;11
CARY;TWO-WAY,NOT DIVIDED;DAYLIGHT;CLOUDY;0;0;;STOP AND GO SIGNAL;PASSENGER CAR;PICKUP;NONE;NONE;;2020-08-03T15:47:01-04:00;2020;No;No;8;15
CARY;TWO-WAY,DIVIDED,POSITIVE MEDIAN BARRIER;DARK - ROADWAY NOT LIGHTED;RAIN;0;1;;NO CONTROL PRESENT;PASSENGER CAR;NONE;NONE;NONE;;2020-08-04T03:41:51-04:00;2020;No;Yes;8;03
CARY;TWO-WAY,NOT DIVIDED;DAYLIGHT;CLEAR;0;0;INATTENTIVE (TALKING,EATING,ETC.);NO CONTROL PRESENT;PASSENGER CAR;NONE;NONE;NONE;;2020-08-05T07:43:33-04:00;2020;No;No;8;07
300 FEET FROM P.V.A. OF 10110 GREEN LEVEL CH;TWO-WAY,NOT DIVIDED;DAYLIGHT;CLEAR;0;0;;NO CONTROL PRESENT;PASSENGER CAR;PASSENGER CAR;NONE;NONE;;2020-07-31T18:03:56-04:00;2020;No;No;7;18
217 FEET FROM P.V.A. (2000 ELEVATE CIR);TWO-WAY,NOT DIVIDED;DAYLIGHT;CLEAR;0;0;;NO CONTROL PRESENT;VAN;PASSENGER CAR;NONE;NONE;;2020-08-06T19:38:32-04:00;2020;No;No;8;19
NEAR .1 MILES NE OF NE US1 HWY NB;TWO-WAY,DIVIDED,POSITIVE MEDIAN BARRIER;DARK - ROADWAY NOT LIGHTED;CLEAR;0;0;;NO CONTROL PRESENT;PASSENGER CAR;NONE;NONE;NONE;;2020-08-07T05:58:59-04:00;2020;No;No;8;05
50 FEET FROM MAHAL AVE;TWO-WAY,DIVIDED,POSITIVE MEDIAN BARRIER;DAWN;CLEAR;0;0;;NO CONTROL PRESENT;PASSENGER CAR;PASSENGER CAR;NONE;NONE;;2020-08-08T09:45:10-04:00;2020;No;No;8;09
CARY;TWO-WAY,NOT DIVIDED;DAYLIGHT;CLEAR;0;0;;NO CONTROL PRESENT;PASSENGER CAR;PASSENGER CAR;NONE;NONE;;2020-08-08T15:20:02-04:00;2020;No;No;8;15
CARY;TWO-WAY,NOT DIVIDED;DAYLIGHT;CLEAR;0;0;;STOP AND GO SIGNAL;PASSENGER CAR;PASSENGER CAR;NONE;NONE;;2020-08-09T12:19:00-04:00;2020;No;No;8;12
150 FEET FROM P.V.A. (2740 NC 55 HWY);TWO-WAY,NOT DIVIDED;DAYLIGHT;CLEAR;0;0;;NO CONTROL PRESENT;SPORT UTILITY;PICKUP;NONE;NONE;;2020-08-09T10:56:00-04:00;2020;No;No;8;10
CARY;TWO-WAY,NOT DIVIDED;DARK - LIGHTED ROADWAY;CLEAR;0;0;;STOP SIGN;SPORT UTILITY;NONE;NONE;NONE;;2020-08-09T23:00:00-04:00;2020;No;No;8;23
.11 MILES FROM SR 1613 (DAVIS DR);NONE;NONE;NONE;0;0;;;NONE;NONE;NONE;NONE;;2020-08-05T07:32:29-04:00;2020;No;No;8;07
.01 MILES FROM MEADOW DR;TWO-WAY,NOT DIVIDED;DAYLIGHT;CLOUDY;0;0;;STOP SIGN;PASSENGER CAR;PASSENGER CAR;NONE;NONE;;2020-08-14T10:19:00-04:00;2020;No;No;8;10
10 FEET FROM PVA 575 NEW WAVERLY PL;ONE-WAY,NOT DIVIDED;DARK - LIGHTED ROADWAY;CLEAR;0;0;;STOP SIGN;PICKUP;NONE;NONE;NONE;;2020-08-12T16:19:32-04:00;2020;No;No;8;16
250 FEET FROM US 1;TWO-WAY,DIVIDED,POSITIVE MEDIAN BARRIER;DAYLIGHT;CLEAR;0;2;;NO CONTROL PRESENT;PASSENGER CAR;PASSENGER CAR;NONE;NONE;;2020-08-14T16:24:54-04:00;2020;No;Yes;8;16
400 FEET FROM LAUGHRIDGE DR;TWO-WAY,NOT DIVIDED;DARK - ROADWAY NOT LIGHTED;CLEAR;0;0;;NO CONTROL PRESENT;PASSENGER CAR;PASSENGER CAR;NONE;NONE;;2020-08-16T08:51:35-04:00;2020;No;No;8;08
181 FEET FROM P.V.A. (831 BERWICK VALLEY LN);TWO-WAY,NOT DIVIDED;DARK - ROADWAY NOT LIGHTED;CLEAR;0;0;;NO CONTROL PRESENT;NONE;PASSENGER CAR;NONE;NONE;;2020-08-15T13:31:55-04:00;2020;No;No;8;13
25 FEET FROM P.V.A 5000 OLD RALEIGH RD;TWO-WAY,NOT DIVIDED;DAYLIGHT;RAIN;0;0;;NO CONTROL PRESENT;SPORT UTILITY;PASSENGER CAR;NONE;NONE;;2020-08-17T18:54:49-04:00;2020;No;No;8;18
40 FEET FROM NC 55 HWY;TWO-WAY,DIVIDED,UNPROTECTED MEDIAN;DAYLIGHT;CLEAR;0;0;;STOP AND GO SIGNAL;SPORT UTILITY;NONE;NONE;NONE;;2020-08-17T14:10:49-04:00;2020;No;No;8;14
0 FEET FROM SR 1632 (LOUIS STEPHENS DR);TWO-WAY,NOT DIVIDED;DAYLIGHT;CLEAR;0;0;;STOP SIGN;SPORT UTILITY;NONE;NONE;NONE;;2020-08-18T11:22:00-04:00;2020;No;No;8;11
0 FEET FROM SR 1415 (NW MAYNARD RD(;TWO-WAY,DIVIDED,UNPROTECTED MEDIAN;DAYLIGHT;CLEAR;0;0;;STOP AND GO SIGNAL;PASSENGER CAR;PASSENGER CAR;NONE;NONE;;2020-08-19T09:50:15-04:00;2020;No;No;8;09
CARY;TWO-WAY,DIVIDED,UNPROTECTED MEDIAN;DAYLIGHT;CLOUDY;0;1;;STOP SIGN;SPORT UTILITY;SPORT UTILITY;NONE;NONE;;2020-08-19T16:34:10-04:00;2020;No;Yes;8;16
0 FEET FROM SR1383 (CAMPBELL RD);TWO-WAY,NOT DIVIDED;DAYLIGHT;CLOUDY;0;0;;STOP SIGN;PASSENGER CAR;SPORT UTILITY;NONE;NONE;;2020-08-19T16:35:10-04:00;2020;No;No;8;16
150 FEET FROM NC 55 HWY;TWO-WAY,DIVIDED,UNPROTECTED MEDIAN;DAYLIGHT;CLEAR;0;0;;NO CONTROL PRESENT;SPORT UTILITY;PICKUP;NONE;NONE;;2020-08-21T09:18:15-04:00;2020;No;No;8;09
100 FEET FROM P.V.A. (25734 BURBAGE CIR);TWO-WAY,NOT DIVIDED;DAYLIGHT;CLEAR;0;0;;STOP SIGN;SPORT UTILITY;NONE;NONE;NONE;;2020-08-23T14:21:50-04:00;2020;No;No;8;14
.1 MILES FROM P.P. 129 OAKMERE DR;TWO-WAY,NOT DIVIDED;DAYLIGHT;CLEAR;0;0;;NO CONTROL PRESENT;SPORT UTILITY;SPORT UTILITY;NONE;NONE;;2020-08-23T20:10:14-04:00;2020;No;No;8;20
CARY;TWO-WAY,DIVIDED,UNPROTECTED MEDIAN;DAYLIGHT;CLEAR;0;0;;NO CONTROL PRESENT;SPORT UTILITY;NONE;NONE;NONE;;2020-08-23T21:47:37-04:00;2020;No;No;8;21
NEAR 1 MILES S OF S PIERCE OLIVE RD (SR 1389);TWO-WAY,DIVIDED,UNPROTECTED MEDIAN;DAYLIGHT;CLEAR;0;0;;NO CONTROL PRESENT;PASSENGER CAR;PASSENGER CAR;NONE;NONE;;2020-08-23T07:10:02-04:00;2020;No;No;8;07
.2 MILES FROM US 64;TWO-WAY,DIVIDED,POSITIVE MEDIAN BARRIER;DAYLIGHT;CLEAR;0;0;;NO CONTROL PRESENT;PASSENGER CAR;PASSENGER CAR;NONE;NONE;;2020-08-24T11:51:00-04:00;2020;No;No;8;11
25 FEET FROM SR 1497 (CARY TOWNE BLVD);TWO-WAY,DIVIDED,POSITIVE MEDIAN BARRIER;DAYLIGHT;CLEAR;0;0;;STOP AND GO SIGNAL;SPORT UTILITY;PASSENGER CAR;NONE;NONE;;2020-08-26T18:13:51-04:00;2020;No;No;8;18
1.64 MILES FROM US 1;TWO-WAY,DIVIDED,POSITIVE MEDIAN BARRIER;DAYLIGHT;CLEAR;0;0;;YIELD SIGN;PASSENGER CAR;PASSENGER CAR;NONE;NONE;;2020-08-27T18:12:20-04:00;2020;No;No;8;18
130 FEET FROM SR1613 (DAVIS DR);TWO-WAY,DIVIDED,UNPROTECTED MEDIAN;DAYLIGHT;CLOUDY;0;0;;STOP AND GO SIGNAL;PICKUP;PASSENGER CAR;NONE;NONE;;2020-08-28T16:40:02-04:00;2020;No;No;8;16
CARY;TWO-WAY,NOT DIVIDED;DAYLIGHT;CLEAR;0;0;;STOP AND GO SIGNAL;PASSENGER CAR;PASSENGER CAR;NONE;NONE;;2020-08-28T17:20:51-04:00;2020;No;No;8;17
CARY;TWO-WAY,DIVIDED,UNPROTECTED MEDIAN;DARK - LIGHTED ROADWAY;CLEAR;0;0;;STOP AND GO SIGNAL;PASSENGER CAR;PASSENGER CAR;NONE;NONE;;2020-08-29T08:10:06-04:00;2020;No;No;8;08
40 FEET FROM SW CARY PKWY;TWO-WAY,DIVIDED,UNPROTECTED MEDIAN;DAYLIGHT;CLOUDY;0;0;;STOP AND GO SIGNAL;SPORT UTILITY;PASSENGER CAR;NONE;NONE;;2020-08-29T10:54:00-04:00;2020;No;No;8;10
272 FEET FROM BASS PRO LN;TWO-WAY,DIVIDED,POSITIVE MEDIAN BARRIER;DAYLIGHT;CLOUDY;0;0;;STOP SIGN;SPORT UTILITY;SPORT UTILITY;NONE;NONE;;2020-08-29T12:56:00-04:00;2020;No;No;8;12
.5 MILES FROM CROSSROADS BLVD;TWO-WAY,NOT DIVIDED;DAYLIGHT;CLEAR;0;0;;STOP AND GO SIGNAL;SPORT UTILITY;PASSENGER CAR;NONE;NONE;;2020-08-29T11:00:00-04:00;2020;No;No;8;11
50 FEET FROM SR3014  MORRISVILLE CARPENTER;TWO-WAY,NOT DIVIDED;DARK - UNKNOWN LIGHTING;CLEAR;0;0;;STOP AND GO SIGNAL;SPORT UTILITY;PASSENGER CAR;NONE;NONE;;2020-08-31T21:46:53-04:00;2020;No;No;8;21
210 FEET FROM SR 1010 (TEN TEN RD);NONE;NONE;NONE;0;0;;;NONE;NONE;NONE;NONE;;2020-07-31T12:43:00-04:00;2020;No;No;7;12
0.2 MILES FROM SR 1613 (DAVIS DR);TWO-WAY,DIVIDED,UNPROTECTED MEDIAN;DARK - LIGHTED ROADWAY;CLEAR;0;1;;NO CONTROL PRESENT;SPORT UTILITY;NONE;NONE;NONE;;2020-08-30T11:23:00-04:00;2020;No;Yes;8;11
395 FEET FROM SR1630 (GREEN LEVEL CHURCH RD);TWO-WAY,NOT DIVIDED;DAYLIGHT;CLEAR;0;0;DARTING;NO CONTROL PRESENT;PASSENGER CAR;SPORT UTILITY;NONE;NONE;;2020-09-02T10:54:00-04:00;2020;No;No;9;10
200 FEET FROM GREENGATE CT;NONE;NONE;NONE;0;0;;;PICKUP;NONE;NONE;NONE;;2020-08-11T00:00:00-04:00;2020;No;No;8;00
3 FEET FROM N HARRISON AV;TWO-WAY,NOT DIVIDED;DAYLIGHT;CLOUDY;0;0;;NO CONTROL PRESENT;SINGLE UNIT TRUCK (2-AXLE- 6-TIRE);SPORT UTILITY;NONE;NONE;;2020-09-02T07:47:00-04:00;2020;No;No;9;07
300 FEET FROM P.V.A. OF 945 N HARRISON AVE;ONE-WAY,NOT DIVIDED;DAYLIGHT;CLOUDY;0;0;;NO CONTROL PRESENT;PASSENGER CAR;PICKUP;NONE;NONE;;2020-09-03T15:02:35-04:00;2020;No;No;9;15
CARY;NONE;NONE;NONE;0;0;;;NONE;NONE;NONE;NONE;;2020-06-02T08:55:57-04:00;2020;No;No;6;08
5 FEET FROM HUNTSMOOR LN;TWO-WAY,NOT DIVIDED;DAYLIGHT;CLEAR;0;0;;NO CONTROL PRESENT;PASSENGER CAR;NONE;NONE;NONE;;2020-09-04T13:29:35-04:00;2020;No;No;9;13
CARY;TWO-WAY,NOT DIVIDED;DAYLIGHT;CLEAR;0;0;;STOP AND GO SIGNAL;SPORT UTILITY;PASSENGER CAR;NONE;NONE;;2020-09-04T18:06:31-04:00;2020;No;No;9;18
CARY;TWO-WAY,NOT DIVIDED;DAYLIGHT;CLEAR;0;0;;STOP AND GO SIGNAL;SPORT UTILITY;SPORT UTILITY;NONE;NONE;;2020-08-30T17:30:24-04:00;2020;No;No;8;17
.28 MILES FROM SR 1010 (TEN TEN RD);TWO-WAY,NOT DIVIDED;DAYLIGHT;CLEAR;0;0;;NO CONTROL PRESENT;PASSENGER CAR;PASSENGER CAR;NONE;NONE;;2020-09-05T17:31:49-04:00;2020;No;No;9;17
120 FEET FROM P.V.A. (102B NEW WAVERLY PL);TWO-WAY,NOT DIVIDED;DAYLIGHT;CLEAR;0;0;;NO CONTROL PRESENT;PASSENGER CAR;PASSENGER CAR;NONE;NONE;;2020-09-05T17:32:24-04:00;2020;No;No;9;17
.5 MILES FROM PVA 1002 VILLAGE GREENWAY;TWO-WAY,NOT DIVIDED;DAWN;CLEAR;0;0;;NO CONTROL PRESENT;NONE;SPORT UTILITY;NONE;NONE;;2020-09-05T12:44:00-04:00;2020;No;No;9;12
.1 MILES FROM P.V.A. 1040 TRYON VILLAGE DR;ONE-WAY,NOT DIVIDED;DAYLIGHT;CLEAR;0;0;;NO CONTROL PRESENT;PASSENGER CAR;PASSENGER CAR;NONE;NONE;;2020-09-07T11:15:00-04:00;2020;No;No;9;11
CARY;NONE;NONE;NONE;0;0;;;NONE;NONE;NONE;NONE;;2020-08-27T10:01:00-04:00;2020;No;No;8;10
.10 MILES FROM P.V.A. (10140 GREEN LEVEL CHR);TWO-WAY,NOT DIVIDED;DAYLIGHT;CLOUDY;0;0;;NO CONTROL PRESENT;PASSENGER CAR;PASSENGER CAR;NONE;NONE;;2020-09-07T08:23:37-04:00;2020;No;No;9;08
400 FEET FROM ROSEPINE DR;TWO-WAY,NOT DIVIDED;DAYLIGHT;CLEAR;0;0;;NO CONTROL PRESENT;SPORT UTILITY;VAN;NONE;NONE;;2020-09-08T13:25:12-04:00;2020;No;No;9;13
105 FEET FROM P.V.A. (7420 MCCRIMMON PKWY);TWO-WAY,NOT DIVIDED;DAYLIGHT;CLOUDY;0;0;;NO CONTROL PRESENT;SPORT UTILITY;SPORT UTILITY;NONE;NONE;;2020-09-09T06:58:40-04:00;2020;No;No;9;06
100 FEET FROM PVA 329 CROSSROADS BLVD;ONE-WAY,NOT DIVIDED;DAYLIGHT;CLOUDY;0;0;;NO CONTROL PRESENT;PASSENGER CAR;PASSENGER CAR;NONE;NONE;;2020-09-09T14:35:44-04:00;2020;No;No;9;14
CARY;TWO-WAY,NOT DIVIDED;DARK - LIGHTED ROADWAY;CLEAR;0;1;;STOP SIGN;SPORT UTILITY;PASSENGER CAR;NONE;NONE;;2020-09-08T22:52:00-04:00;2020;No;Yes;9;22
50 FEET FROM MEETING ST;TWO-WAY,DIVIDED,UNPROTECTED MEDIAN;DAYLIGHT;CLEAR;0;0;;STOP AND GO SIGNAL;SPORT UTILITY;PASSENGER CAR;NONE;NONE;;2020-09-10T18:30:36-04:00;2020;No;No;9;18
85 FEET FROM MONTIBELLO DR;TWO-WAY,NOT DIVIDED;DARK - LIGHTED ROADWAY;CLEAR;0;0;;NO CONTROL PRESENT;PASSENGER CAR;SPORT UTILITY;NONE;NONE;;2020-09-12T03:29:08-04:00;2020;No;No;9;03
10 FEET FROM SR1152 (HOLLY SPRINGS RD);TWO-WAY,NOT DIVIDED;DAWN;CLEAR;0;0;;STOP AND GO SIGNAL;PASSENGER CAR;PICKUP;NONE;NONE;;2020-09-15T06:46:08-04:00;2020;No;No;9;06
CARY;TWO-WAY,DIVIDED,UNPROTECTED MEDIAN;DARK - LIGHTED ROADWAY;CLEAR;0;2;;STOP SIGN;PASSENGER CAR;PICKUP;NONE;NONE;;2020-09-14T05:27:31-04:00;2020;No;Yes;9;05
2 FEET FROM PVA (CROSSROADS BLVD);TWO-WAY,DIVIDED,UNPROTECTED MEDIAN;DAYLIGHT;CLEAR;0;0;;YIELD SIGN;PASSENGER CAR;PASSENGER CAR;NONE;NONE;;2020-09-15T15:50:09-04:00;2020;No;No;9;15
170 FEET FROM P.V.A. 519 E CHATHAM ST;TWO-WAY,NOT DIVIDED;DAYLIGHT;CLOUDY;0;0;;NO CONTROL PRESENT;PASSENGER CAR;VAN;NONE;NONE;;2020-09-15T14:04:13-04:00;2020;No;No;9;14
CARY;TWO-WAY,NOT DIVIDED;DAYLIGHT;CLOUDY;0;1;;STOP SIGN;SPORT UTILITY;PASSENGER CAR;NONE;NONE;;2020-09-16T18:19:30-04:00;2020;No;Yes;9;18
76 FEET FROM SR1300 (KILDAIRE FARM RD);TWO-WAY,NOT DIVIDED;DAYLIGHT;CLEAR;0;0;;NO CONTROL PRESENT;PASSENGER CAR;PASSENGER CAR;NONE;NONE;;2020-09-16T12:06:00-04:00;2020;No;No;9;12
330 FEET FROM MORRISVILLE PKWY;TWO-WAY,DIVIDED,UNPROTECTED MEDIAN;DAYLIGHT;RAIN;0;0;COMING FROM BEHIND PARKED VEHICLE;NO CONTROL PRESENT;PASSENGER CAR;SPORT UTILITY;NONE;NONE;;2020-09-17T14:09:11-04:00;2020;No;No;9;14
.1 MILES FROM P.V.A. (203 MACKENAN DR);TWO-WAY,NOT DIVIDED;DAYLIGHT;RAIN;0;0;;NO CONTROL PRESENT;SPORT UTILITY;NONE;NONE;NONE;;2020-09-18T09:03:21-04:00;2020;No;No;9;09
329 FEET FROM CHAMPION DR;TWO-WAY,NOT DIVIDED;DAYLIGHT;CLEAR;0;0;;NO CONTROL PRESENT;SINGLE UNIT TRUCK (2-AXLE- 6-TIRE);VAN;NONE;NONE;;2020-09-11T12:00:00-04:00;2020;No;No;9;12
10 FEET FROM US 1 S EXIT;ONE-WAY,NOT DIVIDED;DAYLIGHT;CLEAR;0;0;;STOP AND GO SIGNAL;PICKUP;NONE;NONE;NONE;;2020-09-18T11:50:00-04:00;2020;No;No;9;11
CARY;TWO-WAY,DIVIDED,UNPROTECTED MEDIAN;DARK - LIGHTED ROADWAY;CLEAR;0;0;;STOP AND GO SIGNAL;SPORT UTILITY;PASSENGER CAR;NONE;NONE;;2020-09-15T19:33:19-04:00;2020;No;No;9;19
CARY;TWO-WAY,DIVIDED,UNPROTECTED MEDIAN;DARK - LIGHTED ROADWAY;RAIN;0;0;;STOP AND GO SIGNAL;PASSENGER CAR;PASSENGER CAR;NONE;NONE;;2020-09-18T00:19:00-04:00;2020;No;No;9;00