Location_Description;Road_Configuration;Light_Condition;Weather;Fatality;Injury;Contributing_Factor;Traffic_Control;Vehicle1;Vehicle2;Vehicle3;Vehicle4;Vehicle5;Crash_Date;year;Fatalities;Injuries;Month;Hour
250 FEET FROM WEST LAKE RD;TWO-WAY,NOT DIVIDED;DAYLIGHT;CLEAR;0;1;;NO CONTROL PRESENT;NONE;NONE;NONE;NONE;;2018-02-09T15:06:36-05:00;2018;No;Yes;2;15
CARY;TWO-WAY,NOT DIVIDED;DAYLIGHT;CLEAR;0;0;;NO CONTROL PRESENT;NONE;PASSENGER CAR;NONE;NONE;;2018-02-09T14:09:26-05:00;2018;No;No;2;14
320 FEET FROM WESTON PARKWAY;TWO-WAY,DIVIDED,POSITIVE MEDIAN BARRIER;DARK - LIGHTED ROADWAY;CLEAR;0;0;;NO CONTROL PRESENT;PASSENGER CAR;NONE;NONE;NONE;;2018-02-09T01:12:24-05:00;2018;No;No;2;01
200 FEET FROM US 64;TWO-WAY,DIVIDED,UNPROTECTED MEDIAN;DAYLIGHT;RAIN;0;2;;STOP AND GO SIGNAL;PASSENGER CAR;SPORT UTILITY;NONE;NONE;;2018-02-10T09:08:19-05:00;2018;No;Yes;2;09
.11 MILES FROM SR1300 (KILDAIRE FARM RD;TWO-WAY,DIVIDED,UNPROTECTED MEDIAN;DARK - LIGHTED ROADWAY;CLOUDY;0;0;;STOP AND GO SIGNAL;PICKUP;SPORT UTILITY;NONE;NONE;;2018-02-11T18:22:53-05:00;2018;No;No;2;18
0 FEET FROM SR 1319 (JONES FRANKLIN RD);TWO-WAY,NOT DIVIDED;DAYLIGHT;CLOUDY;0;0;;STOP SIGN;VAN;PASSENGER CAR;NONE;NONE;;2018-02-12T12:32:00-05:00;2018;No;No;2;12
CARY;TWO-WAY,NOT DIVIDED;DAYLIGHT;RAIN;0;2;;STOP AND GO SIGNAL;SPORT UTILITY;SINGLE UNIT TRUCK (2-AXLE- 6-TIRE);PASSENGER CAR;NONE;;2018-02-12T12:04:00-05:00;2018;No;Yes;2;12
30 FEET FROM NC 54 CHAPEL HILL RD;TWO-WAY,NOT DIVIDED;DARK - LIGHTED ROADWAY;CLOUDY;0;0;;NO CONTROL PRESENT;SPORT UTILITY;PASSENGER CAR;NONE;NONE;;2018-02-13T18:22:00-05:00;2018;No;No;2;18
150 FEET FROM 1390 NW MAYNARD RD (PVA);TWO-WAY,NOT DIVIDED;DARK - LIGHTED ROADWAY;CLOUDY;0;0;;NO CONTROL PRESENT;PASSENGER CAR;NONE;NONE;NONE;;2018-02-09T05:27:28-05:00;2018;No;No;2;05
100 FEET FROM SR 3977 (CARY PARKWAY);TWO-WAY,DIVIDED,UNPROTECTED MEDIAN;DAYLIGHT;CLEAR;0;0;;NO CONTROL PRESENT;PASSENGER CAR;NONE;NONE;NONE;;2018-01-30T10:19:00-05:00;2018;No;No;1;10
.24 MILES FROM SR 1009 (TRYON RD);TWO-WAY,DIVIDED,UNPROTECTED MEDIAN;DAYLIGHT;CLOUDY;0;0;;NO CONTROL PRESENT;PASSENGER CAR;PASSENGER CAR;NONE;NONE;;2018-02-08T10:47:00-05:00;2018;No;No;2;10
CARY;ONE-WAY,NOT DIVIDED;DAYLIGHT;CLEAR;0;0;;OTHER *;PASSENGER CAR;SPORT UTILITY;NONE;NONE;;2018-02-15T06:53:08-05:00;2018;No;No;2;06
.17 MILES FROM SR #3112 (NW CARY PKWY);TWO-WAY,NOT DIVIDED;DAYLIGHT;CLOUDY;0;0;;NO CONTROL PRESENT;PASSENGER CAR;PASSENGER CAR;PICKUP;NONE;;2018-02-15T07:36:11-05:00;2018;No;No;2;07
60 FEET FROM LOCHMERE DR;TWO-WAY,DIVIDED,UNPROTECTED MEDIAN;DAYLIGHT;CLEAR;0;0;;NO CONTROL PRESENT;PASSENGER CAR;PASSENGER CAR;NONE;NONE;;2018-02-16T08:15:57-05:00;2018;No;No;2;08
0.1 MILES FROM SR 1009  (TRYON RD);TWO-WAY,DIVIDED,POSITIVE MEDIAN BARRIER;DAYLIGHT;CLEAR;0;0;;STOP AND GO SIGNAL;PASSENGER CAR;PASSENGER CAR;NONE;NONE;;2018-02-16T09:54:59-05:00;2018;No;No;2;09
CARY;TWO-WAY,NOT DIVIDED;DAYLIGHT;CLEAR;0;0;;NO CONTROL PRESENT;NONE;VAN;NONE;NONE;;2018-02-16T14:24:17-05:00;2018;No;No;2;14
CARY;TWO-WAY,DIVIDED,UNPROTECTED MEDIAN;DARK - LIGHTED ROADWAY;RAIN;0;1;;STOP AND GO SIGNAL;PASSENGER CAR;SPORT UTILITY;NONE;NONE;;2018-02-16T18:41:33-05:00;2018;No;Yes;2;18
CARY;TWO-WAY,NOT DIVIDED;DAYLIGHT;CLEAR;0;0;;STOP AND GO SIGNAL;PICKUP;PASSENGER CAR;NONE;NONE;;2018-02-16T11:14:00-05:00;2018;No;No;2;11
88 FEET FROM P.V.A. (6470 TRYON RD);TWO-WAY,NOT DIVIDED;DAYLIGHT;CLEAR;0;0;;STOP SIGN;PASSENGER CAR;PASSENGER CAR;NONE;NONE;;2018-02-18T14:11:00-05:00;2018;No;No;2;14
300 FEET FROM SR 1624 (CARPENTER FIRE STATIO;TWO-WAY,NOT DIVIDED;DAYLIGHT;CLEAR;0;0;;STOP AND GO SIGNAL;PASSENGER CAR;PASSENGER CAR;NONE;NONE;;2018-02-18T17:12:08-05:00;2018;No;No;2;17
.14 MILES FROM NC 55 HWY;TWO-WAY,NOT DIVIDED;DAYLIGHT;CLOUDY;0;0;;STOP SIGN;SPORT UTILITY;PASSENGER CAR;NONE;NONE;;2018-02-17T16:01:03-05:00;2018;No;No;2;16
0 FEET FROM SR 1313 (WALNUT ST);TWO-WAY,NOT DIVIDED;DUSK;CLOUDY;0;0;;YIELD SIGN;PASSENGER CAR;PASSENGER CAR;NONE;NONE;;2018-02-19T17:46:48-05:00;2018;No;No;2;17
10 FEET FROM US 1 HWY;ONE-WAY,NOT DIVIDED;DAYLIGHT;CLOUDY;0;0;;STOP AND GO SIGNAL;PICKUP;SPORT UTILITY;NONE;NONE;;2018-02-19T14:18:56-05:00;2018;No;No;2;14
0 FEET FROM SR 1615 (HIGH HOUSE RD);TWO-WAY,DIVIDED,UNPROTECTED MEDIAN;DAYLIGHT;CLOUDY;0;0;;STOP SIGN;PASSENGER CAR;PASSENGER CAR;NONE;NONE;;2018-02-19T20:24:02-05:00;2018;No;No;2;20
46 FEET FROM NC 54 (CHAPEL HILL RD);TWO-WAY,DIVIDED,UNPROTECTED MEDIAN;DAYLIGHT;CLEAR;0;0;;NO CONTROL PRESENT;SPORT UTILITY;NONE;NONE;NONE;;2018-02-20T19:26:58-05:00;2018;No;No;2;19
120 FEET FROM SR 1300 (KILDAIRE FARM RD);TWO-WAY,DIVIDED,UNPROTECTED MEDIAN;DAYLIGHT;CLEAR;0;0;;STOP AND GO SIGNAL;SPORT UTILITY;SPORT UTILITY;NONE;NONE;;2018-02-21T11:52:00-05:00;2018;No;No;2;11
50 FEET FROM SR 1011 W CHATHAM ST;TWO-WAY,NOT DIVIDED;DAYLIGHT;CLOUDY;0;0;;NO CONTROL PRESENT;PASSENGER CAR;PICKUP;NONE;NONE;;2018-02-21T12:24:00-05:00;2018;No;No;2;12
CARY;TWO-WAY,DIVIDED,UNPROTECTED MEDIAN;DAYLIGHT;CLEAR;0;1;;STOP AND GO SIGNAL;SPORT UTILITY;PASSENGER CAR;NONE;NONE;;2018-02-20T10:24:00-05:00;2018;No;Yes;2;10
100 FEET FROM 1014 HIGH HOUSE RD;TWO-WAY,NOT DIVIDED;DAYLIGHT;CLEAR;0;0;;STOP SIGN;SPORT UTILITY;PASSENGER CAR;NONE;NONE;;2018-02-21T09:09:08-05:00;2018;No;No;2;09
20 FEET FROM SR 3112 (NW CARY PKWY);TWO-WAY,DIVIDED,UNPROTECTED MEDIAN;DAYLIGHT;CLEAR;0;0;;STOP AND GO SIGNAL;PICKUP;PICKUP;NONE;NONE;;2018-02-22T15:22:06-05:00;2018;No;No;2;15
200 FEET FROM PVA (1200 SE MAYNARD RD);TWO-WAY,NOT DIVIDED;DAYLIGHT;CLOUDY;0;0;;NO CONTROL PRESENT;SPORT UTILITY;PASSENGER CAR;NONE;NONE;;2018-02-23T10:15:00-05:00;2018;No;No;2;10
67 FEET FROM PVA (101 DUDEN CT);TWO-WAY,NOT DIVIDED;DARK - ROADWAY NOT LIGHTED;CLEAR;0;0;;NO CONTROL PRESENT;PASSENGER CAR;PASSENGER CAR;NONE;NONE;;2018-02-20T11:44:00-05:00;2018;No;No;2;11
350 FEET FROM 980 KILDAIRE FARM RD (PVA);TWO-WAY,NOT DIVIDED;DAYLIGHT;CLEAR;0;0;;NO CONTROL PRESENT;PASSENGER CAR;PASSENGER CAR;NONE;NONE;;2018-02-23T15:17:52-05:00;2018;No;No;2;15
130 FEET FROM 3609 TEN TEN RD (PVA);ONE-WAY,NOT DIVIDED;DUSK;CLEAR;0;0;;NO CONTROL PRESENT;EMS VEHICLE- AMBULANCE- RESCUE SQUAD;NONE;NONE;NONE;;2018-02-24T18:48:03-05:00;2018;No;No;2;18
430 FEET FROM PVA (980 KILDAIRE FARM ROAD);TWO-WAY,NOT DIVIDED;DAYLIGHT;CLEAR;0;0;;NO CONTROL PRESENT;NONE;PASSENGER CAR;NONE;NONE;;2018-02-23T12:01:00-05:00;2018;No;No;2;12
380 FEET FROM GREEN LEVEL CHURCH RD 1625;TWO-WAY,NOT DIVIDED;DARK - ROADWAY NOT LIGHTED;CLEAR;0;0;;NO CONTROL PRESENT;PASSENGER CAR;PASSENGER CAR;NONE;NONE;;2018-02-23T18:52:14-05:00;2018;No;No;2;18
200 FEET FROM PVA (120 SAGE COMMONS WAY);TWO-WAY,NOT DIVIDED;DARK - LIGHTED ROADWAY;CLEAR;0;0;;NO CONTROL PRESENT;PASSENGER CAR;NONE;NONE;NONE;;2018-02-19T19:56:03-05:00;2018;No;No;2;19
CARY;TWO-WAY,DIVIDED,UNPROTECTED MEDIAN;DAYLIGHT;CLEAR;0;0;;STOP AND GO SIGNAL;SPORT UTILITY;SPORT UTILITY;NONE;NONE;;2018-02-25T19:12:57-05:00;2018;No;No;2;19
CARY;TWO-WAY,DIVIDED,UNPROTECTED MEDIAN;DAYLIGHT;RAIN;0;0;;NO CONTROL PRESENT;SPORT UTILITY;PASSENGER CAR;NONE;NONE;;2018-02-26T14:54:41-05:00;2018;No;No;2;14
15 FEET FROM SR 1635 (MCCRIMMON PKWY);TWO-WAY,DIVIDED,UNPROTECTED MEDIAN;DAYLIGHT;CLEAR;0;0;;STOP AND GO SIGNAL;PASSENGER CAR;PICKUP;NONE;NONE;;2018-02-25T17:44:11-05:00;2018;No;No;2;17
499 FEET FROM SR3977 (SE CARY PKWY);TWO-WAY,DIVIDED,UNPROTECTED MEDIAN;DAYLIGHT;RAIN;0;0;;OTHER *;PASSENGER CAR;PASSENGER CAR;NONE;NONE;;2018-02-26T19:19:18-05:00;2018;No;No;2;19
150 FEET FROM 3434 KILDAIRE FARM RD (PVA);TWO-WAY,NOT DIVIDED;DAYLIGHT;CLOUDY;0;0;;NO CONTROL PRESENT;PASSENGER CAR;SPORT UTILITY;NONE;NONE;;2018-02-26T17:43:10-05:00;2018;No;No;2;17
CARY;TWO-WAY,DIVIDED,UNPROTECTED MEDIAN;DAYLIGHT;CLEAR;0;0;;NO CONTROL PRESENT;PICKUP;SPORT UTILITY;NONE;NONE;;2018-02-27T06:58:42-05:00;2018;No;No;2;06
50 FEET FROM SR 3977 (SE CARY PKWY);TWO-WAY,DIVIDED,POSITIVE MEDIAN BARRIER;DAYLIGHT;CLEAR;0;0;;NO CONTROL PRESENT;PASSENGER CAR;PASSENGER CAR;NONE;NONE;;2018-02-27T10:42:00-05:00;2018;No;No;2;10
250 FEET FROM S HARRISON AV;TWO-WAY,NOT DIVIDED;DAYLIGHT;CLEAR;0;0;;NO CONTROL PRESENT;SPORT UTILITY;PASSENGER CAR;NONE;NONE;;2018-02-27T13:45:42-05:00;2018;No;No;2;13
30 FEET FROM SR 1300 (KILDAIRE FARM RD);TWO-WAY,DIVIDED,UNPROTECTED MEDIAN;DAYLIGHT;CLOUDY;0;0;;STOP AND GO SIGNAL;PASSENGER CAR;PASSENGER CAR;NONE;NONE;;2018-02-28T12:51:00-05:00;2018;No;No;2;12
CARY;NONE;NONE;NONE;0;0;;;NONE;NONE;NONE;NONE;;2018-02-28T13:18:42-05:00;2018;No;No;2;13
CARY;NONE;NONE;NONE;0;0;;;NONE;NONE;NONE;NONE;;2018-02-14T04:25:14-05:00;2018;No;No;2;04
.1 MILES FROM E CEDAR ST;TWO-WAY,NOT DIVIDED;DARK - ROADWAY NOT LIGHTED;CLEAR;0;0;;NO CONTROL PRESENT;PASSENGER CAR;PASSENGER CAR;NONE;NONE;;2018-03-03T10:57:00-05:00;2018;No;No;3;10
248 FEET FROM P.V.A. (101 INNOVATION AVE);TWO-WAY,NOT DIVIDED;DAYLIGHT;CLEAR;0;0;;NO CONTROL PRESENT;PASSENGER CAR;PASSENGER CAR;NONE;NONE;;2018-03-02T21:20:22-05:00;2018;No;No;3;21
100 FEET FROM RAPPORT DR;TWO-WAY,NOT DIVIDED;DAYLIGHT;CLEAR;0;0;;NO CONTROL PRESENT;PASSENGER CAR;NONE;NONE;NONE;;2018-03-02T19:00:10-05:00;2018;No;No;3;19
CARY;TWO-WAY,NOT DIVIDED;DAYLIGHT;CLEAR;0;1;;NO CONTROL PRESENT;SPORT UTILITY;SPORT UTILITY;NONE;NONE;;2018-03-02T15:24:09-05:00;2018;No;Yes;3;15
.25 MILES FROM HIGH MEADOW DR;TWO-WAY,DIVIDED,UNPROTECTED MEDIAN;DARK - LIGHTED ROADWAY;CLEAR;0;0;;STOP AND GO SIGNAL;PASSENGER CAR;SPORT UTILITY;NONE;NONE;;2018-03-02T23:28:00-05:00;2018;No;No;3;23
148 FEET FROM SR 3112 (NW CARY PKWY);TWO-WAY,DIVIDED,UNPROTECTED MEDIAN;DAYLIGHT;CLEAR;0;0;;STOP AND GO SIGNAL;PASSENGER CAR;PICKUP;NONE;NONE;;2018-03-02T16:52:42-05:00;2018;No;No;3;16
150 FEET FROM P.V.A 2700 LOUIS STEPHENS DR;TWO-WAY,NOT DIVIDED;DAYLIGHT;CLEAR;0;0;;NO CONTROL PRESENT;PASSENGER CAR;PASSENGER CAR;NONE;NONE;;2018-03-04T15:39:23-05:00;2018;No;No;3;15
400 FEET FROM P.V.A. 1421 OLD APEX RD;TWO-WAY,NOT DIVIDED;DAYLIGHT;CLEAR;0;0;;NO CONTROL PRESENT;PASSENGER CAR;PASSENGER CAR;NONE;NONE;;2018-03-04T08:08:10-05:00;2018;No;No;3;08
.1 MILES FROM P.V.A. (1809 WALNUT ST);TWO-WAY,NOT DIVIDED;DAYLIGHT;CLEAR;0;0;;NO CONTROL PRESENT;PASSENGER CAR;PICKUP;NONE;NONE;;2018-03-04T17:29:10-05:00;2018;No;No;3;17
.18 MILES FROM ROBERTS ROAD;TWO-WAY,NOT DIVIDED;DAYLIGHT;CLEAR;0;0;;NO CONTROL PRESENT;PASSENGER CAR;PASSENGER CAR;NONE;NONE;;2018-03-05T07:08:40-05:00;2018;No;No;3;07
192 FEET FROM STAGS LEAP CT;TWO-WAY,NOT DIVIDED;DAYLIGHT;CLEAR;0;0;;NO CONTROL PRESENT;PASSENGER CAR;NONE;NONE;NONE;;2018-03-05T10:16:00-05:00;2018;No;No;3;10
CARY;TWO-WAY,DIVIDED,UNPROTECTED MEDIAN;DAYLIGHT;CLEAR;0;0;;NO CONTROL PRESENT;PASSENGER CAR;PASSENGER CAR;NONE;NONE;;2018-03-05T17:46:22-05:00;2018;No;No;3;17
60 FEET FROM SW CARY PKWY;TWO-WAY,DIVIDED,UNPROTECTED MEDIAN;DAYLIGHT;CLOUDY;0;0;;NO CONTROL PRESENT;SPORT UTILITY;PASSENGER CAR;PASSENGER CAR;NONE;;2018-02-28T14:31:59-05:00;2018;No;No;2;14
50 FEET FROM SW CARY PKWY;TWO-WAY,DIVIDED,UNPROTECTED MEDIAN;DAYLIGHT;CLOUDY;0;0;;NO CONTROL PRESENT;PASSENGER CAR;PASSENGER CAR;NONE;NONE;;2018-02-28T14:58:18-05:00;2018;No;No;2;14
.1 MILES FROM SR-1313 WALNUT ST;TWO-WAY,DIVIDED,UNPROTECTED MEDIAN;DARK - LIGHTED ROADWAY;RAIN;0;0;;NO CONTROL PRESENT;SPORT UTILITY;SPORT UTILITY;NONE;NONE;;2018-03-06T20:01:49-05:00;2018;No;No;3;20
200 FEET FROM SR 3977 (SE CARY PARKWAY);TWO-WAY,DIVIDED,UNPROTECTED MEDIAN;DAYLIGHT;RAIN;0;0;;NO CONTROL PRESENT;PASSENGER CAR;PASSENGER CAR;NONE;NONE;;2018-03-06T00:00:00-05:00;2018;No;No;3;00
.2 MILES FROM SR 3977 (SE CARY PARKWAY);TWO-WAY,DIVIDED,UNPROTECTED MEDIAN;DARK - LIGHTED ROADWAY;RAIN;0;0;;NO CONTROL PRESENT;PASSENGER CAR;SPORT UTILITY;NONE;NONE;;2018-03-06T00:00:00-05:00;2018;No;No;3;00
300 FEET FROM SR-1300 KILDAIRE FARM RD;TWO-WAY,NOT DIVIDED;DAYLIGHT;CLEAR;0;0;;NO CONTROL PRESENT;PASSENGER CAR;PASSENGER CAR;NONE;NONE;;2018-03-07T15:42:09-05:00;2018;No;No;3;15
20 FEET FROM AUTO MALL DR;TWO-WAY,NOT DIVIDED;DAYLIGHT;CLEAR;0;0;;NO CONTROL PRESENT;VAN;PASSENGER CAR;NONE;NONE;;2018-03-07T13:34:55-05:00;2018;No;No;3;13
50 FEET FROM SR1415 (SW MAYNARD RD);TWO-WAY,NOT DIVIDED;DAYLIGHT;CLEAR;0;0;;NO CONTROL PRESENT;PASSENGER CAR;PASSENGER CAR;PICKUP;NONE;;2018-03-07T15:49:41-05:00;2018;No;No;3;15
CARY;TWO-WAY,NOT DIVIDED;DARK - LIGHTED ROADWAY;CLEAR;0;0;;NO CONTROL PRESENT;PASSENGER CAR;PICKUP;NONE;NONE;;2018-03-07T18:21:02-05:00;2018;No;No;3;18
100 FEET FROM S.R. 1313 (WALNUT ST);TWO-WAY,DIVIDED,UNPROTECTED MEDIAN;DAYLIGHT;CLOUDY;0;0;FAILURE TO YIELD RIGHT OF WAY;NO CONTROL PRESENT;PASSENGER CAR;SPORT UTILITY;NONE;NONE;;2018-03-08T12:55:00-05:00;2018;No;No;3;12
CARY;TWO-WAY,NOT DIVIDED;DAYLIGHT;CLEAR;0;0;;NO CONTROL PRESENT;SPORT UTILITY;PASSENGER CAR;NONE;NONE;;2018-03-09T07:14:06-05:00;2018;No;No;3;07
.26 MILES FROM (PVA) 2700 LOUIS STEPHENS DR;TWO-WAY,NOT DIVIDED;DAYLIGHT;CLEAR;0;0;;NO CONTROL PRESENT;PASSENGER CAR;PASSENGER CAR;NONE;NONE;;2018-03-09T09:14:50-05:00;2018;No;No;3;09
250 FEET FROM P.V.A. (6770 MCCRIMMON PKWY);TWO-WAY,NOT DIVIDED;DAYLIGHT;CLOUDY;0;0;;NO CONTROL PRESENT;SPORT UTILITY;PASSENGER CAR;NONE;NONE;;2018-03-10T12:55:00-05:00;2018;No;No;3;12
40 FEET FROM CANON GATE DR;TWO-WAY,NOT DIVIDED;DAYLIGHT;CLEAR;0;0;;NO CONTROL PRESENT;PASSENGER CAR;LIGHT TRUCK (MINI-VAN- PANEL);NONE;NONE;;2018-03-09T12:20:00-05:00;2018;No;No;3;12
100 FEET FROM SR 1423 (PVA 1401 PINEY PLAINS;TWO-WAY,NOT DIVIDED;DARK - UNKNOWN LIGHTING;CLEAR;0;0;;NO CONTROL PRESENT;POLICE;NONE;NONE;NONE;;2018-03-09T04:26:13-05:00;2018;No;No;3;04
.1 MILES FROM LOCH BEND LN;TWO-WAY,NOT DIVIDED;DARK - LIGHTED ROADWAY;CLEAR;0;0;;NO CONTROL PRESENT;PASSENGER CAR;PASSENGER CAR;NONE;NONE;;2018-03-09T00:36:00-05:00;2018;No;No;3;00
CARY;TWO-WAY,NOT DIVIDED;DAYLIGHT;CLOUDY;0;0;;STOP SIGN;PICKUP;VAN;NONE;NONE;;2018-03-12T08:35:57-04:00;2018;No;No;3;08
CARY;TWO-WAY,DIVIDED,UNPROTECTED MEDIAN;DAYLIGHT;RAIN;0;0;;STOP AND GO SIGNAL;PASSENGER CAR;PASSENGER CAR;NONE;NONE;;2018-03-11T09:02:50-04:00;2018;No;No;3;09
.811 MILES FROM US 1 HWY;TWO-WAY,DIVIDED,POSITIVE MEDIAN BARRIER;DAYLIGHT;RAIN;0;0;;NO CONTROL PRESENT;SINGLE UNIT TRUCK (3 OR MORE AXLES);NONE;NONE;NONE;;2018-03-11T11:55:00-04:00;2018;No;No;3;11
100 FEET FROM S ACADEMY ST;TWO-WAY,NOT DIVIDED;DAYLIGHT;CLEAR;0;1;;NO CONTROL PRESENT;PASSENGER CAR;PASSENGER CAR;NONE;NONE;;2018-03-14T09:31:20-04:00;2018;No;Yes;3;09
100 FEET FROM NC 55 HWY NC 55;TWO-WAY,DIVIDED,POSITIVE MEDIAN BARRIER;DAYLIGHT;CLEAR;0;0;;NO CONTROL PRESENT;PASSENGER CAR;NONE;NONE;NONE;;2018-03-13T09:01:53-04:00;2018;No;No;3;09
CARY;TWO-WAY,NOT DIVIDED;DAYLIGHT;CLEAR;0;0;;STOP SIGN;PASSENGER CAR;PICKUP;NONE;NONE;;2018-03-13T16:02:57-04:00;2018;No;No;3;16
300 FEET FROM NC 55 HWY;TWO-WAY,DIVIDED,UNPROTECTED MEDIAN;DAYLIGHT;CLEAR;0;0;COMING FROM BEHIND PARKED VEHICLE;NO CONTROL PRESENT;PASSENGER CAR;PASSENGER CAR;NONE;NONE;;2018-03-14T11:07:00-04:00;2018;No;No;3;11
CARY;TWO-WAY,NOT DIVIDED;DARK - LIGHTED ROADWAY;CLEAR;0;0;;STOP SIGN;SPORT UTILITY;PASSENGER CAR;NONE;NONE;;2018-03-13T16:55:27-04:00;2018;No;No;3;16
359 FEET FROM SR 1300 (KILDAIRE FARM RD);TWO-WAY,DIVIDED,UNPROTECTED MEDIAN;DAYLIGHT;CLEAR;0;0;;NO CONTROL PRESENT;PICKUP;PASSENGER CAR;NONE;NONE;;2018-03-14T17:44:38-04:00;2018;No;No;3;17
.5 MILES FROM US 1;TWO-WAY,DIVIDED,POSITIVE MEDIAN BARRIER;DAYLIGHT;CLEAR;0;0;;NO CONTROL PRESENT;PASSENGER CAR;PICKUP;NONE;NONE;;2018-03-15T14:45:47-04:00;2018;No;No;3;14
40 FEET FROM PVA ZAXBYS 1021 N HARRISON AV;TWO-WAY,NOT DIVIDED;DAYLIGHT;CLOUDY;0;0;;NO CONTROL PRESENT;PASSENGER CAR;VAN;NONE;NONE;;2018-03-14T12:21:00-04:00;2018;No;No;3;12
300 FEET FROM US 64;TWO-WAY,DIVIDED,POSITIVE MEDIAN BARRIER;DUSK;CLEAR;0;1;;NO CONTROL PRESENT;PASSENGER CAR;PASSENGER CAR;NONE;NONE;;2018-03-15T07:04:36-04:00;2018;No;Yes;3;07
.2 MILES FROM PVA 7612 ROBERTS RD;NONE;NONE;NONE;0;0;;;NONE;NONE;NONE;NONE;;2018-03-08T13:12:35-05:00;2018;No;No;3;13
.2 MILES FROM US1;TWO-WAY,DIVIDED,POSITIVE MEDIAN BARRIER;DAYLIGHT;CLEAR;0;1;;NO CONTROL PRESENT;SPORT UTILITY;PASSENGER CAR;PASSENGER CAR;NONE;;2018-03-14T23:11:00-04:00;2018;No;Yes;3;23
.01 MILES FROM PVA 2010 KILDAIRE FARM RD;ONE-WAY,NOT DIVIDED;DAYLIGHT;CLEAR;0;0;;NO CONTROL PRESENT;PASSENGER CAR;PASSENGER CAR;NONE;NONE;;2018-03-16T11:56:00-04:00;2018;No;No;3;11
.5 MILES FROM US 1 S;TWO-WAY,DIVIDED,POSITIVE MEDIAN BARRIER;DAYLIGHT;CLEAR;0;0;;NO CONTROL PRESENT;SPORT UTILITY;PICKUP;NONE;NONE;;2018-03-14T17:19:22-04:00;2018;No;No;3;17
40 FEET FROM SR 1300 (KILDAIRE FARM RD);TWO-WAY,NOT DIVIDED;DAYLIGHT;CLEAR;0;1;;NO CONTROL PRESENT;SPORT UTILITY;NONE;NONE;NONE;;2018-03-17T10:52:00-04:00;2018;No;Yes;3;10
254 FEET FROM SR1315 (BUCK JONES RD);TWO-WAY,NOT DIVIDED;DAYLIGHT;CLEAR;0;0;;NO CONTROL PRESENT;PASSENGER CAR;PASSENGER CAR;NONE;NONE;;2018-03-17T17:38:10-04:00;2018;No;No;3;17
CARY;TWO-WAY,NOT DIVIDED;DAYLIGHT;CLEAR;0;0;;STOP AND GO SIGNAL;SPORT UTILITY;PASSENGER CAR;NONE;NONE;;2018-03-17T08:25:17-04:00;2018;No;No;3;08
90 FEET FROM 502 E CHATHAM ST (PVA);TWO-WAY,NOT DIVIDED;DAYLIGHT;CLEAR;0;0;;NO CONTROL PRESENT;PASSENGER CAR;NONE;NONE;NONE;;2018-03-15T13:52:19-04:00;2018;No;No;3;13
.1 MILES FROM P.V.A. (6418 TRYON RD);TWO-WAY,NOT DIVIDED;DARK - LIGHTED ROADWAY;CLEAR;0;0;;NO CONTROL PRESENT;PASSENGER CAR;PASSENGER CAR;NONE;NONE;;2018-03-18T20:08:48-04:00;2018;No;No;3;20
100 FEET FROM SR 1300 (KILDAIRE FARM RD);TWO-WAY,DIVIDED,UNPROTECTED MEDIAN;DAYLIGHT;CLEAR;0;0;;NO CONTROL PRESENT;PASSENGER CAR;PASSENGER CAR;NONE;NONE;;2018-03-16T20:14:01-04:00;2018;No;No;3;20
15 FEET FROM SR-1009 TRYON RD;TWO-WAY,DIVIDED,UNPROTECTED MEDIAN;DAYLIGHT;RAIN;0;0;;STOP AND GO SIGNAL;SPORT UTILITY;PASSENGER CAR;NONE;NONE;;2018-03-20T08:00:32-04:00;2018;No;No;3;08
100 FEET FROM US1;TWO-WAY,DIVIDED,POSITIVE MEDIAN BARRIER;DAYLIGHT;CLEAR;0;0;;NO CONTROL PRESENT;SPORT UTILITY;VAN;PASSENGER CAR;NONE;;2018-03-16T17:39:43-04:00;2018;No;No;3;17
.1 MILES FROM SR 1633 (GOOD HOPE CHURCH RD);TWO-WAY,NOT DIVIDED;DAYLIGHT;CLOUDY;0;0;;NO CONTROL PRESENT;PASSENGER CAR;SPORT UTILITY;NONE;NONE;;2018-03-20T12:16:00-04:00;2018;No;No;3;12
141 FEET FROM SR 1497 (CARY TOWNE BLVD);TWO-WAY,DIVIDED,UNPROTECTED MEDIAN;DAYLIGHT;CLOUDY;0;0;;STOP AND GO SIGNAL;PASSENGER CAR;PICKUP;PASSENGER CAR;NONE;;2018-03-20T14:38:13-04:00;2018;No;No;3;14
0 FEET FROM PVA (7600 ROBERTS RD);TWO-WAY,NOT DIVIDED;DAYLIGHT;RAIN;0;0;;STOP SIGN;PASSENGER CAR;PASSENGER CAR;NONE;NONE;;2018-03-12T07:36:16-04:00;2018;No;No;3;07
CARY;TWO-WAY,DIVIDED,UNPROTECTED MEDIAN;DAYLIGHT;CLEAR;0;0;;STOP AND GO SIGNAL;LIGHT TRUCK (MINI-VAN- PANEL);PICKUP;NONE;NONE;;2018-03-22T10:53:00-04:00;2018;No;No;3;10
32 FEET FROM P.V.A. (801 BASS PRO LN);TWO-WAY,NOT DIVIDED;DAYLIGHT;CLOUDY;0;0;;NO CONTROL PRESENT;PICKUP;SPORT UTILITY;NONE;NONE;;2018-03-22T12:24:00-04:00;2018;No;No;3;12