Location_Description;Road_Configuration;Light_Condition;Weather;Fatality;Injury;Contributing_Factor;Traffic_Control;Vehicle1;Vehicle2;Vehicle3;Vehicle4;Vehicle5;Crash_Date;year;Fatalities;Injuries;Month;Hour
30 FEET FROM US-1 HWY;TWO-WAY,DIVIDED,POSITIVE MEDIAN BARRIER;DARK - LIGHTED ROADWAY;CLEAR;0;0;;NO CONTROL PRESENT;PICKUP;PASSENGER CAR;NONE;NONE;;2018-07-14T21:28:10-04:00;2018;No;No;7;21
CARY;TWO-WAY,DIVIDED,UNPROTECTED MEDIAN;DAYLIGHT;CLEAR;0;0;;STOP AND GO SIGNAL;PASSENGER CAR;PASSENGER CAR;NONE;NONE;;2018-07-16T09:23:11-04:00;2018;No;No;7;09
20 FEET FROM SR 1616 (OLD APEX RD);TWO-WAY,DIVIDED,UNPROTECTED MEDIAN;DAYLIGHT;CLEAR;0;0;;STOP AND GO SIGNAL;SPORT UTILITY;SPORT UTILITY;NONE;NONE;;2018-07-16T10:26:00-04:00;2018;No;No;7;10
300 FEET FROM PVA (1105 WALNUT ST);NONE;NONE;NONE;0;0;;;PASSENGER CAR;NONE;NONE;NONE;;2018-07-07T21:27:57-04:00;2018;No;No;7;21
40 FEET FROM (NC 54) CHAPEL HILL RD;TWO-WAY,NOT DIVIDED;DAYLIGHT;CLOUDY;0;0;;STOP AND GO SIGNAL;PICKUP;SPORT UTILITY;NONE;NONE;;2018-07-17T17:09:50-04:00;2018;No;No;7;17
0 FEET FROM CROSSROADS BLVD;TWO-WAY,NOT DIVIDED;DARK - LIGHTED ROADWAY;RAIN;0;0;;STOP AND GO SIGNAL;PASSENGER CAR;PASSENGER CAR;NONE;NONE;;2018-07-17T02:07:17-04:00;2018;No;No;7;02
.2 MILES FROM NC54 (CHAPEL HILL RD);TWO-WAY,NOT DIVIDED;DAYLIGHT;CLEAR;0;0;;STOP AND GO SIGNAL;PASSENGER CAR;PASSENGER CAR;NONE;NONE;;2018-07-19T11:56:00-04:00;2018;No;No;7;11
307 FEET FROM TRYON WOODS DR;TWO-WAY,DIVIDED,UNPROTECTED MEDIAN;DAYLIGHT;CLEAR;0;0;;STOP SIGN;SPORT UTILITY;PASSENGER CAR;NONE;NONE;;2018-07-19T16:53:33-04:00;2018;No;No;7;16
NEAR .25 MILES E OF E US 1 HWY;TWO-WAY,DIVIDED,POSITIVE MEDIAN BARRIER;DAYLIGHT;CLEAR;0;0;;NO CONTROL PRESENT;PASSENGER CAR;PASSENGER CAR;NONE;NONE;;2018-07-19T17:31:44-04:00;2018;No;No;7;17
.5 MILES FROM US 1;TWO-WAY,DIVIDED,POSITIVE MEDIAN BARRIER;DAYLIGHT;CLEAR;0;0;;NO CONTROL PRESENT;PASSENGER CAR;PASSENGER CAR;NONE;NONE;;2018-07-20T17:13:18-04:00;2018;No;No;7;17
.5 MILES FROM US 1 HWY;TWO-WAY,DIVIDED,POSITIVE MEDIAN BARRIER;DAYLIGHT;CLEAR;0;0;;NO CONTROL PRESENT;SPORT UTILITY;PASSENGER CAR;NONE;NONE;;2018-07-18T17:24:43-04:00;2018;No;No;7;17
200 FEET FROM EXECUTIVE CIR;TWO-WAY,NOT DIVIDED;DAYLIGHT;CLEAR;0;0;;NO CONTROL PRESENT;PASSENGER CAR;PASSENGER CAR;NONE;NONE;;2018-07-19T17:45:08-04:00;2018;No;No;7;17
.06 MILES FROM LEBLANC CT;TWO-WAY,NOT DIVIDED;DAYLIGHT;CLOUDY;0;1;;NO CONTROL PRESENT;PASSENGER CAR;LIGHT TRUCK (MINI-VAN- PANEL);NONE;NONE;;2018-07-21T10:24:00-04:00;2018;No;Yes;7;10
0 FEET FROM SR3073 (NW MAYNARD RD);TWO-WAY,DIVIDED,UNPROTECTED MEDIAN;DARK - LIGHTED ROADWAY;CLOUDY;0;0;;STOP AND GO SIGNAL;PASSENGER CAR;PASSENGER CAR;NONE;NONE;;2018-07-21T20:55:24-04:00;2018;No;No;7;20
200 FEET FROM P.V.A. 1971 HIGH HOUSE RD;TWO-WAY,NOT DIVIDED;DAYLIGHT;CLEAR;0;0;;NO CONTROL PRESENT;PASSENGER CAR;PASSENGER CAR;NONE;NONE;;2018-07-16T05:30:21-04:00;2018;No;No;7;05
8 FEET FROM S.R. 1624 (CARPENTER FIRE STA);TWO-WAY,DIVIDED,POSITIVE MEDIAN BARRIER;DAYLIGHT;CLEAR;0;0;;STOP AND GO SIGNAL;PASSENGER CAR;SPORT UTILITY;NONE;NONE;;2018-07-21T19:29:28-04:00;2018;No;No;7;19
300 FEET FROM WAVERLY HILLS DR;TWO-WAY,NOT DIVIDED;NONE;CLEAR;0;0;;NO CONTROL PRESENT;PASSENGER CAR;NONE;NONE;NONE;;2018-07-22T04:58:34-04:00;2018;No;No;7;04
CARY;TWO-WAY,NOT DIVIDED;DAYLIGHT;CLEAR;0;0;;STOP AND GO SIGNAL;PASSENGER CAR;VAN;NONE;NONE;;2018-07-22T05:10:05-04:00;2018;No;No;7;05
.44 MILES FROM US 1 HWY;TWO-WAY,DIVIDED,POSITIVE MEDIAN BARRIER;DAYLIGHT;CLOUDY;0;2;;NO CONTROL PRESENT;PASSENGER CAR;PASSENGER CAR;NONE;NONE;;2018-07-17T07:23:19-04:00;2018;No;Yes;7;07
CARY;TWO-WAY,DIVIDED,UNPROTECTED MEDIAN;DAYLIGHT;CLEAR;0;4;;STOP AND GO SIGNAL;PASSENGER CAR;PASSENGER CAR;VAN;NONE;;2018-07-17T13:01:27-04:00;2018;No;Yes;7;13
.22 MILES FROM SR 3097 (AVIATION PKWY);TWO-WAY,NOT DIVIDED;DAYLIGHT;CLEAR;0;2;;NO CONTROL PRESENT;PASSENGER CAR;SPORT UTILITY;PICKUP;NONE;;2018-07-24T17:29:01-04:00;2018;No;Yes;7;17
50 FEET FROM NC 55 HWY;TWO-WAY,DIVIDED,UNPROTECTED MEDIAN;DAYLIGHT;CLEAR;0;0;;STOP AND GO SIGNAL;PICKUP;PASSENGER CAR;NONE;NONE;;2018-07-25T17:27:09-04:00;2018;No;No;7;17
50 FEET FROM NC 55 HWY;TWO-WAY,DIVIDED,UNPROTECTED MEDIAN;DAYLIGHT;CLEAR;0;0;;NO CONTROL PRESENT;PASSENGER CAR;NONE;NONE;NONE;;2018-07-25T17:47:49-04:00;2018;No;No;7;17
CARY;TWO-WAY,NOT DIVIDED;DARK - LIGHTED ROADWAY;CLEAR;0;0;;STOP AND GO SIGNAL;PICKUP;PASSENGER CAR;NONE;NONE;;2018-07-25T21:56:13-04:00;2018;No;No;7;21
CARY;TWO-WAY,DIVIDED,UNPROTECTED MEDIAN;DAYLIGHT;CLEAR;0;0;;YIELD SIGN;PASSENGER CAR;SPORT UTILITY;NONE;NONE;;2018-07-26T13:04:28-04:00;2018;No;No;7;13
200 FEET FROM P.V.A. (CARY TOWNE CENTER);TWO-WAY,NOT DIVIDED;DAYLIGHT;CLEAR;0;0;;NO CONTROL PRESENT;PASSENGER CAR;NONE;NONE;NONE;;2018-07-26T13:03:46-04:00;2018;No;No;7;13
10 FEET FROM P.V.A. (CARY TOWNE CENTER);TWO-WAY,NOT DIVIDED;DAYLIGHT;CLEAR;0;0;;NO CONTROL PRESENT;PASSENGER CAR;NONE;NONE;NONE;;2018-07-26T07:30:59-04:00;2018;No;No;7;07
180 FEET FROM PVA 575 NEW WAVERLY PL;TWO-WAY,NOT DIVIDED;DAYLIGHT;CLOUDY;0;0;;NO CONTROL PRESENT;PASSENGER CAR;PASSENGER CAR;NONE;NONE;;2018-07-27T15:13:22-04:00;2018;No;No;7;15
CARY;TWO-WAY,DIVIDED,POSITIVE MEDIAN BARRIER;DAYLIGHT;CLEAR;0;0;;STOP AND GO SIGNAL;SPORT UTILITY;VAN;NONE;NONE;;2018-07-28T14:23:01-04:00;2018;No;No;7;14
313 FEET FROM P.V.A. (8003 REGENCY PKWY);TWO-WAY,NOT DIVIDED;DAYLIGHT;CLEAR;0;0;;NO CONTROL PRESENT;PASSENGER CAR;PASSENGER CAR;NONE;NONE;;2018-07-28T18:09:55-04:00;2018;No;No;7;18
25 FEET FROM SR 1009 TRYON RD;TWO-WAY,DIVIDED,POSITIVE MEDIAN BARRIER;DAYLIGHT;CLEAR;0;0;;STOP AND GO SIGNAL;SPORT UTILITY;PASSENGER CAR;NONE;NONE;;2018-07-26T22:21:00-04:00;2018;No;No;7;22
.5 MILES FROM US 64;TWO-WAY,DIVIDED,POSITIVE MEDIAN BARRIER;DAYLIGHT;RAIN;0;1;;NO CONTROL PRESENT;VAN;PICKUP;NONE;NONE;;2018-07-30T08:41:39-04:00;2018;No;Yes;7;08
0 FEET FROM (SR 1652) N HARRISON AVE;TWO-WAY,DIVIDED,UNPROTECTED MEDIAN;DAYLIGHT;RAIN;0;0;;STOP AND GO SIGNAL;PASSENGER CAR;PASSENGER CAR;NONE;NONE;;2018-07-30T07:47:27-04:00;2018;No;No;7;07
100 FEET FROM 400 BLOCK E CHATHAM ST;TWO-WAY,DIVIDED,UNPROTECTED MEDIAN;NONE;NONE;0;0;;NO CONTROL PRESENT;NONE;NONE;NONE;NONE;;2018-07-30T13:25:04-04:00;2018;No;No;7;13
100 FEET FROM PVA 4500 WEST LAKE RD;TWO-WAY,NOT DIVIDED;DAYLIGHT;CLEAR;0;0;;NO CONTROL PRESENT;PICKUP;PASSENGER CAR;NONE;NONE;;2018-07-31T16:10:48-04:00;2018;No;No;7;16
CARY;TWO-WAY,NOT DIVIDED;DAYLIGHT;CLEAR;0;0;;NO CONTROL PRESENT;SPORT UTILITY;SPORT UTILITY;NONE;NONE;;2018-07-31T16:30:32-04:00;2018;No;No;7;16
CARY;TWO-WAY,DIVIDED,POSITIVE MEDIAN BARRIER;DAYLIGHT;CLOUDY;0;2;;STOP SIGN;PASSENGER CAR;PASSENGER CAR;NONE;NONE;;2018-07-31T11:12:00-04:00;2018;No;Yes;7;11
0.1 MILES FROM SR 1387 (WEST LAKE RD);TWO-WAY,NOT DIVIDED;DARK - LIGHTED ROADWAY;CLEAR;0;0;;NO CONTROL PRESENT;PASSENGER CAR;NONE;NONE;NONE;;2018-08-02T21:58:15-04:00;2018;No;No;8;21
CARY;TWO-WAY,NOT DIVIDED;DAYLIGHT;CLEAR;0;0;;STOP AND GO SIGNAL;PASSENGER CAR;PASSENGER CAR;NONE;NONE;;2018-08-01T09:15:49-04:00;2018;No;No;8;09
100 FEET FROM SR 1152;TWO-WAY,NOT DIVIDED;DAYLIGHT;RAIN;0;0;;STOP AND GO SIGNAL;PASSENGER CAR;PASSENGER CAR;NONE;NONE;;2018-08-03T19:36:47-04:00;2018;No;No;8;19
30 FEET FROM 901 WALNUT ST;TWO-WAY,NOT DIVIDED;DARK - LIGHTED ROADWAY;CLOUDY;0;0;;NO CONTROL PRESENT;PICKUP;PICKUP;NONE;NONE;;2018-08-03T21:30:30-04:00;2018;No;No;8;21
.2 MILES FROM SR 1731 (O`KELLY CHAPEL RD);ONE-WAY,NOT DIVIDED;DAYLIGHT;RAIN;0;0;COMING FROM BEHIND PARKED VEHICLE;NO CONTROL PRESENT;PASSENGER CAR;NONE;NONE;NONE;;2018-08-02T16:30:59-04:00;2018;No;No;8;16
100 FEET FROM 3655 SW CARY PKWY;TWO-WAY,NOT DIVIDED;DAYLIGHT;CLEAR;0;0;;NO CONTROL PRESENT;SPORT UTILITY;PASSENGER CAR;NONE;NONE;;2018-08-02T14:10:35-04:00;2018;No;No;8;14
300 FEET FROM 2750 LOUIS STEPHEN DR;TWO-WAY,NOT DIVIDED;DAYLIGHT;CLEAR;0;1;;NO CONTROL PRESENT;PASSENGER CAR;PASSENGER CAR;NONE;NONE;;2018-07-31T17:25:39-04:00;2018;No;Yes;7;17
.1 MILES FROM P.V.A. 2031 WALNUT ST;TWO-WAY,NOT DIVIDED;DAYLIGHT;CLEAR;0;0;;NO CONTROL PRESENT;PASSENGER CAR;PASSENGER CAR;NONE;NONE;;2018-08-04T14:04:02-04:00;2018;No;No;8;14
102 FEET FROM DONALDSON DR;TWO-WAY,NOT DIVIDED;DAYLIGHT;CLEAR;0;0;;NO CONTROL PRESENT;SPORT UTILITY;SPORT UTILITY;NONE;NONE;;2018-08-05T17:53:39-04:00;2018;No;No;8;17
274 FEET FROM P.V.A. (1311 KILDAIRE FARM RD);TWO-WAY,NOT DIVIDED;DAYLIGHT;CLEAR;0;0;;NO CONTROL PRESENT;SPORT UTILITY;SPORT UTILITY;NONE;NONE;;2018-08-06T11:51:00-04:00;2018;No;No;8;11
0.22 MILES FROM PVA (1273 NW MAYNARD RD);TWO-WAY,NOT DIVIDED;DAYLIGHT;CLEAR;0;0;;STOP SIGN;PASSENGER CAR;PASSENGER CAR;NONE;NONE;;2018-08-06T19:10:46-04:00;2018;No;No;8;19
.25 MILES FROM US 64;TWO-WAY,DIVIDED,POSITIVE MEDIAN BARRIER;DAYLIGHT;CLEAR;0;0;;NO CONTROL PRESENT;PASSENGER CAR;PASSENGER CAR;PASSENGER CAR;NONE;;2018-08-07T08:43:34-04:00;2018;No;No;8;08
0 FEET FROM US 1 NORTH;TWO-WAY,DIVIDED,POSITIVE MEDIAN BARRIER;DAYLIGHT;CLEAR;0;0;;NO CONTROL PRESENT;NONE;PASSENGER CAR;NONE;NONE;;2018-08-07T20:08:32-04:00;2018;No;No;8;20
CARY;TWO-WAY,DIVIDED,UNPROTECTED MEDIAN;DAYLIGHT;CLEAR;0;1;;STOP AND GO SIGNAL;VAN;SPORT UTILITY;NONE;NONE;;2018-08-07T21:22:38-04:00;2018;No;Yes;8;21
CARY;NONE;NONE;NONE;0;0;;;SPORT UTILITY;NONE;NONE;NONE;;2018-08-08T09:07:31-04:00;2018;No;No;8;09
.25 MILES FROM (PVA) 1111 WALNUT ST;TWO-WAY,NOT DIVIDED;DAYLIGHT;CLEAR;0;0;;NO CONTROL PRESENT;PASSENGER CAR;SPORT UTILITY;NONE;NONE;;2018-08-08T10:34:00-04:00;2018;No;No;8;10
CARY;TWO-WAY,NOT DIVIDED;DAYLIGHT;CLEAR;0;0;;NO CONTROL PRESENT;PASSENGER CAR;PASSENGER CAR;NONE;NONE;;2018-08-08T15:24:17-04:00;2018;No;No;8;15
150 FEET FROM P.V.A.(10140 GREEN LEVEL CHURC;TWO-WAY,NOT DIVIDED;DAYLIGHT;CLEAR;0;0;;NO CONTROL PRESENT;PASSENGER CAR;PASSENGER CAR;NONE;NONE;;2018-08-07T15:45:40-04:00;2018;No;No;8;15
50 FEET FROM 228 BILLINGRATH TURN LN;TWO-WAY,NOT DIVIDED;DAYLIGHT;CLEAR;0;0;;NO CONTROL PRESENT;VAN;SPORT UTILITY;NONE;NONE;;2018-08-09T09:13:25-04:00;2018;No;No;8;09
200 FEET FROM SR 1613 (DAVIS DRIVE);TWO-WAY,DIVIDED,POSITIVE MEDIAN BARRIER;DAYLIGHT;CLEAR;0;0;;NO CONTROL PRESENT;PASSENGER CAR;PASSENGER CAR;NONE;NONE;;2018-08-08T08:40:28-04:00;2018;No;No;8;08
50 FEET FROM SR 3977 (SW CARY PKWY);TWO-WAY,DIVIDED,POSITIVE MEDIAN BARRIER;DAYLIGHT;CLEAR;0;0;;NO CONTROL PRESENT;PASSENGER CAR;PASSENGER CAR;NONE;NONE;;2018-08-09T11:28:00-04:00;2018;No;No;8;11
CARY;TWO-WAY,NOT DIVIDED;DAYLIGHT;CLEAR;0;0;;NO CONTROL PRESENT;PASSENGER CAR;PICKUP;NONE;NONE;;2018-08-09T19:11:31-04:00;2018;No;No;8;19
30 FEET FROM DONALDSON CT;TWO-WAY,NOT DIVIDED;DAYLIGHT;CLEAR;0;0;;NO CONTROL PRESENT;LIGHT TRUCK (MINI-VAN- PANEL);PASSENGER CAR;NONE;NONE;;2018-08-09T08:23:37-04:00;2018;No;No;8;08
450 FEET FROM TARBERT DR;TWO-WAY,NOT DIVIDED;DARK - LIGHTED ROADWAY;CLEAR;0;0;;NO CONTROL PRESENT;PASSENGER CAR;PASSENGER CAR;NONE;NONE;;2018-08-10T08:34:24-04:00;2018;No;No;8;08
200 FEET FROM 3100 NC 55 HWY;TWO-WAY,NOT DIVIDED;DAYLIGHT;CLEAR;0;0;;NO CONTROL PRESENT;NONE;PASSENGER CAR;NONE;NONE;;2018-08-10T12:28:00-04:00;2018;No;No;8;12
185 FEET FROM PVA (CHIPOTLE);TWO-WAY,NOT DIVIDED;DUSK;CLOUDY;0;0;;NO CONTROL PRESENT;PASSENGER CAR;PASSENGER CAR;NONE;NONE;;2018-08-11T20:40:42-04:00;2018;No;No;8;20
10 FEET FROM SR 1415 (SE MAYNARD RD);TWO-WAY,DIVIDED,UNPROTECTED MEDIAN;DARK - LIGHTED ROADWAY;CLOUDY;0;0;;NO CONTROL PRESENT;SPORT UTILITY;PASSENGER CAR;NONE;NONE;;2018-08-11T21:10:50-04:00;2018;No;No;8;21
50 FEET FROM P.V.A. 1110 SE CARY PKWY;TWO-WAY,NOT DIVIDED;DAYLIGHT;CLEAR;0;0;;NO CONTROL PRESENT;PASSENGER CAR;PICKUP;NONE;NONE;;2018-08-13T13:41:13-04:00;2018;No;No;8;13
50 FEET FROM NC 55 HWY;TWO-WAY,DIVIDED,UNPROTECTED MEDIAN;DAYLIGHT;CLEAR;0;1;;STOP AND GO SIGNAL;SPORT UTILITY;SPORT UTILITY;PASSENGER CAR;NONE;;2018-08-13T17:01:30-04:00;2018;No;Yes;8;17
50 FEET FROM SR 1313 (WALNUT ST);TWO-WAY,NOT DIVIDED;DAYLIGHT;CLEAR;0;0;;STOP AND GO SIGNAL;LIGHT TRUCK (MINI-VAN- PANEL);PASSENGER CAR;NONE;NONE;;2018-08-13T15:24:22-04:00;2018;No;No;8;15
457 FEET FROM (SR 1313) WALNUT ST;TWO-WAY,DIVIDED,UNPROTECTED MEDIAN;DAYLIGHT;CLEAR;0;0;;STOP AND GO SIGNAL;PASSENGER CAR;SPORT UTILITY;NONE;NONE;;2018-08-15T11:27:00-04:00;2018;No;No;8;11
130 FEET FROM NW MAYNARD RD (SR3073);TWO-WAY,NOT DIVIDED;DAYLIGHT;CLEAR;0;0;;STOP AND GO SIGNAL;PASSENGER CAR;PASSENGER CAR;NONE;NONE;;2018-08-15T16:52:43-04:00;2018;No;No;8;16
400 FEET FROM P.V.A. (150 PARKWAY OFFICE CT);ONE-WAY,NOT DIVIDED;DAYLIGHT;CLEAR;0;0;;YIELD SIGN;PASSENGER CAR;PASSENGER CAR;NONE;NONE;;2018-08-15T11:45:00-04:00;2018;No;No;8;11
100 FEET FROM PVA 2205 WALNUT ST;ONE-WAY,NOT DIVIDED;DAYLIGHT;CLEAR;0;0;;NO CONTROL PRESENT;PASSENGER CAR;NONE;NONE;NONE;;2018-08-16T08:55:25-04:00;2018;No;No;8;08
50 FEET FROM US 1 RAMP;ONE-WAY,NOT DIVIDED;DAYLIGHT;CLEAR;0;0;;STOP AND GO SIGNAL;PASSENGER CAR;PASSENGER CAR;NONE;NONE;;2018-08-16T19:46:23-04:00;2018;No;No;8;19
.5 MILES FROM US1;TWO-WAY,DIVIDED,POSITIVE MEDIAN BARRIER;DAYLIGHT;CLEAR;0;0;;NO CONTROL PRESENT;SPORT UTILITY;PASSENGER CAR;NONE;NONE;;2018-08-16T17:59:12-04:00;2018;No;No;8;17
CARY;TWO-WAY,DIVIDED,UNPROTECTED MEDIAN;DAYLIGHT;CLEAR;0;0;;STOP AND GO SIGNAL;PASSENGER CAR;PASSENGER CAR;NONE;NONE;;2018-08-16T19:14:15-04:00;2018;No;No;8;19
250 FEET FROM PVA (1253 BUCK JONES RD);TWO-WAY,NOT DIVIDED;DARK - LIGHTED ROADWAY;CLEAR;0;0;;NO CONTROL PRESENT;PASSENGER CAR;PASSENGER CAR;NONE;NONE;;2018-08-15T20:40:38-04:00;2018;No;No;8;20
.1 MILES FROM P.V.A. (200 BROOKS PARK LN);TWO-WAY,NOT DIVIDED;DAYLIGHT;CLEAR;0;0;;NO CONTROL PRESENT;PICKUP;PASSENGER CAR;NONE;NONE;;2018-08-18T13:30:46-04:00;2018;No;No;8;13
200 FEET FROM SR 1313 (WALNUT ST);TWO-WAY,NOT DIVIDED;DARK - LIGHTED ROADWAY;CLEAR;0;0;;NO CONTROL PRESENT;PASSENGER CAR;PASSENGER CAR;NONE;NONE;;2018-08-17T20:57:52-04:00;2018;No;No;8;20
50 FEET FROM P.P. (1406 BLOOMINGDALE DR);NONE;DARK - ROADWAY NOT LIGHTED;CLOUDY;0;0;;NO CONTROL PRESENT;PASSENGER CAR;PASSENGER CAR;NONE;NONE;;2018-08-18T22:32:00-04:00;2018;No;No;8;22
0 FEET FROM SR 3081 (CHAPEL HILL RD);TWO-WAY,DIVIDED,UNPROTECTED MEDIAN;DAYLIGHT;CLEAR;0;0;;STOP AND GO SIGNAL;PASSENGER CAR;SPORT UTILITY;NONE;NONE;;2018-08-18T10:21:00-04:00;2018;No;No;8;10
50 FEET FROM SUMMERWINDS DR;TWO-WAY,NOT DIVIDED;DARK - ROADWAY NOT LIGHTED;RAIN;0;0;;NO CONTROL PRESENT;PASSENGER CAR;NONE;NONE;NONE;;2018-08-19T17:03:51-04:00;2018;No;No;8;17
CARY;TWO-WAY,NOT DIVIDED;DARK - LIGHTED ROADWAY;CLOUDY;0;0;;NO CONTROL PRESENT;SPORT UTILITY;NONE;NONE;NONE;;2018-08-19T22:18:00-04:00;2018;No;No;8;22
100 FEET FROM  YELLOWFIELD WAY;TWO-WAY,DIVIDED,UNPROTECTED MEDIAN;DAYLIGHT;CLEAR;0;0;;NO CONTROL PRESENT;PASSENGER CAR;SPORT UTILITY;NONE;NONE;;2018-08-20T17:59:33-04:00;2018;No;No;8;17
355 FEET FROM SR 1011 (E CHATHAM ST);TWO-WAY,DIVIDED,UNPROTECTED MEDIAN;DAYLIGHT;CLEAR;0;0;;NO CONTROL PRESENT;PASSENGER CAR;PASSENGER CAR;PASSENGER CAR;NONE;;2018-08-10T16:41:57-04:00;2018;No;No;8;16
0 FEET FROM ALLIANCE CIR;NONE;DAYLIGHT;CLEAR;0;1;;STOP SIGN;SPORT UTILITY;PASSENGER CAR;NONE;NONE;;2018-08-20T19:16:11-04:00;2018;No;Yes;8;19
20 FEET FROM SR 3081 (CHAPEL HILL RD);TWO-WAY,DIVIDED,UNPROTECTED MEDIAN;DAYLIGHT;CLOUDY;0;0;;NO CONTROL PRESENT;PICKUP;VAN;NONE;NONE;;2018-08-20T04:56:16-04:00;2018;No;No;8;04
20 FEET FROM W CHATHAM ST;NONE;NONE;NONE;0;0;;;NONE;NONE;NONE;NONE;;2018-08-14T15:54:25-04:00;2018;No;No;8;15
300 FEET FROM 275 CONVENTION DR (PVA);ONE-WAY,NOT DIVIDED;DAYLIGHT;CLEAR;0;0;;NO CONTROL PRESENT;VAN;VAN;NONE;NONE;;2018-08-21T15:57:59-04:00;2018;No;No;8;15
310 FEET FROM 7145 O`KELLY CHAPEL RD (PVA);TWO-WAY,NOT DIVIDED;DAYLIGHT;CLEAR;0;0;;NO CONTROL PRESENT;LIGHT TRUCK (MINI-VAN- PANEL);SPORT UTILITY;NONE;NONE;;2018-08-23T14:15:02-04:00;2018;No;No;8;14
CARY;TWO-WAY,DIVIDED,UNPROTECTED MEDIAN;DAYLIGHT;CLEAR;0;0;;NO CONTROL PRESENT;PASSENGER CAR;PASSENGER CAR;NONE;NONE;;2018-08-23T08:13:00-04:00;2018;No;No;8;08
0 FEET FROM SR 1009 (TRYON RD);TWO-WAY,DIVIDED,POSITIVE MEDIAN BARRIER;DARK - LIGHTED ROADWAY;CLEAR;0;0;;STOP AND GO SIGNAL;PICKUP;PASSENGER CAR;NONE;NONE;;2018-08-25T22:55:00-04:00;2018;No;No;8;22
.2 MILES FROM US 1 HWY;TWO-WAY,DIVIDED,POSITIVE MEDIAN BARRIER;DARK - LIGHTED ROADWAY;CLEAR;0;0;;NO CONTROL PRESENT;PASSENGER CAR;PASSENGER CAR;NONE;NONE;;2018-08-25T03:19:31-04:00;2018;No;No;8;03
CARY;NONE;NONE;NONE;0;0;;;NONE;NONE;NONE;NONE;;2018-08-11T18:14:41-04:00;2018;No;No;8;18
.2 MILES FROM SR 1315 (BUCK JONES RD);TWO-WAY,DIVIDED,UNPROTECTED MEDIAN;DAYLIGHT;CLEAR;0;1;;NO CONTROL PRESENT;VAN;PASSENGER CAR;NONE;NONE;;2018-08-26T12:51:00-04:00;2018;No;Yes;8;12
50 FEET FROM SR 1011 (W CHATHAM ST);TWO-WAY,NOT DIVIDED;DAYLIGHT;CLEAR;0;0;;NO CONTROL PRESENT;PASSENGER CAR;PICKUP;NONE;NONE;;2018-08-25T11:08:00-04:00;2018;No;No;8;11
75 FEET FROM SR 1313 (WALNUT ST);TWO-WAY,DIVIDED,UNPROTECTED MEDIAN;DARK - LIGHTED ROADWAY;CLEAR;0;0;;NO CONTROL PRESENT;PASSENGER CAR;PASSENGER CAR;NONE;NONE;;2018-08-22T22:09:00-04:00;2018;No;No;8;22
150 FEET FROM US 1;TWO-WAY,DIVIDED,UNPROTECTED MEDIAN;DARK - LIGHTED ROADWAY;CLEAR;0;0;;NO CONTROL PRESENT;PASSENGER CAR;PASSENGER CAR;NONE;NONE;;2018-08-25T20:56:10-04:00;2018;No;No;8;20
.5 MILES FROM US1 S;TWO-WAY,DIVIDED,POSITIVE MEDIAN BARRIER;DARK - LIGHTED ROADWAY;CLEAR;0;0;;NO CONTROL PRESENT;PASSENGER CAR;PASSENGER CAR;NONE;NONE;;2018-08-25T02:51:13-04:00;2018;No;No;8;02
66 FEET FROM PVA 4212 SR 3112 (NW CARY PKWY;TWO-WAY,NOT DIVIDED;DAYLIGHT;CLEAR;0;0;;NO CONTROL PRESENT;PASSENGER CAR;PASSENGER CAR;NONE;NONE;;2018-08-24T14:47:27-04:00;2018;No;No;8;14
.21 MILES FROM SR 1613 ( DAVIS DR);TWO-WAY,DIVIDED,POSITIVE MEDIAN BARRIER;DUSK;CLEAR;0;0;;STOP AND GO SIGNAL;LIGHT TRUCK (MINI-VAN- PANEL);LIGHT TRUCK (MINI-VAN- PANEL);NONE;NONE;;2018-08-24T19:34:55-04:00;2018;No;No;8;19
.25 MILES FROM S.R. 1613 DAVIS DR;TWO-WAY,DIVIDED,UNPROTECTED MEDIAN;DAYLIGHT;CLEAR;0;2;;NO CONTROL PRESENT;PASSENGER CAR;PASSENGER CAR;NONE;NONE;;2018-08-21T18:31:23-04:00;2018;No;Yes;8;18
100 FEET FROM RIVER BOTTOM RD;TWO-WAY,NOT DIVIDED;DAYLIGHT;CLEAR;0;0;;NO CONTROL PRESENT;PASSENGER CAR;SPORT UTILITY;NONE;NONE;;2018-08-25T11:20:00-04:00;2018;No;No;8;11
417 FEET FROM P.V.A. (2010 KILDAIRE FARM RD);ONE-WAY,NOT DIVIDED;DAYLIGHT;CLEAR;0;0;;NO CONTROL PRESENT;PASSENGER CAR;PASSENGER CAR;NONE;NONE;;2018-08-26T15:32:24-04:00;2018;No;No;8;15
400 FEET FROM SR 1300 (KILDAIRE FARM RD);TWO-WAY,NOT DIVIDED;DAYLIGHT;CLEAR;0;0;;STOP AND GO SIGNAL;SPORT UTILITY;VAN;NONE;NONE;;2018-08-27T13:16:13-04:00;2018;No;No;8;13
50 FEET FROM SR 1300 (KILDAIRE FARM RD);TWO-WAY,NOT DIVIDED;DAYLIGHT;CLEAR;0;0;;NO CONTROL PRESENT;PICKUP;PICKUP;NONE;NONE;;2018-08-27T16:18:28-04:00;2018;No;No;8;16
25 FEET FROM P.V.A. (5731 DILLARD DR);TWO-WAY,DIVIDED,POSITIVE MEDIAN BARRIER;DAYLIGHT;CLEAR;0;0;;STOP SIGN;SPORT UTILITY;PASSENGER CAR;NONE;NONE;;2018-08-27T10:30:00-04:00;2018;No;No;8;10