Location_Description;Road_Configuration;Light_Condition;Weather;Fatality;Injury;Contributing_Factor;Traffic_Control;Vehicle1;Vehicle2;Vehicle3;Vehicle4;Vehicle5;Crash_Date;year;Fatalities;Injuries;Month;Hour
100 FEET FROM SR 1300 (KILDAIRE FARM RD);TWO-WAY,NOT DIVIDED;DAYLIGHT;CLEAR;0;0;;NO CONTROL PRESENT;SPORT UTILITY;VAN;NONE;NONE;;2018-11-07T15:27:03-05:00;2018;No;No;11;15
.331 MILES FROM US 1 HWY;TWO-WAY,DIVIDED,POSITIVE MEDIAN BARRIER;DARK - ROADWAY NOT LIGHTED;RAIN;0;0;;NO CONTROL PRESENT;PASSENGER CAR;PICKUP;NONE;NONE;;2018-11-12T17:21:12-05:00;2018;No;No;11;17
1 MILES FROM US HWY 1;TWO-WAY,DIVIDED,POSITIVE MEDIAN BARRIER;DARK - LIGHTED ROADWAY;RAIN;0;0;COMING FROM BEHIND PARKED VEHICLE;NO CONTROL PRESENT;PASSENGER CAR;NONE;NONE;NONE;;2018-11-12T21:59:16-05:00;2018;No;No;11;21
100 FEET FROM SR 1349 (DILLARD DR);TWO-WAY,NOT DIVIDED;DAYLIGHT;CLOUDY;0;0;;NO CONTROL PRESENT;PICKUP;NONE;NONE;NONE;;2018-11-09T17:22:26-05:00;2018;No;No;11;17
20 FEET FROM 7600 ROBERTS RD PVA;TWO-WAY,NOT DIVIDED;DAYLIGHT;RAIN;0;0;;STOP SIGN;PASSENGER CAR;PASSENGER CAR;NONE;NONE;;2018-11-09T12:18:00-05:00;2018;No;No;11;12
.1 MILES FROM US 1N HWY;TWO-WAY,DIVIDED,POSITIVE MEDIAN BARRIER;DARK - LIGHTED ROADWAY;CLOUDY;0;0;;NO CONTROL PRESENT;PICKUP;PASSENGER CAR;NONE;NONE;;2018-11-09T19:33:16-05:00;2018;No;No;11;19
.05 MILES FROM P.V.A. (1102 WALNUT ST);TWO-WAY,NOT DIVIDED;DAYLIGHT;CLEAR;0;0;;NO CONTROL PRESENT;PASSENGER CAR;SPORT UTILITY;NONE;NONE;;2018-11-09T20:01:44-05:00;2018;No;No;11;20
CARY;TWO-WAY,DIVIDED,UNPROTECTED MEDIAN;DARK - LIGHTED ROADWAY;RAIN;0;2;;STOP AND GO SIGNAL;SPORT UTILITY;PASSENGER CAR;NONE;NONE;;2018-11-09T19:50:57-05:00;2018;No;Yes;11;19
424 FEET FROM US 64;TWO-WAY,DIVIDED,UNPROTECTED MEDIAN;DAYLIGHT;CLEAR;0;0;;STOP AND GO SIGNAL;PASSENGER CAR;PASSENGER CAR;NONE;NONE;;2018-11-10T12:24:00-05:00;2018;No;No;11;12
107 FEET FROM PVA (4000 WOODFIELD LAKE RD);TWO-WAY,NOT DIVIDED;DAYLIGHT;CLEAR;0;0;;NO CONTROL PRESENT;PASSENGER CAR;PASSENGER CAR;NONE;NONE;;2018-11-13T08:09:40-05:00;2018;No;No;11;08
100 FEET FROM U.S. 64 HWY;TWO-WAY,DIVIDED,UNPROTECTED MEDIAN;DUSK;RAIN;0;0;;NO CONTROL PRESENT;SPORT UTILITY;PASSENGER CAR;NONE;NONE;;2018-11-12T08:39:05-05:00;2018;No;No;11;08
CARY;ONE-WAY,NOT DIVIDED;DAYLIGHT;RAIN;0;0;;NO CONTROL PRESENT;PASSENGER CAR;SPORT UTILITY;NONE;NONE;;2018-11-13T13:48:12-05:00;2018;No;No;11;13
.05 MILES FROM US 1 HWY;TWO-WAY,DIVIDED,POSITIVE MEDIAN BARRIER;DARK - LIGHTED ROADWAY;CLOUDY;0;0;;NO CONTROL PRESENT;PASSENGER CAR;SPORT UTILITY;NONE;NONE;;2018-11-14T17:47:37-05:00;2018;No;No;11;17
200 FEET FROM 64 HWY;TWO-WAY,DIVIDED,UNPROTECTED MEDIAN;DUSK;CLOUDY;0;2;;NO CONTROL PRESENT;SPORT UTILITY;SPORT UTILITY;NONE;NONE;;2018-11-14T16:34:12-05:00;2018;No;Yes;11;16
300 FEET FROM LARBOARD DR;TWO-WAY,NOT DIVIDED;DAYLIGHT;CLOUDY;0;0;;NO CONTROL PRESENT;SPORT UTILITY;SPORT UTILITY;NONE;NONE;;2018-11-14T20:42:18-05:00;2018;No;No;11;20
239 FEET FROM P.V.A.(2200 GRANDE VALLEY CIR);TWO-WAY,NOT DIVIDED;DUSK;CLOUDY;0;0;;NO CONTROL PRESENT;VAN;VAN;NONE;NONE;;2018-11-14T16:57:38-05:00;2018;No;No;11;16
10 FEET FROM SR 1387 W LAKE RD;TWO-WAY,DIVIDED,POSITIVE MEDIAN BARRIER;DAYLIGHT;CLEAR;0;0;;STOP AND GO SIGNAL;SPORT UTILITY;PASSENGER CAR;NONE;NONE;;2018-11-16T09:04:26-05:00;2018;No;No;11;09
15 FEET FROM COLONIAL TOWNES CT;TWO-WAY,NOT DIVIDED;DAYLIGHT;CLEAR;0;0;;STOP SIGN;PASSENGER CAR;SPORT UTILITY;NONE;NONE;;2018-11-17T11:43:00-05:00;2018;No;No;11;11
0 FEET FROM SR 1415 (SE MAYNARD RD);TWO-WAY,DIVIDED,UNPROTECTED MEDIAN;DAYLIGHT;RAIN;0;1;;STOP AND GO SIGNAL;PICKUP;PASSENGER CAR;NONE;NONE;;2018-11-15T09:46:05-05:00;2018;No;Yes;11;09
120 FEET FROM PVA 3505 KILDAIRE FARM RD;TWO-WAY,NOT DIVIDED;DAYLIGHT;CLEAR;0;0;;NO CONTROL PRESENT;PASSENGER CAR;PASSENGER CAR;NONE;NONE;;2018-11-16T07:21:28-05:00;2018;No;No;11;07
150 FEET FROM SR 3977 (CARY PKWY);TWO-WAY,DIVIDED,POSITIVE MEDIAN BARRIER;DAYLIGHT;CLEAR;0;0;;NO CONTROL PRESENT;SPORT UTILITY;PASSENGER CAR;NONE;NONE;;2018-11-17T15:23:13-05:00;2018;No;No;11;15
352 FEET FROM TOWNSEND CT;TWO-WAY,NOT DIVIDED;DARK - ROADWAY NOT LIGHTED;CLEAR;0;0;;NO CONTROL PRESENT;PICKUP;NONE;NONE;NONE;;2018-11-18T09:53:46-05:00;2018;No;No;11;09
180 FEET FROM PVA (1000 AERIAL CENTER PKWY);TWO-WAY,NOT DIVIDED;DAYLIGHT;CLEAR;0;0;;NO CONTROL PRESENT;PASSENGER CAR;PASSENGER CAR;NONE;NONE;;2018-11-19T12:25:00-05:00;2018;No;No;11;12
400 FEET FROM US HWY 1;TWO-WAY,DIVIDED,POSITIVE MEDIAN BARRIER;DAYLIGHT;CLEAR;0;0;;NO CONTROL PRESENT;PASSENGER CAR;NONE;NONE;NONE;;2018-11-19T10:45:00-05:00;2018;No;No;11;10
.08 MILES FROM PVA OF 1048 PARKSIDE MAIN ST;TWO-WAY,NOT DIVIDED;DAYLIGHT;CLEAR;0;0;;NO CONTROL PRESENT;PASSENGER CAR;PASSENGER CAR;NONE;NONE;;2018-11-20T19:34:37-05:00;2018;No;No;11;19
CARY;TWO-WAY,NOT DIVIDED;DARK - LIGHTED ROADWAY;CLEAR;0;0;;STOP AND GO SIGNAL;PASSENGER CAR;PICKUP;PASSENGER CAR;NONE;;2018-11-20T20:37:45-05:00;2018;No;No;11;20
.35 MILES FROM SR 3073 (NW MAYNARD RD);TWO-WAY,DIVIDED,POSITIVE MEDIAN BARRIER;DARK - LIGHTED ROADWAY;CLEAR;0;0;;NO CONTROL PRESENT;SINGLE UNIT TRUCK (2-AXLE- 6-TIRE);PASSENGER CAR;NONE;NONE;;2018-11-20T22:39:00-05:00;2018;No;No;11;22
5 FEET FROM SR 1300 (KILDAIRE FARM RD);TWO-WAY,NOT DIVIDED;DAYLIGHT;RAIN;0;0;;STOP AND GO SIGNAL;PICKUP;SPORT UTILITY;NONE;NONE;;2018-11-15T16:09:24-05:00;2018;No;No;11;16
.1 MILES FROM SR 1415 (SW MAYNARD RD);TWO-WAY,DIVIDED,UNPROTECTED MEDIAN;DAYLIGHT;RAIN;0;1;;NO CONTROL PRESENT;PASSENGER CAR;NONE;NONE;NONE;;2018-11-15T08:57:50-05:00;2018;No;Yes;11;08
CARY;TWO-WAY,NOT DIVIDED;DAYLIGHT;CLEAR;0;0;;STOP AND GO SIGNAL;PICKUP;PASSENGER CAR;NONE;NONE;;2018-11-20T11:17:00-05:00;2018;No;No;11;11
CARY;TWO-WAY,NOT DIVIDED;DAYLIGHT;CLEAR;0;0;;STOP AND GO SIGNAL;PASSENGER CAR;PASSENGER CAR;NONE;NONE;;2018-11-20T14:37:18-05:00;2018;No;No;11;14
0 FEET FROM SR1615 (HIGH HOUSE RD);TWO-WAY,DIVIDED,UNPROTECTED MEDIAN;DARK - LIGHTED ROADWAY;CLOUDY;0;0;;STOP AND GO SIGNAL;LIGHT TRUCK (MINI-VAN- PANEL);PASSENGER CAR;NONE;NONE;;2018-11-23T20:24:00-05:00;2018;No;No;11;20
.1 MILES FROM 139 BRANNIGAN PL;TWO-WAY,NOT DIVIDED;DAYLIGHT;CLEAR;0;0;DARTING;NO CONTROL PRESENT;VAN;PASSENGER CAR;NONE;NONE;;2018-11-23T17:13:56-05:00;2018;No;No;11;17
CARY;TWO-WAY,DIVIDED,UNPROTECTED MEDIAN;DARK - LIGHTED ROADWAY;CLEAR;0;3;;STOP AND GO SIGNAL;VAN;PASSENGER CAR;NONE;NONE;;2018-11-21T17:57:34-05:00;2018;No;Yes;11;17
30 FEET FROM NC 55 HWY;TWO-WAY,NOT DIVIDED;DAYLIGHT;CLEAR;0;0;;STOP AND GO SIGNAL;SPORT UTILITY;PASSENGER CAR;NONE;NONE;;2018-11-21T09:56:08-05:00;2018;No;No;11;09
150 FEET FROM PVA OF 2418 SW CARY PKWY;TWO-WAY,NOT DIVIDED;DAYLIGHT;CLEAR;0;1;;NO CONTROL PRESENT;PASSENGER CAR;PASSENGER CAR;NONE;NONE;;2018-11-21T06:04:01-05:00;2018;No;Yes;11;06
250 FEET FROM P.V.A. OF 4010 CONVENIENCE LN;TWO-WAY,NOT DIVIDED;DAYLIGHT;CLEAR;0;0;;NO CONTROL PRESENT;VAN;PASSENGER CAR;NONE;NONE;;2018-11-25T14:44:18-05:00;2018;No;No;11;14
.2 MILES FROM 638 WALNUT ST;TWO-WAY,NOT DIVIDED;DAYLIGHT;CLEAR;0;0;;NO CONTROL PRESENT;PASSENGER CAR;PASSENGER CAR;NONE;NONE;;2018-11-26T13:20:38-05:00;2018;No;No;11;13
409 FEET FROM PVA GAME STOP (2472 WALNUT ST);TWO-WAY,NOT DIVIDED;DARK - LIGHTED ROADWAY;CLEAR;0;0;;NO CONTROL PRESENT;PICKUP;PICKUP;NONE;NONE;;2018-11-26T19:03:28-05:00;2018;No;No;11;19
300 FEET FROM SR 1009 (TRYON RD);TWO-WAY,DIVIDED,UNPROTECTED MEDIAN;DARK - LIGHTED ROADWAY;CLEAR;0;0;;NO CONTROL PRESENT;PASSENGER CAR;PASSENGER CAR;VAN;NONE;;2018-11-26T17:32:09-05:00;2018;No;No;11;17
CARY;TWO-WAY,DIVIDED,POSITIVE MEDIAN BARRIER;DAYLIGHT;CLOUDY;0;1;;NO CONTROL PRESENT;PASSENGER CAR;NONE;NONE;NONE;;2018-11-24T12:09:00-05:00;2018;No;Yes;11;12
20 FEET FROM NC 540 TO NC 55 HWY RAMP;ONE-WAY,NOT DIVIDED;DAYLIGHT;CLEAR;0;0;;STOP AND GO SIGNAL;LIGHT TRUCK (MINI-VAN- PANEL);SPORT UTILITY;NONE;NONE;;2018-11-27T12:11:00-05:00;2018;No;No;11;12
30 FEET FROM SR 1415 (SE MAYNARD RD);TWO-WAY,NOT DIVIDED;DAYLIGHT;CLEAR;0;0;;NO CONTROL PRESENT;PASSENGER CAR;PASSENGER CAR;NONE;NONE;;2018-11-28T16:55:04-05:00;2018;No;No;11;16
CARY;NONE;NONE;NONE;0;0;;;NONE;NONE;NONE;NONE;;2017-12-08T00:00:00-05:00;2017;No;No;12;00
270 FEET FROM SR 1152(HOLLY SPRINGS RD );TWO-WAY,NOT DIVIDED;DARK - ROADWAY NOT LIGHTED;RAIN;0;0;;NO CONTROL PRESENT;PASSENGER CAR;NONE;NONE;NONE;;2018-12-01T23:12:00-05:00;2018;No;No;12;23
CARY;TWO-WAY,NOT DIVIDED;DAYLIGHT;CLOUDY;0;0;;NO CONTROL PRESENT;PASSENGER CAR;PICKUP;NONE;NONE;;2018-12-02T11:52:00-05:00;2018;No;No;12;11
CARY;TWO-WAY,DIVIDED,UNPROTECTED MEDIAN;DAYLIGHT;CLOUDY;0;0;;STOP SIGN;PASSENGER CAR;PICKUP;NONE;NONE;;2018-12-02T15:41:37-05:00;2018;No;No;12;15
100 FEET FROM SR 1300 (KILDAIRE FARM RD);TWO-WAY,NOT DIVIDED;DAYLIGHT;CLEAR;0;0;;NO CONTROL PRESENT;PASSENGER CAR;SPORT UTILITY;PICKUP;NONE;;2018-11-30T14:42:34-05:00;2018;No;No;11;14
CARY;TWO-WAY,DIVIDED,UNPROTECTED MEDIAN;DARK - LIGHTED ROADWAY;CLEAR;0;3;;STOP AND GO SIGNAL;PASSENGER CAR;PASSENGER CAR;NONE;NONE;;2018-11-29T19:49:05-05:00;2018;No;Yes;11;19
.1 MILES FROM SR 3977 (SW CARY PKWY);TWO-WAY,DIVIDED,UNPROTECTED MEDIAN;DARK - LIGHTED ROADWAY;CLEAR;0;0;;NO CONTROL PRESENT;SPORT UTILITY;NONE;NONE;NONE;;2018-11-30T17:28:32-05:00;2018;No;No;11;17
10 FEET FROM P.V.A. (2031 WALNUT ST);TWO-WAY,NOT DIVIDED;DAYLIGHT;RAIN;0;0;;STOP SIGN;PASSENGER CAR;SPORT UTILITY;NONE;NONE;;2018-12-01T15:03:55-05:00;2018;No;No;12;15
CARY;NONE;NONE;NONE;0;0;;;NONE;NONE;NONE;NONE;;2018-12-01T19:22:36-05:00;2018;No;No;12;19
100 FEET FROM SR 1615 (HIGH HOUSE RD);TWO-WAY,DIVIDED,UNPROTECTED MEDIAN;DAYLIGHT;CLOUDY;0;1;FAILURE TO YIELD RIGHT OF WAY;STOP AND GO SIGNAL;PASSENGER CAR;PASSENGER CAR;NONE;NONE;;2018-12-01T12:20:00-05:00;2018;No;Yes;12;12
0 FEET FROM FAIRFAX LN;TWO-WAY,NOT DIVIDED;DAYLIGHT;CLEAR;0;0;;STOP SIGN;VAN;PASSENGER CAR;NONE;NONE;;2018-11-27T09:41:52-05:00;2018;No;No;11;09
CARY;TWO-WAY,DIVIDED,UNPROTECTED MEDIAN;DAWN;CLEAR;0;1;;STOP AND GO SIGNAL;PASSENGER CAR;PASSENGER CAR;NONE;NONE;;2018-12-03T16:52:23-05:00;2018;No;Yes;12;16
.14 MILES FROM P.V.A. (3480 KILDAIRE FARM RD);TWO-WAY,NOT DIVIDED;DAYLIGHT;CLOUDY;0;0;;NO CONTROL PRESENT;PASSENGER CAR;SPORT UTILITY;NONE;NONE;;2018-12-02T15:18:09-05:00;2018;No;No;12;15
75 FEET FROM NC 55 HWY;TWO-WAY,DIVIDED,POSITIVE MEDIAN BARRIER;DAYLIGHT;CLEAR;0;0;;NO CONTROL PRESENT;PASSENGER CAR;PASSENGER CAR;NONE;NONE;;2018-12-03T09:59:42-05:00;2018;No;No;12;09
0 FEET FROM SR 1300 (KILDAIRE FARM RD);TWO-WAY,DIVIDED,UNPROTECTED MEDIAN;DAYLIGHT;CLEAR;0;0;;STOP SIGN;SPORT UTILITY;PICKUP;NONE;NONE;;2018-12-04T08:45:57-05:00;2018;No;No;12;08
.5 MILES FROM US HIGHWY 1;TWO-WAY,DIVIDED,POSITIVE MEDIAN BARRIER;DARK - ROADWAY NOT LIGHTED;CLEAR;0;0;;NO CONTROL PRESENT;PASSENGER CAR;PASSENGER CAR;NONE;NONE;;2018-12-04T17:40:10-05:00;2018;No;No;12;17
20 FEET FROM PVA 204-212 CROSSROADS BLVD;TWO-WAY,NOT DIVIDED;DAYLIGHT;CLEAR;0;0;;NO CONTROL PRESENT;PASSENGER CAR;PASSENGER CAR;NONE;NONE;;2018-12-04T16:08:12-05:00;2018;No;No;12;16
CARY;TWO-WAY,NOT DIVIDED;DARK - UNKNOWN LIGHTING;CLEAR;0;0;;STOP SIGN;SPORT UTILITY;PASSENGER CAR;NONE;NONE;;2018-12-04T20:52:07-05:00;2018;No;No;12;20
CARY;TWO-WAY,NOT DIVIDED;DAWN;CLEAR;0;0;;STOP AND GO SIGNAL;PASSENGER CAR;PASSENGER CAR;NONE;NONE;;2018-12-04T15:32:52-05:00;2018;No;No;12;15
NEAR .02 MILES NW OF NW I 40 EXIT 287 RAMP EB;ONE-WAY,NOT DIVIDED;DARK - LIGHTED ROADWAY;CLEAR;0;0;;STOP AND GO SIGNAL;PICKUP;PASSENGER CAR;NONE;NONE;;2018-12-05T18:10:27-05:00;2018;No;No;12;18
.1 MILES FROM SR 1009 (TRYON RD);TWO-WAY,DIVIDED,POSITIVE MEDIAN BARRIER;DAYLIGHT;CLEAR;0;0;;NO CONTROL PRESENT;PASSENGER CAR;VAN;NONE;NONE;;2018-12-05T13:36:57-05:00;2018;No;No;12;13
50 FEET FROM 1619 S.R. WALDO ROOD BLVD;TWO-WAY,NOT DIVIDED;DAYLIGHT;CLEAR;0;0;;NO CONTROL PRESENT;VAN;VAN;NONE;NONE;;2018-12-06T07:44:09-05:00;2018;No;No;12;07
CARY;TWO-WAY,DIVIDED,UNPROTECTED MEDIAN;DAYLIGHT;CLEAR;0;0;;STOP AND GO SIGNAL;SPORT UTILITY;PASSENGER CAR;NONE;NONE;;2018-12-06T09:24:03-05:00;2018;No;No;12;09
.19 MILES FROM US 1;TWO-WAY,DIVIDED,POSITIVE MEDIAN BARRIER;DARK - ROADWAY NOT LIGHTED;CLEAR;0;0;;NO CONTROL PRESENT;PASSENGER CAR;PASSENGER CAR;NONE;NONE;;2018-12-04T17:29:47-05:00;2018;No;No;12;17
22 FEET FROM P.V.A. (BASS PRO LN);TWO-WAY,NOT DIVIDED;DAYLIGHT;CLEAR;0;0;;STOP AND GO SIGNAL;PICKUP;PASSENGER CAR;NONE;NONE;;2018-12-06T10:51:00-05:00;2018;No;No;12;10
150 FEET FROM SR 1652 (N HARRISON AV);TWO-WAY,NOT DIVIDED;DARK - LIGHTED ROADWAY;CLEAR;0;0;;NO CONTROL PRESENT;SPORT UTILITY;NONE;NONE;NONE;;2018-12-06T23:28:00-05:00;2018;No;No;12;23
.3 MILES FROM US 64 HIGHWAY;TWO-WAY,DIVIDED,POSITIVE MEDIAN BARRIER;DARK - ROADWAY NOT LIGHTED;CLEAR;0;0;;NO CONTROL PRESENT;PASSENGER CAR;PICKUP;NONE;NONE;;2018-12-06T18:07:59-05:00;2018;No;No;12;18
CARY;TWO-WAY,DIVIDED,UNPROTECTED MEDIAN;DAYLIGHT;CLEAR;0;0;;STOP SIGN;PICKUP;NONE;NONE;NONE;;2018-12-04T00:00:00-05:00;2018;No;No;12;00
.1 MILES FROM PVA OF 1904 NW MAYNARD;TWO-WAY,NOT DIVIDED;DAYLIGHT;CLEAR;0;0;;NO CONTROL PRESENT;PASSENGER CAR;PASSENGER CAR;NONE;NONE;;2018-12-07T09:16:15-05:00;2018;No;No;12;09
CARY;TWO-WAY,DIVIDED,UNPROTECTED MEDIAN;DARK - LIGHTED ROADWAY;CLEAR;0;0;;NO CONTROL PRESENT;SPORT UTILITY;NONE;NONE;NONE;;2018-12-07T22:11:00-05:00;2018;No;No;12;22
CARY;NONE;NONE;NONE;0;0;;;NONE;NONE;NONE;NONE;;2018-10-23T00:56:00-04:00;2018;No;No;10;00
.1 MILES FROM P.V.A. 101 NOTTINGHAM DR;TWO-WAY,NOT DIVIDED;DAYLIGHT;CLOUDY;0;0;;NO CONTROL PRESENT;PASSENGER CAR;PASSENGER CAR;NONE;NONE;;2018-12-08T11:16:00-05:00;2018;No;No;12;11
CARY;TWO-WAY,DIVIDED,UNPROTECTED MEDIAN;DAYLIGHT;CLEAR;0;0;LYING AND/OR ILLEGALLY IN ROADWAY;STOP SIGN;PASSENGER CAR;NONE;NONE;NONE;;2018-12-08T09:25:01-05:00;2018;No;No;12;09
20 FEET FROM 8204 TRYON WOODS DR;TWO-WAY,NOT DIVIDED;DAYLIGHT;SLEET, HAIL, FREEZING RAIN/DRIZZLE;0;0;;NO CONTROL PRESENT;PICKUP;PASSENGER CAR;NONE;NONE;;2018-12-09T12:18:00-05:00;2018;No;No;12;12
1 MILES FROM US 1 HWY;TWO-WAY,DIVIDED,POSITIVE MEDIAN BARRIER;DAYLIGHT;SLEET, HAIL, FREEZING RAIN/DRIZZLE;0;0;;NO CONTROL PRESENT;PASSENGER CAR;NONE;NONE;NONE;;2018-12-10T10:30:00-05:00;2018;No;No;12;10
300 FEET FROM SR 1415 (SE MAYNARD);TWO-WAY,DIVIDED,UNPROTECTED MEDIAN;DAYLIGHT;CLOUDY;0;0;;NO CONTROL PRESENT;PASSENGER CAR;PASSENGER CAR;NONE;NONE;;2018-12-10T14:54:48-05:00;2018;No;No;12;14
185 FEET FROM       KEMPWOOD DR;TWO-WAY,NOT DIVIDED;NONE;SNOW;0;0;;NO CONTROL PRESENT;PASSENGER CAR;PASSENGER CAR;NONE;NONE;;2018-12-09T14:36:35-05:00;2018;No;No;12;14
102 FEET FROM SR 1747 (NE MAYNARD RD);TWO-WAY,NOT DIVIDED;DAYLIGHT;CLEAR;0;0;;STOP AND GO SIGNAL;VAN;SPORT UTILITY;NONE;NONE;;2018-12-12T12:13:00-05:00;2018;No;No;12;12
0 FEET FROM SR1300 (KILDAIRE FARM RD);TWO-WAY,DIVIDED,UNPROTECTED MEDIAN;DAYLIGHT;CLEAR;0;1;;STOP AND GO SIGNAL;SPORT UTILITY;PASSENGER CAR;NONE;NONE;;2018-12-11T12:20:00-05:00;2018;No;Yes;12;12
98 FEET FROM SR 1653 (EVANS RD);TWO-WAY,NOT DIVIDED;DAYLIGHT;CLEAR;0;0;COMING FROM BEHIND PARKED VEHICLE;STOP AND GO SIGNAL;PASSENGER CAR;SPORT UTILITY;NONE;NONE;;2018-12-12T07:24:33-05:00;2018;No;No;12;07
.1 MILES FROM SR 3112 (NW CARY PKWY);TWO-WAY,NOT DIVIDED;DAYLIGHT;CLEAR;0;0;COMING FROM BEHIND PARKED VEHICLE;NO CONTROL PRESENT;PASSENGER CAR;NONE;NONE;NONE;;2018-12-12T09:03:50-05:00;2018;No;No;12;09
45 FEET FROM SR 1313 (WALNUT ST);TWO-WAY,NOT DIVIDED;DAYLIGHT;CLOUDY;0;0;;NO CONTROL PRESENT;SPORT UTILITY;PASSENGER CAR;NONE;NONE;;2018-12-12T15:33:56-05:00;2018;No;No;12;15
CARY;TWO-WAY,DIVIDED,UNPROTECTED MEDIAN;DUSK;CLOUDY;0;1;;STOP AND GO SIGNAL;PICKUP;SPORT UTILITY;NONE;NONE;;2018-12-11T18:31:15-05:00;2018;No;Yes;12;18
50 FEET FROM SR 1415 (SE MAYNARD RD);TWO-WAY,DIVIDED,UNPROTECTED MEDIAN;DAYLIGHT;SNOW;0;1;COMING FROM BEHIND PARKED VEHICLE;NO CONTROL PRESENT;PASSENGER CAR;PASSENGER CAR;NONE;NONE;;2018-12-10T15:26:08-05:00;2018;No;Yes;12;15
300 FEET FROM SR1652 (N. HARRISON AVE);TWO-WAY,NOT DIVIDED;DAYLIGHT;CLEAR;0;0;;NO CONTROL PRESENT;SPORT UTILITY;PASSENGER CAR;NONE;NONE;;2018-12-13T12:15:00-05:00;2018;No;No;12;12
CARY;NONE;DARK - LIGHTED ROADWAY;CLEAR;0;1;;STOP AND GO SIGNAL;PASSENGER CAR;NONE;NONE;NONE;;2018-12-13T17:34:30-05:00;2018;No;Yes;12;17
CARY;TWO-WAY,NOT DIVIDED;DARK - LIGHTED ROADWAY;CLEAR;0;0;;STOP SIGN;SPORT UTILITY;PICKUP;NONE;NONE;;2018-12-13T23:55:00-05:00;2018;No;No;12;23
1 MILES FROM CROSSROADS BLVD;TWO-WAY,DIVIDED,UNPROTECTED MEDIAN;DAYLIGHT;CLEAR;0;0;;STOP SIGN;PASSENGER CAR;PASSENGER CAR;NONE;NONE;;2018-12-13T15:14:41-05:00;2018;No;No;12;15
0 FEET FROM SR 1415 (SW MAYNARD RD);TWO-WAY,NOT DIVIDED;DAYLIGHT;CLOUDY;0;1;;STOP SIGN;PASSENGER CAR;PASSENGER CAR;NONE;NONE;;2018-12-13T16:53:01-05:00;2018;No;Yes;12;16
300 FEET FROM 980 KILDAIRE FARM RD (PVA);TWO-WAY,NOT DIVIDED;DAYLIGHT;CLOUDY;0;0;;NO CONTROL PRESENT;PASSENGER CAR;SPORT UTILITY;NONE;NONE;;2018-12-13T09:12:05-05:00;2018;No;No;12;09
CARY;TWO-WAY,NOT DIVIDED;DAYLIGHT;RAIN;0;3;;STOP SIGN;PICKUP;PASSENGER CAR;NONE;NONE;;2018-12-14T11:21:00-05:00;2018;No;Yes;12;11
15 FEET FROM PVA 2041 WALNUT ST;TWO-WAY,NOT DIVIDED;DARK - LIGHTED ROADWAY;CLEAR;0;0;;NO CONTROL PRESENT;PASSENGER CAR;PASSENGER CAR;NONE;NONE;;2018-12-13T17:59:23-05:00;2018;No;No;12;17
30 FEET FROM SR 3092 (S HARRISON AV);TWO-WAY,NOT DIVIDED;DARK - LIGHTED ROADWAY;RAIN;0;0;COMING FROM BEHIND PARKED VEHICLE;NO CONTROL PRESENT;SPORT UTILITY;NONE;NONE;NONE;;2018-12-14T17:53:44-05:00;2018;No;No;12;17
.3 MILES FROM US HWY 1 OFF RAMP;ONE-WAY,NOT DIVIDED;DARK - ROADWAY NOT LIGHTED;RAIN;0;0;;STOP AND GO SIGNAL;PASSENGER CAR;PASSENGER CAR;NONE;NONE;;2018-12-14T19:59:40-05:00;2018;No;No;12;19
20 FEET FROM CROSSROADS BLVD;TWO-WAY,DIVIDED,UNPROTECTED MEDIAN;DAYLIGHT;CLOUDY;0;0;;STOP AND GO SIGNAL;SPORT UTILITY;PASSENGER CAR;NONE;NONE;;2018-12-15T10:43:00-05:00;2018;No;No;12;10
60 FEET FROM SR 1313 (WALNUT ST);TWO-WAY,DIVIDED,UNPROTECTED MEDIAN;DARK - LIGHTED ROADWAY;CLEAR;0;0;COMING FROM BEHIND PARKED VEHICLE;STOP AND GO SIGNAL;SPORT UTILITY;SPORT UTILITY;NONE;NONE;;2018-12-15T19:31:15-05:00;2018;No;No;12;19
126 FEET FROM LINSLEY AV;TWO-WAY,NOT DIVIDED;DARK - LIGHTED ROADWAY;RAIN;0;0;;WARNING SIGN;PASSENGER CAR;NONE;NONE;NONE;;2018-12-14T13:31:08-05:00;2018;No;No;12;13
.56 MILES FROM US 1 HWY;TWO-WAY,DIVIDED,POSITIVE MEDIAN BARRIER;DAYLIGHT;RAIN;0;0;;NO CONTROL PRESENT;PICKUP;VAN;SPORT UTILITY;NONE;;2018-12-14T14:33:07-05:00;2018;No;No;12;14
20 FEET FROM BISSETT DR;TWO-WAY,NOT DIVIDED;DAYLIGHT;CLEAR;0;0;;STOP SIGN;PASSENGER CAR;PASSENGER CAR;NONE;NONE;;2018-12-17T09:21:18-05:00;2018;No;No;12;09
0 FEET FROM SR 1652 (N HARRISON AV);TWO-WAY,DIVIDED,POSITIVE MEDIAN BARRIER;DAYLIGHT;CLEAR;0;0;;STOP AND GO SIGNAL;PASSENGER CAR;SPORT UTILITY;NONE;NONE;;2018-12-17T14:37:16-05:00;2018;No;No;12;14