Location_Description;Road_Configuration;Light_Condition;Weather;Fatality;Injury;Contributing_Factor;Traffic_Control;Vehicle1;Vehicle2;Vehicle3;Vehicle4;Vehicle5;Crash_Date;year;Fatalities;Injuries;Month;Hour
272 FEET FROM CAITBOO AVE;TWO-WAY,NOT DIVIDED;DAYLIGHT;CLOUDY;0;0;;NO CONTROL PRESENT;SPORT UTILITY;PASSENGER CAR;NONE;NONE;;2019-06-09T15:57:18-04:00;2019;No;No;6;15
0 FEET FROM NC 55 HWY;TWO-WAY,DIVIDED,UNPROTECTED MEDIAN;DAYLIGHT;CLEAR;0;1;;NO CONTROL PRESENT;PASSENGER CAR;SPORT UTILITY;PASSENGER CAR;NONE;;2019-06-06T17:46:09-04:00;2019;No;Yes;6;17
100 FEET FROM SR 3977 SE CARY PKWY;TWO-WAY,DIVIDED,UNPROTECTED MEDIAN;DAYLIGHT;CLEAR;0;2;;NO CONTROL PRESENT;PICKUP;SPORT UTILITY;NONE;NONE;;2019-06-05T01:49:14-04:00;2019;No;Yes;6;01
.25 MILES FROM SR 3112 (NW CARY PKWY);TWO-WAY,NOT DIVIDED;DAYLIGHT;CLOUDY;0;0;;NO CONTROL PRESENT;PASSENGER CAR;PASSENGER CAR;NONE;NONE;;2019-06-09T11:58:00-04:00;2019;No;No;6;11
.1 MILES FROM CAITBOO AV;TWO-WAY,NOT DIVIDED;DAYLIGHT;CLOUDY;0;0;;NO CONTROL PRESENT;PASSENGER CAR;PASSENGER CAR;NONE;NONE;;2019-06-07T17:21:46-04:00;2019;No;No;6;17
CARY;TWO-WAY,NOT DIVIDED;DAYLIGHT;CLOUDY;0;0;;STOP AND GO SIGNAL;PASSENGER CAR;NONE;NONE;NONE;;2019-06-09T16:11:57-04:00;2019;No;No;6;16
.3 MILES FROM SR 1632 (LOUIS STEPHENS DR);TWO-WAY,NOT DIVIDED;DAYLIGHT;CLEAR;0;0;;STOP AND GO SIGNAL;PASSENGER CAR;PASSENGER CAR;NONE;NONE;;2019-06-10T22:59:00-04:00;2019;No;No;6;22
CARY;TWO-WAY,DIVIDED,UNPROTECTED MEDIAN;DARK - LIGHTED ROADWAY;RAIN;0;0;;STOP AND GO SIGNAL;PASSENGER CAR;NONE;NONE;NONE;;2019-06-10T23:09:00-04:00;2019;No;No;6;23
272 FEET FROM P.V.A. (1815 WALNUT ST);TWO-WAY,NOT DIVIDED;DAYLIGHT;CLOUDY;0;0;;NO CONTROL PRESENT;MOTOR HOME/RECREATIONAL VEHICLE;SPORT UTILITY;NONE;NONE;;2019-06-10T13:10:45-04:00;2019;No;No;6;13
CARY;TWO-WAY,DIVIDED,UNPROTECTED MEDIAN;DAYLIGHT;CLEAR;0;0;;STOP SIGN;PASSENGER CAR;PASSENGER CAR;NONE;NONE;;2019-06-11T15:36:11-04:00;2019;No;No;6;15
280 FEET FROM NC 55 HWY;TWO-WAY,DIVIDED,UNPROTECTED MEDIAN;DAYLIGHT;CLEAR;0;1;;NO CONTROL PRESENT;PASSENGER CAR;SPORT UTILITY;PASSENGER CAR;NONE;;2019-06-11T17:21:15-04:00;2019;No;Yes;6;17
60 FEET FROM PVA WALMART 973 N HARRISON AV;TWO-WAY,NOT DIVIDED;DAYLIGHT;CLEAR;0;0;;NO CONTROL PRESENT;PASSENGER CAR;PASSENGER CAR;NONE;NONE;;2019-06-10T18:28:49-04:00;2019;No;No;6;18
100 FEET FROM SR 1300 KILDAIRE FARM RD;TWO-WAY,DIVIDED,UNPROTECTED MEDIAN;DAYLIGHT;CLEAR;0;0;;NO CONTROL PRESENT;SPORT UTILITY;SPORT UTILITY;NONE;NONE;;2019-06-11T22:50:00-04:00;2019;No;No;6;22
190 FEET FROM SR 3977 (SE CARY PKWY);TWO-WAY,DIVIDED,UNPROTECTED MEDIAN;DAYLIGHT;CLOUDY;0;0;;STOP AND GO SIGNAL;PASSENGER CAR;NONE;NONE;NONE;;2019-06-10T18:12:50-04:00;2019;No;No;6;18
100 FEET FROM NC 55 HWY;TWO-WAY,DIVIDED,UNPROTECTED MEDIAN;DARK - LIGHTED ROADWAY;CLEAR;0;0;;NO CONTROL PRESENT;PASSENGER CAR;NONE;NONE;NONE;;2019-06-12T01:00:03-04:00;2019;No;No;6;01
CARY;TWO-WAY,DIVIDED,UNPROTECTED MEDIAN;DAYLIGHT;CLOUDY;0;2;;STOP AND GO SIGNAL;PICKUP;PASSENGER CAR;NONE;NONE;;2019-06-13T21:56:09-04:00;2019;No;Yes;6;21
CARY;TWO-WAY,DIVIDED,UNPROTECTED MEDIAN;DAYLIGHT;RAIN;0;1;;STOP AND GO SIGNAL;VAN;PASSENGER CAR;PASSENGER CAR;NONE;;2019-06-13T20:10:53-04:00;2019;No;Yes;6;20
200 FEET FROM PONY CLUB CIR;TWO-WAY,NOT DIVIDED;DAYLIGHT;CLEAR;0;0;;NO CONTROL PRESENT;NONE;PASSENGER CAR;NONE;NONE;;2019-06-12T11:15:00-04:00;2019;No;No;6;11
50 FEET FROM SR-1313 WALNUT ST;TWO-WAY,NOT DIVIDED;DARK - LIGHTED ROADWAY;CLEAR;0;0;;NO CONTROL PRESENT;PICKUP;NONE;NONE;NONE;;2019-06-15T04:58:38-04:00;2019;No;No;6;04
100 FEET FROM PVA 2080 KILDAIRE FARM RD;ONE-WAY,NOT DIVIDED;DAYLIGHT;CLEAR;0;0;;NO CONTROL PRESENT;PASSENGER CAR;PASSENGER CAR;NONE;NONE;;2019-06-11T21:15:35-04:00;2019;No;No;6;21
100 FEET FROM SR 1415 (SE MAYNARD RD);TWO-WAY,DIVIDED,UNPROTECTED MEDIAN;DAYLIGHT;CLEAR;0;0;;NO CONTROL PRESENT;PASSENGER CAR;PASSENGER CAR;NONE;NONE;;2019-06-15T16:29:42-04:00;2019;No;No;6;16
15 FEET FROM P.V.A. (2000 WALNUT ST);TWO-WAY,NOT DIVIDED;DAYLIGHT;CLEAR;0;0;;NO CONTROL PRESENT;PASSENGER CAR;NONE;NONE;NONE;;2019-06-17T10:54:00-04:00;2019;No;No;6;10
CARY;NONE;NONE;NONE;0;0;;;NONE;NONE;NONE;NONE;;2019-06-12T16:41:28-04:00;2019;No;No;6;16
200 FEET FROM P.V.A. 930 HIGH HOUSE RD;TWO-WAY,NOT DIVIDED;DAYLIGHT;CLEAR;0;1;;NO CONTROL PRESENT;SPORT UTILITY;NONE;NONE;NONE;;2019-06-12T14:31:04-04:00;2019;No;Yes;6;14
250 FEET FROM 111 PARKMIST CIR;TWO-WAY,NOT DIVIDED;DAYLIGHT;CLEAR;0;0;;NO CONTROL PRESENT;PASSENGER CAR;PASSENGER CAR;NONE;NONE;;2019-06-17T15:09:50-04:00;2019;No;No;6;15
.1 MILES FROM WINSTON HILL DR;TWO-WAY,NOT DIVIDED;DARK - LIGHTED ROADWAY;CLEAR;0;0;;NO CONTROL PRESENT;SPORT UTILITY;SPORT UTILITY;PASSENGER CAR;NONE;;2019-06-17T01:46:35-04:00;2019;No;No;6;01
20 FEET FROM US 1 RAMP TO SR 1315;ONE-WAY,NOT DIVIDED;DAYLIGHT;CLEAR;0;0;;STOP SIGN;PASSENGER CAR;PASSENGER CAR;NONE;NONE;;2019-06-17T19:51:21-04:00;2019;No;No;6;19
100 FEET FROM P.V.A. (301 SAS CAMPUS DR);TWO-WAY,NOT DIVIDED;DAYLIGHT;CLEAR;0;0;;NO CONTROL PRESENT;PASSENGER CAR;PASSENGER CAR;NONE;NONE;;2019-06-18T08:13:29-04:00;2019;No;No;6;08
0.1 MILES FROM SR 1613;TWO-WAY,NOT DIVIDED;DAYLIGHT;CLEAR;0;0;;NO CONTROL PRESENT;SPORT UTILITY;NONE;NONE;NONE;;2019-06-13T13:30:04-04:00;2019;No;No;6;13
40 FEET FROM P.V.A. (205 S. ACADEMY ST);TWO-WAY,NOT DIVIDED;DAYLIGHT;CLOUDY;0;0;;NO CONTROL PRESENT;VAN;PASSENGER CAR;NONE;NONE;;2019-06-18T14:07:42-04:00;2019;No;No;6;14
.01 MILES FROM SR 1300 (KILDAIRE FARM RD);TWO-WAY,DIVIDED,UNPROTECTED MEDIAN;DAYLIGHT;CLEAR;0;0;;STOP AND GO SIGNAL;PASSENGER CAR;PASSENGER CAR;SPORT UTILITY;NONE;;2019-06-18T18:15:54-04:00;2019;No;No;6;18
0 FEET FROM SR 1313 (WALNUT ST);TWO-WAY,NOT DIVIDED;DAWN;CLEAR;0;1;;STOP AND GO SIGNAL;PASSENGER CAR;SPORT UTILITY;NONE;NONE;;2019-06-19T06:06:55-04:00;2019;No;Yes;6;06
15 FEET FROM SR 1415 (SE MAYNARD RD);TWO-WAY,DIVIDED,UNPROTECTED MEDIAN;DAYLIGHT;CLEAR;0;0;;STOP AND GO SIGNAL;PICKUP;PASSENGER CAR;NONE;NONE;;2019-06-19T13:02:29-04:00;2019;No;No;6;13
.1 MILES FROM SR1740 MORRISVILLE PKWY;TWO-WAY,DIVIDED,UNPROTECTED MEDIAN;DAYLIGHT;CLEAR;0;0;;STOP AND GO SIGNAL;SINGLE UNIT TRUCK (2-AXLE- 6-TIRE);VAN;NONE;NONE;;2019-06-19T18:46:22-04:00;2019;No;No;6;18
200 FEET FROM US 64;TWO-WAY,DIVIDED,POSITIVE MEDIAN BARRIER;DAYLIGHT;CLEAR;0;0;;NO CONTROL PRESENT;PASSENGER CAR;NONE;NONE;NONE;;2019-06-19T22:56:00-04:00;2019;No;No;6;22
.01 MILES FROM US 64 HWY;TWO-WAY,DIVIDED,UNPROTECTED MEDIAN;DAYLIGHT;CLEAR;0;0;;STOP AND GO SIGNAL;PASSENGER CAR;PASSENGER CAR;SPORT UTILITY;NONE;;2019-06-19T18:07:21-04:00;2019;No;No;6;18
1 MILES FROM US 1;TWO-WAY,DIVIDED,POSITIVE MEDIAN BARRIER;DAYLIGHT;RAIN;0;0;;NO CONTROL PRESENT;PASSENGER CAR;PASSENGER CAR;NONE;NONE;;2019-06-20T17:15:45-04:00;2019;No;No;6;17
.17 MILES FROM RENAISSANCE PARK PL;TWO-WAY,NOT DIVIDED;DAYLIGHT;CLOUDY;0;0;;STOP SIGN;PASSENGER CAR;PASSENGER CAR;NONE;NONE;;2019-06-20T13:24:55-04:00;2019;No;No;6;13
15 FEET FROM SR 1613 (DAVIS DR);TWO-WAY,DIVIDED,UNPROTECTED MEDIAN;DAYLIGHT;CLEAR;0;0;;STOP AND GO SIGNAL;PASSENGER CAR;SPORT UTILITY;NONE;NONE;;2019-06-21T07:45:33-04:00;2019;No;No;6;07
125 FEET FROM P.V.A. (1020 BRADFORD PLAZA WA;NONE;NONE;NONE;0;0;;;NONE;NONE;NONE;NONE;;2019-06-12T13:01:41-04:00;2019;No;No;6;13
0 FEET FROM S HARRISON AV;TWO-WAY,DIVIDED,UNPROTECTED MEDIAN;DAYLIGHT;CLEAR;0;0;;STOP AND GO SIGNAL;VAN;SPORT UTILITY;NONE;NONE;;2019-06-21T10:53:00-04:00;2019;No;No;6;10
300 FEET FROM SR 3014 MORRISVILLE CARPTER RD;TWO-WAY,NOT DIVIDED;DAYLIGHT;CLEAR;0;0;;NO CONTROL PRESENT;PICKUP;PASSENGER CAR;NONE;NONE;;2019-06-22T10:58:00-04:00;2019;No;No;6;10
2 FEET FROM (P.V.A.) 102 TATE ST;TWO-WAY,NOT DIVIDED;DARK - LIGHTED ROADWAY;CLEAR;0;0;;NO CONTROL PRESENT;PASSENGER CAR;PICKUP;NONE;NONE;;2019-06-22T01:39:44-04:00;2019;No;No;6;01
15 FEET FROM CAITBOO AVE;TWO-WAY,DIVIDED,UNPROTECTED MEDIAN;DAYLIGHT;CLEAR;0;0;;STOP AND GO SIGNAL;SPORT UTILITY;PASSENGER CAR;NONE;NONE;;2019-06-23T16:51:56-04:00;2019;No;No;6;16
.1 MILES FROM P.V.A. (2350 WALNUT ST);TWO-WAY,NOT DIVIDED;DAYLIGHT;CLEAR;0;0;;STOP SIGN;PASSENGER CAR;PASSENGER CAR;NONE;NONE;;2019-06-21T16:04:29-04:00;2019;No;No;6;16
0 FEET FROM SR 1313 (WALNUT ST);TWO-WAY,DIVIDED,POSITIVE MEDIAN BARRIER;DAYLIGHT;CLEAR;0;0;;STOP AND GO SIGNAL;PASSENGER CAR;PASSENGER CAR;NONE;NONE;;2019-06-21T20:00:06-04:00;2019;No;No;6;20
200 FEET FROM TECUMSEH CT;TWO-WAY,NOT DIVIDED;DAYLIGHT;CLEAR;0;0;;NO CONTROL PRESENT;VAN;SPORT UTILITY;NONE;NONE;;2019-06-23T15:01:16-04:00;2019;No;No;6;15
90 FEET FROM SR1010 (TEN TEN RD);TWO-WAY,NOT DIVIDED;DAYLIGHT;CLEAR;0;0;;NO CONTROL PRESENT;PASSENGER CAR;NONE;NONE;NONE;;2019-06-24T10:25:00-04:00;2019;No;No;6;10
50 FEET FROM P.V.A. (5055 ARCO ST);TWO-WAY,NOT DIVIDED;DAYLIGHT;CLEAR;0;0;;NO CONTROL PRESENT;PASSENGER CAR;PASSENGER CAR;NONE;NONE;;2019-06-24T00:59:00-04:00;2019;No;No;6;00
20 FEET FROM SR 1619 (WALDO ROOD BLVD);TWO-WAY,NOT DIVIDED;DAYLIGHT;CLEAR;0;0;;STOP AND GO SIGNAL;SPORT UTILITY;PASSENGER CAR;PASSENGER CAR;PASSENGER CAR;;2019-06-19T14:07:03-04:00;2019;No;No;6;14
20 FEET FROM PVA (1500 EDENHURST AV);TWO-WAY,NOT DIVIDED;NONE;CLEAR;0;0;;NO CONTROL PRESENT;PASSENGER CAR;PASSENGER CAR;NONE;NONE;;2019-06-24T09:30:31-04:00;2019;No;No;6;09
.100 MILES FROM P.V.A (3630 OLD RALEIGH RD);TWO-WAY,NOT DIVIDED;DAYLIGHT;CLEAR;0;0;;NO CONTROL PRESENT;PICKUP;SPORT UTILITY;NONE;NONE;;2019-06-24T12:06:00-04:00;2019;No;No;6;12
0 FEET FROM 1421 OLD APEX ROAD;TWO-WAY,NOT DIVIDED;DAYLIGHT;CLEAR;0;0;;NO CONTROL PRESENT;PASSENGER CAR;PASSENGER CAR;NONE;NONE;;2019-06-25T09:48:14-04:00;2019;No;No;6;09
CARY;TWO-WAY,DIVIDED,UNPROTECTED MEDIAN;DUSK;CLEAR;0;0;;NO CONTROL PRESENT;PASSENGER CAR;PASSENGER CAR;NONE;NONE;;2019-06-21T22:05:00-04:00;2019;No;No;6;22
0 FEET FROM SR 1613 (DAVIS DR);TWO-WAY,DIVIDED,UNPROTECTED MEDIAN;DAYLIGHT;CLEAR;0;1;;STOP AND GO SIGNAL;PASSENGER CAR;PASSENGER CAR;NONE;NONE;;2019-06-19T07:46:51-04:00;2019;No;Yes;6;07
.15 MILES FROM NC HWY 55;TWO-WAY,DIVIDED,UNPROTECTED MEDIAN;DAYLIGHT;CLEAR;0;0;DARTING;NO CONTROL PRESENT;PASSENGER CAR;NONE;NONE;NONE;;2019-06-26T12:40:00-04:00;2019;No;No;6;12
0 FEET FROM SR 1315 (BUCK JONES RD);TWO-WAY,NOT DIVIDED;DAYLIGHT;CLEAR;0;0;;STOP AND GO SIGNAL;PASSENGER CAR;SPORT UTILITY;NONE;NONE;;2019-06-24T17:47:25-04:00;2019;No;No;6;17
.02 MILES FROM US 1 HWY;TWO-WAY,DIVIDED,POSITIVE MEDIAN BARRIER;DAYLIGHT;CLEAR;0;0;;NO CONTROL PRESENT;PASSENGER CAR;PASSENGER CAR;NONE;NONE;;2019-06-25T17:03:09-04:00;2019;No;No;6;17
100 FEET FROM PVA 1401 SE MAYNARD RD;TWO-WAY,NOT DIVIDED;DAYLIGHT;CLEAR;0;0;;NO CONTROL PRESENT;PASSENGER CAR;PASSENGER CAR;NONE;NONE;;2019-06-27T17:46:55-04:00;2019;No;No;6;17
256 FEET FROM P.V.A. 6430 SR 1370 (TRYON RD);TWO-WAY,NOT DIVIDED;DAYLIGHT;CLEAR;0;0;;NO CONTROL PRESENT;PASSENGER CAR;NONE;NONE;NONE;;2019-06-26T17:49:26-04:00;2019;No;No;6;17
300 FEET FROM PVA OF 1140 PARKSIDE MAIN ST;TWO-WAY,NOT DIVIDED;DAYLIGHT;CLEAR;0;0;;NO CONTROL PRESENT;SPORT UTILITY;VAN;NONE;NONE;;2019-06-29T14:11:25-04:00;2019;No;No;6;14
35 FEET FROM SR 1313 (WALNUT ST);TWO-WAY,DIVIDED,UNPROTECTED MEDIAN;DAYLIGHT;CLEAR;0;0;;STOP AND GO SIGNAL;PASSENGER CAR;PASSENGER CAR;PASSENGER CAR;NONE;;2019-06-30T12:35:00-04:00;2019;No;No;6;12
200 FEET FROM P.P. (300 SAS CAMPUS DR);TWO-WAY,NOT DIVIDED;DAYLIGHT;CLEAR;0;0;;NO CONTROL PRESENT;PASSENGER CAR;NONE;NONE;NONE;;2019-06-25T08:10:01-04:00;2019;No;No;6;08
28 FEET FROM NC 54 (CHAPEL HILL RD);TWO-WAY,DIVIDED,UNPROTECTED MEDIAN;DAYLIGHT;CLEAR;0;0;;STOP AND GO SIGNAL;PASSENGER CAR;SPORT UTILITY;NONE;NONE;;2019-06-30T12:14:00-04:00;2019;No;No;6;12
CARY;TWO-WAY,NOT DIVIDED;DAYLIGHT;CLEAR;0;0;;NO CONTROL PRESENT;PASSENGER CAR;NONE;NONE;NONE;;2019-06-29T09:34:30-04:00;2019;No;No;6;09
5 FEET FROM SR 1615 (HIGH HOUSE RD);TWO-WAY,DIVIDED,UNPROTECTED MEDIAN;DAYLIGHT;CLEAR;0;0;;YIELD SIGN;PASSENGER CAR;SPORT UTILITY;NONE;NONE;;2019-06-29T13:28:26-04:00;2019;No;No;6;13
30 FEET FROM S.R. 1613 (DAVIS DR);TWO-WAY,NOT DIVIDED;DAYLIGHT;CLEAR;0;0;;STOP AND GO SIGNAL;PASSENGER CAR;VAN;NONE;NONE;;2019-07-01T21:37:26-04:00;2019;No;No;7;21
.2 MILES FROM SR 1009 (TRYON RD);TWO-WAY,NOT DIVIDED;DAYLIGHT;CLEAR;0;0;;STOP AND GO SIGNAL;SPORT UTILITY;SPORT UTILITY;NONE;NONE;;2019-06-28T14:10:13-04:00;2019;No;No;6;14
.22 MILES FROM COLONADES WAY;TWO-WAY,DIVIDED,UNPROTECTED MEDIAN;DAYLIGHT;CLEAR;0;0;;STOP SIGN;PASSENGER CAR;PASSENGER CAR;NONE;NONE;;2019-07-01T18:54:06-04:00;2019;No;No;7;18
CARY;TWO-WAY,DIVIDED,UNPROTECTED MEDIAN;DAYLIGHT;CLEAR;0;0;;NO CONTROL PRESENT;VAN;PASSENGER CAR;NONE;NONE;;2019-07-01T13:53:53-04:00;2019;No;No;7;13
.06 MILES FROM SR 1009 (TRYON RD);NONE;NONE;NONE;0;0;;;NONE;NONE;NONE;NONE;;2019-06-25T17:50:52-04:00;2019;No;No;6;17
300 FEET FROM US 64 HWY;TWO-WAY,DIVIDED,UNPROTECTED MEDIAN;DARK - LIGHTED ROADWAY;CLEAR;0;0;;NO CONTROL PRESENT;PICKUP;NONE;NONE;NONE;;2019-07-02T21:17:01-04:00;2019;No;No;7;21
10 FEET FROM SR 1009 TRYON RD;TWO-WAY,DIVIDED,UNPROTECTED MEDIAN;DAYLIGHT;CLEAR;0;0;;NO CONTROL PRESENT;PASSENGER CAR;SPORT UTILITY;PASSENGER CAR;SPORT UTILITY;;2019-07-03T14:22:13-04:00;2019;No;No;7;14
400 FEET FROM NW CARY PKWY;TWO-WAY,NOT DIVIDED;DAYLIGHT;CLEAR;0;0;;NO CONTROL PRESENT;PASSENGER CAR;NONE;NONE;NONE;;2019-06-29T03:14:35-04:00;2019;No;No;6;03
50 FEET FROM SR 1615 (HIGH HOUSE RD);TWO-WAY,DIVIDED,UNPROTECTED MEDIAN;DAYLIGHT;CLEAR;0;0;;STOP AND GO SIGNAL;VAN;PASSENGER CAR;NONE;NONE;;2019-07-03T18:30:16-04:00;2019;No;No;7;18
CARY;TWO-WAY,DIVIDED,UNPROTECTED MEDIAN;DAYLIGHT;CLEAR;0;0;;STOP AND GO SIGNAL;SPORT UTILITY;SPORT UTILITY;NONE;NONE;;2019-07-05T15:14:40-04:00;2019;No;No;7;15
365 FEET FROM P.V.A. TARGET (7129 SR 1628);TWO-WAY,NOT DIVIDED;DAYLIGHT;CLEAR;0;0;;NO CONTROL PRESENT;PASSENGER CAR;PASSENGER CAR;NONE;NONE;;2019-07-05T17:09:34-04:00;2019;No;No;7;17
CARY;TWO-WAY,NOT DIVIDED;DAYLIGHT;CLEAR;0;0;;STOP AND GO SIGNAL;SPORT UTILITY;PASSENGER CAR;NONE;NONE;;2019-07-06T19:43:31-04:00;2019;No;No;7;19
400 FEET FROM P.V.A. (HARRIS TEETER);TWO-WAY,NOT DIVIDED;DAYLIGHT;CLEAR;0;0;;NO CONTROL PRESENT;PASSENGER CAR;PASSENGER CAR;NONE;NONE;;2019-07-08T16:01:49-04:00;2019;No;No;7;16
NEAR .1 MILES N OF N HWY US 1;TWO-WAY,DIVIDED,POSITIVE MEDIAN BARRIER;DAYLIGHT;CLEAR;0;1;;NO CONTROL PRESENT;PASSENGER CAR;SPORT UTILITY;NONE;NONE;;2019-07-08T15:28:26-04:00;2019;No;Yes;7;15
CARY;NONE;NONE;NONE;0;0;;;NONE;NONE;NONE;NONE;;2019-07-09T12:07:00-04:00;2019;No;No;7;12
.278 MILES FROM SR3081 (CHAPEL HILL RD);TWO-WAY,NOT DIVIDED;DAYLIGHT;CLOUDY;0;0;;STOP AND GO SIGNAL;PASSENGER CAR;VAN;NONE;NONE;;2019-07-09T11:31:00-04:00;2019;No;No;7;11
100 FEET FROM P.V.A. 973 N HARRISON AV;TWO-WAY,NOT DIVIDED;DAYLIGHT;CLEAR;0;0;;NO CONTROL PRESENT;PICKUP;PASSENGER CAR;NONE;NONE;;2019-07-09T18:26:51-04:00;2019;No;No;7;18
100 FEET FROM PVA 1104 LEDSOME LN;ONE-WAY,NOT DIVIDED;DAYLIGHT;CLEAR;0;0;;NO CONTROL PRESENT;PASSENGER CAR;SPORT UTILITY;NONE;NONE;;2019-07-10T10:29:00-04:00;2019;No;No;7;10
100 FEET FROM PVA 5707 DILLARD DR;TWO-WAY,DIVIDED,UNPROTECTED MEDIAN;DAYLIGHT;CLEAR;0;0;;STOP SIGN;PASSENGER CAR;PASSENGER CAR;NONE;NONE;;2019-07-10T14:38:01-04:00;2019;No;No;7;14
.10 MILES FROM SR1613 (DAVIS DR);TWO-WAY,NOT DIVIDED;DAYLIGHT;CLEAR;0;0;;NO CONTROL PRESENT;SPORT UTILITY;PASSENGER CAR;NONE;NONE;;2019-07-10T17:35:57-04:00;2019;No;No;7;17
40 FEET FROM S.R. 1613 (DAVIS DR);TWO-WAY,DIVIDED,UNPROTECTED MEDIAN;DAYLIGHT;CLEAR;0;0;;STOP AND GO SIGNAL;PASSENGER CAR;SPORT UTILITY;NONE;NONE;;2019-07-10T16:41:26-04:00;2019;No;No;7;16
CARY;NONE;NONE;NONE;0;0;;;NONE;NONE;NONE;NONE;;2019-07-11T09:52:20-04:00;2019;No;No;7;09
100 FEET FROM WESTON GREEN LOOP;TWO-WAY,DIVIDED,UNPROTECTED MEDIAN;DAYLIGHT;CLEAR;0;0;;NO CONTROL PRESENT;PASSENGER CAR;PASSENGER CAR;NONE;NONE;;2019-07-10T19:01:35-04:00;2019;No;No;7;19
CARY;TWO-WAY,DIVIDED,UNPROTECTED MEDIAN;DAYLIGHT;CLEAR;0;0;;STOP SIGN;PASSENGER CAR;PASSENGER CAR;NONE;NONE;;2019-07-11T10:57:00-04:00;2019;No;No;7;10
CARY;TWO-WAY,DIVIDED,UNPROTECTED MEDIAN;DAYLIGHT;CLOUDY;0;0;;STOP SIGN;PASSENGER CAR;PASSENGER CAR;NONE;NONE;;2019-07-12T09:56:12-04:00;2019;No;No;7;09
CARY;TWO-WAY,NOT DIVIDED;DAYLIGHT;CLOUDY;0;0;;STOP SIGN;PASSENGER CAR;PASSENGER CAR;NONE;NONE;;2019-07-12T12:47:00-04:00;2019;No;No;7;12
.1 MILES FROM SR-1415 NE MAYNARD RD;TWO-WAY,DIVIDED,UNPROTECTED MEDIAN;DAYLIGHT;CLEAR;0;0;;STOP AND GO SIGNAL;VAN;PASSENGER CAR;NONE;NONE;;2019-07-12T19:40:29-04:00;2019;No;No;7;19
450 FEET FROM NC 55 HWY;TWO-WAY,NOT DIVIDED;DAYLIGHT;CLEAR;0;1;;NO CONTROL PRESENT;PASSENGER CAR;PICKUP;NONE;NONE;;2019-07-12T16:09:19-04:00;2019;No;Yes;7;16
25 FEET FROM SR 1300 (KILDAIRE FARM RD);TWO-WAY,NOT DIVIDED;DAYLIGHT;CLEAR;0;0;;FLASHING STOP AND GO SIGNAL;SPORT UTILITY;SPORT UTILITY;NONE;NONE;;2019-07-13T19:35:29-04:00;2019;No;No;7;19
300 FEET FROM SR-1319 (JONES FRANKLIN RD);TWO-WAY,NOT DIVIDED;DAYLIGHT;CLOUDY;0;0;;NO CONTROL PRESENT;PASSENGER CAR;SPORT UTILITY;NONE;NONE;;2019-07-12T17:59:49-04:00;2019;No;No;7;17
50 FEET FROM S R 1300(KILDAIRE FARM RD);TWO-WAY,DIVIDED,UNPROTECTED MEDIAN;DAYLIGHT;CLEAR;0;0;;NO CONTROL PRESENT;PICKUP;PICKUP;SPORT UTILITY;NONE;;2019-07-14T10:37:00-04:00;2019;No;No;7;10
205 FEET FROM P.V.A. (425 EMISSARY DR);ONE-WAY,NOT DIVIDED;DAYLIGHT;CLEAR;0;0;;NO CONTROL PRESENT;PASSENGER CAR;PASSENGER CAR;NONE;NONE;;2019-07-15T12:57:00-04:00;2019;No;No;7;12
0.14 MILES FROM P.V.A. (10140 GREEN LEVEL CHUR;TWO-WAY,NOT DIVIDED;DAYLIGHT;CLEAR;0;0;;NO CONTROL PRESENT;PICKUP;PASSENGER CAR;NONE;NONE;;2019-07-13T15:05:55-04:00;2019;No;No;7;15
279 FEET FROM P.V.A. (575 NEW WAVERLY PL);TWO-WAY,NOT DIVIDED;DAYLIGHT;CLEAR;0;0;;NO CONTROL PRESENT;PASSENGER CAR;PASSENGER CAR;NONE;NONE;;2019-07-15T16:40:56-04:00;2019;No;No;7;16
40 FEET FROM TANGLEWOOD DR;TWO-WAY,NOT DIVIDED;DAYLIGHT;CLEAR;0;0;;NO CONTROL PRESENT;PASSENGER CAR;PASSENGER CAR;NONE;NONE;;2019-07-14T14:18:03-04:00;2019;No;No;7;14
.330 MILES FROM SHELDON DR;TWO-WAY,DIVIDED,UNPROTECTED MEDIAN;DAYLIGHT;CLEAR;0;1;;STOP SIGN;SPORT UTILITY;VAN;NONE;NONE;;2019-07-18T10:29:00-04:00;2019;No;Yes;7;10
CARY;TWO-WAY,DIVIDED,UNPROTECTED MEDIAN;DAYLIGHT;CLEAR;0;0;DARTING;NO CONTROL PRESENT;SPORT UTILITY;NONE;NONE;NONE;;2019-07-19T18:30:26-04:00;2019;No;No;7;18
.1 MILES FROM SR 3081 (CHAPEL HILL RD);TWO-WAY,NOT DIVIDED;DAYLIGHT;CLEAR;0;0;;STOP AND GO SIGNAL;PICKUP;SPORT UTILITY;NONE;NONE;;2019-07-21T00:11:00-04:00;2019;No;No;7;00
60 FEET FROM MAPLE AVE;TWO-WAY,NOT DIVIDED;DARK - LIGHTED ROADWAY;CLEAR;0;0;;NO CONTROL PRESENT;SPORT UTILITY;PICKUP;NONE;NONE;;2019-07-19T04:16:21-04:00;2019;No;No;7;04
150 FEET FROM P.V.A 220 KILMAYNE DR;TWO-WAY,NOT DIVIDED;DAYLIGHT;CLEAR;0;0;;NO CONTROL PRESENT;SPORT UTILITY;PICKUP;SPORT UTILITY;NONE;;2019-07-21T15:16:08-04:00;2019;No;No;7;15