Location_Description;Road_Configuration;Light_Condition;Weather;Fatality;Injury;Contributing_Factor;Traffic_Control;Vehicle1;Vehicle2;Vehicle3;Vehicle4;Vehicle5;Crash_Date;year;Fatalities;Injuries;Month;Hour
0.18 MILES FROM P.V.A. (2350 WALNUT ST);TWO-WAY,NOT DIVIDED;DAYLIGHT;CLOUDY;0;0;;NO CONTROL PRESENT;PASSENGER CAR;PASSENGER CAR;NONE;NONE;;2019-10-27T12:37:00-04:00;2019;No;No;10;12
CARY;TWO-WAY,NOT DIVIDED;DAYLIGHT;CLEAR;0;0;;STOP AND GO SIGNAL;PASSENGER CAR;PASSENGER CAR;NONE;NONE;;2019-10-26T02:54:19-04:00;2019;No;No;10;02
.10 MILES FROM US 1 NB;TWO-WAY,DIVIDED,POSITIVE MEDIAN BARRIER;DAYLIGHT;CLEAR;0;0;;NO CONTROL PRESENT;PICKUP;PICKUP;NONE;NONE;;2019-10-26T12:36:00-04:00;2019;No;No;10;12
.17 MILES FROM SR 1152 (HOLLY SPRINGS RD);TWO-WAY,NOT DIVIDED;DAYLIGHT;CLEAR;0;0;;STOP AND GO SIGNAL;SPORT UTILITY;PASSENGER CAR;PASSENGER CAR;NONE;;2019-10-28T16:46:33-04:00;2019;No;No;10;16
400 FEET FROM SR 1615 (HIGH HOUSE RD);TWO-WAY,DIVIDED,UNPROTECTED MEDIAN;DAYLIGHT;CLOUDY;0;0;;STOP AND GO SIGNAL;PASSENGER CAR;NONE;NONE;NONE;;2019-10-29T10:04:00-04:00;2019;No;No;10;10
.11 MILES FROM P.V.A. (2010 KILDAIRE FARM RD);TWO-WAY,NOT DIVIDED;DAYLIGHT;CLEAR;0;0;;NO CONTROL PRESENT;VAN;PASSENGER CAR;NONE;NONE;;2019-10-28T11:28:00-04:00;2019;No;No;10;11
300 FEET FROM US HWY 1;TWO-WAY,DIVIDED,POSITIVE MEDIAN BARRIER;DAYLIGHT;CLOUDY;0;0;;NO CONTROL PRESENT;PASSENGER CAR;SPORT UTILITY;NONE;NONE;;2019-10-29T12:35:00-04:00;2019;No;No;10;12
.1 MILES FROM PVA OF 1700 SR 4067 (REGENCY P;TWO-WAY,NOT DIVIDED;DAYLIGHT;CLOUDY;0;0;;NO CONTROL PRESENT;PASSENGER CAR;PASSENGER CAR;NONE;NONE;;2019-10-29T14:59:32-04:00;2019;No;No;10;14
CARY;TWO-WAY,DIVIDED,POSITIVE MEDIAN BARRIER;DUSK;CLOUDY;0;0;;NO CONTROL PRESENT;SPORT UTILITY;SPORT UTILITY;PASSENGER CAR;NONE;;2019-10-30T13:50:28-04:00;2019;No;No;10;13
0 FEET FROM NC54 (CHAPEL HILL RD);TWO-WAY,DIVIDED,POSITIVE MEDIAN BARRIER;DAYLIGHT;CLOUDY;0;3;;STOP AND GO SIGNAL;PASSENGER CAR;SPORT UTILITY;NONE;NONE;;2019-10-31T07:12:55-04:00;2019;No;Yes;10;07
100 FEET FROM PVA 1413 HAMPTON VALLEY RD;NONE;NONE;NONE;0;0;;;NONE;NONE;NONE;NONE;;2019-09-13T00:00:00-04:00;2019;No;No;9;00
400 FEET FROM P.V.A. 2080 KILDAIRE FARM RD;ONE-WAY,NOT DIVIDED;DAYLIGHT;CLOUDY;0;0;;NO CONTROL PRESENT;SPORT UTILITY;SPORT UTILITY;NONE;NONE;;2019-10-31T13:03:17-04:00;2019;No;No;10;13
450 FEET FROM US 64;TWO-WAY,DIVIDED,POSITIVE MEDIAN BARRIER;DARK - ROADWAY NOT LIGHTED;CLEAR;0;0;;NO CONTROL PRESENT;SPORT UTILITY;NONE;NONE;NONE;;2019-11-03T00:05:00-04:00;2019;No;No;11;00
CARY;TWO-WAY,NOT DIVIDED;DARK - LIGHTED ROADWAY;CLEAR;0;1;;STOP AND GO SIGNAL;SPORT UTILITY;SPORT UTILITY;NONE;NONE;;2019-11-03T19:50:09-05:00;2019;No;Yes;11;19
CARY;TWO-WAY,NOT DIVIDED;DAYLIGHT;CLEAR;0;0;;STOP AND GO SIGNAL;NONE;PASSENGER CAR;NONE;NONE;;2019-11-02T16:25:41-04:00;2019;No;No;11;16
.76 MILES FROM US 1 HWY;TWO-WAY,DIVIDED,POSITIVE MEDIAN BARRIER;DAYLIGHT;CLEAR;0;0;;NO CONTROL PRESENT;SPORT UTILITY;PASSENGER CAR;NONE;NONE;;2019-11-01T16:35:04-04:00;2019;No;No;11;16
CARY;TWO-WAY,DIVIDED,POSITIVE MEDIAN BARRIER;DAYLIGHT;CLEAR;0;0;;STOP AND GO SIGNAL;PASSENGER CAR;NONE;NONE;NONE;;2019-11-04T07:48:09-05:00;2019;No;No;11;07
.18 MILES FROM HWY US 1;ONE-WAY,NOT DIVIDED;DAYLIGHT;CLEAR;0;0;;STOP AND GO SIGNAL;PICKUP;PASSENGER CAR;NONE;NONE;;2019-11-04T09:16:42-05:00;2019;No;No;11;09
0 FEET FROM SR 5808 (W CHATHAM ST);TWO-WAY,NOT DIVIDED;DARK - LIGHTED ROADWAY;CLEAR;0;0;;STOP AND GO SIGNAL;PASSENGER CAR;PASSENGER CAR;NONE;NONE;;2019-11-04T19:17:44-05:00;2019;No;No;11;19
100 FEET FROM P.V.A. 1421 OLD APEX RD;TWO-WAY,NOT DIVIDED;DAYLIGHT;CLOUDY;0;0;;NO CONTROL PRESENT;PASSENGER CAR;PASSENGER CAR;NONE;NONE;;2019-11-04T15:06:55-05:00;2019;No;No;11;15
0 FEET FROM SR 1652 (N HARRISON AVE);TWO-WAY,NOT DIVIDED;DARK - LIGHTED ROADWAY;CLEAR;0;2;;DOUBLE YELLOW LINE, NO PASSING ZONE;PASSENGER CAR;PASSENGER CAR;NONE;NONE;;2019-11-04T19:03:59-05:00;2019;No;Yes;11;19
30 FEET FROM SR 1652 (N HARRISON AVE);TWO-WAY,DIVIDED,UNPROTECTED MEDIAN;DAYLIGHT;CLEAR;0;0;;STOP AND GO SIGNAL;VAN;NONE;NONE;NONE;;2019-11-04T07:58:52-05:00;2019;No;No;11;07
500 FEET FROM P.P 700 RESEARCH DR;ONE-WAY,NOT DIVIDED;DAYLIGHT;CLOUDY;0;0;;NO CONTROL PRESENT;PASSENGER CAR;PASSENGER CAR;NONE;NONE;;2019-11-04T15:26:31-05:00;2019;No;No;11;15
400 FEET FROM P.V.A. (2000 WALNUT ST);TWO-WAY,NOT DIVIDED;DAYLIGHT;CLEAR;0;0;;NO CONTROL PRESENT;SPORT UTILITY;PASSENGER CAR;NONE;NONE;;2019-11-02T13:31:49-04:00;2019;No;No;11;13
163 FEET FROM P.V.A (BANK OF AMERICA);TWO-WAY,NOT DIVIDED;DAYLIGHT;CLOUDY;0;0;;NO CONTROL PRESENT;SPORT UTILITY;PASSENGER CAR;NONE;NONE;;2019-11-04T14:52:40-05:00;2019;No;No;11;14
50 FEET FROM SR 1313 (WALNUT ST);TWO-WAY,DIVIDED,UNPROTECTED MEDIAN;DAYLIGHT;CLEAR;0;0;;NO CONTROL PRESENT;SPORT UTILITY;PASSENGER CAR;PASSENGER CAR;SPORT UTILITY;;2019-11-05T16:25:13-05:00;2019;No;No;11;16
.2 MILES FROM SR# 1315 (BUCK JONES RD.);TWO-WAY,DIVIDED,UNPROTECTED MEDIAN;DAYLIGHT;CLEAR;0;1;;NO CONTROL PRESENT;PASSENGER CAR;SPORT UTILITY;NONE;NONE;;2019-11-05T15:38:50-05:00;2019;No;Yes;11;15
25 FEET FROM MEETING ST;TWO-WAY,DIVIDED,UNPROTECTED MEDIAN;DARK - LIGHTED ROADWAY;CLEAR;0;0;;STOP AND GO SIGNAL;PASSENGER CAR;SPORT UTILITY;NONE;NONE;;2019-11-05T19:06:36-05:00;2019;No;No;11;19
.1 MILES FROM PVA OF 2010 SR 1300 (KILDAIRE;TWO-WAY,NOT DIVIDED;DARK - LIGHTED ROADWAY;CLEAR;0;0;;NO CONTROL PRESENT;PASSENGER CAR;PASSENGER CAR;NONE;NONE;;2019-11-05T19:18:38-05:00;2019;No;No;11;19
0.2 MILES FROM US 1;TWO-WAY,DIVIDED,POSITIVE MEDIAN BARRIER;DAYLIGHT;CLEAR;0;0;;NO CONTROL PRESENT;PASSENGER CAR;PASSENGER CAR;NONE;NONE;;2019-11-05T15:03:09-05:00;2019;No;No;11;15
50 FEET FROM SR 3014 (MORRISVILLE CARPENTER;TWO-WAY,NOT DIVIDED;DAYLIGHT;CLEAR;0;0;;STOP AND GO SIGNAL;PASSENGER CAR;SPORT UTILITY;NONE;NONE;;2019-11-06T20:32:06-05:00;2019;No;No;11;20
200 FEET FROM NC-54 (CHAPEL HILL RD);TWO-WAY,NOT DIVIDED;DAYLIGHT;CLEAR;0;0;;NO CONTROL PRESENT;PASSENGER CAR;PASSENGER CAR;NONE;NONE;;2019-11-07T10:09:00-05:00;2019;No;No;11;10
0 MILES FROM SR 1009 TRYON RD;TWO-WAY,DIVIDED,UNPROTECTED MEDIAN;DAYLIGHT;CLEAR;0;0;;STOP AND GO SIGNAL;PASSENGER CAR;PASSENGER CAR;NONE;NONE;;2019-11-07T16:23:16-05:00;2019;No;No;11;16
.2 MILES FROM US1 NORTH;TWO-WAY,DIVIDED,POSITIVE MEDIAN BARRIER;DARK - LIGHTED ROADWAY;CLEAR;0;2;;NO CONTROL PRESENT;VAN;SPORT UTILITY;PASSENGER CAR;PASSENGER CAR;SPORT UTILITY;2019-11-06T18:02:22-05:00;2019;No;Yes;11;18
50 FEET FROM P.V.A. 2000 LAKESIDE VIEW CT;TWO-WAY,NOT DIVIDED;DAYLIGHT;CLEAR;0;0;;NO CONTROL PRESENT;PASSENGER CAR;NONE;NONE;NONE;;2019-11-08T08:07:20-05:00;2019;No;No;11;08
15 FEET FROM SR 1313 (WALNUT ST);TWO-WAY,DIVIDED,POSITIVE MEDIAN BARRIER;DARK - LIGHTED ROADWAY;RAIN;0;0;;STOP AND GO SIGNAL;PASSENGER CAR;PASSENGER CAR;NONE;NONE;;2019-11-07T05:34:26-05:00;2019;No;No;11;05
25 FEET FROM P.P. (331 RIDGECREST RD);ONE-WAY,NOT DIVIDED;DAYLIGHT;CLEAR;0;1;;NO CONTROL PRESENT;PICKUP;NONE;NONE;NONE;;2019-11-08T15:17:24-05:00;2019;No;Yes;11;15
60 FEET FROM SR1652 (N HARRISON AV);TWO-WAY,DIVIDED,UNPROTECTED MEDIAN;DARK - LIGHTED ROADWAY;CLEAR;0;0;;NO CONTROL PRESENT;VAN;PASSENGER CAR;NONE;NONE;;2019-11-09T19:22:12-05:00;2019;No;No;11;19
285 FEET FROM MILLS PARK DR;TWO-WAY,NOT DIVIDED;DAYLIGHT;CLEAR;0;0;;NO CONTROL PRESENT;FIRETRUCK;EMS VEHICLE- AMBULANCE- RESCUE SQUAD;NONE;NONE;;2019-11-09T10:16:00-05:00;2019;No;No;11;10
150 FEET FROM CORNWALL VIEW CT;TWO-WAY,NOT DIVIDED;DARK - LIGHTED ROADWAY;CLEAR;0;0;;NO CONTROL PRESENT;PASSENGER CAR;PASSENGER CAR;NONE;NONE;;2019-11-11T18:49:00-05:00;2019;No;No;11;18
50 FEET FROM SR 1652 (N HARRISON AV);TWO-WAY,NOT DIVIDED;DARK - LIGHTED ROADWAY;CLEAR;0;0;;NO CONTROL PRESENT;SPORT UTILITY;PASSENGER CAR;NONE;NONE;;2019-11-06T19:27:05-05:00;2019;No;No;11;19
118 FEET FROM 305 AMIABLE LOOP;TWO-WAY,NOT DIVIDED;DARK - LIGHTED ROADWAY;CLEAR;0;0;DARTING;NO CONTROL PRESENT;PASSENGER CAR;NONE;NONE;NONE;;2019-11-09T23:19:00-05:00;2019;No;No;11;23
.34 MILES FROM HWY US 64;TWO-WAY,DIVIDED,UNPROTECTED MEDIAN;DAYLIGHT;CLEAR;0;0;;NO CONTROL PRESENT;SPORT UTILITY;SPORT UTILITY;NONE;NONE;;2019-11-10T12:06:00-05:00;2019;No;No;11;12
136 FEET FROM PVA (201 METLIFE WAY);TWO-WAY,NOT DIVIDED;DAYLIGHT;CLEAR;0;0;;NO CONTROL PRESENT;PASSENGER CAR;SINGLE UNIT TRUCK (2-AXLE- 6-TIRE);NONE;NONE;;2019-11-07T23:00:00-05:00;2019;No;No;11;23
0.14 MILES FROM LARKWOOD LN;TWO-WAY,NOT DIVIDED;DARK - UNKNOWN LIGHTING;CLEAR;0;0;;NO CONTROL PRESENT;PASSENGER CAR;PASSENGER CAR;NONE;NONE;;2019-11-04T14:44:56-05:00;2019;No;No;11;14
.01 MILES FROM SR 1613 (DAVIS DR);TWO-WAY,DIVIDED,UNPROTECTED MEDIAN;DARK - LIGHTED ROADWAY;RAIN;0;0;;STOP AND GO SIGNAL;PASSENGER CAR;PASSENGER CAR;NONE;NONE;;2019-11-07T17:41:18-05:00;2019;No;No;11;17
CARY;TWO-WAY,DIVIDED,UNPROTECTED MEDIAN;DAYLIGHT;CLEAR;0;0;;STOP AND GO SIGNAL;PICKUP;PASSENGER CAR;NONE;NONE;;2019-11-11T13:04:36-05:00;2019;No;No;11;13
300 FEET FROM PVA 1105 WALNUT ST;TWO-WAY,NOT DIVIDED;DAYLIGHT;CLEAR;0;0;;NO CONTROL PRESENT;SPORT UTILITY;NONE;NONE;NONE;;2019-11-10T16:47:40-05:00;2019;No;No;11;16
115 FEET FROM SR1423  (PINEY PLAINS RD);TWO-WAY,NOT DIVIDED;DARK - ROADWAY NOT LIGHTED;CLEAR;0;0;;NO CONTROL PRESENT;PASSENGER CAR;NONE;NONE;NONE;;2019-11-10T17:41:54-05:00;2019;No;No;11;17
200 FEET FROM P.V.A. 137 WESTON PKWY;TWO-WAY,NOT DIVIDED;DAYLIGHT;CLEAR;0;0;;NO CONTROL PRESENT;SPORT UTILITY;PASSENGER CAR;NONE;NONE;;2019-11-07T11:18:00-05:00;2019;No;No;11;11
200 FEET FROM US 1;TWO-WAY,DIVIDED,POSITIVE MEDIAN BARRIER;DAYLIGHT;CLEAR;0;0;;NO CONTROL PRESENT;VAN;PASSENGER CAR;NONE;NONE;;2019-11-05T15:01:34-05:00;2019;No;No;11;15
0 FEET FROM THORPE DR;TWO-WAY,NOT DIVIDED;DAYLIGHT;CLEAR;0;2;;STOP SIGN;SINGLE UNIT TRUCK (2-AXLE- 6-TIRE);PASSENGER CAR;NONE;NONE;;2019-11-11T12:59:00-05:00;2019;No;Yes;11;12
.5 MILES FROM US 1 HWY;TWO-WAY,DIVIDED,POSITIVE MEDIAN BARRIER;DAYLIGHT;RAIN;0;0;;NO CONTROL PRESENT;SPORT UTILITY;PASSENGER CAR;NONE;NONE;;2019-11-12T08:51:32-05:00;2019;No;No;11;08
CARY;NONE;NONE;NONE;0;0;;;NONE;NONE;NONE;NONE;;2019-11-07T00:00:00-05:00;2019;No;No;11;00
40 FEET FROM SR 1652 (N HARRISON AV);TWO-WAY,NOT DIVIDED;DAYLIGHT;RAIN;0;1;;STOP AND GO SIGNAL;PICKUP;PASSENGER CAR;NONE;NONE;;2019-11-12T15:43:53-05:00;2019;No;Yes;11;15
20 FEET FROM SR 3073 (NW MAYNARD RD);TWO-WAY,NOT DIVIDED;DARK - LIGHTED ROADWAY;CLEAR;0;0;;STOP AND GO SIGNAL;PASSENGER CAR;PASSENGER CAR;NONE;NONE;;2019-11-14T18:35:31-05:00;2019;No;No;11;18
150 FEET FROM S.R. 3977 SW CARY PKWY;TWO-WAY,DIVIDED,UNPROTECTED MEDIAN;DAYLIGHT;CLEAR;0;0;;STOP AND GO SIGNAL;PASSENGER CAR;SPORT UTILITY;SPORT UTILITY;NONE;;2019-11-14T11:44:00-05:00;2019;No;No;11;11
0.1 MILES FROM NC 55 HWY;TWO-WAY,DIVIDED,UNPROTECTED MEDIAN;DAYLIGHT;RAIN;0;1;;NO CONTROL PRESENT;SPORT UTILITY;SPORT UTILITY;NONE;NONE;;2019-11-15T07:17:36-05:00;2019;No;Yes;11;07
100 FEET FROM KILDAIRE PARK DR;TWO-WAY,NOT DIVIDED;DAYLIGHT;CLEAR;0;0;;NO CONTROL PRESENT;SINGLE UNIT TRUCK (2-AXLE- 6-TIRE);SPORT UTILITY;NONE;NONE;;2019-11-13T12:12:00-05:00;2019;No;No;11;12
200 FEET FROM SR 1152 (HOLLY SPRINGS RD);TWO-WAY,NOT DIVIDED;DAYLIGHT;CLEAR;0;0;;NO CONTROL PRESENT;SINGLE UNIT TRUCK (2-AXLE- 6-TIRE);SPORT UTILITY;NONE;NONE;;2019-11-13T17:29:17-05:00;2019;No;No;11;17
NEAR CARY;TWO-WAY,DIVIDED,UNPROTECTED MEDIAN;DAWN;RAIN;0;1;;STOP AND GO SIGNAL;PICKUP;PICKUP;NONE;NONE;;2019-11-15T07:32:06-05:00;2019;No;Yes;11;07
20 FEET FROM PVA 8322 CHAPEL HILL RD;TWO-WAY,NOT DIVIDED;DARK - LIGHTED ROADWAY;CLEAR;0;0;;NO CONTROL PRESENT;PASSENGER CAR;PASSENGER CAR;NONE;NONE;;2019-11-17T03:35:04-05:00;2019;No;No;11;03
.01 MILES FROM SR 1615 (HIGH HOUSE RD);TWO-WAY,DIVIDED,POSITIVE MEDIAN BARRIER;DARK - LIGHTED ROADWAY;RAIN;0;0;;NO CONTROL PRESENT;PASSENGER CAR;PASSENGER CAR;NONE;NONE;;2019-11-15T17:24:08-05:00;2019;No;No;11;17
300 FEET FROM SR 1313 (WALNUT ST);TWO-WAY,DIVIDED,UNPROTECTED MEDIAN;DAYLIGHT;CLEAR;0;0;;NO CONTROL PRESENT;SPORT UTILITY;PASSENGER CAR;NONE;NONE;;2019-11-16T06:42:25-05:00;2019;No;No;11;06
CARY;TWO-WAY,NOT DIVIDED;DAYLIGHT;CLEAR;0;0;;STOP SIGN;VAN;PASSENGER CAR;NONE;NONE;;2019-11-17T13:33:21-05:00;2019;No;No;11;13
0 FEET FROM SR1349 (DILLARD DR);TWO-WAY,NOT DIVIDED;DARK - LIGHTED ROADWAY;CLEAR;0;3;;STOP AND GO SIGNAL;SPORT UTILITY;PASSENGER CAR;NONE;NONE;;2019-11-17T17:27:25-05:00;2019;No;Yes;11;17
CARY;TWO-WAY,DIVIDED,UNPROTECTED MEDIAN;DARK - LIGHTED ROADWAY;CLOUDY;0;2;;STOP AND GO SIGNAL;PASSENGER CAR;PASSENGER CAR;SPORT UTILITY;NONE;;2019-11-15T02:26:53-05:00;2019;No;Yes;11;02
.10 MILES FROM P.V.A (400 JAMES JACKSON);TWO-WAY,NOT DIVIDED;NONE;CLEAR;0;0;;NO CONTROL PRESENT;PICKUP;PICKUP;NONE;NONE;;2019-11-18T11:05:00-05:00;2019;No;No;11;11
0.48 MILES FROM US 1 SB;TWO-WAY,DIVIDED,POSITIVE MEDIAN BARRIER;DAYLIGHT;CLEAR;0;0;;NO CONTROL PRESENT;PASSENGER CAR;PASSENGER CAR;NONE;NONE;;2019-11-17T16:00:58-05:00;2019;No;No;11;16
300 FEET FROM SR 1616 (OLD APEX RD);TWO-WAY,NOT DIVIDED;DAYLIGHT;CLEAR;0;0;;STOP AND GO SIGNAL;PASSENGER CAR;PASSENGER CAR;PASSENGER CAR;NONE;;2019-11-17T17:00:00-05:00;2019;No;No;11;17
50 FEET FROM SR 1300 (KILDAIRE FARM RD);TWO-WAY,DIVIDED,UNPROTECTED MEDIAN;DAYLIGHT;CLEAR;0;0;;STOP AND GO SIGNAL;PASSENGER CAR;SPORT UTILITY;NONE;NONE;;2019-11-17T13:30:06-05:00;2019;No;No;11;13
0 FEET FROM SR 1650 (REEDY CREEK RD);TWO-WAY,NOT DIVIDED;DAYLIGHT;CLEAR;0;0;;STOP SIGN;PASSENGER CAR;SPORT UTILITY;NONE;NONE;;2019-11-18T09:15:02-05:00;2019;No;No;11;09
200 FEET FROM SR 3977 (SE CARY PKWY);TWO-WAY,DIVIDED,UNPROTECTED MEDIAN;DARK - LIGHTED ROADWAY;RAIN;0;1;;NO CONTROL PRESENT;VAN;PASSENGER CAR;NONE;NONE;;2019-11-18T23:52:00-05:00;2019;No;Yes;11;23
CARY;TWO-WAY,DIVIDED,POSITIVE MEDIAN BARRIER;DARK - LIGHTED ROADWAY;CLEAR;0;1;NOT VISIBLE (DARK CLOTHING,ETC.);STOP AND GO SIGNAL;PASSENGER CAR;NONE;NONE;NONE;;2019-11-17T00:04:00-05:00;2019;No;Yes;11;00
260 FEET FROM P.V.A.(1105 HARRISON AV);TWO-WAY,NOT DIVIDED;DARK - LIGHTED ROADWAY;CLEAR;0;0;;NO CONTROL PRESENT;PASSENGER CAR;NONE;NONE;NONE;;2019-11-19T19:47:51-05:00;2019;No;No;11;19
50 FEET FROM SR 1615  (HIGH HOUSE RD);TWO-WAY,DIVIDED,UNPROTECTED MEDIAN;DARK - LIGHTED ROADWAY;CLEAR;0;0;DARTING;NO CONTROL PRESENT;PASSENGER CAR;NONE;NONE;NONE;;2019-11-19T19:59:35-05:00;2019;No;No;11;19
428 FEET FROM 2472 WALNUT ST (PVA);TWO-WAY,NOT DIVIDED;DAYLIGHT;CLEAR;0;0;;STOP SIGN;PASSENGER CAR;PASSENGER CAR;NONE;NONE;;2019-11-20T11:37:00-05:00;2019;No;No;11;11
.1 MILES FROM PVA OF 1700 SR 4067 (REGENCY P;NONE;DARK - LIGHTED ROADWAY;CLEAR;0;0;;NO CONTROL PRESENT;PASSENGER CAR;PICKUP;NONE;NONE;;2019-11-21T18:23:36-05:00;2019;No;No;11;18
183 FEET FROM TAPESTRY TER;TWO-WAY,NOT DIVIDED;DARK - LIGHTED ROADWAY;CLEAR;0;0;;NO CONTROL PRESENT;PICKUP;PASSENGER CAR;NONE;NONE;;2019-11-21T17:50:52-05:00;2019;No;No;11;17
100 FEET FROM PVA (2000 TEACHING DR);ONE-WAY,NOT DIVIDED;DAYLIGHT;CLEAR;0;0;;NO CONTROL PRESENT;PASSENGER CAR;NONE;NONE;NONE;;2019-10-25T09:10:22-04:00;2019;No;No;10;09
5 FEET FROM SR 1002 (AVIATION PKWY);NONE;NONE;NONE;0;0;;;NONE;NONE;NONE;NONE;;2019-11-13T17:03:23-05:00;2019;No;No;11;17
0 MILES FROM JAMES JACKSON AV;TWO-WAY,DIVIDED,UNPROTECTED MEDIAN;DARK - LIGHTED ROADWAY;CLEAR;0;1;;STOP SIGN;PASSENGER CAR;PICKUP;NONE;NONE;;2019-11-21T17:06:12-05:00;2019;No;Yes;11;17
30 FEET FROM SR 1613 (DAVIS DR);TWO-WAY,DIVIDED,UNPROTECTED MEDIAN;DARK - LIGHTED ROADWAY;CLEAR;0;0;;NO CONTROL PRESENT;PICKUP;NONE;NONE;NONE;;2019-11-24T19:21:37-05:00;2019;No;No;11;19
10 FEET FROM P.V.A (802 E CHATHAM ST);ONE-WAY,NOT DIVIDED;DAYLIGHT;CLOUDY;0;0;;NO CONTROL PRESENT;PASSENGER CAR;PASSENGER CAR;NONE;NONE;;2019-11-16T16:14:36-05:00;2019;No;No;11;16
.26 MILES FROM S.R.1009 (TRYON RD);TWO-WAY,DIVIDED,UNPROTECTED MEDIAN;DAYLIGHT;CLEAR;0;0;;STOP AND GO SIGNAL;SPORT UTILITY;PASSENGER CAR;NONE;NONE;;2019-11-22T15:36:08-05:00;2019;No;No;11;15
90 FEET FROM 235 BAINES CT;TWO-WAY,NOT DIVIDED;DUSK;CLEAR;0;0;;NO CONTROL PRESENT;PASSENGER CAR;PASSENGER CAR;NONE;NONE;;2019-11-20T17:26:56-05:00;2019;No;No;11;17
.5 MILES FROM SR 1617 (CARPENTER UPCHURCH RD;TWO-WAY,DIVIDED,UNPROTECTED MEDIAN;DARK - LIGHTED ROADWAY;CLEAR;0;0;;YIELD SIGN;PASSENGER CAR;NONE;NONE;NONE;;2019-11-21T20:14:29-05:00;2019;No;No;11;20
.11 MILES FROM I 40 EB;TWO-WAY,DIVIDED,POSITIVE MEDIAN BARRIER;DARK - LIGHTED ROADWAY;CLEAR;0;0;;NO CONTROL PRESENT;PASSENGER CAR;PASSENGER CAR;NONE;NONE;;2019-11-21T17:40:08-05:00;2019;No;No;11;17
.1 MILES FROM SR 1349 (DILLARD DR);TWO-WAY,NOT DIVIDED;DARK - LIGHTED ROADWAY;CLEAR;0;1;;NO CONTROL PRESENT;PASSENGER CAR;PASSENGER CAR;NONE;NONE;;2019-11-22T17:26:29-05:00;2019;No;Yes;11;17
450 FEET FROM ROCKCASTLE DR;TWO-WAY,NOT DIVIDED;DAYLIGHT;CLEAR;0;0;;NO CONTROL PRESENT;PASSENGER CAR;SPORT UTILITY;NONE;NONE;;2019-11-12T17:45:38-05:00;2019;No;No;11;17
222 FEET FROM TERRESTONE PL;TWO-WAY,NOT DIVIDED;DAYLIGHT;RAIN;0;0;;NO CONTROL PRESENT;PASSENGER CAR;VAN;NONE;NONE;;2019-11-23T14:18:44-05:00;2019;No;No;11;14
.21 MILES FROM SR 1300 (KILDAIRE FARM RD);TWO-WAY,NOT DIVIDED;DARK - LIGHTED ROADWAY;RAIN;0;0;;STOP AND GO SIGNAL;PASSENGER CAR;PASSENGER CAR;NONE;NONE;;2019-11-23T21:50:25-05:00;2019;No;No;11;21
10 FEET FROM SR3977 (SWCARY PKWY);TWO-WAY,DIVIDED,UNPROTECTED MEDIAN;DAYLIGHT;RAIN;0;1;;STOP AND GO SIGNAL;SPORT UTILITY;SPORT UTILITY;NONE;NONE;;2019-11-23T14:05:31-05:00;2019;No;Yes;11;14
20 FEET FROM US 1 HWY;TWO-WAY,DIVIDED,POSITIVE MEDIAN BARRIER;DAYLIGHT;RAIN;0;0;;NO CONTROL PRESENT;PASSENGER CAR;NONE;NONE;NONE;;2019-11-23T05:28:00-05:00;2019;No;No;11;05
150 FEET FROM SR 1315 (BUCK JONES RD);TWO-WAY,NOT DIVIDED;DAYLIGHT;CLEAR;0;0;;NO CONTROL PRESENT;PASSENGER CAR;PICKUP;NONE;NONE;;2019-11-24T17:23:58-05:00;2019;No;No;11;17
0 FEET FROM S.R. 1625 (GREEN LEVEL CHURCH);NONE;NONE;NONE;0;0;;;NONE;NONE;NONE;NONE;;2019-11-17T14:06:31-05:00;2019;No;No;11;14
50 FEET FROM SR 1616 (OLD APEX RD);TWO-WAY,DIVIDED,UNPROTECTED MEDIAN;DUSK;CLEAR;0;0;;STOP AND GO SIGNAL;SPORT UTILITY;PASSENGER CAR;NONE;NONE;;2019-11-25T17:24:56-05:00;2019;No;No;11;17
0 FEET FROM NC 54 (CHAPEL HILL RD);TWO-WAY,DIVIDED,UNPROTECTED MEDIAN;DARK - LIGHTED ROADWAY;CLEAR;0;1;FAILURE TO OBEY TRAFFIC SIGNS,SIGNALS;STOP AND GO SIGNAL;NONE;PASSENGER CAR;NONE;NONE;;2019-11-21T21:56:04-05:00;2019;No;Yes;11;21
.05 MILES FROM SR 1616 (OLD APEX RD);TWO-WAY,DIVIDED,UNPROTECTED MEDIAN;DAYLIGHT;CLEAR;0;0;;STOP AND GO SIGNAL;SPORT UTILITY;SPORT UTILITY;NONE;NONE;;2019-11-22T23:27:00-05:00;2019;No;No;11;23
10 FEET FROM SR 1615 (HIGH HOUSE RD);TWO-WAY,DIVIDED,POSITIVE MEDIAN BARRIER;DARK - LIGHTED ROADWAY;CLEAR;0;1;;STOP AND GO SIGNAL;PASSENGER CAR;PASSENGER CAR;NONE;NONE;;2019-11-26T19:00:03-05:00;2019;No;Yes;11;19
100 FEET FROM SR1600 (GREEN LEVEL CHURCH RD);TWO-WAY,NOT DIVIDED;DARK - LIGHTED ROADWAY;CLEAR;0;0;;NO CONTROL PRESENT;SPORT UTILITY;NONE;NONE;NONE;;2019-11-26T18:37:39-05:00;2019;No;No;11;18