Location_Description;Road_Configuration;Light_Condition;Weather;Fatality;Injury;Contributing_Factor;Traffic_Control;Vehicle1;Vehicle2;Vehicle3;Vehicle4;Vehicle5;Crash_Date;year;Fatalities;Injuries;Month;Hour
150 FEET FROM SR 5808 (E CHATHAM ST);TWO-WAY,DIVIDED,UNPROTECTED MEDIAN;DARK - LIGHTED ROADWAY;CLEAR;0;0;;NO CONTROL PRESENT;PASSENGER CAR;SPORT UTILITY;NONE;NONE;;2020-02-16T06:05:18-05:00;2020;No;No;2;06
CARY;NONE;NONE;NONE;0;0;;;NONE;NONE;NONE;NONE;;2020-02-17T16:29:12-05:00;2020;No;No;2;16
25 FEET FROM US 64 HWY;TWO-WAY,DIVIDED,UNPROTECTED MEDIAN;DARK - LIGHTED ROADWAY;CLEAR;0;0;;STOP AND GO SIGNAL;SPORT UTILITY;PICKUP;PASSENGER CAR;NONE;;2020-02-14T18:11:38-05:00;2020;No;No;2;18
0 FEET FROM SR 1313 (WALNUT ST);TWO-WAY,NOT DIVIDED;DARK - LIGHTED ROADWAY;CLEAR;0;0;;NO CONTROL PRESENT;SPORT UTILITY;PASSENGER CAR;NONE;NONE;;2020-02-17T21:04:01-05:00;2020;No;No;2;21
0 FEET FROM SR1152 (HOLLY SPRINGS RD);TWO-WAY,NOT DIVIDED;DAYLIGHT;CLEAR;0;0;;STOP AND GO SIGNAL;PICKUP;SPORT UTILITY;NONE;NONE;;2020-02-17T17:21:43-05:00;2020;No;No;2;17
300 FEET FROM P.V.A. (WALMART KILDAIRE FARM);ONE-WAY,NOT DIVIDED;DAYLIGHT;RAIN;0;0;;NO CONTROL PRESENT;PASSENGER CAR;PASSENGER CAR;NONE;NONE;;2020-02-06T16:59:04-05:00;2020;No;No;2;16
276 FEET FROM SR 1652 (N HARRISON AVE);TWO-WAY,NOT DIVIDED;DARK - LIGHTED ROADWAY;RAIN;0;0;;NO CONTROL PRESENT;PASSENGER CAR;NONE;NONE;NONE;;2020-02-19T01:49:42-05:00;2020;No;No;2;01
383 FEET FROM WARREN AVE;TWO-WAY,NOT DIVIDED;DAYLIGHT;RAIN;0;0;;NO CONTROL PRESENT;SPORT UTILITY;PASSENGER CAR;NONE;NONE;;2020-02-19T10:30:00-05:00;2020;No;No;2;10
.12 MILES FROM P.V.A (2060 RENAISSANCE PARK);TWO-WAY,NOT DIVIDED;DAYLIGHT;RAIN;0;0;;NO CONTROL PRESENT;PASSENGER CAR;SPORT UTILITY;NONE;NONE;;2020-02-19T13:04:59-05:00;2020;No;No;2;13
0 FEET FROM NC 54 HWY;TWO-WAY,DIVIDED,UNPROTECTED MEDIAN;DAYLIGHT;CLOUDY;0;1;;STOP AND GO SIGNAL;PASSENGER CAR;PASSENGER CAR;PASSENGER CAR;PASSENGER CAR;;2020-02-19T16:29:47-05:00;2020;No;Yes;2;16
CARY;TWO-WAY,DIVIDED,UNPROTECTED MEDIAN;DAYLIGHT;CLOUDY;0;0;;STOP AND GO SIGNAL;PASSENGER CAR;PASSENGER CAR;NONE;NONE;;2020-02-20T12:26:00-05:00;2020;No;No;2;12
340 FEET FROM SR9377 (SE CARY PKWY);TWO-WAY,DIVIDED,POSITIVE MEDIAN BARRIER;DAYLIGHT;CLEAR;0;0;;NO CONTROL PRESENT;PASSENGER CAR;PASSENGER CAR;NONE;NONE;;2020-02-21T16:12:55-05:00;2020;No;No;2;16
100 FEET FROM S.R. 1 (US 1 HWY NB);TWO-WAY,DIVIDED,UNPROTECTED MEDIAN;DARK - ROADWAY NOT LIGHTED;CLEAR;0;0;;NO CONTROL PRESENT;PICKUP;NONE;NONE;NONE;;2020-02-21T04:19:33-05:00;2020;No;No;2;04
350 FEET FROM SR 3060 (MORRISVILLE PKWY);TWO-WAY,DIVIDED,UNPROTECTED MEDIAN;DARK - LIGHTED ROADWAY;CLEAR;0;0;COMING FROM BEHIND PARKED VEHICLE;NO CONTROL PRESENT;SPORT UTILITY;NONE;NONE;NONE;;2020-02-21T19:41:42-05:00;2020;No;No;2;19
.1 MILES FROM P.V.A. (2080 KILDAIRE FARM RD);TWO-WAY,NOT DIVIDED;DAYLIGHT;CLOUDY;0;0;;NO CONTROL PRESENT;SPORT UTILITY;PASSENGER CAR;NONE;NONE;;2020-02-19T15:43:46-05:00;2020;No;No;2;15
8 FEET FROM SR 1009(TRYON RD);TWO-WAY,DIVIDED,UNPROTECTED MEDIAN;DARK - LIGHTED ROADWAY;CLEAR;0;0;;STOP SIGN;PASSENGER CAR;PICKUP;NONE;NONE;;2020-02-22T18:50:08-05:00;2020;No;No;2;18
5 FEET FROM PARKMAN GRANT DR;TWO-WAY,NOT DIVIDED;DAYLIGHT;RAIN;0;0;;NO CONTROL PRESENT;VAN;SINGLE UNIT TRUCK (2-AXLE- 6-TIRE);NONE;NONE;;2020-02-24T11:37:00-05:00;2020;No;No;2;11
0 FEET FROM SR 1415 (NE MAYNARD RD);TWO-WAY,NOT DIVIDED;DAYLIGHT;CLEAR;0;0;;STOP AND GO SIGNAL;PASSENGER CAR;PASSENGER CAR;NONE;NONE;;2020-02-22T17:27:53-05:00;2020;No;No;2;17
198 FEET FROM P.P. (1208 SELWYN LN);ONE-WAY,NOT DIVIDED;DAYLIGHT;RAIN;0;0;;NO CONTROL PRESENT;PASSENGER CAR;NONE;NONE;NONE;;2020-02-24T21:09:54-05:00;2020;No;No;2;21
CARY;ONE-WAY,NOT DIVIDED;DAYLIGHT;CLOUDY;0;0;;STOP SIGN;PASSENGER CAR;SINGLE UNIT TRUCK (2-AXLE- 6-TIRE);NONE;NONE;;2020-02-24T09:01:30-05:00;2020;No;No;2;09
CARY;TWO-WAY,DIVIDED,POSITIVE MEDIAN BARRIER;DARK - ROADWAY NOT LIGHTED;RAIN;0;1;;NO CONTROL PRESENT;PASSENGER CAR;NONE;NONE;NONE;;2020-02-24T22:07:00-05:00;2020;No;Yes;2;22
CARY;TWO-WAY,DIVIDED,POSITIVE MEDIAN BARRIER;DARK - ROADWAY NOT LIGHTED;RAIN;0;0;;NO CONTROL PRESENT;PASSENGER CAR;NONE;NONE;NONE;;2020-02-25T03:33:55-05:00;2020;No;No;2;03
20 FEET FROM DUTCHESS DR;TWO-WAY,NOT DIVIDED;NONE;NONE;0;0;;NO CONTROL PRESENT;PASSENGER CAR;NONE;NONE;NONE;;2020-02-25T15:37:48-05:00;2020;No;No;2;15
.25 MILES FROM P.V.A. 208 HYDE PARK CT;TWO-WAY,NOT DIVIDED;DARK - LIGHTED ROADWAY;FOG, SMOG, SMOKE;0;0;;NO CONTROL PRESENT;VAN;SPORT UTILITY;NONE;NONE;;2020-02-25T23:39:00-05:00;2020;No;No;2;23
CARY;TWO-WAY,DIVIDED,UNPROTECTED MEDIAN;DARK - LIGHTED ROADWAY;CLOUDY;0;0;;STOP AND GO SIGNAL;PASSENGER CAR;SPORT UTILITY;NONE;NONE;;2020-02-25T18:41:27-05:00;2020;No;No;2;18
450 FEET FROM SR 4067 (REGENCY PKWY);TWO-WAY,DIVIDED,POSITIVE MEDIAN BARRIER;DAYLIGHT;CLOUDY;0;1;;NO CONTROL PRESENT;SPORT UTILITY;PASSENGER CAR;NONE;NONE;;2020-02-25T14:19:44-05:00;2020;No;Yes;2;14
335 FEET FROM SR9377 (SE CARY PKWY);TWO-WAY,DIVIDED,POSITIVE MEDIAN BARRIER;DAYLIGHT;CLEAR;0;0;;NO CONTROL PRESENT;PASSENGER CAR;PASSENGER CAR;NONE;NONE;;2020-02-26T17:18:17-05:00;2020;No;No;2;17
0 FEET FROM SR 1011 (E CHATHAM ST);TWO-WAY,NOT DIVIDED;DAYLIGHT;CLOUDY;0;0;;STOP AND GO SIGNAL;PASSENGER CAR;PASSENGER CAR;NONE;NONE;;2020-02-26T16:44:55-05:00;2020;No;No;2;16
240 FEET FROM SR 1011 (OLD APEX RD);TWO-WAY,NOT DIVIDED;DARK - ROADWAY NOT LIGHTED;CLEAR;0;0;;NO CONTROL PRESENT;PICKUP;SPORT UTILITY;NONE;NONE;;2020-02-26T18:42:34-05:00;2020;No;No;2;18
50 FEET FROM SR 1415 (SE MAYNARD RD);TWO-WAY,NOT DIVIDED;DARK - LIGHTED ROADWAY;CLEAR;0;0;;STOP AND GO SIGNAL;VAN;VAN;NONE;NONE;;2020-02-26T20:01:24-05:00;2020;No;No;2;20
32 FEET FROM P.V.A. 1195 W. CHATHAM ST;TWO-WAY,NOT DIVIDED;DARK - LIGHTED ROADWAY;CLEAR;0;0;;NO CONTROL PRESENT;PICKUP;SPORT UTILITY;NONE;NONE;;2020-02-27T18:16:54-05:00;2020;No;No;2;18
150 FEET FROM S.R. 1415 (SE MAYNARD RD);TWO-WAY,DIVIDED,UNPROTECTED MEDIAN;DARK - LIGHTED ROADWAY;CLOUDY;0;0;;NO CONTROL PRESENT;PASSENGER CAR;PASSENGER CAR;NONE;NONE;;2020-02-27T20:44:50-05:00;2020;No;No;2;20
0 FEET FROM SR 4067 (REGENCY PKWY);TWO-WAY,NOT DIVIDED;DAYLIGHT;CLEAR;0;1;;STOP SIGN;SPORT UTILITY;VAN;NONE;NONE;;2020-02-27T14:41:04-05:00;2020;No;Yes;2;14
450 FEET FROM NC 55 HWY;TWO-WAY,DIVIDED,UNPROTECTED MEDIAN;DAYLIGHT;CLEAR;0;0;;NO CONTROL PRESENT;SPORT UTILITY;LIGHT TRUCK (MINI-VAN- PANEL);NONE;NONE;;2020-02-28T09:19:34-05:00;2020;No;No;2;09
75 FEET FROM P.V.A. (7109 O`KELLY CHAPEL RD;TWO-WAY,NOT DIVIDED;DAYLIGHT;CLEAR;0;0;;NO CONTROL PRESENT;SPORT UTILITY;PASSENGER CAR;NONE;NONE;;2020-02-28T10:14:00-05:00;2020;No;No;2;10
250 FEET FROM CORNERSTONE DR;TWO-WAY,NOT DIVIDED;DAYLIGHT;CLEAR;0;0;;NO CONTROL PRESENT;PASSENGER CAR;PASSENGER CAR;NONE;NONE;;2020-02-28T17:27:12-05:00;2020;No;No;2;17
108 FEET FROM P.V.A. (191 CRESCENT COMMONS);TWO-WAY,NOT DIVIDED;DAYLIGHT;CLEAR;0;0;;NO CONTROL PRESENT;VAN;PASSENGER CAR;NONE;NONE;;2020-03-01T12:56:00-05:00;2020;No;No;3;12
356 FEET FROM P.V.A. (204 CROSSROADS BLVD);TWO-WAY,DIVIDED,UNPROTECTED MEDIAN;DAYLIGHT;CLEAR;0;0;;NO CONTROL PRESENT;PASSENGER CAR;PASSENGER CAR;NONE;NONE;;2020-02-29T12:44:00-05:00;2020;No;No;2;12
10 FEET FROM S.R. 1630 (GREEN LEVEL CHURCH;TWO-WAY,DIVIDED,UNPROTECTED MEDIAN;DAYLIGHT;CLEAR;0;0;;STOP AND GO SIGNAL;SPORT UTILITY;PASSENGER CAR;NONE;NONE;;2020-02-29T17:07:16-05:00;2020;No;No;2;17
NEAR .049 MILES N OF N SR 1152 (HOLLY SPRINGS RD);NONE;NONE;NONE;0;0;;;PASSENGER CAR;PASSENGER CAR;PASSENGER CAR;NONE;;2020-02-23T02:45:58-05:00;2020;No;No;2;02
.21 MILES FROM SR 1300 (KILDAIRE FARM RD);TWO-WAY,NOT DIVIDED;DAYLIGHT;CLOUDY;0;0;;STOP AND GO SIGNAL;SPORT UTILITY;PASSENGER CAR;NONE;NONE;;2020-03-02T13:56:00-05:00;2020;No;No;3;13
251 FEET FROM P.V.A. (600 NEW WAVERLY PL);TWO-WAY,NOT DIVIDED;DAYLIGHT;CLEAR;0;0;;NO CONTROL PRESENT;PASSENGER CAR;PASSENGER CAR;NONE;NONE;;2020-03-02T13:55:52-05:00;2020;No;No;3;13
0 FEET FROM LAURA DUNCAN RD;TWO-WAY,NOT DIVIDED;DUSK;CLOUDY;0;1;;STOP SIGN;PASSENGER CAR;PASSENGER CAR;NONE;NONE;;2020-02-25T17:15:19-05:00;2020;No;Yes;2;17
CARY;TWO-WAY,DIVIDED,POSITIVE MEDIAN BARRIER;DAYLIGHT;CLOUDY;0;0;;NO CONTROL PRESENT;PASSENGER CAR;PASSENGER CAR;NONE;NONE;;2020-03-03T09:42:31-05:00;2020;No;No;3;09
288 FEET FROM SR1415 (SE MAYNARD RD);TWO-WAY,DIVIDED,POSITIVE MEDIAN BARRIER;DAYLIGHT;RAIN;0;0;;STOP AND GO SIGNAL;PASSENGER CAR;PASSENGER CAR;SPORT UTILITY;NONE;;2020-03-03T14:05:27-05:00;2020;No;No;3;14
NONE;NONE;NONE;NONE;0;0;;;NONE;NONE;NONE;NONE;;2020-02-26T11:17:00-05:00;2020;No;No;2;11
50 FEET FROM SR 1630(GREEN LEVEL CHURCH RD);NONE;NONE;NONE;0;0;;;NONE;NONE;NONE;NONE;;2020-02-22T00:00:00-05:00;2020;No;No;2;00
0 FEET FROM US 1 HWY;TWO-WAY,DIVIDED,POSITIVE MEDIAN BARRIER;DAYLIGHT;CLOUDY;0;0;;NO CONTROL PRESENT;PASSENGER CAR;PASSENGER CAR;NONE;NONE;;2020-03-03T14:48:50-05:00;2020;No;No;3;14
300 FEET FROM P.V.A. (407 GREGSON DR);TWO-WAY,NOT DIVIDED;DAYLIGHT;RAIN;0;0;;NO CONTROL PRESENT;VAN;VAN;NONE;NONE;;2020-03-03T16:04:46-05:00;2020;No;No;3;16
.1 MILES FROM NC 55 HWY;TWO-WAY,DIVIDED,UNPROTECTED MEDIAN;DAYLIGHT;CLEAR;0;0;;NO CONTROL PRESENT;PICKUP;SPORT UTILITY;NONE;NONE;;2020-03-04T16:48:26-05:00;2020;No;No;3;16
CARY;TWO-WAY,NOT DIVIDED;DARK - LIGHTED ROADWAY;CLEAR;0;2;;NO CONTROL PRESENT;PASSENGER CAR;PASSENGER CAR;NONE;NONE;;2020-03-04T17:44:19-05:00;2020;No;Yes;3;17
0 FEET FROM SR 1300 (KILDAIRE FARM RD);TWO-WAY,DIVIDED,UNPROTECTED MEDIAN;DAYLIGHT;CLOUDY;0;0;;STOP AND GO SIGNAL;SPORT UTILITY;PASSENGER CAR;NONE;NONE;;2020-03-04T07:34:24-05:00;2020;No;No;3;07
.12 MILES FROM P.V.A. (3000 CENTER GREENWAY);TWO-WAY,NOT DIVIDED;DAYLIGHT;CLOUDY;0;0;;NO CONTROL PRESENT;PASSENGER CAR;PASSENGER CAR;NONE;NONE;;2020-03-05T12:00:00-05:00;2020;No;No;3;12
0 FEET FROM SR 5808 (E. CHATHAM ST.);TWO-WAY,DIVIDED,UNPROTECTED MEDIAN;DAYLIGHT;CLEAR;0;1;;NO CONTROL PRESENT;SPORT UTILITY;PASSENGER CAR;NONE;NONE;;2020-03-06T07:50:43-05:00;2020;No;Yes;3;07
.2 MILES FROM 1113 GLENDON WAY;TWO-WAY,NOT DIVIDED;DARK - LIGHTED ROADWAY;CLEAR;0;1;;NO CONTROL PRESENT;PASSENGER CAR;NONE;NONE;NONE;;2020-03-05T21:34:35-05:00;2020;No;Yes;3;21
.2 MILES FROM SR 1789;TWO-WAY,DIVIDED,UNPROTECTED MEDIAN;DAYLIGHT;CLEAR;0;0;;NO CONTROL PRESENT;SINGLE UNIT TRUCK (2-AXLE- 6-TIRE);PASSENGER CAR;NONE;NONE;;2020-03-07T14:23:53-05:00;2020;No;No;3;14
.50 MILES FROM SR 1740 (MORRISVILLE PKWY);TWO-WAY,DIVIDED,UNPROTECTED MEDIAN;DAYLIGHT;CLEAR;0;0;;STOP AND GO SIGNAL;PASSENGER CAR;PICKUP;NONE;NONE;;2020-03-05T07:11:31-05:00;2020;No;No;3;07
0 FEET FROM US I HWY;TWO-WAY,DIVIDED,POSITIVE MEDIAN BARRIER;DUSK;RAIN;0;0;;NO CONTROL PRESENT;PICKUP;NONE;NONE;NONE;;2020-03-05T17:37:16-05:00;2020;No;No;3;17
0 FEET FROM SR 3977 (SW CARY PKWY);TWO-WAY,DIVIDED,UNPROTECTED MEDIAN;DAYLIGHT;CLEAR;0;0;;STOP AND GO SIGNAL;PASSENGER CAR;PASSENGER CAR;NONE;NONE;;2020-03-05T13:43:44-05:00;2020;No;No;3;13
200 FEET FROM RIGGINS MILL RD;TWO-WAY,NOT DIVIDED;DAYLIGHT;CLEAR;0;0;;NO CONTROL PRESENT;PASSENGER CAR;VAN;NONE;NONE;;2020-03-08T17:57:04-04:00;2020;No;No;3;17
.113 MILES FROM P.V.A. (2010 KILDAIRE FARM RD);TWO-WAY,NOT DIVIDED;DAYLIGHT;CLEAR;0;0;;NO CONTROL PRESENT;PASSENGER CAR;PASSENGER CAR;NONE;NONE;;2020-03-09T18:32:28-04:00;2020;No;No;3;18
50 FEET FROM PVA 101 REED ST;TWO-WAY,NOT DIVIDED;DARK - LIGHTED ROADWAY;CLEAR;0;0;;NO CONTROL PRESENT;PASSENGER CAR;PICKUP;NONE;NONE;;2020-03-08T23:50:00-04:00;2020;No;No;3;23
100 FEET FROM SR 1740 (2100 MORRISVILLE PKY);TWO-WAY,DIVIDED,UNPROTECTED MEDIAN;DAYLIGHT;CLEAR;0;1;;NO CONTROL PRESENT;VAN;SPORT UTILITY;NONE;NONE;;2020-03-09T18:04:37-04:00;2020;No;Yes;3;18
100 FEET FROM OLD TOWN LN;TWO-WAY,NOT DIVIDED;DAYLIGHT;RAIN;0;0;;NO CONTROL PRESENT;PASSENGER CAR;SPORT UTILITY;NONE;NONE;;2020-03-10T15:11:41-04:00;2020;No;No;3;15
CARY;TWO-WAY,DIVIDED,UNPROTECTED MEDIAN;DAYLIGHT;CLEAR;0;0;;STOP AND GO SIGNAL;PASSENGER CAR;SPORT UTILITY;PASSENGER CAR;NONE;;2020-03-10T17:28:56-04:00;2020;No;No;3;17
15 FEET FROM PVA 302 W CHATHAM ST;TWO-WAY,NOT DIVIDED;DAYLIGHT;CLOUDY;0;0;;NO CONTROL PRESENT;PICKUP;PASSENGER CAR;NONE;NONE;;2020-03-11T17:46:56-04:00;2020;No;No;3;17
.2 MILES FROM P.V.A. 255 CROSSRAODS BLVD;TWO-WAY,NOT DIVIDED;DAYLIGHT;CLEAR;0;0;;NO CONTROL PRESENT;SPORT UTILITY;PASSENGER CAR;NONE;NONE;;2020-03-11T13:56:48-04:00;2020;No;No;3;13
250 FEET FROM SR# 1009 (TRYON RD);TWO-WAY,DIVIDED,UNPROTECTED MEDIAN;DAYLIGHT;CLOUDY;0;0;;FLASHING STOP AND GO SIGNAL;PASSENGER CAR;PASSENGER CAR;NONE;NONE;;2020-03-12T09:45:15-04:00;2020;No;No;3;09
.3 MILES FROM SR 1415 (NW MAYNARD RD);TWO-WAY,DIVIDED,UNPROTECTED MEDIAN;DAYLIGHT;CLEAR;0;1;;NO CONTROL PRESENT;SPORT UTILITY;PASSENGER CAR;NONE;NONE;;2020-03-11T13:33:04-04:00;2020;No;Yes;3;13
CARY;TWO-WAY,DIVIDED,UNPROTECTED MEDIAN;DAYLIGHT;CLEAR;0;0;;NO CONTROL PRESENT;PASSENGER CAR;NONE;NONE;NONE;;2020-03-12T14:13:25-04:00;2020;No;No;3;14
20 FEET FROM SR 5808 (E CHATHAM ST);TWO-WAY,NOT DIVIDED;DAYLIGHT;CLEAR;0;0;;STOP AND GO SIGNAL;LIGHT TRUCK (MINI-VAN- PANEL);PASSENGER CAR;NONE;NONE;;2020-03-12T14:25:08-04:00;2020;No;No;3;14
.10 MILES FROM SR1009 TRYON ROAD;TWO-WAY,DIVIDED,UNPROTECTED MEDIAN;DAYLIGHT;CLEAR;0;0;;STOP AND GO SIGNAL;SPORT UTILITY;PASSENGER CAR;NONE;NONE;;2020-03-10T22:18:00-04:00;2020;No;No;3;22
300 FEET FROM US 1;TWO-WAY,DIVIDED,POSITIVE MEDIAN BARRIER;DAYLIGHT;CLOUDY;0;0;;NO CONTROL PRESENT;SPORT UTILITY;PASSENGER CAR;NONE;NONE;;2020-03-11T22:35:00-04:00;2020;No;No;3;22
CARY;TWO-WAY,NOT DIVIDED;DAYLIGHT;CLEAR;0;1;;STOP AND GO SIGNAL;PASSENGER CAR;SPORT UTILITY;NONE;NONE;;2020-03-12T16:29:56-04:00;2020;No;Yes;3;16
.25 MILES FROM US 64;TWO-WAY,DIVIDED,UNPROTECTED MEDIAN;DAYLIGHT;CLEAR;0;0;;STOP AND GO SIGNAL;PICKUP;SPORT UTILITY;NONE;NONE;;2020-03-12T11:19:00-04:00;2020;No;No;3;11
CARY;TWO-WAY,NOT DIVIDED;DARK - UNKNOWN LIGHTING;CLEAR;0;0;;NO CONTROL PRESENT;NONE;NONE;NONE;NONE;;2020-03-15T14:32:31-04:00;2020;No;No;3;14
209 FEET FROM PVA 1105 WALNUT ST;TWO-WAY,NOT DIVIDED;DAYLIGHT;CLOUDY;0;0;;STOP SIGN;SPORT UTILITY;PASSENGER CAR;NONE;NONE;;2020-03-14T15:34:03-04:00;2020;No;No;3;15
400 FEET FROM SR 1628 (OKELLY CHAPEL RD);TWO-WAY,DIVIDED,UNPROTECTED MEDIAN;DAYLIGHT;CLEAR;0;0;;NO CONTROL PRESENT;SPORT UTILITY;PASSENGER CAR;NONE;NONE;;2020-03-14T11:52:00-04:00;2020;No;No;3;11
173 FEET FROM ROYAL BIRKDALE DR;TWO-WAY,NOT DIVIDED;DAYLIGHT;CLEAR;0;0;;NO CONTROL PRESENT;SPORT UTILITY;PASSENGER CAR;NONE;NONE;;2020-03-16T17:28:51-04:00;2020;No;No;3;17
10 FEET FROM SR 1009 (TRYON RD);TWO-WAY,DIVIDED,UNPROTECTED MEDIAN;DAYLIGHT;CLEAR;0;0;;STOP AND GO SIGNAL;PASSENGER CAR;SPORT UTILITY;NONE;NONE;;2020-03-16T16:04:56-04:00;2020;No;No;3;16
20 FEET FROM SR 1635 (LOUIS STEPHENS DR);TWO-WAY,NOT DIVIDED;DAYLIGHT;CLEAR;0;0;;STOP AND GO SIGNAL;PASSENGER CAR;PASSENGER CAR;NONE;NONE;;2020-03-16T19:12:53-04:00;2020;No;No;3;19
.38 MILES FROM HWY US 64;TWO-WAY,DIVIDED,UNPROTECTED MEDIAN;DARK - ROADWAY NOT LIGHTED;CLEAR;0;0;DARTING;STOP AND GO SIGNAL;SPORT UTILITY;NONE;NONE;NONE;;2020-03-17T00:26:00-04:00;2020;No;No;3;00
50 FEET FROM US 1 HWY RAMP;ONE-WAY,NOT DIVIDED;DAYLIGHT;CLOUDY;0;1;;NO CONTROL PRESENT;PASSENGER CAR;PASSENGER CAR;NONE;NONE;;2020-03-14T22:36:00-04:00;2020;No;Yes;3;22
.1 MILES FROM P.V.A. 3430 KILDAIRE FARM RD;TWO-WAY,NOT DIVIDED;DARK - LIGHTED ROADWAY;CLEAR;0;0;;STOP SIGN;SPORT UTILITY;SPORT UTILITY;NONE;NONE;;2020-03-18T19:50:40-04:00;2020;No;No;3;19
CARY;TWO-WAY,NOT DIVIDED;DUSK;CLOUDY;0;0;;STOP SIGN;SPORT UTILITY;PASSENGER CAR;NONE;NONE;;2020-03-23T18:58:24-04:00;2020;No;No;3;18
20 FEET FROM SR-3977 SE CARY PKWY;TWO-WAY,DIVIDED,UNPROTECTED MEDIAN;DAYLIGHT;CLOUDY;0;1;;NO CONTROL PRESENT;SPORT UTILITY;VAN;NONE;NONE;;2020-03-25T14:06:49-04:00;2020;No;Yes;3;14
00 FEET FROM SR 1613 (DAVIS DR);TWO-WAY,DIVIDED,POSITIVE MEDIAN BARRIER;DAYLIGHT;CLOUDY;0;1;;STOP AND GO SIGNAL;PASSENGER CAR;PASSENGER CAR;NONE;NONE;;2020-03-17T08:03:50-04:00;2020;No;Yes;3;08
00 FEET FROM SR 1009 (TRYON RD);TWO-WAY,DIVIDED,POSITIVE MEDIAN BARRIER;DAYLIGHT;CLOUDY;0;0;;STOP AND GO SIGNAL;PASSENGER CAR;PASSENGER CAR;NONE;NONE;;2020-03-23T17:42:22-04:00;2020;No;No;3;17
200 FEET FROM SR 1652 (N HARRISON AVE);TWO-WAY,NOT DIVIDED;DARK - LIGHTED ROADWAY;CLEAR;0;0;;NO CONTROL PRESENT;PASSENGER CAR;NONE;NONE;NONE;;2020-03-15T00:24:00-04:00;2020;No;No;3;00
300 FEET FROM P.V.A. (1151 TRYON VILLAGE DR);ONE-WAY,NOT DIVIDED;DAYLIGHT;CLOUDY;0;0;;NO CONTROL PRESENT;PASSENGER CAR;NONE;NONE;NONE;;2020-03-29T16:13:25-04:00;2020;No;No;3;16
80 FEET FROM 106 HOLT STREET;TWO-WAY,NOT DIVIDED;DARK - LIGHTED ROADWAY;CLEAR;0;0;;NO CONTROL PRESENT;PASSENGER CAR;PASSENGER CAR;NONE;NONE;;2020-03-30T09:06:38-04:00;2020;No;No;3;09
0 FEET FROM SR 1415 (SE MAYNARD RD);TWO-WAY,NOT DIVIDED;DAYLIGHT;CLOUDY;0;0;;STOP AND GO SIGNAL;PASSENGER CAR;PASSENGER CAR;NONE;NONE;;2020-03-31T20:00:55-04:00;2020;No;No;3;20
0 FEET FROM SR 3081 (CHAPEL HILL RD);TWO-WAY,DIVIDED,UNPROTECTED MEDIAN;DARK - LIGHTED ROADWAY;CLEAR;0;0;;NO CONTROL PRESENT;PASSENGER CAR;PASSENGER CAR;NONE;NONE;;2020-04-01T22:52:00-04:00;2020;No;No;4;22
15 FEET FROM NC 55 HWY;TWO-WAY,NOT DIVIDED;DAYLIGHT;CLEAR;0;0;;STOP AND GO SIGNAL;PASSENGER CAR;NONE;NONE;NONE;;2020-04-03T13:58:44-04:00;2020;No;No;4;13
.1 MILES FROM NC 55 HWY;TWO-WAY,DIVIDED,POSITIVE MEDIAN BARRIER;DARK - LIGHTED ROADWAY;CLEAR;0;0;;NO CONTROL PRESENT;SPORT UTILITY;NONE;NONE;NONE;;2020-04-05T03:48:08-04:00;2020;No;No;4;03
50 FEET FROM P.V.A. (740 E CHATHAM ST);ONE-WAY,NOT DIVIDED;DAYLIGHT;CLOUDY;0;0;;NO CONTROL PRESENT;PASSENGER CAR;PASSENGER CAR;NONE;NONE;;2020-04-06T18:31:12-04:00;2020;No;No;4;18
50 FEET FROM P.V.A. (950 N. HARRISON AVE);ONE-WAY,NOT DIVIDED;DAYLIGHT;CLEAR;0;0;;NO CONTROL PRESENT;SPORT UTILITY;NONE;NONE;NONE;;2020-04-03T13:27:06-04:00;2020;No;No;4;13
.12 MILES FROM P.VA. 300 ASHEVILLE AV;TWO-WAY,NOT DIVIDED;DAYLIGHT;CLEAR;0;0;;NO CONTROL PRESENT;PASSENGER CAR;PASSENGER CAR;NONE;NONE;;2020-04-07T17:08:19-04:00;2020;No;No;4;17
100 FEET FROM P.V.A 1334 WICKLOW CT;TWO-WAY,NOT DIVIDED;DAYLIGHT;CLEAR;0;0;;NO CONTROL PRESENT;PASSENGER CAR;PASSENGER CAR;NONE;NONE;;2020-04-09T15:27:34-04:00;2020;No;No;4;15
0 FEET FROM SR 1415 (SW MAYNARD RD;TWO-WAY,DIVIDED,UNPROTECTED MEDIAN;DAYLIGHT;CLEAR;0;1;;STOP AND GO SIGNAL;PASSENGER CAR;NONE;NONE;NONE;;2020-04-08T14:18:28-04:00;2020;No;Yes;4;14
100 FEET FROM WESTON PKWY;TWO-WAY,DIVIDED,UNPROTECTED MEDIAN;DAYLIGHT;CLEAR;0;0;;NO CONTROL PRESENT;VAN;NONE;NONE;NONE;;2020-04-08T13:48:38-04:00;2020;No;No;4;13
1 MILES FROM SR 1300 (KILDAIRE FARM RD);TWO-WAY,NOT DIVIDED;DAYLIGHT;CLEAR;0;0;;STOP AND GO SIGNAL;PICKUP;PASSENGER CAR;NONE;NONE;;2020-04-11T11:05:00-04:00;2020;No;No;4;11