Location_Description;Road_Configuration;Light_Condition;Weather;Fatality;Injury;Contributing_Factor;Traffic_Control;Vehicle1;Vehicle2;Vehicle3;Vehicle4;Vehicle5;Crash_Date;year;Fatalities;Injuries;Month;Hour
CARY;TWO-WAY,DIVIDED,POSITIVE MEDIAN BARRIER;DAYLIGHT;CLEAR;0;0;;NO CONTROL PRESENT;PICKUP;NONE;NONE;NONE;;2020-04-11T14:09:05-04:00;2020;No;No;4;14
.12 MILES FROM P.V.A. (150 WRENN DR);ONE-WAY,NOT DIVIDED;DAYLIGHT;CLOUDY;0;0;;NO CONTROL PRESENT;PASSENGER CAR;SPORT UTILITY;NONE;NONE;;2020-04-13T12:38:00-04:00;2020;No;No;4;12
470 FEET FROM VILLAGE VIEW LN;TWO-WAY,NOT DIVIDED;DAYLIGHT;CLEAR;0;0;;NO CONTROL PRESENT;SINGLE UNIT TRUCK (2-AXLE- 6-TIRE);PICKUP;NONE;NONE;;2020-04-14T15:14:33-04:00;2020;No;No;4;15
60 FEET FROM P.V.A.(2900 WATERFORD FOREST C;TWO-WAY,NOT DIVIDED;DAYLIGHT;CLEAR;0;0;;NO CONTROL PRESENT;PASSENGER CAR;PASSENGER CAR;NONE;NONE;;2020-04-16T17:50:24-04:00;2020;No;No;4;17
50 FEET FROM 227 E PARK ST;TWO-WAY,NOT DIVIDED;NONE;CLEAR;0;0;;NO CONTROL PRESENT;PASSENGER CAR;NONE;NONE;NONE;;2020-04-16T13:32:21-04:00;2020;No;No;4;13
.11 MILES FROM PVA 1120 S.R. 1300 (KILDAIRE F;ONE-WAY,NOT DIVIDED;DAYLIGHT;CLEAR;0;1;;NO CONTROL PRESENT;PASSENGER CAR;NONE;NONE;NONE;;2020-04-17T13:06:41-04:00;2020;No;Yes;4;13
0 FEET FROM MISTY CT;TWO-WAY,NOT DIVIDED;DARK - LIGHTED ROADWAY;CLEAR;0;0;;NO CONTROL PRESENT;PASSENGER CAR;POLICE;NONE;NONE;;2020-04-19T01:36:44-04:00;2020;No;No;4;01
CARY;TWO-WAY,NOT DIVIDED;DAYLIGHT;CLEAR;0;0;;YIELD SIGN;PASSENGER CAR;NONE;NONE;NONE;;2020-04-18T11:16:00-04:00;2020;No;No;4;11
150 FEET FROM P.V.A. (748 E CHATHAM ST);TWO-WAY,NOT DIVIDED;DAYLIGHT;CLEAR;0;0;;NO CONTROL PRESENT;PASSENGER CAR;PASSENGER CAR;NONE;NONE;;2020-04-18T17:31:11-04:00;2020;No;No;4;17
.11 MILES FROM P.V.A. (3480 KILDAIRE FARM RD);TWO-WAY,NOT DIVIDED;DAYLIGHT;CLEAR;0;0;;NO CONTROL PRESENT;NONE;SPORT UTILITY;NONE;NONE;;2020-04-19T17:19:33-04:00;2020;No;No;4;17
.5 MILES FROM P.V.A. OF 2350 WALNUT ST;TWO-WAY,NOT DIVIDED;DAYLIGHT;CLEAR;0;1;;STOP SIGN;PASSENGER CAR;PASSENGER CAR;NONE;NONE;;2020-04-16T11:57:00-04:00;2020;No;Yes;4;11
180 FEET FROM P.V.A. 1900 OLD REEDY CREEK RD;TWO-WAY,NOT DIVIDED;DAYLIGHT;CLOUDY;0;0;;OTHER *;PICKUP;NONE;NONE;NONE;;2020-04-21T12:18:00-04:00;2020;No;No;4;12
400 FEET FROM SR1313 (WALNUT ST);TWO-WAY,DIVIDED,POSITIVE MEDIAN BARRIER;DAYLIGHT;CLEAR;0;1;;NO CONTROL PRESENT;SPORT UTILITY;NONE;NONE;NONE;;2020-04-17T12:44:00-04:00;2020;No;Yes;4;12
50 FEET FROM WICKELOW DR;TWO-WAY,NOT DIVIDED;DARK - ROADWAY NOT LIGHTED;CLEAR;0;0;;NO CONTROL PRESENT;PASSENGER CAR;NONE;NONE;NONE;;2020-04-22T16:26:34-04:00;2020;No;No;4;16
348 FEET FROM SR1370 (TRYON RD);TWO-WAY,DIVIDED,UNPROTECTED MEDIAN;DARK - ROADWAY NOT LIGHTED;CLEAR;0;0;;NO CONTROL PRESENT;PASSENGER CAR;NONE;NONE;NONE;;2020-04-22T03:12:18-04:00;2020;No;No;4;03
CARY;TWO-WAY,DIVIDED,UNPROTECTED MEDIAN;DAYLIGHT;CLOUDY;0;0;;STOP AND GO SIGNAL;PASSENGER CAR;PICKUP;NONE;NONE;;2020-04-23T13:36:01-04:00;2020;No;No;4;13
0 FEET FROM SR 5808 (E CHATHAM ST);TWO-WAY,NOT DIVIDED;DAYLIGHT;CLEAR;0;1;;STOP SIGN;VAN;VAN;NONE;NONE;;2020-04-23T16:41:22-04:00;2020;No;Yes;4;16
200 FEET FROM US 1;TWO-WAY,DIVIDED,POSITIVE MEDIAN BARRIER;DARK - LIGHTED ROADWAY;CLEAR;0;1;;NO CONTROL PRESENT;NONE;NONE;NONE;NONE;;2020-04-24T22:42:00-04:00;2020;No;Yes;4;22
0 FEET FROM NC 55;TWO-WAY,DIVIDED,POSITIVE MEDIAN BARRIER;DAYLIGHT;CLEAR;0;0;;STOP AND GO SIGNAL;PASSENGER CAR;SPORT UTILITY;NONE;NONE;;2020-04-24T21:06:03-04:00;2020;No;No;4;21
CARY;TWO-WAY,DIVIDED,UNPROTECTED MEDIAN;DAYLIGHT;CLOUDY;0;0;;STOP AND GO SIGNAL;SPORT UTILITY;NONE;NONE;NONE;;2020-04-25T08:00:00-04:00;2020;No;No;4;08
238 FEET FROM FENELLA DR;TWO-WAY,NOT DIVIDED;DAYLIGHT;CLEAR;0;0;;NO CONTROL PRESENT;PICKUP;SPORT UTILITY;NONE;NONE;;2020-04-27T08:56:25-04:00;2020;No;No;4;08
.1 MILES FROM US 64 HWY;TWO-WAY,DIVIDED,UNPROTECTED MEDIAN;DAYLIGHT;CLEAR;0;0;;NO CONTROL PRESENT;SPORT UTILITY;NONE;NONE;NONE;;2020-04-28T18:49:48-04:00;2020;No;No;4;18
150 FEET FROM P.V.A. (885 WALNUT ST);TWO-WAY,NOT DIVIDED;DAYLIGHT;CLOUDY;0;0;;NO CONTROL PRESENT;PASSENGER CAR;PASSENGER CAR;NONE;NONE;;2020-04-30T14:58:39-04:00;2020;No;No;4;14
20 FEET FROM SR 3977 (SE CARY PWKY);TWO-WAY,DIVIDED,POSITIVE MEDIAN BARRIER;DAYLIGHT;CLEAR;0;0;;STOP AND GO SIGNAL;PICKUP;PASSENGER CAR;NONE;NONE;;2020-04-30T17:49:12-04:00;2020;No;No;4;17
50 FEET FROM PVA OF 1387 SE MAYNARD RD;TWO-WAY,NOT DIVIDED;DAYLIGHT;CLEAR;0;0;;NO CONTROL PRESENT;PASSENGER CAR;PASSENGER CAR;NONE;NONE;;2020-05-01T12:08:00-04:00;2020;No;No;5;12
20 FEET FROM LOCHMERE DR;TWO-WAY,DIVIDED,UNPROTECTED MEDIAN;DAYLIGHT;CLEAR;0;1;;NO CONTROL PRESENT;PASSENGER CAR;NONE;NONE;NONE;;2020-05-02T08:10:18-04:00;2020;No;Yes;5;08
100 FEET FROM SR 1313 (WALNUT ST);TWO-WAY,DIVIDED,UNPROTECTED MEDIAN;DAYLIGHT;CLEAR;0;0;;NO CONTROL PRESENT;PASSENGER CAR;SPORT UTILITY;NONE;NONE;;2020-05-02T15:29:09-04:00;2020;No;No;5;15
50 FEET FROM LOCH BEND LN;TWO-WAY,NOT DIVIDED;DAYLIGHT;CLEAR;0;0;;NO CONTROL PRESENT;PICKUP;PASSENGER CAR;NONE;NONE;;2020-05-04T12:07:00-04:00;2020;No;No;5;12
498 FEET FROM WRENN DRIVE;TWO-WAY,NOT DIVIDED;DAYLIGHT;CLEAR;0;0;;NO CONTROL PRESENT;NONE;PASSENGER CAR;NONE;NONE;;2020-05-08T11:14:00-04:00;2020;No;No;5;11
CARY;TWO-WAY,DIVIDED,UNPROTECTED MEDIAN;DAYLIGHT;CLEAR;0;1;;STOP SIGN;PASSENGER CAR;PASSENGER CAR;NONE;NONE;;2020-05-08T11:29:00-04:00;2020;No;Yes;5;11
0 FEET FROM SR 1415 (SW MAYNARD RD);TWO-WAY,NOT DIVIDED;DAYLIGHT;RAIN;0;0;FAILURE TO OBEY TRAFFIC SIGNS,SIGNALS;STOP AND GO SIGNAL;PASSENGER CAR;PASSENGER CAR;NONE;NONE;;2020-05-08T17:37:35-04:00;2020;No;No;5;17
CARY;TWO-WAY,DIVIDED,POSITIVE MEDIAN BARRIER;DARK - LIGHTED ROADWAY;RAIN;0;0;;STOP AND GO SIGNAL;PASSENGER CAR;PICKUP;PASSENGER CAR;NONE;;2020-05-08T21:32:26-04:00;2020;No;No;5;21
5 FEET FROM SR 1300 (KILDARIE FARM RD);TWO-WAY,DIVIDED,UNPROTECTED MEDIAN;DAYLIGHT;CLEAR;0;0;;STOP AND GO SIGNAL;SPORT UTILITY;VAN;NONE;NONE;;2020-05-11T10:39:00-04:00;2020;No;No;5;10
50 FEET FROM SR 1011 (OLD APEX RD);TWO-WAY,NOT DIVIDED;DAYLIGHT;CLEAR;0;0;;STOP AND GO SIGNAL;PASSENGER CAR;PASSENGER CAR;NONE;NONE;;2020-05-11T07:03:25-04:00;2020;No;No;5;07
100 FEET FROM NEW WAVERLY PL;TWO-WAY,DIVIDED,UNPROTECTED MEDIAN;DAYLIGHT;CLEAR;0;0;;NO CONTROL PRESENT;SPORT UTILITY;NONE;NONE;NONE;;2020-05-12T09:17:59-04:00;2020;No;No;5;09
100 FEET FROM SR 1633 (DAVIS DR);TWO-WAY,DIVIDED,UNPROTECTED MEDIAN;DAYLIGHT;CLEAR;0;0;;STOP AND GO SIGNAL;SINGLE UNIT TRUCK (2-AXLE- 6-TIRE);PASSENGER CAR;NONE;NONE;;2020-05-12T15:25:45-04:00;2020;No;No;5;15
CARY;TWO-WAY,NOT DIVIDED;DAYLIGHT;CLEAR;0;0;;NO CONTROL PRESENT;PASSENGER CAR;PASSENGER CAR;NONE;NONE;;2020-05-13T07:11:32-04:00;2020;No;No;5;07
450 FEET FROM SR 1300 (KILDARE FARM RD);TWO-WAY,DIVIDED,UNPROTECTED MEDIAN;DAYLIGHT;CLEAR;0;0;;NO CONTROL PRESENT;PASSENGER CAR;PICKUP;NONE;NONE;;2020-05-14T16:03:14-04:00;2020;No;No;5;16
.75 MILES FROM PRESTONWOOD PKWY;TWO-WAY,DIVIDED,UNPROTECTED MEDIAN;DAYLIGHT;CLOUDY;0;0;;NO CONTROL PRESENT;SPORT UTILITY;NONE;NONE;NONE;;2020-05-14T11:13:00-04:00;2020;No;No;5;11
.53 MILES FROM US 1 SB HWY;ONE-WAY,NOT DIVIDED;DARK - LIGHTED ROADWAY;CLEAR;0;0;;NO CONTROL PRESENT;PASSENGER CAR;NONE;NONE;NONE;;2020-05-15T22:40:00-04:00;2020;No;No;5;22
200 FEET FROM P.V.A. (1315 KILDAIRE FARM RD);ONE-WAY,NOT DIVIDED;DAYLIGHT;CLEAR;0;0;;NO CONTROL PRESENT;NONE;PASSENGER CAR;NONE;NONE;;2020-05-16T18:53:59-04:00;2020;No;No;5;18
CARY;TWO-WAY,DIVIDED,UNPROTECTED MEDIAN;DARK - LIGHTED ROADWAY;CLEAR;0;0;;NO CONTROL PRESENT;SPORT UTILITY;PASSENGER CAR;NONE;NONE;;2020-05-16T22:49:00-04:00;2020;No;No;5;22
.25 MILES FROM EDINBURGH SOUTH DR;TWO-WAY,NOT DIVIDED;DAYLIGHT;CLEAR;0;0;;NO CONTROL PRESENT;NONE;NONE;NONE;NONE;;2020-05-17T10:02:00-04:00;2020;No;No;5;10
291 FEET FROM PVA (2010 KILDAIRE FARM RD);TWO-WAY,NOT DIVIDED;DAYLIGHT;CLEAR;0;0;;NO CONTROL PRESENT;PASSENGER CAR;SPORT UTILITY;NONE;NONE;;2020-05-18T23:14:00-04:00;2020;No;No;5;23
.42 MILES FROM US 1 HWY;TWO-WAY,DIVIDED,POSITIVE MEDIAN BARRIER;DAYLIGHT;CLEAR;0;0;;NO CONTROL PRESENT;TRUCK/TRAILER;NONE;NONE;NONE;;2020-05-15T14:27:31-04:00;2020;No;No;5;14
CARY;TWO-WAY,DIVIDED,UNPROTECTED MEDIAN;DAYLIGHT;RAIN;0;0;;STOP AND GO SIGNAL;PASSENGER CAR;SPORT UTILITY;PASSENGER CAR;NONE;;2020-05-20T11:38:00-04:00;2020;No;No;5;11
50 FEET FROM LOCH HIGHLANDS DR;TWO-WAY,DIVIDED,UNPROTECTED MEDIAN;DARK - LIGHTED ROADWAY;RAIN;0;0;;STOP AND GO SIGNAL;PASSENGER CAR;NONE;NONE;NONE;;2020-05-22T05:47:25-04:00;2020;No;No;5;05
100 FEET FROM P.V.A. 236 COCONUT MEWS;TWO-WAY,NOT DIVIDED;NONE;CLEAR;0;0;;NO CONTROL PRESENT;NONE;PASSENGER CAR;NONE;NONE;;2020-05-15T12:07:00-04:00;2020;No;No;5;12
184 FEET FROM SR 3081 (CHAPEL HILL RD);TWO-WAY,NOT DIVIDED;DAYLIGHT;CLEAR;0;0;;NO CONTROL PRESENT;PASSENGER CAR;NONE;NONE;NONE;;2020-05-22T17:07:05-04:00;2020;No;No;5;17
CARY;TWO-WAY,NOT DIVIDED;DAYLIGHT;RAIN;0;1;;STOP AND GO SIGNAL;PASSENGER CAR;SPORT UTILITY;NONE;NONE;;2020-05-22T19:33:52-04:00;2020;No;Yes;5;19
330 FEET FROM P.V.A. (2000 WALNUT ST);TWO-WAY,NOT DIVIDED;DAYLIGHT;RAIN;0;0;;NO CONTROL PRESENT;PASSENGER CAR;NONE;NONE;NONE;;2020-05-19T16:09:57-04:00;2020;No;No;5;16
499 FEET FROM 2740 NC 55 HWY;ONE-WAY,NOT DIVIDED;DAYLIGHT;CLEAR;0;0;;NO CONTROL PRESENT;VAN;NONE;NONE;NONE;;2020-05-23T09:29:10-04:00;2020;No;No;5;09
200 FEET FROM SR-1390 OPTIMIST FARM RD;TWO-WAY,NOT DIVIDED;DARK - LIGHTED ROADWAY;CLEAR;0;0;;NO CONTROL PRESENT;SPORT UTILITY;NONE;NONE;NONE;;2020-05-24T22:28:00-04:00;2020;No;No;5;22
100 FEET FROM SR 1652 (N HARRISON AVE);TWO-WAY,DIVIDED,POSITIVE MEDIAN BARRIER;DAYLIGHT;CLOUDY;0;0;;STOP AND GO SIGNAL;PASSENGER CAR;NONE;NONE;NONE;;2020-05-25T16:06:51-04:00;2020;No;No;5;16
275 FEET FROM PVA 1807 N HARRISON AVE;TWO-WAY,NOT DIVIDED;DAYLIGHT;CLEAR;0;0;;NO CONTROL PRESENT;PASSENGER CAR;PICKUP;NONE;NONE;;2020-05-24T15:32:49-04:00;2020;No;No;5;15
450 FEET FROM PVA: (WHOLE FOODS);TWO-WAY,NOT DIVIDED;DAYLIGHT;CLEAR;0;0;;NO CONTROL PRESENT;SPORT UTILITY;PASSENGER CAR;NONE;NONE;;2020-05-25T13:17:18-04:00;2020;No;No;5;13
225 FEET FROM SR 1300 (KILDAIRE FARM RD);TWO-WAY,NOT DIVIDED;DAYLIGHT;CLEAR;0;0;;STOP AND GO SIGNAL;VAN;PICKUP;NONE;NONE;;2020-05-26T14:30:04-04:00;2020;No;No;5;14
.3 MILES FROM US HIGHWAY 1;TWO-WAY,DIVIDED,POSITIVE MEDIAN BARRIER;DAYLIGHT;RAIN;0;1;;NO CONTROL PRESENT;SPORT UTILITY;NONE;NONE;NONE;;2020-05-20T09:12:11-04:00;2020;No;Yes;5;09
.105 MILES FROM LAKESIDE VIEW CT;TWO-WAY,NOT DIVIDED;DAYLIGHT;CLEAR;0;0;;NO CONTROL PRESENT;PASSENGER CAR;PICKUP;NONE;NONE;;2020-05-26T19:32:42-04:00;2020;No;No;5;19
.167 MILES FROM SR1747 (NW MAYNARD RD);TWO-WAY,DIVIDED,UNPROTECTED MEDIAN;DAYLIGHT;CLOUDY;0;0;;STOP AND GO SIGNAL;PASSENGER CAR;VAN;NONE;NONE;;2020-05-28T17:25:46-04:00;2020;No;No;5;17
0 FEET FROM P.V.A. (COLONADES WAY);TWO-WAY,NOT DIVIDED;DAYLIGHT;CLOUDY;0;0;;NO CONTROL PRESENT;PASSENGER CAR;PASSENGER CAR;NONE;NONE;;2020-05-28T15:48:05-04:00;2020;No;No;5;15
400 FEET FROM P.V.A (107 ARBOR WAY);TWO-WAY,DIVIDED,UNPROTECTED MEDIAN;DAYLIGHT;CLEAR;0;0;;NO CONTROL PRESENT;PASSENGER CAR;SPORT UTILITY;NONE;NONE;;2020-05-30T21:00:37-04:00;2020;No;No;5;21
200 FEET FROM CASTALIA DR;TWO-WAY,NOT DIVIDED;DAYLIGHT;CLEAR;0;0;;NO CONTROL PRESENT;PASSENGER CAR;SPORT UTILITY;NONE;NONE;;2020-05-30T15:46:27-04:00;2020;No;No;5;15
328 FEET FROM PVA ATLANTIC TIRE(1380 NW MAYN;TWO-WAY,NOT DIVIDED;DAYLIGHT;CLEAR;0;1;;NO CONTROL PRESENT;PICKUP;NONE;NONE;NONE;;2020-06-01T12:50:00-04:00;2020;No;Yes;6;12
400 FEET FROM PVA OF 1151 TRYON RD;TWO-WAY,NOT DIVIDED;DAYLIGHT;CLEAR;0;0;;NO CONTROL PRESENT;VAN;PASSENGER CAR;NONE;NONE;;2020-06-03T08:44:28-04:00;2020;No;No;6;08
140 FEET FROM P.V.A. 202 E CEDAR ST;TWO-WAY,NOT DIVIDED;DARK - LIGHTED ROADWAY;CLEAR;0;0;;NO CONTROL PRESENT;SPORT UTILITY;SPORT UTILITY;NONE;NONE;;2020-06-03T22:26:00-04:00;2020;No;No;6;22
.15 MILES FROM SR 1740 (MORRISVILLE PKWY);TWO-WAY,NOT DIVIDED;DARK - ROADWAY NOT LIGHTED;CLEAR;0;0;;NO CONTROL PRESENT;PASSENGER CAR;NONE;NONE;NONE;;2020-06-03T08:32:18-04:00;2020;No;No;6;08
172 FEET FROM SR1349 (DILLARD DR);TWO-WAY,DIVIDED,POSITIVE MEDIAN BARRIER;DAYLIGHT;CLEAR;0;0;;STOP AND GO SIGNAL;SPORT UTILITY;PASSENGER CAR;NONE;NONE;;2020-05-29T12:58:00-04:00;2020;No;No;5;12
85 FEET FROM P.V.A. 103 ASHTON PL;TWO-WAY,NOT DIVIDED;DUSK;CLEAR;0;0;;NO CONTROL PRESENT;PICKUP;NONE;NONE;NONE;;2020-06-03T20:22:38-04:00;2020;No;No;6;20
CARY;TWO-WAY,DIVIDED,UNPROTECTED MEDIAN;DAYLIGHT;CLEAR;0;0;;STOP AND GO SIGNAL;SPORT UTILITY;PICKUP;NONE;NONE;;2020-06-04T13:40:01-04:00;2020;No;No;6;13
156 FEET FROM PVA 1065 DARRINGTON DR;TWO-WAY,NOT DIVIDED;DAYLIGHT;CLEAR;0;0;;NO CONTROL PRESENT;SPORT UTILITY;PASSENGER CAR;NONE;NONE;;2020-06-03T17:23:53-04:00;2020;No;No;6;17
CARY;TWO-WAY,NOT DIVIDED;DAYLIGHT;CLEAR;0;0;;STOP SIGN;PICKUP;PASSENGER CAR;NONE;NONE;;2020-06-05T13:08:31-04:00;2020;No;No;6;13
50 FEET FROM 869 SE MAYNARD RD;ONE-WAY,NOT DIVIDED;DAYLIGHT;CLEAR;0;0;;NO CONTROL PRESENT;PICKUP;PASSENGER CAR;NONE;NONE;;2020-06-05T14:07:18-04:00;2020;No;No;6;14
.08 MILES FROM SR 1300 (KILDAIRE FARM RD);TWO-WAY,NOT DIVIDED;DAYLIGHT;CLEAR;0;0;;STOP AND GO SIGNAL;PASSENGER CAR;PASSENGER CAR;NONE;NONE;;2020-06-05T16:18:10-04:00;2020;No;No;6;16
50 FEET FROM SR 1010 (TEN TEN RD);TWO-WAY,DIVIDED,UNPROTECTED MEDIAN;DAYLIGHT;CLEAR;0;0;;STOP AND GO SIGNAL;SPORT UTILITY;SPORT UTILITY;NONE;NONE;;2020-06-05T16:33:06-04:00;2020;No;No;6;16
0.2 MILES FROM P.V.A. (440 CROSSROADS BLVD);TWO-WAY,NOT DIVIDED;DAYLIGHT;CLEAR;0;0;;NO CONTROL PRESENT;PASSENGER CAR;PASSENGER CAR;NONE;NONE;;2020-06-06T13:37:37-04:00;2020;No;No;6;13
.43 MILES FROM SR 1315 (BUCK JONES RD);TWO-WAY,NOT DIVIDED;DAYLIGHT;CLEAR;0;0;;STOP AND GO SIGNAL;LIGHT TRUCK (MINI-VAN- PANEL);PASSENGER CAR;NONE;NONE;;2020-06-08T12:12:00-04:00;2020;No;No;6;12
400 FEET FROM US-1 NB;TWO-WAY,DIVIDED,POSITIVE MEDIAN BARRIER;DAYLIGHT;CLEAR;0;0;;NO CONTROL PRESENT;PASSENGER CAR;PASSENGER CAR;NONE;NONE;;2020-06-06T22:39:00-04:00;2020;No;No;6;22
0 FEET FROM S.R. 1313 (WALNUT ST);TWO-WAY,DIVIDED,UNPROTECTED MEDIAN;DAYLIGHT;CLEAR;0;0;;STOP SIGN;PASSENGER CAR;PASSENGER CAR;NONE;NONE;;2020-06-08T12:43:00-04:00;2020;No;No;6;12
300 FEET FROM MOUNTAIN VISTA LN;TWO-WAY,NOT DIVIDED;DAYLIGHT;CLEAR;0;0;;NO CONTROL PRESENT;LIGHT TRUCK (MINI-VAN- PANEL);PICKUP;NONE;NONE;;2020-06-10T14:41:24-04:00;2020;No;No;6;14
268 FEET FROM HYDON DAWN LN;NONE;DARK - LIGHTED ROADWAY;CLEAR;0;0;;STOP SIGN;PASSENGER CAR;NONE;NONE;NONE;;2020-06-10T01:49:59-04:00;2020;No;No;6;01
.1 MILES FROM SR 1010 (TEN TEN RD);TWO-WAY,NOT DIVIDED;DARK - ROADWAY NOT LIGHTED;RAIN;0;0;;NO CONTROL PRESENT;SPORT UTILITY;NONE;NONE;NONE;;2020-06-11T22:30:00-04:00;2020;No;No;6;22
.1 MILES FROM PVA 2003 WALNUT ST;TWO-WAY,NOT DIVIDED;DUSK;CLEAR;0;0;;NO CONTROL PRESENT;PASSENGER CAR;PASSENGER CAR;NONE;NONE;;2020-06-12T20:55:49-04:00;2020;No;No;6;20
200 FEET FROM US HWY 1;TWO-WAY,DIVIDED,POSITIVE MEDIAN BARRIER;DARK - LIGHTED ROADWAY;CLEAR;0;0;;NO CONTROL PRESENT;PASSENGER CAR;NONE;NONE;NONE;;2020-06-14T22:09:00-04:00;2020;No;No;6;22
0 FEET FROM E DURHAM RD;TWO-WAY,NOT DIVIDED;DAYLIGHT;CLEAR;0;0;;STOP SIGN;LIGHT TRUCK (MINI-VAN- PANEL);PASSENGER CAR;NONE;NONE;;2020-06-13T15:45:28-04:00;2020;No;No;6;15
.39 MILES FROM SR 3073 (NW MAYNARD RD);TWO-WAY,DIVIDED,POSITIVE MEDIAN BARRIER;DAYLIGHT;RAIN;0;0;;STOP AND GO SIGNAL;PASSENGER CAR;NONE;NONE;NONE;;2020-06-15T10:29:00-04:00;2020;No;No;6;10
.1 MILES FROM P.V.A. (7177 OKELLY CHAPEL RD);TWO-WAY,NOT DIVIDED;DAYLIGHT;CLEAR;0;0;;NO CONTROL PRESENT;PASSENGER CAR;PICKUP;NONE;NONE;;2020-06-14T14:45:11-04:00;2020;No;No;6;14
200 FEET FROM NC 55 HWY;TWO-WAY,DIVIDED,UNPROTECTED MEDIAN;DAYLIGHT;CLEAR;0;0;;NO CONTROL PRESENT;SPORT UTILITY;PASSENGER CAR;NONE;NONE;;2020-06-13T05:49:36-04:00;2020;No;No;6;05
175 FEET FROM NC 55 HWY;TWO-WAY,DIVIDED,UNPROTECTED MEDIAN;DAYLIGHT;RAIN;0;0;;STOP AND GO SIGNAL;SPORT UTILITY;PASSENGER CAR;NONE;NONE;;2020-06-15T14:41:01-04:00;2020;No;No;6;14
15 FEET FROM SR 1300 (KILDAIRE FARM RD);TWO-WAY,DIVIDED,UNPROTECTED MEDIAN;DAYLIGHT;RAIN;0;1;;STOP AND GO SIGNAL;PASSENGER CAR;PASSENGER CAR;NONE;NONE;;2020-06-15T16:42:15-04:00;2020;No;Yes;6;16
30 FEET FROM PVA 260 W CHATHAM ST;TWO-WAY,NOT DIVIDED;DAYLIGHT;RAIN;0;0;;NO CONTROL PRESENT;PASSENGER CAR;SPORT UTILITY;NONE;NONE;;2020-06-15T19:39:14-04:00;2020;No;No;6;19
10 FEET FROM SR 3977 (SW CARY PKWY);TWO-WAY,DIVIDED,UNPROTECTED MEDIAN;DAYLIGHT;CLEAR;0;0;;STOP AND GO SIGNAL;PASSENGER CAR;PASSENGER CAR;NONE;NONE;;2020-06-14T08:08:43-04:00;2020;No;No;6;08
50 FEET FROM PVA 1225 NW MAYNARD RD;TWO-WAY,NOT DIVIDED;DAYLIGHT;CLEAR;0;0;;NO CONTROL PRESENT;NONE;SPORT UTILITY;NONE;NONE;;2020-05-15T09:45:00-04:00;2020;No;No;5;09
.10 MILES FROM NC55HWY;TWO-WAY,NOT DIVIDED;DARK - LIGHTED ROADWAY;RAIN;0;0;;NO CONTROL PRESENT;PASSENGER CAR;SPORT UTILITY;NONE;NONE;;2020-06-16T20:09:51-04:00;2020;No;No;6;20
222 FEET FROM P.V.A. 115 PARKWAY OFFICE CT;TWO-WAY,NOT DIVIDED;DAYLIGHT;CLEAR;0;0;;NO CONTROL PRESENT;SPORT UTILITY;NONE;NONE;NONE;;2020-06-17T12:48:00-04:00;2020;No;No;6;12
0 FEET FROM SR1349 (DILLARD DR);NONE;NONE;NONE;0;0;;;NONE;NONE;NONE;NONE;;2020-05-29T02:05:40-04:00;2020;No;No;5;02
35 FEET FROM SR 1002 (AVIATION PKWY);TWO-WAY,NOT DIVIDED;DAYLIGHT;CLEAR;0;0;;NO CONTROL PRESENT;PASSENGER CAR;PASSENGER CAR;NONE;NONE;;2020-06-20T08:54:54-04:00;2020;No;No;6;08
100 FEET FROM SR1300 (KILDAIRE FARM RD);TWO-WAY,NOT DIVIDED;DAYLIGHT;RAIN;0;0;;STOP AND GO SIGNAL;PASSENGER CAR;PASSENGER CAR;NONE;NONE;;2020-06-20T17:14:10-04:00;2020;No;No;6;17
95 FEET FROM P.V.A. 2000 TRYON TOWNE CIR;TWO-WAY,NOT DIVIDED;DARK - LIGHTED ROADWAY;CLEAR;0;0;;NO CONTROL PRESENT;PASSENGER CAR;PASSENGER CAR;NONE;NONE;;2020-06-21T00:40:00-04:00;2020;No;No;6;00
.2 MILES FROM P.V.A. OF 7129 O KELLY CHAPEL;TWO-WAY,NOT DIVIDED;DAYLIGHT;CLEAR;0;0;;NO CONTROL PRESENT;PASSENGER CAR;SPORT UTILITY;NONE;NONE;;2020-06-21T20:44:01-04:00;2020;No;No;6;20
0 FEET FROM SR 1415 (NE MAYNARD RD);TWO-WAY,NOT DIVIDED;DARK - LIGHTED ROADWAY;CLEAR;0;3;;STOP AND GO SIGNAL;PASSENGER CAR;PASSENGER CAR;NONE;NONE;;2020-06-20T18:07:46-04:00;2020;No;Yes;6;18
100 FEET FROM P.V.A. 8322 CHAPEL HILL RD;TWO-WAY,NOT DIVIDED;DAYLIGHT;CLEAR;0;0;;NO CONTROL PRESENT;PASSENGER CAR;PASSENGER CAR;NONE;NONE;;2020-06-20T23:40:00-04:00;2020;No;No;6;23
CARY;TWO-WAY,DIVIDED,UNPROTECTED MEDIAN;DAYLIGHT;CLEAR;0;1;;NO CONTROL PRESENT;SPORT UTILITY;NONE;NONE;NONE;;2020-06-20T15:53:15-04:00;2020;No;Yes;6;15
CARY;TWO-WAY,DIVIDED,UNPROTECTED MEDIAN;DAYLIGHT;CLEAR;0;1;;STOP AND GO SIGNAL;VAN;PASSENGER CAR;NONE;NONE;;2020-06-22T15:08:26-04:00;2020;No;Yes;6;15
10 FEET FROM P.V.A. (300 SE CARY PKWY);TWO-WAY,NOT DIVIDED;DAYLIGHT;CLEAR;0;0;;NO CONTROL PRESENT;PASSENGER CAR;NONE;NONE;NONE;;2020-06-24T09:27:21-04:00;2020;No;No;6;09