Location_Description;Road_Configuration;Light_Condition;Weather;Fatality;Injury;Contributing_Factor;Traffic_Control;Vehicle1;Vehicle2;Vehicle3;Vehicle4;Vehicle5;Crash_Date;year;Fatalities;Injuries;Month;Hour
CARY;TWO-WAY,DIVIDED,POSITIVE MEDIAN BARRIER;DAYLIGHT;CLEAR;0;0;;STOP AND GO SIGNAL;PASSENGER CAR;SPORT UTILITY;NONE;NONE;;2020-08-27T15:46:04-04:00;2020;No;No;8;15
180 FEET FROM PVA (1155 KILDAIRE FARM RD);TWO-WAY,NOT DIVIDED;DAYLIGHT;CLEAR;0;0;;NO CONTROL PRESENT;PASSENGER CAR;PASSENGER CAR;NONE;NONE;;2020-08-28T14:18:27-04:00;2020;No;No;8;14
00 FEET FROM SR 1300 (KILDAIRE FARM RD);TWO-WAY,DIVIDED,POSITIVE MEDIAN BARRIER;DARK - LIGHTED ROADWAY;CLOUDY;0;1;;STOP AND GO SIGNAL;PASSENGER CAR;PASSENGER CAR;NONE;NONE;;2020-08-26T22:47:00-04:00;2020;No;Yes;8;22
100 FEET FROM SR-1300 KILDAIRE FARM RD;TWO-WAY,NOT DIVIDED;DARK - LIGHTED ROADWAY;CLEAR;0;0;;NO CONTROL PRESENT;PASSENGER CAR;NONE;NONE;NONE;;2020-08-28T20:51:41-04:00;2020;No;No;8;20
CARY;TWO-WAY,NOT DIVIDED;DARK - LIGHTED ROADWAY;RAIN;0;0;;NO CONTROL PRESENT;SPORT UTILITY;NONE;NONE;NONE;;2020-08-31T00:09:00-04:00;2020;No;No;8;00
75 FEET FROM US 1 HWY NB;TWO-WAY,DIVIDED,POSITIVE MEDIAN BARRIER;DAYLIGHT;RAIN;0;0;;NO CONTROL PRESENT;PASSENGER CAR;SPORT UTILITY;NONE;NONE;;2020-08-31T18:58:36-04:00;2020;No;No;8;18
200 FEET FROM COLONADES WAY;TWO-WAY,NOT DIVIDED;DAYLIGHT;CLOUDY;0;0;;NO CONTROL PRESENT;PASSENGER CAR;PASSENGER CAR;NONE;NONE;;2020-09-01T15:43:29-04:00;2020;No;No;9;15
20 FEET FROM SR 3081 (CHAPEL HILL RD);TWO-WAY,NOT DIVIDED;DAYLIGHT;CLOUDY;0;0;;STOP AND GO SIGNAL;PASSENGER CAR;PASSENGER CAR;NONE;NONE;;2020-09-02T17:19:57-04:00;2020;No;No;9;17
30 FEET FROM NC 55 HWY;TWO-WAY,DIVIDED,UNPROTECTED MEDIAN;DAYLIGHT;CLEAR;0;0;;STOP AND GO SIGNAL;PASSENGER CAR;PASSENGER CAR;NONE;NONE;;2020-09-03T10:54:00-04:00;2020;No;No;9;10
20 FEET FROM SR 1009 (TRYON RD);TWO-WAY,DIVIDED,POSITIVE MEDIAN BARRIER;DAYLIGHT;CLEAR;0;1;;STOP AND GO SIGNAL;SPORT UTILITY;SPORT UTILITY;NONE;NONE;;2020-09-02T15:04:01-04:00;2020;No;Yes;9;15
.10 MILES FROM QUEENSFERRY RD;TWO-WAY,NOT DIVIDED;DAYLIGHT;CLEAR;0;0;;NO CONTROL PRESENT;PICKUP;PICKUP;NONE;NONE;;2020-09-03T14:53:59-04:00;2020;No;No;9;14
256 FEET FROM P.V.A. 301 DAHLIA PL;TWO-WAY,NOT DIVIDED;NONE;CLEAR;0;0;;NO CONTROL PRESENT;NONE;PASSENGER CAR;NONE;NONE;;2020-09-02T09:14:13-04:00;2020;No;No;9;09
.1 MILES FROM SR 4067 (REGENCY PKWY);TWO-WAY,DIVIDED,POSITIVE MEDIAN BARRIER;DAYLIGHT;CLEAR;0;0;;STOP SIGN;VAN;PASSENGER CAR;NONE;NONE;;2020-09-03T11:20:00-04:00;2020;No;No;9;11
CARY;TWO-WAY,DIVIDED,POSITIVE MEDIAN BARRIER;DAYLIGHT;CLEAR;0;2;;NO CONTROL PRESENT;PASSENGER CAR;SINGLE UNIT TRUCK (2-AXLE- 6-TIRE);VAN;NONE;;2020-09-03T10:40:00-04:00;2020;No;Yes;9;10
CARY;TWO-WAY,DIVIDED,UNPROTECTED MEDIAN;DAYLIGHT;CLEAR;0;0;;STOP AND GO SIGNAL;SPORT UTILITY;VAN;NONE;NONE;;2020-09-04T17:31:07-04:00;2020;No;No;9;17
15 FEET FROM NC 55 HWY;TWO-WAY,DIVIDED,UNPROTECTED MEDIAN;DAYLIGHT;CLEAR;0;0;;STOP SIGN;PASSENGER CAR;SPORT UTILITY;NONE;NONE;;2020-09-04T14:39:05-04:00;2020;No;No;9;14
250 FEET FROM P.V.A. (7145 O`KELLY CHAPEL RD;TWO-WAY,NOT DIVIDED;DAYLIGHT;CLEAR;0;0;;STOP SIGN;PASSENGER CAR;SPORT UTILITY;NONE;NONE;;2020-09-06T18:13:20-04:00;2020;No;No;9;18
.17 MILES FROM NC 54 (CHAPEL HILL RD);TWO-WAY,DIVIDED,UNPROTECTED MEDIAN;DAYLIGHT;CLEAR;0;1;;NO CONTROL PRESENT;PASSENGER CAR;NONE;NONE;NONE;;2020-09-05T12:47:00-04:00;2020;No;Yes;9;12
0 FEET FROM SR 1313 (WALNUT ST);TWO-WAY,DIVIDED,POSITIVE MEDIAN BARRIER;DAYLIGHT;CLOUDY;0;0;;STOP AND GO SIGNAL;PICKUP;PICKUP;NONE;NONE;;2020-09-09T11:30:00-04:00;2020;No;No;9;11
61 FEET FROM PVA (105 NOTTINGHAM DR);TWO-WAY,NOT DIVIDED;DAYLIGHT;CLEAR;0;0;;NO CONTROL PRESENT;NONE;NONE;NONE;NONE;;2020-09-08T10:33:00-04:00;2020;No;No;9;10
50 FEET FROM SR 1313 (WALNUT ST);TWO-WAY,DIVIDED,UNPROTECTED MEDIAN;DARK - LIGHTED ROADWAY;CLEAR;0;0;;NO CONTROL PRESENT;PASSENGER CAR;PASSENGER CAR;NONE;NONE;;2020-09-09T22:02:00-04:00;2020;No;No;9;22
CARY;NONE;NONE;NONE;0;0;;;NONE;NONE;NONE;NONE;;2020-09-03T13:19:50-04:00;2020;No;No;9;13
100 FEET FROM NC 55 HWY;TWO-WAY,NOT DIVIDED;DAWN;CLEAR;0;0;;NO CONTROL PRESENT;SPORT UTILITY;NONE;NONE;NONE;;2020-09-11T06:35:21-04:00;2020;No;No;9;06
25 FEET FROM TRYON VILLAGE DR;ONE-WAY,NOT DIVIDED;DAYLIGHT;RAIN;0;0;;NO CONTROL PRESENT;SPORT UTILITY;PASSENGER CAR;NONE;NONE;;2020-09-11T11:08:00-04:00;2020;No;No;9;11
1.4 MILES FROM S.R. 1 (US HWY 1);TWO-WAY,DIVIDED,POSITIVE MEDIAN BARRIER;DARK - LIGHTED ROADWAY;RAIN;0;0;;NO CONTROL PRESENT;PASSENGER CAR;PASSENGER CAR;NONE;NONE;;2020-09-11T19:54:50-04:00;2020;No;No;9;19
192 FEET FROM S.R. 1300 (KILDAIRE FARM RD);TWO-WAY,NOT DIVIDED;DAYLIGHT;CLEAR;0;0;;NO CONTROL PRESENT;PASSENGER CAR;SPORT UTILITY;NONE;NONE;;2020-09-11T14:21:11-04:00;2020;No;No;9;14
0.1 MILES FROM SR 3073 (NW MAYNARD RD);TWO-WAY,DIVIDED,UNPROTECTED MEDIAN;DAYLIGHT;RAIN;0;1;;NO CONTROL PRESENT;PASSENGER CAR;NONE;NONE;NONE;;2020-09-11T17:06:26-04:00;2020;No;Yes;9;17
CARY;TWO-WAY,NOT DIVIDED;DARK - LIGHTED ROADWAY;RAIN;0;0;;NO CONTROL PRESENT;VAN;SPORT UTILITY;NONE;NONE;;2020-09-11T19:01:27-04:00;2020;No;No;9;19
250 FEET FROM US 1 HWY;TWO-WAY,DIVIDED,POSITIVE MEDIAN BARRIER;DAYLIGHT;CLEAR;0;0;;NO CONTROL PRESENT;SPORT UTILITY;SPORT UTILITY;NONE;NONE;;2020-09-10T16:44:09-04:00;2020;No;No;9;16
5 FEET FROM P.V.A (2810 NC HWY 55);TWO-WAY,NOT DIVIDED;DAYLIGHT;CLEAR;0;0;;STOP SIGN;PASSENGER CAR;PASSENGER CAR;NONE;NONE;;2020-09-14T08:24:50-04:00;2020;No;No;9;08
.05 MILES FROM NC 55HWY;TWO-WAY,NOT DIVIDED;DAYLIGHT;CLEAR;0;0;;STOP SIGN;SPORT UTILITY;SPORT UTILITY;NONE;NONE;;2020-09-15T13:53:25-04:00;2020;No;No;9;13
200 FEET FROM NC55 HWY;TWO-WAY,NOT DIVIDED;DAYLIGHT;CLEAR;0;0;;NO CONTROL PRESENT;PASSENGER CAR;PASSENGER CAR;NONE;NONE;;2020-09-16T10:29:00-04:00;2020;No;No;9;10
CARY;TWO-WAY,NOT DIVIDED;DAYLIGHT;CLEAR;0;0;FAILURE TO YIELD RIGHT OF WAY;NO CONTROL PRESENT;PASSENGER CAR;PASSENGER CAR;NONE;NONE;;2020-09-16T17:56:33-04:00;2020;No;No;9;17
.1 MILES FROM SR 1305 (ARTHUR PEIRCE RD);TWO-WAY,NOT DIVIDED;DAYLIGHT;RAIN;0;0;;HUMAN CONTROL;PICKUP;PICKUP;NONE;NONE;;2020-09-18T09:58:26-04:00;2020;No;No;9;09
150 FEET FROM SR1152 (HOLLY SPRINGS RD);TWO-WAY,NOT DIVIDED;DAYLIGHT;CLEAR;0;0;;NO CONTROL PRESENT;PICKUP;NONE;NONE;NONE;;2020-09-21T08:01:51-04:00;2020;No;No;9;08
45 FEET FROM PVA 802 E CHATHAM ST;TWO-WAY,NOT DIVIDED;DAYLIGHT;CLEAR;0;0;;;SPORT UTILITY;PASSENGER CAR;NONE;NONE;;2020-09-19T16:32:24-04:00;2020;No;No;9;16
200 FEET FROM SR# 1521 (LAKE PINE DR);TWO-WAY,NOT DIVIDED;DAYLIGHT;CLEAR;0;1;;NO CONTROL PRESENT;SPORT UTILITY;SPORT UTILITY;NONE;NONE;;2020-08-21T12:46:00-04:00;2020;No;Yes;8;12
25 FEET FROM HIGH HOUSE RD;TWO-WAY,DIVIDED,UNPROTECTED MEDIAN;DUSK;CLOUDY;0;0;;YIELD SIGN;SPORT UTILITY;PASSENGER CAR;NONE;NONE;;2020-09-23T18:34:54-04:00;2020;No;No;9;18
CARY;TWO-WAY,NOT DIVIDED;DAYLIGHT;CLEAR;0;0;;STOP AND GO SIGNAL;PASSENGER CAR;PASSENGER CAR;NONE;NONE;;2020-09-23T13:54:00-04:00;2020;No;No;9;13
150 FEET FROM P.V.A. (1385 KILDAIRE FARM RD);TWO-WAY,NOT DIVIDED;DAYLIGHT;CLOUDY;0;0;;NO CONTROL PRESENT;PASSENGER CAR;PASSENGER CAR;NONE;NONE;;2020-09-24T15:48:21-04:00;2020;No;No;9;15
CARY;TWO-WAY,NOT DIVIDED;DAYLIGHT;RAIN;0;0;;STOP AND GO SIGNAL;SPORT UTILITY;PASSENGER CAR;NONE;NONE;;2020-09-25T12:54:00-04:00;2020;No;No;9;12
0 MILES FROM SR 3011 (JENKS CARPENTER RD);TWO-WAY,NOT DIVIDED;DAYLIGHT;CLEAR;0;1;;STOP SIGN;PASSENGER CAR;VAN;NONE;NONE;;2020-09-28T06:48:58-04:00;2020;No;Yes;9;06
189 FEET FROM SR 1010;TWO-WAY,NOT DIVIDED;DARK - LIGHTED ROADWAY;CLEAR;0;0;;NO CONTROL PRESENT;SPORT UTILITY;NONE;NONE;NONE;;2020-09-23T21:51:59-04:00;2020;No;No;9;21
CARY;TWO-WAY,NOT DIVIDED;DAYLIGHT;RAIN;0;0;;NO CONTROL PRESENT;PASSENGER CAR;PASSENGER CAR;NONE;NONE;;2020-09-25T12:55:00-04:00;2020;No;No;9;12
20 FEET FROM NC 54 (CHAPEL HILL RD);TWO-WAY,DIVIDED,UNPROTECTED MEDIAN;DAYLIGHT;CLEAR;0;0;;STOP SIGN;PASSENGER CAR;PASSENGER CAR;NONE;NONE;;2020-09-30T10:16:00-04:00;2020;No;No;9;10
20 FEET FROM SR 1415 (SW MAYNARD RD);TWO-WAY,DIVIDED,POSITIVE MEDIAN BARRIER;DAYLIGHT;CLEAR;0;0;;STOP AND GO SIGNAL;PICKUP;PASSENGER CAR;NONE;NONE;;2020-10-01T15:26:30-04:00;2020;No;No;10;15
300 FEET FROM PVA OF 131 COLUMBUS AVE;TWO-WAY,NOT DIVIDED;DARK - ROADWAY NOT LIGHTED;CLEAR;0;0;;NO CONTROL PRESENT;PASSENGER CAR;PASSENGER CAR;NONE;NONE;;2020-09-30T16:41:30-04:00;2020;No;No;9;16
361 FEET FROM P.V.A. (300 ASHVILLE AVE);TWO-WAY,NOT DIVIDED;DAYLIGHT;CLEAR;0;0;;NO CONTROL PRESENT;PASSENGER CAR;PASSENGER CAR;NONE;NONE;;2020-09-23T15:31:15-04:00;2020;No;No;9;15
300 FEET FROM PVA (1815 WALNUT ST);TWO-WAY,NOT DIVIDED;DAYLIGHT;CLEAR;0;0;;NO CONTROL PRESENT;SPORT UTILITY;NONE;NONE;NONE;;2020-09-30T09:29:37-04:00;2020;No;No;9;09
200 FEET FROM SR 1300 (KILDAIRE FARM RD);TWO-WAY,DIVIDED,UNPROTECTED MEDIAN;DAYLIGHT;CLEAR;0;0;;NO CONTROL PRESENT;PASSENGER CAR;SPORT UTILITY;NONE;NONE;;2020-10-02T08:37:05-04:00;2020;No;No;10;08
0.07 MILES FROM PVA (2420 WALNUT ST);NONE;DUSK;CLEAR;0;0;;NO CONTROL PRESENT;PASSENGER CAR;PASSENGER CAR;NONE;NONE;;2020-09-30T17:03:42-04:00;2020;No;No;9;17
CARY;TWO-WAY,NOT DIVIDED;DAYLIGHT;CLEAR;0;0;;NO CONTROL PRESENT;PICKUP;NONE;NONE;NONE;;2020-10-03T08:48:37-04:00;2020;No;No;10;08
20 FEET FROM CREEK PARK DR;TWO-WAY,NOT DIVIDED;DAYLIGHT;CLEAR;0;0;;NO CONTROL PRESENT;SPORT UTILITY;NONE;NONE;NONE;;2020-10-05T13:21:42-04:00;2020;No;No;10;13
30 FEET FROM P.V.A. 200 W CHATHAM ST;TWO-WAY,NOT DIVIDED;DARK - UNKNOWN LIGHTING;CLEAR;0;0;;NO CONTROL PRESENT;POLICE;POLICE;NONE;NONE;;2020-10-05T21:55:59-04:00;2020;No;No;10;21
100 FEET FROM PVA (401 HARRISON OAKS BLVD);TWO-WAY,NOT DIVIDED;NONE;CLEAR;0;0;;NO CONTROL PRESENT;PASSENGER CAR;PASSENGER CAR;NONE;NONE;;2020-10-06T20:05:02-04:00;2020;No;No;10;20
.2 MILES FROM US 1 HWY;TWO-WAY,DIVIDED,POSITIVE MEDIAN BARRIER;DAYLIGHT;CLEAR;0;0;;NO CONTROL PRESENT;PASSENGER CAR;PASSENGER CAR;NONE;NONE;;2020-10-06T07:46:07-04:00;2020;No;No;10;07
CARY;ONE-WAY,NOT DIVIDED;DAYLIGHT;CLEAR;0;0;;NO CONTROL PRESENT;PASSENGER CAR;PASSENGER CAR;NONE;NONE;;2020-10-08T18:18:00-04:00;2020;No;No;10;18
1.5 MILES FROM US 1 HWY N;TWO-WAY,DIVIDED,POSITIVE MEDIAN BARRIER;DAYLIGHT;CLEAR;0;1;;NO CONTROL PRESENT;VAN;SPORT UTILITY;NONE;NONE;;2020-10-06T17:18:58-04:00;2020;No;Yes;10;17
100 FEET FROM P.V.A. 113 SR 1415 (SW MAYNARD;TWO-WAY,NOT DIVIDED;DAYLIGHT;CLEAR;0;0;;NO CONTROL PRESENT;PASSENGER CAR;PICKUP;NONE;NONE;;2020-10-08T14:44:24-04:00;2020;No;No;10;14
CARY;ONE-WAY,NOT DIVIDED;DAYLIGHT;CLEAR;0;1;;STOP AND GO SIGNAL;SPORT UTILITY;NONE;NONE;NONE;;2020-10-09T11:26:00-04:00;2020;No;Yes;10;11
10 FEET FROM SECRETO DR;TWO-WAY,DIVIDED,UNPROTECTED MEDIAN;NONE;RAIN;0;0;;NO CONTROL PRESENT;PASSENGER CAR;NONE;NONE;NONE;;2020-10-10T07:05:25-04:00;2020;No;No;10;07
425 FEET FROM P.V.A. OF 7145 OKELLY CHAPEL R;TWO-WAY,NOT DIVIDED;DAYLIGHT;CLEAR;0;0;;NO CONTROL PRESENT;PASSENGER CAR;PICKUP;NONE;NONE;;2020-10-09T12:49:00-04:00;2020;No;No;10;12
.2 MILES FROM NC 55 HWY;TWO-WAY,NOT DIVIDED;DAYLIGHT;CLEAR;0;1;;NO CONTROL PRESENT;PASSENGER CAR;PASSENGER CAR;SPORT UTILITY;NONE;;2020-10-08T22:18:00-04:00;2020;No;Yes;10;22
10 FEET FROM 34000 HAVERS DRIVE (PVA);TWO-WAY,NOT DIVIDED;DAYLIGHT;CLEAR;0;0;;NO CONTROL PRESENT;PASSENGER CAR;NONE;NONE;NONE;;2020-10-09T16:33:48-04:00;2020;No;No;10;16
100 FEET FROM SR 1313 (WALNUT ST);TWO-WAY,DIVIDED,UNPROTECTED MEDIAN;DAYLIGHT;CLEAR;0;0;;NO CONTROL PRESENT;PASSENGER CAR;SPORT UTILITY;NONE;NONE;;2020-10-08T16:32:15-04:00;2020;No;No;10;16
1 MILES FROM US 1 HWY;TWO-WAY,DIVIDED,POSITIVE MEDIAN BARRIER;DARK - LIGHTED ROADWAY;RAIN;0;0;;NO CONTROL PRESENT;PASSENGER CAR;NONE;NONE;NONE;;2020-10-11T08:35:13-04:00;2020;No;No;10;08
.10 MILES FROM PVA (1253 BUCK JONES RD);TWO-WAY,NOT DIVIDED;DAYLIGHT;RAIN;0;0;;NO CONTROL PRESENT;PASSENGER CAR;PASSENGER CAR;NONE;NONE;;2020-10-11T16:29:58-04:00;2020;No;No;10;16
.1 MILES FROM P.V.A. 2031 WALNUT ST;TWO-WAY,NOT DIVIDED;DARK - LIGHTED ROADWAY;RAIN;0;0;;NO CONTROL PRESENT;SPORT UTILITY;PICKUP;NONE;NONE;;2020-10-10T02:47:23-04:00;2020;No;No;10;02
CARY;TWO-WAY,DIVIDED,UNPROTECTED MEDIAN;DUSK;RAIN;0;0;;STOP AND GO SIGNAL;PASSENGER CAR;SPORT UTILITY;NONE;NONE;;2020-10-11T01:35:11-04:00;2020;No;No;10;01
0 FEET FROM SR 1625 (GREEN LEVEL CHURCH RD;TWO-WAY,NOT DIVIDED;DAYLIGHT;CLEAR;0;1;;STOP SIGN;PASSENGER CAR;PASSENGER CAR;NONE;NONE;;2020-10-14T13:38:07-04:00;2020;No;Yes;10;13
200 FEET FROM P.V.A. 5017 LAKESIDE LOFTS CIR;TWO-WAY,NOT DIVIDED;DAWN;CLEAR;0;0;;NO CONTROL PRESENT;PASSENGER CAR;PASSENGER CAR;NONE;NONE;;2020-10-15T07:57:22-04:00;2020;No;No;10;07
50 FEET FROM US 1 NB;TWO-WAY,DIVIDED,POSITIVE MEDIAN BARRIER;DAYLIGHT;CLEAR;0;0;;YIELD SIGN;PASSENGER CAR;PASSENGER CAR;NONE;NONE;;2020-10-14T18:02:58-04:00;2020;No;No;10;18
0 FEET FROM NC 55 HWY;TWO-WAY,DIVIDED,UNPROTECTED MEDIAN;DAYLIGHT;CLEAR;0;0;;STOP AND GO SIGNAL;VAN;PASSENGER CAR;NONE;NONE;;2020-10-15T15:01:01-04:00;2020;No;No;10;15
200 FEET FROM NC 55 HWY;TWO-WAY,DIVIDED,UNPROTECTED MEDIAN;DARK - ROADWAY NOT LIGHTED;CLEAR;0;0;;NO CONTROL PRESENT;PASSENGER CAR;NONE;NONE;NONE;;2020-10-15T19:21:50-04:00;2020;No;No;10;19
150 FEET FROM WESTON PKWY;TWO-WAY,DIVIDED,UNPROTECTED MEDIAN;DAYLIGHT;CLOUDY;0;0;;NO CONTROL PRESENT;PASSENGER CAR;NONE;NONE;NONE;;2020-10-16T16:20:12-04:00;2020;No;No;10;16
.10 MILES FROM SR 4067 (REGENCY PKWY);TWO-WAY,DIVIDED,UNPROTECTED MEDIAN;DAYLIGHT;CLEAR;0;0;;STOP AND GO SIGNAL;PASSENGER CAR;SPORT UTILITY;NONE;NONE;;2020-10-15T17:22:43-04:00;2020;No;No;10;17
CARY;TWO-WAY,NOT DIVIDED;DAYLIGHT;CLEAR;0;0;;STOP SIGN;VAN;PASSENGER CAR;NONE;NONE;;2020-10-13T13:49:54-04:00;2020;No;No;10;13
200 FEET FROM P.V.A. 1076 SR 1011 (W CHATHAM;TWO-WAY,NOT DIVIDED;DAYLIGHT;CLEAR;0;0;;NO CONTROL PRESENT;NONE;SPORT UTILITY;NONE;NONE;;2020-10-19T18:04:32-04:00;2020;No;No;10;18
250 FEET FROM 715 MADISON AV;TWO-WAY,NOT DIVIDED;DAYLIGHT;CLEAR;0;0;;NO CONTROL PRESENT;PICKUP;PASSENGER CAR;NONE;NONE;;2020-10-20T17:44:00-04:00;2020;No;No;10;17
0 FEET FROM SR 1616 (OLD APEX RD);TWO-WAY,NOT DIVIDED;DAYLIGHT;CLEAR;0;0;;STOP AND GO SIGNAL;PASSENGER CAR;VAN;NONE;NONE;;2020-10-15T14:46:52-04:00;2020;No;No;10;14
.1 MILES FROM PVA OF 3450 SR 1300 (KILDAIRE;TWO-WAY,NOT DIVIDED;DAYLIGHT;CLEAR;0;0;;NO CONTROL PRESENT;PASSENGER CAR;PASSENGER CAR;NONE;NONE;;2020-10-21T13:52:44-04:00;2020;No;No;10;13
CARY;TWO-WAY,DIVIDED,UNPROTECTED MEDIAN;DAYLIGHT;CLEAR;0;1;;STOP AND GO SIGNAL;SPORT UTILITY;PASSENGER CAR;NONE;NONE;;2020-10-23T09:11:08-04:00;2020;No;Yes;10;09
CARY;TWO-WAY,DIVIDED,UNPROTECTED MEDIAN;DARK - ROADWAY NOT LIGHTED;CLEAR;0;1;;STOP AND GO SIGNAL;SPORT UTILITY;PASSENGER CAR;NONE;NONE;;2020-10-22T20:21:09-04:00;2020;No;Yes;10;20
CARY;TWO-WAY,DIVIDED,POSITIVE MEDIAN BARRIER;DAYLIGHT;CLEAR;0;0;;STOP AND GO SIGNAL;SPORT UTILITY;PASSENGER CAR;NONE;NONE;;2020-10-20T14:21:51-04:00;2020;No;No;10;14
68 FEET FROM PVA (1120 SE CARY PKWY);NONE;DAYLIGHT;CLEAR;0;0;;NO CONTROL PRESENT;PASSENGER CAR;PASSENGER CAR;NONE;NONE;;2020-10-22T19:34:18-04:00;2020;No;No;10;19
300 FEET FROM GRAND MEADOW WAY;TWO-WAY,NOT DIVIDED;DAYLIGHT;CLEAR;0;0;;NO CONTROL PRESENT;PASSENGER CAR;PASSENGER CAR;NONE;NONE;;2020-10-23T14:09:23-04:00;2020;No;No;10;14
CARY;TWO-WAY,NOT DIVIDED;DAYLIGHT;CLEAR;0;0;;STOP SIGN;SPORT UTILITY;PASSENGER CAR;NONE;NONE;;2020-10-23T16:34:16-04:00;2020;No;No;10;16
52 FEET FROM SR1300 (KILDAIRE FARM RD);TWO-WAY,DIVIDED,POSITIVE MEDIAN BARRIER;DAYLIGHT;CLEAR;0;0;;NO CONTROL PRESENT;PASSENGER CAR;PASSENGER CAR;NONE;NONE;;2020-10-23T19:25:20-04:00;2020;No;No;10;19
275 FEET FROM BERRYBROOK CT;TWO-WAY,NOT DIVIDED;DAYLIGHT;CLEAR;0;0;;NO CONTROL PRESENT;PASSENGER CAR;PICKUP;NONE;NONE;;2020-10-23T14:09:53-04:00;2020;No;No;10;14
0 FEET FROM SR 1615 (HIGH HOUSE RD);TWO-WAY,DIVIDED,UNPROTECTED MEDIAN;DAYLIGHT;CLEAR;0;0;;STOP AND GO SIGNAL;PICKUP;PASSENGER CAR;NONE;NONE;;2020-10-23T14:20:19-04:00;2020;No;No;10;14
CARY;TWO-WAY,NOT DIVIDED;DAYLIGHT;CLEAR;0;0;;STOP AND GO SIGNAL;PASSENGER CAR;PASSENGER CAR;NONE;NONE;;2020-10-24T18:14:53-04:00;2020;No;No;10;18
CARY;TWO-WAY,NOT DIVIDED;DAYLIGHT;CLEAR;0;3;;STOP AND GO SIGNAL;PASSENGER CAR;PASSENGER CAR;NONE;NONE;;2020-10-17T13:30:47-04:00;2020;No;Yes;10;13
50 FEET FROM CHAROLAIS TR;TWO-WAY,DIVIDED,UNPROTECTED MEDIAN;DAYLIGHT;CLEAR;0;0;;NO CONTROL PRESENT;PASSENGER CAR;SPORT UTILITY;NONE;NONE;;2020-10-25T17:10:32-04:00;2020;No;No;10;17
61 FEET FROM P.V.A. (118 MACKENAN DR);TWO-WAY,NOT DIVIDED;DAYLIGHT;CLEAR;0;0;;NO CONTROL PRESENT;PASSENGER CAR;PASSENGER CAR;NONE;NONE;;2020-10-26T16:37:13-04:00;2020;No;No;10;16
CARY;NONE;NONE;NONE;0;0;;;NONE;NONE;NONE;NONE;;2020-10-24T09:06:58-04:00;2020;No;No;10;09
00 FEET FROM SR 1306 (LAURA DUNCAN RD);TWO-WAY,DIVIDED,POSITIVE MEDIAN BARRIER;DAYLIGHT;CLOUDY;0;0;;STOP SIGN;PICKUP;SPORT UTILITY;NONE;NONE;;2020-10-24T16:08:08-04:00;2020;No;No;10;16
.45 MILES FROM US 1 HWY;TWO-WAY,DIVIDED,POSITIVE MEDIAN BARRIER;DUSK;CLEAR;0;0;;NO CONTROL PRESENT;PASSENGER CAR;SPORT UTILITY;NONE;NONE;;2020-10-27T18:51:47-04:00;2020;No;No;10;18
100 FEET FROM P.V.A. 900 NE MAYNARD RD;TWO-WAY,NOT DIVIDED;DAYLIGHT;CLEAR;0;0;;NO CONTROL PRESENT;PICKUP;PASSENGER CAR;NONE;NONE;;2020-10-28T12:44:00-04:00;2020;No;No;10;12
NEAR .1 MILES W OF W S.R. 1497 (CARY TOWNE);ONE-WAY,NOT DIVIDED;DAYLIGHT;CLOUDY;0;0;;NO CONTROL PRESENT;PASSENGER CAR;NONE;NONE;NONE;;2020-10-29T12:32:00-04:00;2020;No;No;10;12
150 FEET FROM RESERVE PINE DR;TWO-WAY,NOT DIVIDED;DAYLIGHT;CLEAR;0;0;;NO CONTROL PRESENT;SPORT UTILITY;PICKUP;NONE;NONE;;2020-10-29T10:33:00-04:00;2020;No;No;10;10
100 FEET FROM US 64;TWO-WAY,DIVIDED,UNPROTECTED MEDIAN;DAYLIGHT;CLEAR;0;1;;NO CONTROL PRESENT;PASSENGER CAR;PASSENGER CAR;NONE;NONE;;2020-10-29T20:30:50-04:00;2020;No;Yes;10;20
0 FEET FROM P.V.A (304 CHESWICK PL);TWO-WAY,NOT DIVIDED;NONE;CLEAR;0;0;;NO CONTROL PRESENT;PASSENGER CAR;PASSENGER CAR;NONE;NONE;;2020-10-30T22:34:00-04:00;2020;No;No;10;22
70 FEET FROM SR1652 (N HARRISON AVE);TWO-WAY,DIVIDED,UNPROTECTED MEDIAN;DAYLIGHT;CLEAR;0;0;;STOP AND GO SIGNAL;PASSENGER CAR;PASSENGER CAR;NONE;NONE;;2020-10-30T16:38:39-04:00;2020;No;No;10;16
220 FEET FROM P.V.A (416 CROSSROADS BLVD);TWO-WAY,NOT DIVIDED;DAYLIGHT;CLEAR;0;0;;NO CONTROL PRESENT;SPORT UTILITY;SPORT UTILITY;NONE;NONE;;2020-10-30T17:26:58-04:00;2020;No;No;10;17
.1589 MILES FROM P.V.A. (2370 WALNUT ST);TWO-WAY,NOT DIVIDED;DAYLIGHT;CLEAR;0;0;;NO CONTROL PRESENT;PASSENGER CAR;PASSENGER CAR;NONE;NONE;;2020-10-31T12:07:00-04:00;2020;No;No;10;12
30 FEET FROM PVA (7129 OKELLY CHAPEL RD);TWO-WAY,NOT DIVIDED;DAYLIGHT;CLEAR;0;0;;NO CONTROL PRESENT;PASSENGER CAR;SPORT UTILITY;NONE;NONE;;2020-11-02T12:10:00-05:00;2020;No;No;11;12
100 FEET FROM US 64 TO US 1 RAMP SB;ONE-WAY,NOT DIVIDED;DARK - ROADWAY NOT LIGHTED;CLEAR;0;0;;YIELD SIGN;PASSENGER CAR;PASSENGER CAR;NONE;NONE;;2020-11-02T22:18:00-05:00;2020;No;No;11;22