Location_Description;Road_Configuration;Light_Condition;Weather;Fatality;Injury;Contributing_Factor;Traffic_Control;Vehicle1;Vehicle2;Vehicle3;Vehicle4;Vehicle5;Crash_Date;year;Fatalities;Injuries;Month;Hour
60 FEET FROM (PVA) 1001 HIGH HOUSE RD;TWO-WAY,NOT DIVIDED;DAYLIGHT;CLEAR;0;0;;STOP SIGN;SPORT UTILITY;PASSENGER CAR;NONE;NONE;;2016-03-25T18:42:04-04:00;2016;No;No;3;18
.06 MILES FROM NC 55 HWY;TWO-WAY,DIVIDED,UNPROTECTED MEDIAN;DAYLIGHT;CLEAR;0;0;;STOP AND GO SIGNAL;PASSENGER CAR;PASSENGER CAR;NONE;NONE;;2016-03-24T08:33:55-04:00;2016;No;No;3;08
100 FEET FROM SR 1011 (W CHATHAM ST);TWO-WAY,NOT DIVIDED;DAYLIGHT;CLEAR;0;0;;NO CONTROL PRESENT;PASSENGER CAR;VAN;NONE;NONE;;2016-03-24T16:38:29-04:00;2016;No;No;3;16
0 FEET FROM SR 1613 (DAVIS DR);TWO-WAY,DIVIDED,UNPROTECTED MEDIAN;DAYLIGHT;CLEAR;0;2;;STOP AND GO SIGNAL;PASSENGER CAR;PASSENGER CAR;NONE;NONE;;2016-03-28T08:49:52-04:00;2016;No;Yes;3;08
.25 MILES FROM SR 1313;TWO-WAY,DIVIDED,POSITIVE MEDIAN BARRIER;DAYLIGHT;CLEAR;0;0;;STOP AND GO SIGNAL;PASSENGER CAR;PASSENGER CAR;NONE;NONE;;2016-03-28T15:09:13-04:00;2016;No;No;3;15
25 FEET FROM US 64 HWY;TWO-WAY,DIVIDED,UNPROTECTED MEDIAN;DAYLIGHT;CLEAR;0;0;;NO CONTROL PRESENT;PASSENGER CAR;PASSENGER CAR;PASSENGER CAR;NONE;;2016-03-28T16:48:10-04:00;2016;No;No;3;16
CARY;TWO-WAY,NOT DIVIDED;DAYLIGHT;CLEAR;0;0;;NO CONTROL PRESENT;SPORT UTILITY;PASSENGER CAR;NONE;NONE;;2016-03-28T17:11:01-04:00;2016;No;No;3;17
499 FEET FROM WALNUT ST;TWO-WAY,DIVIDED,UNPROTECTED MEDIAN;DARK - LIGHTED ROADWAY;CLEAR;0;0;;STOP AND GO SIGNAL;PASSENGER CAR;PICKUP;NONE;NONE;;2016-03-28T20:10:28-04:00;2016;No;No;3;20
44 FEET FROM ON RAMP EASTBOUND 40;ONE-WAY,NOT DIVIDED;DAYLIGHT;CLOUDY;0;0;;NO CONTROL PRESENT;PASSENGER CAR;PICKUP;NONE;NONE;;2016-03-28T08:03:35-04:00;2016;No;No;3;08
CARY;TWO-WAY,NOT DIVIDED;DAYLIGHT;CLEAR;0;1;;STOP SIGN;PASSENGER CAR;VAN;NONE;NONE;;2016-03-29T14:22:12-04:00;2016;No;Yes;3;14
100 FEET FROM SR 1415 (SW MAYNARD RD);TWO-WAY,NOT DIVIDED;DAYLIGHT;CLOUDY;0;0;;STOP AND GO SIGNAL;PASSENGER CAR;PASSENGER CAR;NONE;NONE;;2016-03-31T14:13:22-04:00;2016;No;No;3;14
95 FEET FROM PVA (100 WOODCREEK DR);TWO-WAY,NOT DIVIDED;DARK - LIGHTED ROADWAY;CLEAR;0;0;;NO CONTROL PRESENT;PICKUP;PASSENGER CAR;NONE;NONE;;2016-03-30T23:27:00-04:00;2016;No;No;3;23
15 FEET FROM SR 1415 (SE MAYNARD RD);TWO-WAY,DIVIDED,UNPROTECTED MEDIAN;DAYLIGHT;CLOUDY;0;0;;STOP AND GO SIGNAL;SPORT UTILITY;VAN;NONE;NONE;;2016-04-01T10:52:00-04:00;2016;No;No;4;10
300 FEET FROM PVA AT 280 NOTTINGHAM DR;TWO-WAY,NOT DIVIDED;DAYLIGHT;CLEAR;0;0;;NO CONTROL PRESENT;SPORT UTILITY;PASSENGER CAR;NONE;NONE;;2016-04-01T13:15:45-04:00;2016;No;No;4;13
.10 MILES FROM TANGLEWOOD DRIVE;TWO-WAY,NOT DIVIDED;DARK - LIGHTED ROADWAY;CLEAR;0;0;;NO CONTROL PRESENT;PASSENGER CAR;PASSENGER CAR;NONE;NONE;;2016-03-31T00:19:00-04:00;2016;No;No;3;00
0.12 MILES FROM PVA (2000 WALNUT ST);TWO-WAY,NOT DIVIDED;DAYLIGHT;CLEAR;0;0;;NO CONTROL PRESENT;NONE;SPORT UTILITY;NONE;NONE;;2016-03-31T13:58:00-04:00;2016;No;No;3;13
20 FEET FROM SR 3977 (SE CARY PKWY);TWO-WAY,DIVIDED,UNPROTECTED MEDIAN;DAYLIGHT;CLEAR;0;0;;STOP AND GO SIGNAL;PASSENGER CAR;PASSENGER CAR;NONE;NONE;;2016-04-02T13:35:56-04:00;2016;No;No;4;13
415 FEET FROM SR #1300 (KILDAIRE FARM RD);TWO-WAY,DIVIDED,UNPROTECTED MEDIAN;DAYLIGHT;RAIN;0;0;;NO CONTROL PRESENT;PASSENGER CAR;PASSENGER CAR;NONE;NONE;;2016-04-02T10:21:00-04:00;2016;No;No;4;10
100 FEET FROM KILDAIRE FARM RD;TWO-WAY,DIVIDED,UNPROTECTED MEDIAN;DAYLIGHT;RAIN;0;0;;STOP AND GO SIGNAL;SPORT UTILITY;SPORT UTILITY;NONE;NONE;;2016-04-02T12:32:00-04:00;2016;No;No;4;12
400 FEET FROM PVA AT 155 PARKWAY OFFICE CT;TWO-WAY,NOT DIVIDED;DAYLIGHT;CLEAR;0;0;;NO CONTROL PRESENT;SPORT UTILITY;PASSENGER CAR;NONE;NONE;;2016-03-31T10:20:00-04:00;2016;No;No;3;10
200 FEET FROM GRANDE MEADOW WAY;ONE-WAY,NOT DIVIDED;DAYLIGHT;CLEAR;0;0;;NO CONTROL PRESENT;PASSENGER CAR;LIGHT TRUCK (MINI-VAN- PANEL);NONE;NONE;;2016-03-31T19:31:23-04:00;2016;No;No;3;19
.01 MILES FROM SR 1315 (BUCK JONES RD.);TWO-WAY,NOT DIVIDED;DAYLIGHT;CLEAR;0;3;;NO CONTROL PRESENT;PASSENGER CAR;PASSENGER CAR;NONE;NONE;;2016-04-01T16:54:23-04:00;2016;No;Yes;4;16
0 FEET FROM SR 1300 (KILDAIRE FARM RD);TWO-WAY,NOT DIVIDED;DAYLIGHT;CLOUDY;0;4;;STOP AND GO SIGNAL;SPORT UTILITY;PASSENGER CAR;NONE;NONE;;2016-04-01T14:54:54-04:00;2016;No;Yes;4;14
490 FEET FROM SR #1300 (KILDAIRE FARM RD);TWO-WAY,NOT DIVIDED;DAYLIGHT;CLEAR;0;0;;STOP AND GO SIGNAL;PASSENGER CAR;PASSENGER CAR;NONE;NONE;;2016-04-03T15:07:41-04:00;2016;No;No;4;15
.28 MILES FROM US 1 EXIT RAMP 98 SB;ONE-WAY,NOT DIVIDED;DAYLIGHT;CLEAR;0;0;;STOP AND GO SIGNAL;PASSENGER CAR;SINGLE UNIT TRUCK (2-AXLE- 6-TIRE);NONE;NONE;;2016-04-04T12:15:00-04:00;2016;No;No;4;12
140 FEET FROM NOTTINGHAM DR;TWO-WAY,NOT DIVIDED;DARK - LIGHTED ROADWAY;CLEAR;0;0;;NO CONTROL PRESENT;SPORT UTILITY;NONE;NONE;NONE;;2016-04-02T23:27:00-04:00;2016;No;No;4;23
CARY;TWO-WAY,DIVIDED,UNPROTECTED MEDIAN;DAYLIGHT;CLEAR;0;1;;STOP SIGN;PICKUP;PASSENGER CAR;NONE;NONE;;2016-04-04T15:58:01-04:00;2016;No;Yes;4;15
.1 MILES FROM PVA OF 1146 KILDAIRE FARM RD;TWO-WAY,NOT DIVIDED;DAYLIGHT;CLEAR;0;0;;NO CONTROL PRESENT;PASSENGER CAR;PASSENGER CAR;NONE;NONE;;2016-04-05T15:35:42-04:00;2016;No;No;4;15
CARY;TWO-WAY,NOT DIVIDED;DAYLIGHT;CLEAR;0;0;;STOP SIGN;SPORT UTILITY;PASSENGER CAR;NONE;NONE;;2016-04-05T18:35:55-04:00;2016;No;No;4;18
CARY;NONE;NONE;NONE;0;0;;;NONE;NONE;NONE;NONE;;2016-03-21T00:00:00-04:00;2016;No;No;3;00
269 FEET FROM SR 1300 KILDAIRE FARM RD;TWO-WAY,NOT DIVIDED;DAYLIGHT;CLEAR;0;0;;NO CONTROL PRESENT;PASSENGER CAR;NONE;NONE;NONE;;2016-04-06T14:51:43-04:00;2016;No;No;4;14
.2 MILES FROM SR 3097 (AVIATION PKWY);TWO-WAY,NOT DIVIDED;DAYLIGHT;CLEAR;0;0;;NO CONTROL PRESENT;PASSENGER CAR;PASSENGER CAR;NONE;NONE;;2016-04-06T06:45:37-04:00;2016;No;No;4;06
0 FEET FROM SR 1435 (OLD RALEIGH RD);TWO-WAY,NOT DIVIDED;DAYLIGHT;CLEAR;0;1;;STOP SIGN;PASSENGER CAR;PASSENGER CAR;NONE;NONE;;2016-04-06T12:41:00-04:00;2016;No;Yes;4;12
150 FEET FROM P.V.A. INNOVATION AVE;TWO-WAY,NOT DIVIDED;DAYLIGHT;CLEAR;0;0;;NO CONTROL PRESENT;VAN;SPORT UTILITY;NONE;NONE;;2016-04-07T14:58:01-04:00;2016;No;No;4;14
150 FEET FROM PVA 8921 HOLLY SPRINGS ROAD;TWO-WAY,NOT DIVIDED;DAYLIGHT;CLEAR;0;0;;NO CONTROL PRESENT;SPORT UTILITY;SPORT UTILITY;NONE;NONE;;2016-04-08T08:17:29-04:00;2016;No;No;4;08
CARY;TWO-WAY,NOT DIVIDED;DAYLIGHT;CLEAR;0;0;;STOP SIGN;PASSENGER CAR;PASSENGER CAR;NONE;NONE;;2016-04-10T12:02:00-04:00;2016;No;No;4;12
0 FEET FROM SR 1349 (DILLARD DR);TWO-WAY,NOT DIVIDED;DAYLIGHT;CLEAR;0;2;;NO CONTROL PRESENT;SPORT UTILITY;PASSENGER CAR;NONE;NONE;;2016-04-07T00:15:00-04:00;2016;No;Yes;4;00
150 FEET FROM WALDO ROOD DR;TWO-WAY,NOT DIVIDED;DAYLIGHT;CLEAR;0;0;;STOP AND GO SIGNAL;SPORT UTILITY;PASSENGER CAR;NONE;NONE;;2016-04-07T17:54:59-04:00;2016;No;No;4;17
.07 MILES FROM SR-1415 (NW MAYNARD RD);TWO-WAY,DIVIDED,UNPROTECTED MEDIAN;DAYLIGHT;CLEAR;0;0;;STOP AND GO SIGNAL;PASSENGER CAR;PASSENGER CAR;NONE;NONE;;2016-04-09T13:08:40-04:00;2016;No;No;4;13
100 FEET FROM SR-1312 (N ACADEMY ST);TWO-WAY,DIVIDED,UNPROTECTED MEDIAN;DAYLIGHT;CLEAR;0;1;;STOP AND GO SIGNAL;PASSENGER CAR;PASSENGER CAR;NONE;NONE;;2016-04-11T11:10:00-04:00;2016;No;Yes;4;11
.16 MILES FROM 200 JAMES JACKSON AV;ONE-WAY,NOT DIVIDED;DAYLIGHT;CLEAR;0;0;;NO CONTROL PRESENT;UNKNOWN HEAVY TRUCK;NONE;NONE;NONE;;2016-04-11T15:07:54-04:00;2016;No;No;4;15
50 FEET FROM US 64;TWO-WAY,DIVIDED,UNPROTECTED MEDIAN;DAYLIGHT;RAIN;0;0;COMING FROM BEHIND PARKED VEHICLE;STOP AND GO SIGNAL;LIGHT TRUCK (MINI-VAN- PANEL);PICKUP;NONE;NONE;;2016-04-12T14:39:21-04:00;2016;No;No;4;14
.10 MILES FROM ( SR 1615 ) HIGH HOUSE RD;TWO-WAY,DIVIDED,UNPROTECTED MEDIAN;DAYLIGHT;CLEAR;0;0;;STOP SIGN;PASSENGER CAR;PASSENGER CAR;NONE;NONE;;2016-04-13T09:16:11-04:00;2016;No;No;4;09
100 FEET FROM SHIRLEY DR;TWO-WAY,NOT DIVIDED;DAYLIGHT;CLOUDY;0;0;;NO CONTROL PRESENT;PICKUP;PICKUP;NONE;NONE;;2016-04-12T19:56:07-04:00;2016;No;No;4;19
10 FEET FROM SR 1315 (BUCK JONES RD.;TWO-WAY,DIVIDED,UNPROTECTED MEDIAN;DAYLIGHT;CLEAR;0;0;;STOP AND GO SIGNAL;SPORT UTILITY;PASSENGER CAR;NONE;NONE;;2016-04-13T16:46:37-04:00;2016;No;No;4;16
.10 MILES FROM PVA OF 1700 REGENCY PKWY;TWO-WAY,NOT DIVIDED;DAYLIGHT;CLEAR;0;0;;NO CONTROL PRESENT;PASSENGER CAR;PASSENGER CAR;NONE;NONE;;2016-04-13T14:51:46-04:00;2016;No;No;4;14
.1 MILES FROM SR 1628 (OKELLY CHAPEL RD);TWO-WAY,DIVIDED,UNPROTECTED MEDIAN;DAYLIGHT;CLEAR;0;0;;NO CONTROL PRESENT;PASSENGER CAR;SPORT UTILITY;NONE;NONE;;2016-04-14T09:21:25-04:00;2016;No;No;4;09
CARY;TWO-WAY,DIVIDED,UNPROTECTED MEDIAN;DAYLIGHT;CLEAR;0;0;;STOP AND GO SIGNAL;VAN;SPORT UTILITY;NONE;NONE;;2016-04-13T08:03:50-04:00;2016;No;No;4;08
400 FEET FROM SR 1653 (EVANS RD);TWO-WAY,NOT DIVIDED;DARK - LIGHTED ROADWAY;CLEAR;0;0;;NO CONTROL PRESENT;PASSENGER CAR;NONE;NONE;NONE;;2016-04-16T01:01:40-04:00;2016;No;No;4;01
482 FEET FROM P.V.A. 2010 KILDAIRE FARM RD;ONE-WAY,NOT DIVIDED;DAYLIGHT;CLEAR;0;0;;NO CONTROL PRESENT;PICKUP;NONE;NONE;NONE;;2016-04-14T01:35:46-04:00;2016;No;No;4;01
400 FEET FROM 1206 W CHATHAM ST;TWO-WAY,NOT DIVIDED;DAYLIGHT;CLEAR;0;0;;NO CONTROL PRESENT;PASSENGER CAR;PASSENGER CAR;NONE;NONE;;2016-04-15T14:15:11-04:00;2016;No;No;4;14
CARY;TWO-WAY,NOT DIVIDED;DAYLIGHT;CLEAR;0;0;;NO CONTROL PRESENT;SPORT UTILITY;PICKUP;NONE;NONE;;2016-04-18T14:00:22-04:00;2016;No;No;4;14
CARY;NONE;NONE;NONE;0;0;;;SPORT UTILITY;NONE;NONE;NONE;;2016-03-07T17:51:00-05:00;2016;No;No;3;17
.2 MILES FROM MORRISVILLE PKWY;TWO-WAY,DIVIDED,UNPROTECTED MEDIAN;DAYLIGHT;CLEAR;0;0;;STOP AND GO SIGNAL;PICKUP;PASSENGER CAR;NONE;NONE;;2016-04-18T14:58:19-04:00;2016;No;No;4;14
CARY;TWO-WAY,DIVIDED,UNPROTECTED MEDIAN;DAYLIGHT;CLEAR;0;0;;STOP AND GO SIGNAL;PICKUP;VAN;NONE;NONE;;2016-04-19T15:53:52-04:00;2016;No;No;4;15
5 FEET FROM LOUIS STEPHENS DR;TWO-WAY,NOT DIVIDED;DAYLIGHT;CLEAR;0;0;;NO CONTROL PRESENT;PASSENGER CAR;PASSENGER CAR;NONE;NONE;;2016-04-19T15:25:20-04:00;2016;No;No;4;15
.10 MILES FROM SR 1652 (N HARRISON AVE);TWO-WAY,NOT DIVIDED;DAYLIGHT;CLEAR;0;0;;NO CONTROL PRESENT;PASSENGER CAR;PASSENGER CAR;NONE;NONE;;2016-04-19T16:16:55-04:00;2016;No;No;4;16
CARY;TWO-WAY,NOT DIVIDED;DAYLIGHT;CLEAR;0;0;;STOP AND GO SIGNAL;PASSENGER CAR;NONE;NONE;NONE;;2016-04-20T16:54:46-04:00;2016;No;No;4;16
.1 MILES FROM 311 N MONTREAL CT;TWO-WAY,NOT DIVIDED;DAYLIGHT;CLEAR;0;0;;NO CONTROL PRESENT;SPORT UTILITY;PASSENGER CAR;NONE;NONE;;2016-04-21T12:30:00-04:00;2016;No;No;4;12
0 FEET FROM US 64 HWY;TWO-WAY,DIVIDED,UNPROTECTED MEDIAN;DAYLIGHT;CLEAR;0;1;;STOP AND GO SIGNAL;VAN;SPORT UTILITY;PASSENGER CAR;NONE;;2016-04-22T07:57:59-04:00;2016;No;Yes;4;07
200 FEET FROM DRYSTACK WAY;TWO-WAY,NOT DIVIDED;DAYLIGHT;CLEAR;0;0;;NO CONTROL PRESENT;PASSENGER CAR;NONE;NONE;NONE;;2016-04-19T11:24:00-04:00;2016;No;No;4;11
CARY;TWO-WAY,NOT DIVIDED;DAYLIGHT;RAIN;0;1;;NO CONTROL PRESENT;PASSENGER CAR;PASSENGER CAR;NONE;NONE;;2016-04-22T15:20:20-04:00;2016;No;Yes;4;15
CARY;TWO-WAY,DIVIDED,POSITIVE MEDIAN BARRIER;DAYLIGHT;CLEAR;0;0;;STOP AND GO SIGNAL;PICKUP;SPORT UTILITY;NONE;NONE;;2016-04-24T09:13:03-04:00;2016;No;No;4;09
.1 MILES FROM PVA OF 3400 KILDAIRE FARM RD;TWO-WAY,NOT DIVIDED;DAYLIGHT;CLEAR;0;0;;NO CONTROL PRESENT;PASSENGER CAR;PASSENGER CAR;NONE;NONE;;2016-04-24T13:58:25-04:00;2016;No;No;4;13
60 FEET FROM P.V.A. 3000 WATERFORD FOREST C;TWO-WAY,NOT DIVIDED;DARK - LIGHTED ROADWAY;CLEAR;0;0;;NO CONTROL PRESENT;PASSENGER CAR;PASSENGER CAR;NONE;NONE;;2016-04-24T23:53:00-04:00;2016;No;No;4;23
25 FEET FROM SR#1613 (DAVIS DR);TWO-WAY,DIVIDED,UNPROTECTED MEDIAN;DAYLIGHT;CLEAR;0;0;;STOP AND GO SIGNAL;SPORT UTILITY;SPORT UTILITY;NONE;NONE;;2016-04-21T16:51:08-04:00;2016;No;No;4;16
CARY;TWO-WAY,NOT DIVIDED;DAYLIGHT;RAIN;0;0;;STOP SIGN;PASSENGER CAR;PASSENGER CAR;NONE;NONE;;2016-04-22T16:43:41-04:00;2016;No;No;4;16
91 FEET FROM SR 1652 (N HARRISON AV;TWO-WAY,NOT DIVIDED;DAYLIGHT;RAIN;0;0;;NO CONTROL PRESENT;PASSENGER CAR;PASSENGER CAR;NONE;NONE;;2016-04-22T17:57:23-04:00;2016;No;No;4;17
CARY;TWO-WAY,NOT DIVIDED;DAYLIGHT;CLOUDY;0;1;;STOP SIGN;SPORT UTILITY;PASSENGER CAR;NONE;NONE;;2016-04-22T13:14:42-04:00;2016;No;Yes;4;13
1 FEET FROM PVA 1550 BUCK JONES RD;ONE-WAY,NOT DIVIDED;DAYLIGHT;RAIN;0;0;;NO CONTROL PRESENT;SPORT UTILITY;NONE;NONE;NONE;;2016-04-22T16:51:24-04:00;2016;No;No;4;16
50 FEET FROM PVA 1412 PRESTON GROVE AVE;TWO-WAY,NOT DIVIDED;DAYLIGHT;CLEAR;0;0;;NO CONTROL PRESENT;PASSENGER CAR;PASSENGER CAR;NONE;NONE;;2016-04-23T13:43:01-04:00;2016;No;No;4;13
300 FEET FROM 201 HARRISON OAKS BLVD;TWO-WAY,NOT DIVIDED;DAYLIGHT;CLOUDY;0;0;;NO CONTROL PRESENT;PASSENGER CAR;VAN;NONE;NONE;;2016-04-23T15:29:27-04:00;2016;No;No;4;15
100 FEET FROM P.V.A OF 1299 KILDAIRE FARM RD;ONE-WAY,NOT DIVIDED;DAYLIGHT;CLEAR;0;2;;NO CONTROL PRESENT;SPORT UTILITY;NONE;NONE;NONE;;2016-04-23T14:21:08-04:00;2016;No;Yes;4;14
50 FEET FROM 1528 DAVIS DR (SR 1613);ONE-WAY,NOT DIVIDED;DAYLIGHT;CLEAR;0;0;;NO CONTROL PRESENT;PASSENGER CAR;PASSENGER CAR;NONE;NONE;;2016-04-24T10:33:00-04:00;2016;No;No;4;10
CARY;TWO-WAY,DIVIDED,UNPROTECTED MEDIAN;DAYLIGHT;CLEAR;0;0;;STOP AND GO SIGNAL;PASSENGER CAR;PASSENGER CAR;NONE;NONE;;2016-04-25T17:09:44-04:00;2016;No;No;4;17
CARY;TWO-WAY,DIVIDED,UNPROTECTED MEDIAN;DARK - LIGHTED ROADWAY;CLEAR;0;0;;STOP SIGN;SPORT UTILITY;VAN;NONE;NONE;;2016-04-24T01:35:43-04:00;2016;No;No;4;01
50 FEET FROM 642 MIDDLETON AV (PVA);TWO-WAY,NOT DIVIDED;NONE;CLEAR;0;0;;NO CONTROL PRESENT;NONE;PASSENGER CAR;NONE;NONE;;2016-04-24T11:18:00-04:00;2016;No;No;4;11
300 FEET FROM PVA OF 1505 SW CARY PKWY;TWO-WAY,NOT DIVIDED;DAYLIGHT;CLEAR;0;0;;NO CONTROL PRESENT;PASSENGER CAR;PASSENGER CAR;NONE;NONE;;2016-04-26T14:10:01-04:00;2016;No;No;4;14
30 FEET FROM SR 3081 (CHAPEL HILL RD);TWO-WAY,NOT DIVIDED;DAYLIGHT;CLEAR;0;0;;NO CONTROL PRESENT;TRUCK/TRAILER;PASSENGER CAR;NONE;NONE;;2016-04-26T13:19:03-04:00;2016;No;No;4;13
50 FEET FROM SR 1300 (KILDAIRE FARM);TWO-WAY,DIVIDED,UNPROTECTED MEDIAN;DAYLIGHT;CLEAR;0;0;;STOP AND GO SIGNAL;PASSENGER CAR;PASSENGER CAR;NONE;NONE;;2016-04-26T19:00:26-04:00;2016;No;No;4;19
CARY;TWO-WAY,NOT DIVIDED;DAYLIGHT;CLEAR;0;0;;NO CONTROL PRESENT;SPORT UTILITY;NONE;NONE;NONE;;2016-04-27T15:17:44-04:00;2016;No;No;4;15
100 FEET FROM EVANS ESTATES DR;TWO-WAY,NOT DIVIDED;DAYLIGHT;CLEAR;0;0;;NO CONTROL PRESENT;VAN;PASSENGER CAR;NONE;NONE;;2016-04-27T14:26:28-04:00;2016;No;No;4;14
70 FEET FROM PVA OF 1343 KILDAIRE FARM RD;TWO-WAY,NOT DIVIDED;DAYLIGHT;CLEAR;0;0;;NO CONTROL PRESENT;PASSENGER CAR;PASSENGER CAR;NONE;NONE;;2016-04-25T12:52:00-04:00;2016;No;No;4;12
30 FEET FROM SR 1011 (W CHATHAM ST);TWO-WAY,NOT DIVIDED;DAYLIGHT;CLEAR;0;0;;NO CONTROL PRESENT;PASSENGER CAR;PASSENGER CAR;NONE;NONE;;2016-04-27T22:27:00-04:00;2016;No;No;4;22
CARY;TWO-WAY,NOT DIVIDED;DAYLIGHT;CLEAR;0;0;;NO CONTROL PRESENT;PICKUP;SPORT UTILITY;NONE;NONE;;2016-04-28T17:09:01-04:00;2016;No;No;4;17
50 FEET FROM SR 1615 (HIGH HOUSE RD);TWO-WAY,DIVIDED,UNPROTECTED MEDIAN;DAYLIGHT;CLEAR;0;0;;STOP AND GO SIGNAL;PASSENGER CAR;SPORT UTILITY;NONE;NONE;;2016-04-28T15:56:26-04:00;2016;No;No;4;15
25 FEET FROM SR 3977 (NW CARY PKWY);TWO-WAY,DIVIDED,UNPROTECTED MEDIAN;DAYLIGHT;CLEAR;0;0;;STOP SIGN;PASSENGER CAR;SPORT UTILITY;NONE;NONE;;2016-04-27T07:21:32-04:00;2016;No;No;4;07
.12 MILES FROM PVA 6770 MCCRIMMON PKWY;TWO-WAY,NOT DIVIDED;DAYLIGHT;CLEAR;0;0;;NO CONTROL PRESENT;SPORT UTILITY;SPORT UTILITY;NONE;NONE;;2016-04-26T07:41:25-04:00;2016;No;No;4;07
CARY;TWO-WAY,DIVIDED,UNPROTECTED MEDIAN;DAYLIGHT;CLEAR;0;0;;STOP AND GO SIGNAL;LIGHT TRUCK (MINI-VAN- PANEL);PASSENGER CAR;NONE;NONE;;2016-04-28T13:59:02-04:00;2016;No;No;4;13
20 FEET FROM SR-1300 (KILDAIRE FARM RD);TWO-WAY,NOT DIVIDED;DAYLIGHT;CLOUDY;0;0;;NO CONTROL PRESENT;PICKUP;PICKUP;NONE;NONE;;2016-04-28T18:25:09-04:00;2016;No;No;4;18
.2 MILES FROM SAS CAMPUS DR;TWO-WAY,NOT DIVIDED;DAYLIGHT;RAIN;0;0;;NO CONTROL PRESENT;PASSENGER CAR;PASSENGER CAR;NONE;NONE;;2016-04-28T17:43:54-04:00;2016;No;No;4;17
.25 MILES FROM UPCHURCH FARM LN;TWO-WAY,NOT DIVIDED;DAYLIGHT;CLEAR;0;0;;NO CONTROL PRESENT;SPORT UTILITY;PICKUP;NONE;NONE;;2016-04-26T11:03:00-04:00;2016;No;No;4;11
300 FEET FROM 4000 LOUIS STEPHEN DR;TWO-WAY,NOT DIVIDED;DAYLIGHT;CLEAR;0;0;;NO CONTROL PRESENT;PASSENGER CAR;PASSENGER CAR;NONE;NONE;;2016-04-26T12:42:00-04:00;2016;No;No;4;12
100 FEET FROM PARKSIDE GREEN ST;NONE;DAYLIGHT;CLEAR;0;0;;NO CONTROL PRESENT;VAN;PASSENGER CAR;NONE;NONE;;2016-04-27T06:57:53-04:00;2016;No;No;4;06
300 FEET FROM SR1415 (SW MAYNARD RD);TWO-WAY,NOT DIVIDED;DAYLIGHT;CLEAR;0;0;;NO CONTROL PRESENT;VAN;PASSENGER CAR;NONE;NONE;;2016-04-29T15:17:51-04:00;2016;No;No;4;15
.1 MILES FROM SR-1009 TRYON RD;TWO-WAY,DIVIDED,UNPROTECTED MEDIAN;DAYLIGHT;CLEAR;0;0;;NO CONTROL PRESENT;PASSENGER CAR;PASSENGER CAR;PASSENGER CAR;PICKUP;;2016-04-29T17:23:46-04:00;2016;No;No;4;17
713 FEET FROM DAVIS DR 1613;TWO-WAY,DIVIDED,POSITIVE MEDIAN BARRIER;DAYLIGHT;CLEAR;0;1;;STOP AND GO SIGNAL;SPORT UTILITY;PASSENGER CAR;NONE;NONE;;2016-04-28T21:28:25-04:00;2016;No;Yes;4;21
CARY;TWO-WAY,DIVIDED,UNPROTECTED MEDIAN;DARK - LIGHTED ROADWAY;CLEAR;0;1;;DOUBLE YELLOW LINE, NO PASSING ZONE;PASSENGER CAR;NONE;NONE;NONE;;2016-05-01T22:31:00-04:00;2016;No;Yes;5;22
CARY;TWO-WAY,DIVIDED,UNPROTECTED MEDIAN;DARK - LIGHTED ROADWAY;CLEAR;0;1;;STOP AND GO SIGNAL;PASSENGER CAR;PASSENGER CAR;NONE;NONE;;2016-05-01T22:52:00-04:00;2016;No;Yes;5;22
CARY;TWO-WAY,DIVIDED,POSITIVE MEDIAN BARRIER;DAYLIGHT;CLEAR;0;3;;STOP AND GO SIGNAL;PASSENGER CAR;PASSENGER CAR;PASSENGER CAR;NONE;;2016-04-30T10:20:00-04:00;2016;No;Yes;4;10
30 FEET FROM KILMAYNE DR;TWO-WAY,DIVIDED,UNPROTECTED MEDIAN;NONE;RAIN;0;0;;STOP AND GO SIGNAL;NONE;NONE;NONE;NONE;;2016-05-03T06:59:35-04:00;2016;No;No;5;06
.25 MILES FROM US HWY 1 SOUTH;TWO-WAY,DIVIDED,POSITIVE MEDIAN BARRIER;DAYLIGHT;CLEAR;0;0;;NO CONTROL PRESENT;SINGLE UNIT TRUCK (2-AXLE- 6-TIRE);PICKUP;NONE;NONE;;2016-05-02T10:48:00-04:00;2016;No;No;5;10
0.098 MILES FROM SR 3073 (NW MAYNARD RD);TWO-WAY,DIVIDED,UNPROTECTED MEDIAN;DAYLIGHT;CLEAR;0;0;;NO CONTROL PRESENT;PICKUP;NONE;NONE;NONE;;2016-05-03T15:05:14-04:00;2016;No;No;5;15
.10 MILES FROM SR 1011 (E CHATHAM ST);TWO-WAY,DIVIDED,UNPROTECTED MEDIAN;DAYLIGHT;RAIN;0;0;;STOP SIGN;PASSENGER CAR;PICKUP;NONE;NONE;;2016-05-03T19:47:31-04:00;2016;No;No;5;19
CARY;TWO-WAY,DIVIDED,UNPROTECTED MEDIAN;DAYLIGHT;CLEAR;0;0;;STOP AND GO SIGNAL;PASSENGER CAR;PASSENGER CAR;NONE;NONE;;2016-04-21T23:23:00-04:00;2016;No;No;4;23
CARY;TWO-WAY,DIVIDED,UNPROTECTED MEDIAN;DAYLIGHT;CLEAR;0;0;;NO CONTROL PRESENT;SPORT UTILITY;SPORT UTILITY;PASSENGER CAR;NONE;;2016-04-19T22:45:00-04:00;2016;No;No;4;22
CARY;TWO-WAY,NOT DIVIDED;DAYLIGHT;CLEAR;0;0;;STOP AND GO SIGNAL;PICKUP;NONE;NONE;NONE;;2016-05-04T15:11:25-04:00;2016;No;No;5;15