Location_Description;Road_Configuration;Light_Condition;Weather;Fatality;Injury;Contributing_Factor;Traffic_Control;Vehicle1;Vehicle2;Vehicle3;Vehicle4;Vehicle5;Crash_Date;year;Fatalities;Injuries;Month;Hour
200 FEET FROM SR1652 (N HARRISON AV);TWO-WAY,NOT DIVIDED;DAYLIGHT;CLEAR;0;0;;NO CONTROL PRESENT;VAN;SPORT UTILITY;NONE;NONE;;2016-06-18T07:59:00-04:00;2016;No;No;6;07
12 FEET FROM PINEY PLAINS RD;TWO-WAY,NOT DIVIDED;DARK - LIGHTED ROADWAY;CLEAR;0;0;;NO CONTROL PRESENT;PASSENGER CAR;NONE;NONE;NONE;;2016-06-19T02:43:06-04:00;2016;No;No;6;02
200 FEET FROM DRIVEWAY OF 1207 BROADFORD DR;ONE-WAY,NOT DIVIDED;DARK - ROADWAY NOT LIGHTED;CLEAR;0;0;;NO CONTROL PRESENT;SPORT UTILITY;NONE;NONE;NONE;;2016-06-19T00:17:00-04:00;2016;No;No;6;00
350 FEET FROM SR 1300 (KILDAIRE FARM RD.;TWO-WAY,NOT DIVIDED;DAYLIGHT;RAIN;0;0;;NO CONTROL PRESENT;PASSENGER CAR;LIGHT TRUCK (MINI-VAN- PANEL);NONE;NONE;;2016-06-17T17:08:55-04:00;2016;No;No;6;17
220 FEET FROM SR1415 NE MAYNARD RD;TWO-WAY,NOT DIVIDED;DAYLIGHT;CLOUDY;0;0;;NO CONTROL PRESENT;VAN;SPORT UTILITY;NONE;NONE;;2016-06-17T18:11:05-04:00;2016;No;No;6;18
0.11 MILES FROM PVA (2021 WALNUT ST);TWO-WAY,NOT DIVIDED;DUSK;CLEAR;0;3;;NO CONTROL PRESENT;PASSENGER CAR;PASSENGER CAR;NONE;NONE;;2016-06-16T20:25:33-04:00;2016;No;Yes;6;20
CARY;TWO-WAY,NOT DIVIDED;DAYLIGHT;CLEAR;0;0;;STOP AND GO SIGNAL;PASSENGER CAR;VAN;NONE;NONE;;2016-06-18T16:35:25-04:00;2016;No;No;6;16
88 FEET FROM PARKSIDE MAIN ST. PVA;TWO-WAY,NOT DIVIDED;DAYLIGHT;CLEAR;0;0;;NO CONTROL PRESENT;POLICE;PICKUP;NONE;NONE;;2016-06-16T12:41:00-04:00;2016;No;No;6;12
150 FEET FROM PVA 4244 NW CARY PARKWAY;TWO-WAY,NOT DIVIDED;DAYLIGHT;CLOUDY;0;0;;NO CONTROL PRESENT;PASSENGER CAR;PASSENGER CAR;NONE;NONE;;2016-06-17T21:48:44-04:00;2016;No;No;6;21
40 FEET FROM 429 CROSSROADS BLVD (PVA);TWO-WAY,NOT DIVIDED;DAYLIGHT;CLEAR;0;0;;NO CONTROL PRESENT;SPORT UTILITY;PASSENGER CAR;NONE;NONE;;2016-06-21T12:23:00-04:00;2016;No;No;6;12
.01 MILES FROM E JOHNSON ST;TWO-WAY,NOT DIVIDED;DAYLIGHT;CLEAR;0;0;;NO CONTROL PRESENT;PASSENGER CAR;NONE;NONE;NONE;;2016-06-21T12:01:00-04:00;2016;No;No;6;12
0 FEET FROM SR 1415 ( SW MAYNARD RD);TWO-WAY,NOT DIVIDED;DAYLIGHT;CLEAR;0;0;;STOP AND GO SIGNAL;SPORT UTILITY;PASSENGER CAR;NONE;NONE;;2016-06-21T16:27:41-04:00;2016;No;No;6;16
CARY;TWO-WAY,NOT DIVIDED;DAYLIGHT;CLEAR;0;0;;NO CONTROL PRESENT;PASSENGER CAR;PASSENGER CAR;NONE;NONE;;2016-06-22T22:07:00-04:00;2016;No;No;6;22
15 FEET FROM SR 1615 (HIGH HOUSE RD);TWO-WAY,DIVIDED,UNPROTECTED MEDIAN;DAYLIGHT;CLEAR;0;0;;NO CONTROL PRESENT;SPORT UTILITY;PASSENGER CAR;NONE;NONE;;2016-06-21T11:24:00-04:00;2016;No;No;6;11
.2 MILES FROM 112 ROSEDOWN DR;TWO-WAY,NOT DIVIDED;DAYLIGHT;CLEAR;0;0;;NO CONTROL PRESENT;VAN;PASSENGER CAR;NONE;NONE;;2016-06-23T13:44:36-04:00;2016;No;No;6;13
.13 MILES FROM YMCA 8921 HOLLY SPRINGS RD;NONE;NONE;NONE;0;0;;;NONE;NONE;NONE;NONE;;2016-06-17T22:52:00-04:00;2016;No;No;6;22
15 FEET FROM SR-1009 TRYON RD;TWO-WAY,DIVIDED,UNPROTECTED MEDIAN;DARK - LIGHTED ROADWAY;RAIN;0;0;;NO CONTROL PRESENT;PASSENGER CAR;PASSENGER CAR;NONE;NONE;;2016-06-23T23:00:00-04:00;2016;No;No;6;23
350 FEET FROM WRENN DR;TWO-WAY,DIVIDED,UNPROTECTED MEDIAN;DAYLIGHT;CLEAR;0;0;;NO CONTROL PRESENT;PASSENGER CAR;PASSENGER CAR;NONE;NONE;;2016-06-17T19:21:18-04:00;2016;No;No;6;19
100 FEET FROM BERWICK VALLEY LN;TWO-WAY,NOT DIVIDED;DAYLIGHT;CLOUDY;0;0;;NO CONTROL PRESENT;PASSENGER CAR;PASSENGER CAR;NONE;NONE;;2016-06-23T19:50:31-04:00;2016;No;No;6;19
50 FEET FROM PVA 1500 CARTECAY DR;TWO-WAY,NOT DIVIDED;DAYLIGHT;CLEAR;0;0;;NO CONTROL PRESENT;PASSENGER CAR;PASSENGER CAR;NONE;NONE;;2016-06-22T17:47:35-04:00;2016;No;No;6;17
30 FEET FROM PVA (611 NEW WAVERLY PL);ONE-WAY,NOT DIVIDED;DAYLIGHT;CLEAR;0;0;;NO CONTROL PRESENT;SPORT UTILITY;SPORT UTILITY;NONE;NONE;;2016-06-09T03:12:48-04:00;2016;No;No;6;03
CARY;TWO-WAY,DIVIDED,UNPROTECTED MEDIAN;DAYLIGHT;CLEAR;0;1;;STOP AND GO SIGNAL;PASSENGER CAR;NONE;NONE;NONE;;2016-06-22T00:38:00-04:00;2016;No;Yes;6;00
200 FEET FROM 981 HIGH HOUSE RD;TWO-WAY,NOT DIVIDED;DAYLIGHT;CLEAR;0;0;;NO CONTROL PRESENT;PASSENGER CAR;PASSENGER CAR;NONE;NONE;;2016-06-23T12:28:00-04:00;2016;No;No;6;12
200 FEET FROM HWY NC 55;TWO-WAY,DIVIDED,POSITIVE MEDIAN BARRIER;DAYLIGHT;CLEAR;0;0;;STOP AND GO SIGNAL;PASSENGER CAR;PICKUP;NONE;NONE;;2016-06-23T09:22:04-04:00;2016;No;No;6;09
CARY;TWO-WAY,NOT DIVIDED;DARK - LIGHTED ROADWAY;CLEAR;0;0;;STOP SIGN;PASSENGER CAR;PASSENGER CAR;NONE;NONE;;2016-06-24T21:30:48-04:00;2016;No;No;6;21
CARY;TWO-WAY,DIVIDED,UNPROTECTED MEDIAN;DAYLIGHT;CLEAR;0;0;;STOP SIGN;PASSENGER CAR;PASSENGER CAR;NONE;NONE;;2016-06-26T16:26:33-04:00;2016;No;No;6;16
20 FEET FROM WALDO ROOD BLVD;TWO-WAY,NOT DIVIDED;DAYLIGHT;CLEAR;0;0;;NO CONTROL PRESENT;PASSENGER CAR;PASSENGER CAR;NONE;NONE;;2016-06-24T16:55:03-04:00;2016;No;No;6;16
60 FEET FROM OKELLY CHAPEL RD (SR 1628);TWO-WAY,DIVIDED,POSITIVE MEDIAN BARRIER;DAYLIGHT;CLOUDY;0;0;;STOP AND GO SIGNAL;PASSENGER CAR;PASSENGER CAR;PASSENGER CAR;NONE;;2016-06-23T18:43:07-04:00;2016;No;No;6;18
34 FEET FROM PVA (204-212 CROSSROADS BLVD);TWO-WAY,NOT DIVIDED;DUSK;CLEAR;0;0;;NO CONTROL PRESENT;SPORT UTILITY;SPORT UTILITY;NONE;NONE;;2016-06-24T20:20:09-04:00;2016;No;No;6;20
.09 MILES FROM PVA OF 2370 WALNUT ST;TWO-WAY,NOT DIVIDED;DAYLIGHT;CLEAR;0;0;;NO CONTROL PRESENT;SPORT UTILITY;SPORT UTILITY;NONE;NONE;;2016-06-26T15:58:20-04:00;2016;No;No;6;15
100 FEET FROM CAROLYN CT;TWO-WAY,NOT DIVIDED;DAYLIGHT;CLOUDY;0;0;;NO CONTROL PRESENT;PASSENGER CAR;PASSENGER CAR;NONE;NONE;;2016-06-25T13:24:50-04:00;2016;No;No;6;13
CARY;TWO-WAY,NOT DIVIDED;DAYLIGHT;CLEAR;0;2;;STOP SIGN;PASSENGER CAR;PASSENGER CAR;NONE;NONE;;2016-06-26T09:21:41-04:00;2016;No;Yes;6;09
200 FEET FROM PVA 2791 NC 55 HWY;TWO-WAY,NOT DIVIDED;DAYLIGHT;CLEAR;0;0;;NO CONTROL PRESENT;PICKUP;PICKUP;NONE;NONE;;2016-06-27T12:40:00-04:00;2016;No;No;6;12
CARY;NONE;NONE;NONE;0;0;;;NONE;NONE;NONE;NONE;;2016-06-28T05:30:39-04:00;2016;No;No;6;05
.05 MILES FROM PVA OF 237 CROSSROADS BLVD;TWO-WAY,NOT DIVIDED;DAYLIGHT;CLEAR;0;0;;NO CONTROL PRESENT;PASSENGER CAR;PASSENGER CAR;NONE;NONE;;2016-06-27T12:17:00-04:00;2016;No;No;6;12
251 FEET FROM  PVA (1151 TRYON VILLAGE DR);TWO-WAY,NOT DIVIDED;DAYLIGHT;RAIN;0;0;;NO CONTROL PRESENT;SPORT UTILITY;PASSENGER CAR;NONE;NONE;;2016-06-28T13:50:25-04:00;2016;No;No;6;13
.28 MILES FROM US 1 HWY;TWO-WAY,DIVIDED,POSITIVE MEDIAN BARRIER;DAYLIGHT;CLEAR;0;0;;NO CONTROL PRESENT;PASSENGER CAR;PASSENGER CAR;NONE;NONE;;2016-06-29T08:19:39-04:00;2016;No;No;6;08
.1 MILES FROM SR 1613 (DAVIS DR);TWO-WAY,DIVIDED,UNPROTECTED MEDIAN;DAYLIGHT;CLEAR;0;0;;NO CONTROL PRESENT;SPORT UTILITY;PICKUP;NONE;NONE;;2016-06-29T13:46:23-04:00;2016;No;No;6;13
.10 MILES FROM ( SR 1615 ) HIGH HOUSE RD;TWO-WAY,NOT DIVIDED;DAYLIGHT;CLEAR;0;0;FAILURE TO YIELD RIGHT OF WAY;NO CONTROL PRESENT;PASSENGER CAR;PASSENGER CAR;NONE;NONE;;2016-06-30T13:18:47-04:00;2016;No;No;6;13
0 FEET FROM E DURHAM ST;TWO-WAY,NOT DIVIDED;DAYLIGHT;CLEAR;0;0;;STOP SIGN;PICKUP;SPORT UTILITY;NONE;NONE;;2016-06-24T12:32:00-04:00;2016;No;No;6;12
20 FEET FROM PVA 1255 CRESCENT GREEN DRIVE;TWO-WAY,NOT DIVIDED;DAYLIGHT;CLEAR;0;0;;NO CONTROL PRESENT;NONE;SPORT UTILITY;NONE;NONE;;2016-06-30T11:46:00-04:00;2016;No;No;6;11
10 FEET FROM SR#1319 (JONES FRANKLIN ROAD);TWO-WAY,DIVIDED,UNPROTECTED MEDIAN;DAYLIGHT;CLEAR;0;1;;STOP AND GO SIGNAL;SPORT UTILITY;SPORT UTILITY;NONE;NONE;;2016-07-01T08:13:51-04:00;2016;No;Yes;7;08
20 FEET FROM SR 1009 (TRYON RD);TWO-WAY,DIVIDED,UNPROTECTED MEDIAN;DAYLIGHT;CLEAR;0;1;;STOP AND GO SIGNAL;PASSENGER CAR;PASSENGER CAR;NONE;NONE;;2016-07-01T07:41:11-04:00;2016;No;Yes;7;07
80 FEET FROM PVA OF 162 PEBBLE CREEK DR;TWO-WAY,NOT DIVIDED;DAYLIGHT;CLEAR;0;0;;NO CONTROL PRESENT;PASSENGER CAR;PASSENGER CAR;NONE;NONE;;2016-07-01T10:03:00-04:00;2016;No;No;7;10
20 FEET FROM CROSSROADS BLVD;TWO-WAY,DIVIDED,UNPROTECTED MEDIAN;DAYLIGHT;CLEAR;0;0;;STOP SIGN;PICKUP;PASSENGER CAR;NONE;NONE;;2016-07-01T12:32:00-04:00;2016;No;No;7;12
.07 MILES FROM FINCASTLE DR;TWO-WAY,NOT DIVIDED;DAYLIGHT;CLEAR;0;0;;STOP SIGN;PASSENGER CAR;NONE;NONE;NONE;;2016-06-27T18:59:10-04:00;2016;No;No;6;18
.02 MILES FROM KILDAIRE FARM RD;TWO-WAY,NOT DIVIDED;DAYLIGHT;CLEAR;0;0;;NO CONTROL PRESENT;PASSENGER CAR;PICKUP;NONE;NONE;;2016-07-01T15:28:40-04:00;2016;No;No;7;15
0.12 MILES FROM PVA (100 MACALYSON CT);TWO-WAY,NOT DIVIDED;DAYLIGHT;CLEAR;0;0;;NO CONTROL PRESENT;NONE;SPORT UTILITY;NONE;NONE;;2016-06-29T16:12:33-04:00;2016;No;No;6;16
400 FEET FROM 1105 WALNUT ST (PVA);TWO-WAY,NOT DIVIDED;DARK - ROADWAY NOT LIGHTED;RAIN;0;0;;NO CONTROL PRESENT;SPORT UTILITY;SPORT UTILITY;NONE;NONE;;2016-06-30T23:15:00-04:00;2016;No;No;6;23
1 MILES FROM CARY TOWNE BLVD;TWO-WAY,DIVIDED,UNPROTECTED MEDIAN;DAYLIGHT;RAIN;0;0;;NO CONTROL PRESENT;PASSENGER CAR;NONE;NONE;NONE;;2016-07-04T09:10:16-04:00;2016;No;No;7;09
.4 MILES FROM SR 1731 (OKELLY CHAPEL RD);TWO-WAY,DIVIDED,UNPROTECTED MEDIAN;DAYLIGHT;CLEAR;0;0;;NO CONTROL PRESENT;PASSENGER CAR;SPORT UTILITY;NONE;NONE;;2016-07-02T16:43:50-04:00;2016;No;No;7;16
60 FEET FROM NC 54 (CHAPEL HILL RD);TWO-WAY,DIVIDED,UNPROTECTED MEDIAN;DAYLIGHT;CLEAR;0;0;;NO CONTROL PRESENT;PICKUP;PASSENGER CAR;NONE;NONE;;2016-07-05T08:51:30-04:00;2016;No;No;7;08
1 FEET FROM RUTHERGLEN DR;TWO-WAY,NOT DIVIDED;DAYLIGHT;CLEAR;0;0;;STOP SIGN;PASSENGER CAR;SPORT UTILITY;NONE;NONE;;2016-07-06T12:22:00-04:00;2016;No;No;7;12
300 FEET FROM 7135 OKELLY CHAPEL RD;TWO-WAY,NOT DIVIDED;DAYLIGHT;CLEAR;0;0;;STOP SIGN;PASSENGER CAR;PASSENGER CAR;NONE;NONE;;2016-07-07T12:28:00-04:00;2016;No;No;7;12
100 FEET FROM 100 LATTNER CT;TWO-WAY,NOT DIVIDED;DAYLIGHT;CLEAR;0;0;;NO CONTROL PRESENT;NONE;NONE;NONE;NONE;;2016-07-06T13:50:04-04:00;2016;No;No;7;13
200 FEET FROM HIGHWOOD PINES PL;TWO-WAY,NOT DIVIDED;DARK - LIGHTED ROADWAY;CLEAR;0;0;;NO CONTROL PRESENT;PASSENGER CAR;PASSENGER CAR;NONE;NONE;;2016-07-06T21:39:47-04:00;2016;No;No;7;21
.25 MILES FROM CROSSROADS BLVD;TWO-WAY,DIVIDED,UNPROTECTED MEDIAN;DAYLIGHT;CLEAR;0;0;;NO CONTROL PRESENT;SPORT UTILITY;PASSENGER CAR;NONE;NONE;;2016-07-06T21:44:43-04:00;2016;No;No;7;21
150 FEET FROM SR 1652 (N HARRISON AVE);TWO-WAY,DIVIDED,UNPROTECTED MEDIAN;DAYLIGHT;CLEAR;0;0;;NO CONTROL PRESENT;PICKUP;PASSENGER CAR;NONE;NONE;;2016-07-07T14:17:12-04:00;2016;No;No;7;14
200 FEET FROM SR 1300 (KILDAIRE FARM RD);TWO-WAY,NOT DIVIDED;DAYLIGHT;CLEAR;0;0;;NO CONTROL PRESENT;PASSENGER CAR;PASSENGER CAR;VAN;NONE;;2016-07-08T16:12:29-04:00;2016;No;No;7;16
30 FEET FROM SR 1652 (N HARRISON AVE);TWO-WAY,DIVIDED,UNPROTECTED MEDIAN;DAYLIGHT;CLEAR;0;1;;STOP AND GO SIGNAL;PICKUP;PASSENGER CAR;PASSENGER CAR;NONE;;2016-07-07T15:57:16-04:00;2016;No;Yes;7;15
0 FEET FROM SR 3090 (WESTON PARKWAY);TWO-WAY,DIVIDED,UNPROTECTED MEDIAN;DAYLIGHT;CLEAR;0;0;;STOP AND GO SIGNAL;PASSENGER CAR;PASSENGER CAR;SPORT UTILITY;NONE;;2016-07-08T15:07:00-04:00;2016;No;No;7;15
0 FEET FROM SR 3977 (CARY PARKWAY);TWO-WAY,DIVIDED,UNPROTECTED MEDIAN;DAYLIGHT;CLEAR;0;2;;STOP SIGN;PASSENGER CAR;PASSENGER CAR;NONE;NONE;;2016-07-08T15:57:09-04:00;2016;No;Yes;7;15
0 FEET FROM SR 3014 (MORRISVILLECARPENTER);TWO-WAY,DIVIDED,UNPROTECTED MEDIAN;DAYLIGHT;CLEAR;0;0;;STOP SIGN;PASSENGER CAR;SPORT UTILITY;NONE;NONE;;2016-07-10T13:44:34-04:00;2016;No;No;7;13
.10 MILES FROM SR3977 (SE CARY PKWY);TWO-WAY,DIVIDED,UNPROTECTED MEDIAN;DAYLIGHT;CLEAR;0;1;;NO CONTROL PRESENT;PASSENGER CAR;SPORT UTILITY;NONE;NONE;;2016-07-10T19:30:11-04:00;2016;No;Yes;7;19
0.47 MILES FROM U.S. 64 HWY OFF RAMP;TWO-WAY,DIVIDED,UNPROTECTED MEDIAN;DAYLIGHT;CLEAR;0;0;;STOP AND GO SIGNAL;PICKUP;PASSENGER CAR;NONE;NONE;;2016-07-12T07:38:58-04:00;2016;No;No;7;07
50 FEET FROM US 1;TWO-WAY,DIVIDED,POSITIVE MEDIAN BARRIER;DAYLIGHT;CLEAR;0;0;;NO CONTROL PRESENT;SINGLE UNIT TRUCK (2-AXLE- 6-TIRE);PASSENGER CAR;NONE;NONE;;2016-07-12T13:17:37-04:00;2016;No;No;7;13
0 FEET FROM SR 1300 KILDAIRE FARM RD;TWO-WAY,DIVIDED,UNPROTECTED MEDIAN;DAYLIGHT;CLEAR;0;0;;STOP AND GO SIGNAL;SPORT UTILITY;PASSENGER CAR;NONE;NONE;;2016-07-11T16:05:31-04:00;2016;No;No;7;16
CARY;TWO-WAY,NOT DIVIDED;DUSK;CLEAR;0;0;;NO CONTROL PRESENT;PASSENGER CAR;VAN;NONE;NONE;;2016-07-13T22:10:00-04:00;2016;No;No;7;22
30 FEET FROM VALLONIA DR;TWO-WAY,NOT DIVIDED;DAYLIGHT;CLEAR;0;0;;NO CONTROL PRESENT;SINGLE UNIT TRUCK (2-AXLE- 6-TIRE);PICKUP;NONE;NONE;;2016-07-14T11:14:00-04:00;2016;No;No;7;11
.1 MILES FROM P.V.A. 820 SAS CAMPUS DR;TWO-WAY,NOT DIVIDED;DAYLIGHT;CLEAR;0;0;;NO CONTROL PRESENT;PASSENGER CAR;SPORT UTILITY;NONE;NONE;;2016-07-15T13:20:23-04:00;2016;No;No;7;13
80 FEET FROM 1803 N HARRISON AVE;ONE-WAY,NOT DIVIDED;DAYLIGHT;CLEAR;0;0;;NO CONTROL PRESENT;PASSENGER CAR;PASSENGER CAR;NONE;NONE;;2016-07-12T12:44:00-04:00;2016;No;No;7;12
CARY;TWO-WAY,NOT DIVIDED;DAYLIGHT;CLEAR;0;0;FAILURE TO YIELD RIGHT OF WAY;NO CONTROL PRESENT;PASSENGER CAR;NONE;NONE;NONE;;2016-07-11T14:50:40-04:00;2016;No;No;7;14
CARY;TWO-WAY,NOT DIVIDED;DAYLIGHT;CLEAR;0;0;;NO CONTROL PRESENT;SPORT UTILITY;SPORT UTILITY;NONE;NONE;;2016-07-15T15:29:02-04:00;2016;No;No;7;15
200 FEET FROM PVA 151 SE CARY PARKWAY;ONE-WAY,NOT DIVIDED;DAYLIGHT;CLEAR;0;0;;NO CONTROL PRESENT;PASSENGER CAR;PASSENGER CAR;NONE;NONE;;2016-07-14T15:44:02-04:00;2016;No;No;7;15
15 FEET FROM US 1 HWY SB EXIT RAMP 98B;ONE-WAY,NOT DIVIDED;DAYLIGHT;CLEAR;0;0;;STOP AND GO SIGNAL;PICKUP;SPORT UTILITY;NONE;NONE;;2016-07-15T14:31:21-04:00;2016;No;No;7;14
10 FEET FROM NC 55 HWY NC 55;TWO-WAY,DIVIDED,POSITIVE MEDIAN BARRIER;DAYLIGHT;CLEAR;0;0;;FLASHING STOP AND GO SIGNAL;PASSENGER CAR;SPORT UTILITY;NONE;NONE;;2016-07-14T10:56:00-04:00;2016;No;No;7;10
200 FEET FROM US 1 HWY;TWO-WAY,DIVIDED,POSITIVE MEDIAN BARRIER;DARK - LIGHTED ROADWAY;RAIN;0;0;;NO CONTROL PRESENT;PASSENGER CAR;PASSENGER CAR;NONE;NONE;;2016-07-17T01:14:24-04:00;2016;No;No;7;01
100 FEET FROM PVA 2100 AUTO PARK BLVD;TWO-WAY,NOT DIVIDED;DAYLIGHT;CLEAR;0;0;;NO CONTROL PRESENT;PASSENGER CAR;PASSENGER CAR;NONE;NONE;;2016-07-16T15:20:33-04:00;2016;No;No;7;15
70 FEET FROM PVA 121 TEAM HENDRICK WAY;TWO-WAY,NOT DIVIDED;DAYLIGHT;CLEAR;0;0;;NO CONTROL PRESENT;PASSENGER CAR;PASSENGER CAR;NONE;NONE;;2016-07-17T10:10:00-04:00;2016;No;No;7;10
215 FEET FROM WESTHIGH ST;TWO-WAY,NOT DIVIDED;DAYLIGHT;CLEAR;0;0;;NO CONTROL PRESENT;PASSENGER CAR;NONE;NONE;NONE;;2016-07-11T16:02:03-04:00;2016;No;No;7;16
CARY;TWO-WAY,DIVIDED,UNPROTECTED MEDIAN;DAYLIGHT;CLEAR;0;1;;STOP SIGN;NONE;PASSENGER CAR;NONE;NONE;;2016-07-18T14:10:25-04:00;2016;No;Yes;7;14
.1 MILES FROM PVA 7145 OKELLY CHAPEL RD;TWO-WAY,NOT DIVIDED;DAYLIGHT;CLEAR;0;0;;STOP SIGN;PASSENGER CAR;SPORT UTILITY;NONE;NONE;;2016-07-18T12:53:00-04:00;2016;No;No;7;12
10 FEET FROM SR 1415 (MAYNARD RD);TWO-WAY,DIVIDED,UNPROTECTED MEDIAN;DAYLIGHT;CLEAR;0;1;;STOP AND GO SIGNAL;SPORT UTILITY;PASSENGER CAR;NONE;NONE;;2016-07-14T13:32:53-04:00;2016;No;Yes;7;13
50 FEET FROM SR# 3081 (CHAPEL HILL RD);TWO-WAY,DIVIDED,UNPROTECTED MEDIAN;DAYLIGHT;CLEAR;0;0;;NO CONTROL PRESENT;LIGHT TRUCK (MINI-VAN- PANEL);PASSENGER CAR;NONE;NONE;;2016-07-18T17:32:54-04:00;2016;No;No;7;17
5 FEET FROM SR-3081 (CHAPEL HILL RD);TWO-WAY,DIVIDED,UNPROTECTED MEDIAN;DAYLIGHT;CLEAR;0;2;;STOP AND GO SIGNAL;SPORT UTILITY;SPORT UTILITY;NONE;NONE;;2016-07-18T22:06:00-04:00;2016;No;Yes;7;22
CARY;TWO-WAY,DIVIDED,UNPROTECTED MEDIAN;DAYLIGHT;CLEAR;0;0;;STOP SIGN;PICKUP;PICKUP;NONE;NONE;;2016-07-19T16:36:35-04:00;2016;No;No;7;16
.10 MILES FROM US 1 NORTH;TWO-WAY,DIVIDED,POSITIVE MEDIAN BARRIER;DAYLIGHT;CLEAR;0;0;;NO CONTROL PRESENT;PASSENGER CAR;PASSENGER CAR;NONE;NONE;;2016-07-19T11:40:00-04:00;2016;No;No;7;11
10 FEET FROM SR 1370 (TRYON RD);TWO-WAY,NOT DIVIDED;DAYLIGHT;CLEAR;0;0;;STOP AND GO SIGNAL;PICKUP;PICKUP;NONE;NONE;;2016-07-19T11:52:00-04:00;2016;No;No;7;11
100 FEET FROM SW CARY PKWY;TWO-WAY,DIVIDED,UNPROTECTED MEDIAN;DAYLIGHT;CLEAR;0;0;;NO CONTROL PRESENT;SPORT UTILITY;PASSENGER CAR;NONE;NONE;;2016-07-06T15:06:40-04:00;2016;No;No;7;15
.2 MILES FROM HIGH HOUSE RD;TWO-WAY,DIVIDED,UNPROTECTED MEDIAN;DAYLIGHT;CLEAR;0;0;;STOP AND GO SIGNAL;SPORT UTILITY;PASSENGER CAR;NONE;NONE;;2016-07-20T13:13:22-04:00;2016;No;No;7;13
CARY;TWO-WAY,DIVIDED,UNPROTECTED MEDIAN;DAYLIGHT;CLEAR;0;1;;STOP AND GO SIGNAL;PASSENGER CAR;SPORT UTILITY;NONE;NONE;;2016-07-19T18:06:39-04:00;2016;No;Yes;7;18
0.16 MILES FROM SR 1009 (TRYON RD);TWO-WAY,DIVIDED,UNPROTECTED MEDIAN;NONE;NONE;0;0;;YIELD SIGN;SPORT UTILITY;PASSENGER CAR;NONE;NONE;;2016-05-27T11:13:00-04:00;2016;No;No;5;11
100 FEET FROM P.V.A. (1301 KILDAIRE FARM RD);TWO-WAY,NOT DIVIDED;DAYLIGHT;CLEAR;0;0;;NO CONTROL PRESENT;PASSENGER CAR;PASSENGER CAR;NONE;NONE;;2016-07-20T13:40:18-04:00;2016;No;No;7;13
260 FEET FROM PVA PLANET FITNESS (681 CARY T;TWO-WAY,NOT DIVIDED;DAYLIGHT;CLEAR;0;0;;NO CONTROL PRESENT;PASSENGER CAR;PASSENGER CAR;NONE;NONE;;2016-07-21T12:52:00-04:00;2016;No;No;7;12
165 FEET FROM PVA (1005 TRINITY RD);TWO-WAY,NOT DIVIDED;DAYLIGHT;CLEAR;0;0;;;PASSENGER CAR;SINGLE UNIT TRUCK (2-AXLE- 6-TIRE);NONE;NONE;;2016-07-21T14:37:07-04:00;2016;No;No;7;14
400 FEET FROM SR 1010 (TEN TEN RD);TWO-WAY,NOT DIVIDED;DAYLIGHT;CLEAR;0;1;;NO CONTROL PRESENT;PASSENGER CAR;SPORT UTILITY;NONE;NONE;;2016-07-19T08:01:45-04:00;2016;No;Yes;7;08
.02 MILES FROM US 64 HWY;TWO-WAY,DIVIDED,POSITIVE MEDIAN BARRIER;DAYLIGHT;CLEAR;0;0;;NO CONTROL PRESENT;SPORT UTILITY;PASSENGER CAR;NONE;NONE;;2016-07-20T12:56:00-04:00;2016;No;No;7;12
0.15 MILES FROM PVA (2310 WALNUT ST);TWO-WAY,NOT DIVIDED;DAYLIGHT;CLOUDY;0;0;;NO CONTROL PRESENT;SPORT UTILITY;PASSENGER CAR;NONE;NONE;;2016-07-21T13:26:45-04:00;2016;No;No;7;13
200 FEET FROM (PVA) 301 N. HARRISON AVE;NONE;NONE;NONE;0;0;;;NONE;NONE;NONE;NONE;;2016-07-20T20:57:49-04:00;2016;No;No;7;20
180 FEET FROM PVA 1004 PARKSIDE MAIN ST;TWO-WAY,NOT DIVIDED;DAYLIGHT;CLEAR;0;0;;NO CONTROL PRESENT;PASSENGER CAR;PASSENGER CAR;NONE;NONE;;2016-07-22T12:11:00-04:00;2016;No;No;7;12
10 FEET FROM EARL DR;TWO-WAY,NOT DIVIDED;DAYLIGHT;CLEAR;0;0;;NO CONTROL PRESENT;PICKUP;PICKUP;NONE;NONE;;2016-07-22T14:40:39-04:00;2016;No;No;7;14
110 FEET FROM [SR1010]TEN TEN RD;TWO-WAY,NOT DIVIDED;DAYLIGHT;CLEAR;0;0;;NO CONTROL PRESENT;SPORT UTILITY;PASSENGER CAR;NONE;NONE;;2016-07-20T17:17:19-04:00;2016;No;No;7;17
CARY;TWO-WAY,NOT DIVIDED;DAYLIGHT;CLEAR;0;0;;STOP SIGN;VAN;PASSENGER CAR;NONE;NONE;;2016-07-21T17:52:03-04:00;2016;No;No;7;17
500 FEET FROM PVA BRADFORD GREEN SQ;TWO-WAY,NOT DIVIDED;DAYLIGHT;CLEAR;0;0;;NO CONTROL PRESENT;PASSENGER CAR;NONE;NONE;NONE;;2016-07-22T15:39:53-04:00;2016;No;No;7;15
490 FEET FROM SR# 3112 (NW CARY PKWY);TWO-WAY,DIVIDED,POSITIVE MEDIAN BARRIER;DARK - LIGHTED ROADWAY;CLEAR;0;0;;NO CONTROL PRESENT;PASSENGER CAR;NONE;NONE;NONE;;2016-07-24T22:20:00-04:00;2016;No;No;7;22