Location_Description;Road_Configuration;Light_Condition;Weather;Fatality;Injury;Contributing_Factor;Traffic_Control;Vehicle1;Vehicle2;Vehicle3;Vehicle4;Vehicle5;Crash_Date;year;Fatalities;Injuries;Month;Hour
CARY;NONE;NONE;NONE;0;0;;;NONE;NONE;NONE;NONE;;2016-09-28T15:14:59-04:00;2016;No;No;9;15
CARY;TWO-WAY,DIVIDED,UNPROTECTED MEDIAN;DAYLIGHT;RAIN;0;0;;STOP AND GO SIGNAL;PICKUP;SPORT UTILITY;NONE;NONE;;2016-10-08T16:38:55-04:00;2016;No;No;10;16
CARY;TWO-WAY,NOT DIVIDED;DAYLIGHT;RAIN;0;0;;STOP AND GO SIGNAL;PASSENGER CAR;PASSENGER CAR;NONE;NONE;;2016-10-08T14:21:00-04:00;2016;No;No;10;14
.1 MILES FROM U.S. HWY 1 NORTHBOUND;TWO-WAY,DIVIDED,POSITIVE MEDIAN BARRIER;DUSK;CLEAR;0;0;;NO CONTROL PRESENT;PASSENGER CAR;PASSENGER CAR;NONE;NONE;;2016-10-10T01:23:49-04:00;2016;No;No;10;01
100 FEET FROM PVA (102 MACON DR);TWO-WAY,NOT DIVIDED;DARK - ROADWAY NOT LIGHTED;CLEAR;0;0;;NO CONTROL PRESENT;PASSENGER CAR;NONE;NONE;NONE;;2016-10-11T01:30:36-04:00;2016;No;No;10;01
50 FEET FROM CENTER POINTE DR;TWO-WAY,NOT DIVIDED;DAYLIGHT;CLEAR;0;0;;NO CONTROL PRESENT;PASSENGER CAR;PICKUP;NONE;NONE;;2016-10-11T08:45:56-04:00;2016;No;No;10;08
340 FEET FROM SR 1497 (CARY TOWNE BLVD);TWO-WAY,NOT DIVIDED;DAYLIGHT;CLEAR;0;0;;STOP SIGN;PASSENGER CAR;PASSENGER CAR;NONE;NONE;;2016-10-11T17:09:46-04:00;2016;No;No;10;17
.45 MILES FROM SR 1011 (E CHATHAM ST);TWO-WAY,NOT DIVIDED;DAYLIGHT;CLEAR;0;0;;NO CONTROL PRESENT;VAN;PASSENGER CAR;NONE;NONE;;2016-10-11T18:07:51-04:00;2016;No;No;10;18
50 FEET FROM P.V.A. (125 WESTON PKWY);TWO-WAY,NOT DIVIDED;DAYLIGHT;CLEAR;0;0;;NO CONTROL PRESENT;PASSENGER CAR;SPORT UTILITY;NONE;NONE;;2016-10-12T08:22:00-04:00;2016;No;No;10;08
0.1 MILES FROM (PVA) 123 MIDDLE CREEK PKWY;TWO-WAY,NOT DIVIDED;DARK - LIGHTED ROADWAY;CLEAR;0;0;;NO CONTROL PRESENT;PICKUP;PASSENGER CAR;NONE;NONE;;2016-10-11T10:39:00-04:00;2016;No;No;10;10
.20 MILES FROM US 64 HWY;TWO-WAY,DIVIDED,UNPROTECTED MEDIAN;DAYLIGHT;CLEAR;0;0;;NO CONTROL PRESENT;PASSENGER CAR;SPORT UTILITY;NONE;NONE;;2016-10-12T07:49:09-04:00;2016;No;No;10;07
25 FEET FROM SR 1313 (WALNUT ST);TWO-WAY,DIVIDED,UNPROTECTED MEDIAN;DAYLIGHT;CLOUDY;0;1;;STOP AND GO SIGNAL;PICKUP;SPORT UTILITY;NONE;NONE;;2016-10-12T16:29:52-04:00;2016;No;Yes;10;16
.2 MILES FROM P.P. (2584 NEW HOPE CHURCH RD);TWO-WAY,NOT DIVIDED;DAYLIGHT;CLEAR;0;0;;NO CONTROL PRESENT;PICKUP;NONE;NONE;NONE;;2016-10-10T18:43:15-04:00;2016;No;No;10;18
25 FEET FROM NC HWY 55 NB;TWO-WAY,DIVIDED,UNPROTECTED MEDIAN;DAYLIGHT;CLOUDY;0;0;;STOP AND GO SIGNAL;PICKUP;VAN;NONE;NONE;;2016-10-13T15:14:17-04:00;2016;No;No;10;15
15 FEET FROM ASHVILLE AVE;TWO-WAY,NOT DIVIDED;DAYLIGHT;CLEAR;0;0;;STOP SIGN;PASSENGER CAR;SPORT UTILITY;NONE;NONE;;2016-10-13T17:49:42-04:00;2016;No;No;10;17
.10 MILES FROM P.V.A. DOLLAR GENERAL (832 SR;TWO-WAY,NOT DIVIDED;DAYLIGHT;CLEAR;0;0;;STOP SIGN;PASSENGER CAR;SPORT UTILITY;NONE;NONE;;2016-10-13T13:23:57-04:00;2016;No;No;10;13
.14 MILES FROM PVA 6770 MCCRIMMON PKWY;TWO-WAY,NOT DIVIDED;DAYLIGHT;RAIN;0;0;;NO CONTROL PRESENT;SPORT UTILITY;PASSENGER CAR;NONE;NONE;;2016-10-07T08:08:04-04:00;2016;No;No;10;08
400 FEET FROM 6770 MICCRIMMON PKWY;TWO-WAY,NOT DIVIDED;DAYLIGHT;CLEAR;0;0;;NO CONTROL PRESENT;SPORT UTILITY;PASSENGER CAR;NONE;NONE;;2016-10-11T11:07:00-04:00;2016;No;No;10;11
.3 MILES FROM US 1 HWY;TWO-WAY,DIVIDED,POSITIVE MEDIAN BARRIER;DAYLIGHT;CLEAR;0;1;;NO CONTROL PRESENT;VAN;PASSENGER CAR;SPORT UTILITY;NONE;;2016-10-12T07:49:02-04:00;2016;No;Yes;10;07
15 FEET FROM US 64 EAST;TWO-WAY,DIVIDED,UNPROTECTED MEDIAN;DAYLIGHT;CLEAR;0;1;;NO CONTROL PRESENT;PASSENGER CAR;PASSENGER CAR;NONE;NONE;;2016-10-13T10:47:00-04:00;2016;No;Yes;10;10
50 FEET FROM SR 1300 (KILDAIRE FARM RD);TWO-WAY,NOT DIVIDED;DARK - LIGHTED ROADWAY;CLEAR;0;0;;NO CONTROL PRESENT;PASSENGER CAR;NONE;NONE;NONE;;2016-10-14T22:37:00-04:00;2016;No;No;10;22
CARY;TWO-WAY,NOT DIVIDED;DAYLIGHT;CLEAR;0;0;;STOP SIGN;SPORT UTILITY;VAN;NONE;NONE;;2016-10-15T10:45:00-04:00;2016;No;No;10;10
.03 MILES FROM US 64 HWY;TWO-WAY,DIVIDED,UNPROTECTED MEDIAN;DAYLIGHT;CLEAR;0;0;;STOP AND GO SIGNAL;PASSENGER CAR;PASSENGER CAR;NONE;NONE;;2016-10-15T13:09:47-04:00;2016;No;No;10;13
.04 MILES FROM PVA 333 CROSSROADS BLVD;TWO-WAY,NOT DIVIDED;DUSK;CLEAR;0;0;;NO CONTROL PRESENT;PICKUP;SPORT UTILITY;NONE;NONE;;2016-10-15T18:02:35-04:00;2016;No;No;10;18
275 FEET FROM CONVENIENCE LN;TWO-WAY,NOT DIVIDED;DAYLIGHT;CLEAR;0;0;;NO CONTROL PRESENT;VAN;PASSENGER CAR;NONE;NONE;;2016-10-17T13:32:55-04:00;2016;No;No;10;13
100 FEET FROM PVA OF 1393 KILDAIRE FARM RD;TWO-WAY,NOT DIVIDED;DAYLIGHT;CLEAR;0;0;;NO CONTROL PRESENT;SPORT UTILITY;PASSENGER CAR;NONE;NONE;;2016-10-17T15:43:04-04:00;2016;No;No;10;15
250 FEET FROM PVA OF 1273 NW MAYNARD RD;TWO-WAY,NOT DIVIDED;DAYLIGHT;CLEAR;0;0;;NO CONTROL PRESENT;PASSENGER CAR;NONE;NONE;NONE;;2016-10-18T08:39:13-04:00;2016;No;No;10;08
.14 MILES FROM PVA 6770 MCCRIMMON PKWY;TWO-WAY,NOT DIVIDED;DAYLIGHT;CLEAR;0;0;;NO CONTROL PRESENT;PASSENGER CAR;PASSENGER CAR;NONE;NONE;;2016-10-14T10:41:00-04:00;2016;No;No;10;10
20 FEET FROM PVA 8559 CHAPEL HILL RD;TWO-WAY,NOT DIVIDED;DAYLIGHT;CLEAR;0;0;;NO CONTROL PRESENT;NONE;NONE;NONE;NONE;;2016-10-18T12:07:00-04:00;2016;No;No;10;12
300 FEET FROM WESTON PKWY;TWO-WAY,DIVIDED,UNPROTECTED MEDIAN;DARK - LIGHTED ROADWAY;CLEAR;0;0;;NO CONTROL PRESENT;PICKUP;NONE;NONE;NONE;;2016-10-18T05:44:50-04:00;2016;No;No;10;05
30 FEET FROM PVA AT 2101 WALNUT ST;ONE-WAY,NOT DIVIDED;DARK - LIGHTED ROADWAY;CLEAR;0;0;;NO CONTROL PRESENT;PICKUP;PASSENGER CAR;NONE;NONE;;2016-10-15T00:26:00-04:00;2016;No;No;10;00
150 FEET FROM CRIGAN BLUFF DR;TWO-WAY,NOT DIVIDED;DAYLIGHT;CLEAR;0;0;;NO CONTROL PRESENT;SPORT UTILITY;PASSENGER CAR;NONE;NONE;;2016-10-19T10:05:00-04:00;2016;No;No;10;10
.2 MILES FROM SR1010 (E. CHATHAM ST);TWO-WAY,NOT DIVIDED;DARK - LIGHTED ROADWAY;CLEAR;0;1;;NO CONTROL PRESENT;PASSENGER CAR;PASSENGER CAR;NONE;NONE;;2016-10-18T18:56:43-04:00;2016;No;Yes;10;18
0 FEET FROM SR 1011 OLD APEX RD;TWO-WAY,NOT DIVIDED;DAYLIGHT;CLEAR;0;2;;STOP AND GO SIGNAL;PASSENGER CAR;SPORT UTILITY;NONE;NONE;;2016-10-13T16:14:25-04:00;2016;No;Yes;10;16
CARY;TWO-WAY,DIVIDED,UNPROTECTED MEDIAN;DAYLIGHT;CLEAR;0;0;;STOP AND GO SIGNAL;VAN;PASSENGER CAR;NONE;NONE;;2016-10-19T14:37:29-04:00;2016;No;No;10;14
100 FEET FROM SR 3073 (NW MAYNARD RD);TWO-WAY,DIVIDED,UNPROTECTED MEDIAN;DAYLIGHT;CLEAR;0;0;;STOP AND GO SIGNAL;PASSENGER CAR;SPORT UTILITY;NONE;NONE;;2016-10-19T15:52:14-04:00;2016;No;No;10;15
0 FEET FROM SR 1415 (SW MAYNARD RD);TWO-WAY,NOT DIVIDED;DAYLIGHT;CLEAR;0;0;;NO CONTROL PRESENT;PASSENGER CAR;NONE;NONE;NONE;;2016-10-19T17:09:16-04:00;2016;No;No;10;17
100 FEET FROM NE CARY PKWY;TWO-WAY,DIVIDED,UNPROTECTED MEDIAN;DAYLIGHT;CLEAR;0;0;;NO CONTROL PRESENT;PASSENGER CAR;PASSENGER CAR;NONE;NONE;;2016-10-18T13:46:19-04:00;2016;No;No;10;13
.4 MILES FROM SR# 1011 (OLD APEX RD;TWO-WAY,NOT DIVIDED;DAYLIGHT;CLEAR;0;0;;STOP AND GO SIGNAL;PICKUP;LIGHT TRUCK (MINI-VAN- PANEL);NONE;NONE;;2016-10-19T16:02:49-04:00;2016;No;No;10;16
0 FEET FROM NC 54 (CHAPEL HILL RD);TWO-WAY,NOT DIVIDED;DARK - ROADWAY NOT LIGHTED;CLEAR;0;0;;NO CONTROL PRESENT;PASSENGER CAR;SPORT UTILITY;NONE;NONE;;2016-10-20T21:02:41-04:00;2016;No;No;10;21
0 FEET FROM SR 1625 GREEN LEVEL CHURCH RD;TWO-WAY,DIVIDED,UNPROTECTED MEDIAN;DAYLIGHT;CLEAR;0;0;;STOP AND GO SIGNAL;SPORT UTILITY;PASSENGER CAR;NONE;NONE;;2016-10-19T12:01:00-04:00;2016;No;No;10;12
0 FEET FROM SR 3977 (SW CARY PKWY);TWO-WAY,DIVIDED,POSITIVE MEDIAN BARRIER;DAYLIGHT;CLEAR;0;1;;STOP AND GO SIGNAL;PASSENGER CAR;PASSENGER CAR;PASSENGER CAR;NONE;;2016-10-20T08:59:38-04:00;2016;No;Yes;10;08
25 FEET FROM CARY TOWNE CENTER;TWO-WAY,NOT DIVIDED;DAYLIGHT;CLEAR;0;0;;STOP AND GO SIGNAL;PASSENGER CAR;SPORT UTILITY;NONE;NONE;;2016-10-21T11:53:00-04:00;2016;No;No;10;11
.142 MILES FROM SR#1624 (CARPENTER FIRE STATIO;TWO-WAY,NOT DIVIDED;DAYLIGHT;CLEAR;0;1;;NO CONTROL PRESENT;PASSENGER CAR;NONE;NONE;NONE;;2016-10-22T14:06:33-04:00;2016;No;Yes;10;14
CARY;TWO-WAY,DIVIDED,UNPROTECTED MEDIAN;DAYLIGHT;CLEAR;0;0;;NO CONTROL PRESENT;SPORT UTILITY;LIGHT TRUCK (MINI-VAN- PANEL);NONE;NONE;;2016-10-22T14:36:18-04:00;2016;No;No;10;14
CARY;TWO-WAY,DIVIDED,UNPROTECTED MEDIAN;DAYLIGHT;CLEAR;0;0;;STOP AND GO SIGNAL;PASSENGER CAR;PASSENGER CAR;NONE;NONE;;2016-10-23T03:27:44-04:00;2016;No;No;10;03
50 FEET FROM SR 1615 (HIGH HOUSE RD);TWO-WAY,DIVIDED,POSITIVE MEDIAN BARRIER;DAYLIGHT;CLEAR;0;0;;STOP AND GO SIGNAL;PASSENGER CAR;NONE;NONE;NONE;;2016-10-24T07:44:07-04:00;2016;No;No;10;07
.5 MILES FROM US HWY 1;TWO-WAY,DIVIDED,POSITIVE MEDIAN BARRIER;DAYLIGHT;CLEAR;0;0;;NO CONTROL PRESENT;PASSENGER CAR;PASSENGER CAR;NONE;NONE;;2016-10-24T08:06:30-04:00;2016;No;No;10;08
CARY;TWO-WAY,DIVIDED,POSITIVE MEDIAN BARRIER;DAYLIGHT;CLEAR;0;0;;STOP AND GO SIGNAL;SPORT UTILITY;PICKUP;NONE;NONE;;2016-10-23T15:03:18-04:00;2016;No;No;10;15
.1 MILES FROM SR 1521 LAKE PINE DR;TWO-WAY,NOT DIVIDED;DAYLIGHT;CLEAR;0;0;;STOP AND GO SIGNAL;PASSENGER CAR;PASSENGER CAR;NONE;NONE;;2016-10-24T16:20:28-04:00;2016;No;No;10;16
30 FEET FROM SR1009 (TRYON RD);TWO-WAY,DIVIDED,UNPROTECTED MEDIAN;DAYLIGHT;CLEAR;0;0;;STOP AND GO SIGNAL;PASSENGER CAR;SPORT UTILITY;NONE;NONE;;2016-10-24T17:08:26-04:00;2016;No;No;10;17
CARY;TWO-WAY,DIVIDED,UNPROTECTED MEDIAN;DARK - LIGHTED ROADWAY;CLEAR;0;2;;STOP AND GO SIGNAL;PASSENGER CAR;PASSENGER CAR;NONE;NONE;;2016-10-23T20:26:06-04:00;2016;No;Yes;10;20
50 FEET FROM SR 1009 (TRYON RD);TWO-WAY,DIVIDED,UNPROTECTED MEDIAN;DAYLIGHT;CLEAR;0;0;;STOP AND GO SIGNAL;SPORT UTILITY;SPORT UTILITY;NONE;NONE;;2016-10-21T21:50:30-04:00;2016;No;No;10;21
.12 MILES FROM PVA 6770 MCCRIMMON PKWY;TWO-WAY,NOT DIVIDED;DAYLIGHT;CLEAR;0;0;;NO CONTROL PRESENT;PASSENGER CAR;PASSENGER CAR;NONE;NONE;;2016-10-24T06:57:33-04:00;2016;No;No;10;06
50 FEET FROM SR 1613 (DAVIS DR);TWO-WAY,DIVIDED,UNPROTECTED MEDIAN;DAYLIGHT;CLEAR;0;0;;RR CROSSBUCKS ONLY;PASSENGER CAR;PASSENGER CAR;NONE;NONE;;2016-10-20T08:09:25-04:00;2016;No;No;10;08
150 FEET FROM SR1300 (KILDAIRE FARM RD.);TWO-WAY,DIVIDED,UNPROTECTED MEDIAN;DAYLIGHT;CLEAR;0;0;;STOP AND GO SIGNAL;SPORT UTILITY;SPORT UTILITY;NONE;NONE;;2016-10-25T11:02:00-04:00;2016;No;No;10;11
.47 MILES FROM US 1;ONE-WAY,NOT DIVIDED;DAWN;CLEAR;0;0;;NO CONTROL PRESENT;PASSENGER CAR;SPORT UTILITY;NONE;NONE;;2016-10-26T08:04:05-04:00;2016;No;No;10;08
15 FEET FROM US 1 SOUTH EXIT RAMP TO US 64W;ONE-WAY,NOT DIVIDED;DAYLIGHT;CLEAR;0;0;;STOP AND GO SIGNAL;SPORT UTILITY;SPORT UTILITY;NONE;NONE;;2016-10-26T13:10:25-04:00;2016;No;No;10;13
75 FEET FROM SR 1624 (CARPENTER FIRE STATIO;TWO-WAY,NOT DIVIDED;DARK - ROADWAY NOT LIGHTED;CLEAR;0;0;FAILURE TO YIELD RIGHT OF WAY;NO CONTROL PRESENT;NONE;SPORT UTILITY;NONE;NONE;;2016-10-25T13:23:12-04:00;2016;No;No;10;13
CARY;TWO-WAY,DIVIDED,UNPROTECTED MEDIAN;DAYLIGHT;CLEAR;0;2;;STOP AND GO SIGNAL;PASSENGER CAR;VAN;NONE;NONE;;2016-10-26T16:22:30-04:00;2016;No;Yes;10;16
.10 MILES FROM P.V.A. THE ARBORETUM (300 WEST;TWO-WAY,NOT DIVIDED;DAYLIGHT;CLEAR;0;0;;NO CONTROL PRESENT;SPORT UTILITY;SPORT UTILITY;NONE;NONE;;2016-10-27T16:34:09-04:00;2016;No;No;10;16
.18 MILES FROM SR 3090 (WESTON PKWY);TWO-WAY,DIVIDED,UNPROTECTED MEDIAN;DAYLIGHT;CLEAR;0;0;;NO CONTROL PRESENT;PASSENGER CAR;SPORT UTILITY;NONE;NONE;;2016-10-28T07:45:19-04:00;2016;No;No;10;07
329 FEET FROM KILDAIRE FARM RD;TWO-WAY,DIVIDED,UNPROTECTED MEDIAN;DAYLIGHT;CLEAR;0;0;;NO CONTROL PRESENT;SPORT UTILITY;PASSENGER CAR;NONE;NONE;;2016-10-28T09:53:32-04:00;2016;No;No;10;09
50 FEET FROM WALNUT ST;TWO-WAY,DIVIDED,UNPROTECTED MEDIAN;DAYLIGHT;CLEAR;0;0;;STOP AND GO SIGNAL;SPORT UTILITY;SPORT UTILITY;NONE;NONE;;2016-10-28T11:20:00-04:00;2016;No;No;10;11
.11 MILES FROM SR 1011 (E CHATHAM ST);TWO-WAY,NOT DIVIDED;DAYLIGHT;CLEAR;0;0;;STOP SIGN;PASSENGER CAR;PASSENGER CAR;PASSENGER CAR;NONE;;2016-10-28T20:40:44-04:00;2016;No;No;10;20
200 FEET FROM SR 3977 (WESTON PKWY);TWO-WAY,DIVIDED,UNPROTECTED MEDIAN;DAYLIGHT;CLEAR;0;0;;NO CONTROL PRESENT;PASSENGER CAR;SPORT UTILITY;NONE;NONE;;2016-10-29T17:38:47-04:00;2016;No;No;10;17
CARY;TWO-WAY,DIVIDED,UNPROTECTED MEDIAN;DARK - LIGHTED ROADWAY;CLEAR;0;0;;STOP AND GO SIGNAL;PASSENGER CAR;PASSENGER CAR;NONE;NONE;;2016-10-30T20:17:35-04:00;2016;No;No;10;20
350 FEET FROM P.V.A. (CENTRUM);TWO-WAY,NOT DIVIDED;DAYLIGHT;CLEAR;0;0;;NO CONTROL PRESENT;PICKUP;PASSENGER CAR;NONE;NONE;;2016-10-30T14:17:43-04:00;2016;No;No;10;14
150 FEET FROM 1516 GRANDE HARMONY PL;TWO-WAY,NOT DIVIDED;NONE;CLEAR;0;0;;NO CONTROL PRESENT;PASSENGER CAR;NONE;NONE;NONE;;2016-10-30T08:37:24-04:00;2016;No;No;10;08
279 FEET FROM FREEPORT DR;TWO-WAY,NOT DIVIDED;DAYLIGHT;CLEAR;0;0;;NO CONTROL PRESENT;PASSENGER CAR;PASSENGER CAR;NONE;NONE;;2016-10-30T06:16:13-04:00;2016;No;No;10;06
300 FEET FROM SR 1313 (WALNUT ST);TWO-WAY,DIVIDED,UNPROTECTED MEDIAN;DARK - ROADWAY NOT LIGHTED;CLEAR;0;0;;NO CONTROL PRESENT;PASSENGER CAR;PASSENGER CAR;NONE;NONE;;2016-10-26T19:56:54-04:00;2016;No;No;10;19
380 FEET FROM GREGORY DR;TWO-WAY,NOT DIVIDED;DAYLIGHT;CLEAR;0;1;;NO CONTROL PRESENT;SPORT UTILITY;NONE;NONE;NONE;;2016-10-26T03:29:21-04:00;2016;No;Yes;10;03
CARY;TWO-WAY,NOT DIVIDED;DAYLIGHT;CLEAR;0;0;;STOP AND GO SIGNAL;PASSENGER CAR;PASSENGER CAR;NONE;NONE;;2016-10-31T07:28:55-04:00;2016;No;No;10;07
CARY;TWO-WAY,DIVIDED,UNPROTECTED MEDIAN;DAYLIGHT;CLEAR;0;2;;STOP AND GO SIGNAL;PASSENGER CAR;PASSENGER CAR;PASSENGER CAR;NONE;;2016-10-30T15:00:37-04:00;2016;No;Yes;10;15
300 FEET FROM PVA (150 WRENN DR);ONE-WAY,NOT DIVIDED;DAYLIGHT;CLEAR;0;0;;OTHER *;PASSENGER CAR;PASSENGER CAR;NONE;NONE;;2016-11-02T16:30:11-04:00;2016;No;No;11;16
100 FEET FROM PVA 405 CROSSROADS BLVD;ONE-WAY,NOT DIVIDED;DAYLIGHT;CLEAR;0;0;;NO CONTROL PRESENT;PASSENGER CAR;SPORT UTILITY;NONE;NONE;;2016-11-03T15:15:51-04:00;2016;No;No;11;15
NEAR .10 MILES  OF SR 3015 (AIRPORT BVLD);TWO-WAY,NOT DIVIDED;DAYLIGHT;CLEAR;0;0;;NO CONTROL PRESENT;PASSENGER CAR;PICKUP;NONE;NONE;;2016-11-02T11:13:00-04:00;2016;No;No;11;11
300 FEET FROM SR 3081 (CHAPEL HILL RD);TWO-WAY,NOT DIVIDED;DARK - ROADWAY NOT LIGHTED;CLOUDY;0;0;;NO CONTROL PRESENT;PASSENGER CAR;SPORT UTILITY;NONE;NONE;;2016-11-04T07:28:21-04:00;2016;No;No;11;07
225 FEET FROM SR1415 (SE MAYNARD RD);TWO-WAY,NOT DIVIDED;DAWN;RAIN;0;0;COMING FROM BEHIND PARKED VEHICLE;NO CONTROL PRESENT;SPORT UTILITY;PASSENGER CAR;NONE;NONE;;2016-11-04T07:09:13-04:00;2016;No;No;11;07
56 FEET FROM SR 3073 ( NW MAYNARD RD );TWO-WAY,DIVIDED,UNPROTECTED MEDIAN;DARK - LIGHTED ROADWAY;CLEAR;0;0;;NO CONTROL PRESENT;PASSENGER CAR;NONE;NONE;NONE;;2016-11-03T19:01:59-04:00;2016;No;No;11;19
142 FEET FROM SR 1415 (SE MAYNARD RD);TWO-WAY,NOT DIVIDED;DARK - LIGHTED ROADWAY;CLEAR;0;1;;NO CONTROL PRESENT;PASSENGER CAR;NONE;NONE;NONE;;2016-11-05T08:19:46-04:00;2016;No;Yes;11;08
100 FEET FROM SR 1300 KILDAIRE FARM RD;TWO-WAY,NOT DIVIDED;DARK - LIGHTED ROADWAY;CLEAR;0;0;;STOP AND GO SIGNAL;PASSENGER CAR;SPORT UTILITY;NONE;NONE;;2016-11-05T19:22:43-04:00;2016;No;No;11;19
40 FEET FROM SR 1009 (TRYON RD);TWO-WAY,NOT DIVIDED;DAYLIGHT;CLEAR;0;0;;STOP AND GO SIGNAL;SPORT UTILITY;PASSENGER CAR;NONE;NONE;;2016-11-04T14:05:33-04:00;2016;No;No;11;14
.25 MILES FROM RYAN RD;TWO-WAY,NOT DIVIDED;DARK - LIGHTED ROADWAY;CLEAR;0;0;;NO CONTROL PRESENT;SPORT UTILITY;NONE;NONE;NONE;;2016-11-03T17:56:34-04:00;2016;No;No;11;17
200 FEET FROM US1;TWO-WAY,DIVIDED,POSITIVE MEDIAN BARRIER;DAYLIGHT;CLEAR;0;0;;NO CONTROL PRESENT;PASSENGER CAR;PASSENGER CAR;NONE;NONE;;2016-11-04T19:59:48-04:00;2016;No;No;11;19
.1 MILES FROM PVA (2021 WALNUT ST);TWO-WAY,NOT DIVIDED;DARK - LIGHTED ROADWAY;CLEAR;0;0;;NO CONTROL PRESENT;PICKUP;SPORT UTILITY;NONE;NONE;;2016-11-06T18:15:05-05:00;2016;No;No;11;18
200 FEET FROM TRANSOM VIEW WAY;TWO-WAY,NOT DIVIDED;DARK - ROADWAY NOT LIGHTED;CLEAR;0;0;;NO CONTROL PRESENT;PASSENGER CAR;VAN;NONE;NONE;;2016-11-07T08:54:56-05:00;2016;No;No;11;08
.2 MILES FROM PVA OF 100 WRENN DR;TWO-WAY,NOT DIVIDED;DUSK;CLEAR;0;0;;NO CONTROL PRESENT;PASSENGER CAR;PASSENGER CAR;NONE;NONE;;2016-11-07T19:32:14-05:00;2016;No;No;11;19
.10 MILES FROM PVA 123 MIDDLE CREEK PARK AVE;ONE-WAY,NOT DIVIDED;DARK - LIGHTED ROADWAY;CLEAR;0;0;;NO CONTROL PRESENT;SPORT UTILITY;VAN;NONE;NONE;;2016-11-07T19:20:24-05:00;2016;No;No;11;19
200 FEET FROM SR 3977 (SW CARY PARKWAY);TWO-WAY,DIVIDED,UNPROTECTED MEDIAN;DAYLIGHT;CLEAR;0;0;;NO CONTROL PRESENT;PASSENGER CAR;NONE;NONE;NONE;;2016-11-07T14:28:17-05:00;2016;No;No;11;14
CARY;TWO-WAY,DIVIDED,UNPROTECTED MEDIAN;DAYLIGHT;CLEAR;0;0;;STOP SIGN;SPORT UTILITY;SPORT UTILITY;NONE;NONE;;2016-11-07T14:28:17-05:00;2016;No;No;11;14
20 FEET FROM CROSSROADS BLVD;TWO-WAY,DIVIDED,UNPROTECTED MEDIAN;DARK - ROADWAY NOT LIGHTED;CLEAR;0;0;;STOP AND GO SIGNAL;PASSENGER CAR;SPORT UTILITY;NONE;NONE;;2016-11-04T21:58:18-04:00;2016;No;No;11;21
.11 MILES FROM P.V.A. 171 SR 1615 (HIGH HOUSE;TWO-WAY,NOT DIVIDED;DAYLIGHT;CLEAR;0;0;;NO CONTROL PRESENT;PASSENGER CAR;LIGHT TRUCK (MINI-VAN- PANEL);NONE;NONE;;2016-11-08T09:26:50-05:00;2016;No;No;11;09
.10 MILES FROM PVA ( 980 KILDAIRE FARM RD );TWO-WAY,NOT DIVIDED;DARK - LIGHTED ROADWAY;CLEAR;0;0;;NO CONTROL PRESENT;SPORT UTILITY;PASSENGER CAR;NONE;NONE;;2016-11-08T19:15:09-05:00;2016;No;No;11;19
0 FEET FROM NC 54 HWY NW MAYNARD RD;TWO-WAY,DIVIDED,UNPROTECTED MEDIAN;DAYLIGHT;CLEAR;0;0;;STOP AND GO SIGNAL;SPORT UTILITY;SPORT UTILITY;NONE;NONE;;2016-11-07T07:36:32-05:00;2016;No;No;11;07
.10 MILES FROM PVA ( 270 GRANDE HEIGHTS DR );TWO-WAY,NOT DIVIDED;DUSK;CLEAR;0;0;;NO CONTROL PRESENT;PASSENGER CAR;PASSENGER CAR;NONE;NONE;;2016-11-11T17:11:53-05:00;2016;No;No;11;17
75 FEET FROM SR1300 (KILDAIRE FARM RD);TWO-WAY,DIVIDED,UNPROTECTED MEDIAN;DARK - LIGHTED ROADWAY;CLEAR;0;0;;STOP AND GO SIGNAL;PASSENGER CAR;PASSENGER CAR;NONE;NONE;;2016-11-12T19:13:44-05:00;2016;No;No;11;19
CARY;TWO-WAY,DIVIDED,POSITIVE MEDIAN BARRIER;DAYLIGHT;CLEAR;0;1;;STOP SIGN;PASSENGER CAR;PASSENGER CAR;NONE;NONE;;2016-11-12T12:33:00-05:00;2016;No;Yes;11;12
100 FEET FROM W DYNASTY DR;TWO-WAY,DIVIDED,UNPROTECTED MEDIAN;DARK - LIGHTED ROADWAY;RAIN;0;0;;NO CONTROL PRESENT;PASSENGER CAR;NONE;NONE;NONE;;2016-11-14T02:11:15-05:00;2016;No;No;11;02
0.25 MILES FROM US 1;TWO-WAY,DIVIDED,POSITIVE MEDIAN BARRIER;DAYLIGHT;RAIN;0;0;;NO CONTROL PRESENT;PASSENGER CAR;PICKUP;NONE;NONE;;2016-11-14T08:00:00-05:00;2016;No;No;11;08
CARY;TWO-WAY,DIVIDED,UNPROTECTED MEDIAN;DAYLIGHT;CLEAR;0;0;;STOP AND GO SIGNAL;PASSENGER CAR;PASSENGER CAR;NONE;NONE;;2016-11-13T15:58:16-05:00;2016;No;No;11;15
15 FEET FROM SR 1009 (TRYON RD);TWO-WAY,DIVIDED,UNPROTECTED MEDIAN;DARK - LIGHTED ROADWAY;CLEAR;0;0;;STOP AND GO SIGNAL;PASSENGER CAR;SPORT UTILITY;NONE;NONE;;2016-11-14T17:07:58-05:00;2016;No;No;11;17