Location_Description;Road_Configuration;Light_Condition;Weather;Fatality;Injury;Contributing_Factor;Traffic_Control;Vehicle1;Vehicle2;Vehicle3;Vehicle4;Vehicle5;Crash_Date;year;Fatalities;Injuries;Month;Hour
300 FEET FROM SR 1315 (BUCK JONES RD);TWO-WAY,NOT DIVIDED;DAYLIGHT;CLOUDY;0;0;;NO CONTROL PRESENT;PASSENGER CAR;PASSENGER CAR;NONE;NONE;;2017-03-18T11:35:00-04:00;2017;No;No;3;11
.185 MILES FROM US 64;TWO-WAY,DIVIDED,UNPROTECTED MEDIAN;DAYLIGHT;CLEAR;0;0;;NO CONTROL PRESENT;PASSENGER CAR;PASSENGER CAR;NONE;NONE;;2017-03-18T16:38:41-04:00;2017;No;No;3;16
40 FEET FROM P.V.A. (BOB EVANS);TWO-WAY,NOT DIVIDED;DAYLIGHT;CLEAR;0;0;;NO CONTROL PRESENT;SPORT UTILITY;PASSENGER CAR;NONE;NONE;;2017-03-20T18:39:20-04:00;2017;No;No;3;18
.1 MILES FROM NC 55 HWY;TWO-WAY,DIVIDED,UNPROTECTED MEDIAN;DAYLIGHT;CLEAR;0;0;;NO CONTROL PRESENT;PICKUP;SPORT UTILITY;PASSENGER CAR;NONE;;2017-03-20T17:46:24-04:00;2017;No;No;3;17
139 FEET FROM SR 1011 (W CHATHAM ST);TWO-WAY,NOT DIVIDED;DARK - LIGHTED ROADWAY;CLOUDY;0;0;;YIELD SIGN;PASSENGER CAR;NONE;NONE;NONE;;2017-03-18T02:18:49-04:00;2017;No;No;3;02
.1 MILES FROM SR1615 (HIGH HOUSE RD);TWO-WAY,DIVIDED,UNPROTECTED MEDIAN;DAYLIGHT;CLEAR;0;0;;NO CONTROL PRESENT;LIGHT TRUCK (MINI-VAN- PANEL);LIGHT TRUCK (MINI-VAN- PANEL);PASSENGER CAR;NONE;;2017-03-21T18:17:51-04:00;2017;No;No;3;18
.02 MILES FROM PVA OF 12040 REGENCY PKWY;ONE-WAY,NOT DIVIDED;DAYLIGHT;CLEAR;0;0;;HUMAN CONTROL;SPORT UTILITY;SPORT UTILITY;NONE;NONE;;2017-03-21T10:49:00-04:00;2017;No;No;3;10
100 FEET FROM 429 CROSSROADS BLVD;NONE;NONE;NONE;0;0;;;PASSENGER CAR;NONE;NONE;NONE;;2017-03-17T09:12:17-04:00;2017;No;No;3;09
300 FEET FROM P.V.A. (200 SAS CAMPUS DR);TWO-WAY,NOT DIVIDED;DAYLIGHT;CLEAR;0;0;;NO CONTROL PRESENT;PICKUP;PASSENGER CAR;NONE;NONE;;2017-03-22T17:37:45-04:00;2017;No;No;3;17
CARY;TWO-WAY,DIVIDED,POSITIVE MEDIAN BARRIER;DAYLIGHT;CLEAR;0;0;;FLASHING STOP AND GO SIGNAL;SPORT UTILITY;SPORT UTILITY;NONE;NONE;;2017-03-22T08:10:26-04:00;2017;No;No;3;08
300 FEET FROM CARY RESERVE DR;TWO-WAY,NOT DIVIDED;DAYLIGHT;CLEAR;0;0;;NO CONTROL PRESENT;PASSENGER CAR;PICKUP;NONE;NONE;;2017-03-23T07:24:56-04:00;2017;No;No;3;07
10 FEET FROM PVA 4101 NC 55 HWY;TWO-WAY,DIVIDED,POSITIVE MEDIAN BARRIER;DAYLIGHT;CLEAR;0;0;;NO CONTROL PRESENT;SPORT UTILITY;NONE;NONE;NONE;;2017-03-23T15:31:55-04:00;2017;No;No;3;15
100 FEET FROM P.V.A. CARY LIBRARY (310 S ACA;ONE-WAY,NOT DIVIDED;DAYLIGHT;CLEAR;0;0;;NO CONTROL PRESENT;VAN;PASSENGER CAR;NONE;NONE;;2017-03-25T15:34:40-04:00;2017;No;No;3;15
50 FEET FROM P.V.A. (CROSSROADS 20);TWO-WAY,NOT DIVIDED;DAYLIGHT;CLEAR;0;0;;NO CONTROL PRESENT;PASSENGER CAR;PASSENGER CAR;NONE;NONE;;2017-03-26T18:41:22-04:00;2017;No;No;3;18
400 FEET FROM SR1415 (SE MAYNARD RD);TWO-WAY,NOT DIVIDED;DARK - LIGHTED ROADWAY;CLEAR;0;0;;NO CONTROL PRESENT;PASSENGER CAR;SPORT UTILITY;NONE;NONE;;2017-03-24T20:30:03-04:00;2017;No;No;3;20
15 FEET FROM SR1652 (N HARRISON AV);TWO-WAY,DIVIDED,UNPROTECTED MEDIAN;DAYLIGHT;CLEAR;0;0;;STOP AND GO SIGNAL;PASSENGER CAR;SPORT UTILITY;NONE;NONE;;2017-03-24T18:11:03-04:00;2017;No;No;3;18
.12 MILES FROM GREEN LEVEL CHURCH ROAD 1625;TWO-WAY,NOT DIVIDED;DAYLIGHT;CLEAR;0;0;;NO CONTROL PRESENT;PASSENGER CAR;PASSENGER CAR;NONE;NONE;;2017-03-24T14:45:17-04:00;2017;No;No;3;14
0 FEET FROM SR 3081 (CHAPEL HILL RD);TWO-WAY,NOT DIVIDED;DAYLIGHT;CLEAR;0;0;;STOP SIGN;PASSENGER CAR;PASSENGER CAR;NONE;NONE;;2017-03-24T14:19:45-04:00;2017;No;No;3;14
50 FEET FROM PVA OF 102 GREGSON DR;TWO-WAY,NOT DIVIDED;DAYLIGHT;CLEAR;0;0;;NO CONTROL PRESENT;PICKUP;PASSENGER CAR;NONE;NONE;;2017-03-23T12:53:00-04:00;2017;No;No;3;12
70 FEET FROM PVA OF 220 KILMAYNE DR;TWO-WAY,NOT DIVIDED;DAYLIGHT;CLEAR;0;0;;NO CONTROL PRESENT;PASSENGER CAR;VAN;NONE;NONE;;2017-03-23T12:53:00-04:00;2017;No;No;3;12
200 FEET FROM HWY US 64;TWO-WAY,DIVIDED,UNPROTECTED MEDIAN;DAYLIGHT;CLEAR;0;0;;STOP AND GO SIGNAL;SPORT UTILITY;SPORT UTILITY;NONE;NONE;;2017-03-27T15:14:29-04:00;2017;No;No;3;15
CARY;TWO-WAY,DIVIDED,POSITIVE MEDIAN BARRIER;DAYLIGHT;CLEAR;0;0;;STOP SIGN;PASSENGER CAR;PASSENGER CAR;NONE;NONE;;2017-03-27T17:10:19-04:00;2017;No;No;3;17
.12 MILES FROM PVA (2750 NC 55 HWY);TWO-WAY,NOT DIVIDED;DUSK;CLEAR;0;0;;NO CONTROL PRESENT;PICKUP;PASSENGER CAR;NONE;NONE;;2017-03-27T18:58:18-04:00;2017;No;No;3;18
294 FEET FROM PVA (7404 CHAPEL HILL RD);TWO-WAY,NOT DIVIDED;DAYLIGHT;CLEAR;0;0;;NO CONTROL PRESENT;NONE;PASSENGER CAR;NONE;NONE;;2017-03-27T18:43:29-04:00;2017;No;No;3;18
385 FEET FROM PVA (2420 SW CARY PKWY);TWO-WAY,NOT DIVIDED;DAYLIGHT;CLEAR;0;0;;STOP SIGN;PICKUP;PASSENGER CAR;NONE;NONE;;2017-03-27T18:19:34-04:00;2017;No;No;3;18
360 FEET FROM SR 3073 (NW MAYNARD RD);TWO-WAY,DIVIDED,UNPROTECTED MEDIAN;DAYLIGHT;CLEAR;0;0;;NO CONTROL PRESENT;SPORT UTILITY;NONE;NONE;NONE;;2017-03-29T11:50:00-04:00;2017;No;No;3;11
CARY;ONE-WAY,NOT DIVIDED;DAYLIGHT;CLEAR;0;0;;STOP AND GO SIGNAL;PASSENGER CAR;PASSENGER CAR;NONE;NONE;;2017-03-29T16:52:01-04:00;2017;No;No;3;16
100 FEET FROM PVA 98 CORNERSTONE DR;TWO-WAY,NOT DIVIDED;DAYLIGHT;CLEAR;0;0;;NO CONTROL PRESENT;SPORT UTILITY;PASSENGER CAR;NONE;NONE;;2017-03-29T16:30:30-04:00;2017;No;No;3;16
CARY;ONE-WAY,NOT DIVIDED;DARK - LIGHTED ROADWAY;CLEAR;0;0;;YIELD SIGN;PASSENGER CAR;PASSENGER CAR;NONE;NONE;;2017-03-31T21:46:58-04:00;2017;No;No;3;21
.16 MILES FROM SR-1302 (STEPHENSON RD);TWO-WAY,NOT DIVIDED;DAYLIGHT;CLEAR;0;0;;NO CONTROL PRESENT;PASSENGER CAR;PASSENGER CAR;NONE;NONE;;2017-04-01T15:50:05-04:00;2017;No;No;4;15
20 FEET FROM RYAN RD;TWO-WAY,NOT DIVIDED;DAYLIGHT;CLEAR;0;0;;NO CONTROL PRESENT;PASSENGER CAR;SPORT UTILITY;NONE;NONE;;2017-03-31T16:56:14-04:00;2017;No;No;3;16
.47 MILES FROM MACKENAN DR;TWO-WAY,NOT DIVIDED;DAYLIGHT;CLOUDY;0;0;;STOP SIGN;VAN;SPORT UTILITY;NONE;NONE;;2017-04-03T07:55:28-04:00;2017;No;No;4;07
120 FEET FROM 115 GREGORY DR;NONE;NONE;NONE;0;0;;;NONE;NONE;NONE;NONE;;2017-04-03T12:01:00-04:00;2017;No;No;4;12
.293 MILES FROM US1;TWO-WAY,DIVIDED,POSITIVE MEDIAN BARRIER;DAYLIGHT;CLOUDY;0;0;;NO CONTROL PRESENT;PASSENGER CAR;PASSENGER CAR;NONE;NONE;;2017-04-03T10:33:00-04:00;2017;No;No;4;10
218 FEET FROM SR 1011 (W CHATHAM ST);TWO-WAY,NOT DIVIDED;DAYLIGHT;RAIN;0;0;;STOP AND GO SIGNAL;PICKUP;SPORT UTILITY;NONE;NONE;;2017-04-03T21:51:36-04:00;2017;No;No;4;21
.1 MILES FROM PVA (315 N ACADEMY ST);TWO-WAY,NOT DIVIDED;DAYLIGHT;CLEAR;0;0;;NO CONTROL PRESENT;VAN;LIGHT TRUCK (MINI-VAN- PANEL);NONE;NONE;;2017-04-03T13:05:01-04:00;2017;No;No;4;13
.1 MILES FROM SR 1313 WALNUT ST;TWO-WAY,DIVIDED,UNPROTECTED MEDIAN;DAYLIGHT;CLEAR;0;1;;NO CONTROL PRESENT;PICKUP;PICKUP;PICKUP;NONE;;2017-04-03T15:45:20-04:00;2017;No;Yes;4;15
100 FEET FROM QUEENSFERRY RD;TWO-WAY,DIVIDED,UNPROTECTED MEDIAN;DAYLIGHT;RAIN;0;0;;NO CONTROL PRESENT;PASSENGER CAR;NONE;NONE;NONE;;2017-04-03T21:46:25-04:00;2017;No;No;4;21
.1 MILES FROM PVA (7165 OKELLY CHAPEL ROAD);TWO-WAY,NOT DIVIDED;DAYLIGHT;CLEAR;0;0;;NO CONTROL PRESENT;PASSENGER CAR;PASSENGER CAR;NONE;NONE;;2017-04-04T12:30:00-04:00;2017;No;No;4;12
200 FEET FROM PVA OF 2450 LAURA DUNCAN RD;ONE-WAY,NOT DIVIDED;DAYLIGHT;CLEAR;0;0;;NO CONTROL PRESENT;PASSENGER CAR;SPORT UTILITY;NONE;NONE;;2017-04-04T16:06:10-04:00;2017;No;No;4;16
CARY;TWO-WAY,DIVIDED,UNPROTECTED MEDIAN;DAYLIGHT;CLEAR;0;0;;STOP AND GO SIGNAL;SPORT UTILITY;PASSENGER CAR;NONE;NONE;;2017-04-04T15:00:10-04:00;2017;No;No;4;15
20 FEET FROM SR-1652 N HARRISON AV;TWO-WAY,NOT DIVIDED;DAYLIGHT;CLEAR;0;0;;STOP AND GO SIGNAL;PICKUP;PASSENGER CAR;NONE;NONE;;2017-04-04T19:23:20-04:00;2017;No;No;4;19
0 FEET FROM SR 1379 PENNY RD;TWO-WAY,NOT DIVIDED;DAYLIGHT;CLEAR;0;1;;NO CONTROL PRESENT;PASSENGER CAR;SPORT UTILITY;NONE;NONE;;2017-04-04T13:31:53-04:00;2017;No;Yes;4;13
300 FEET FROM SR1011 (E. CHATHAM ST);TWO-WAY,NOT DIVIDED;DAYLIGHT;CLOUDY;0;0;;NO CONTROL PRESENT;PASSENGER CAR;SPORT UTILITY;NONE;NONE;;2017-04-06T17:32:52-04:00;2017;No;No;4;17
20 FEET FROM NC 55 HWY NC 55;TWO-WAY,DIVIDED,POSITIVE MEDIAN BARRIER;DAYLIGHT;CLEAR;0;1;;FLASHING STOP AND GO SIGNAL;PASSENGER CAR;PASSENGER CAR;NONE;NONE;;2017-04-07T09:21:53-04:00;2017;No;Yes;4;09
45 FEET FROM PVA OF 580 NEW WAVERLY PLACE;ONE-WAY,NOT DIVIDED;DAYLIGHT;CLEAR;0;0;;NO CONTROL PRESENT;PASSENGER CAR;PASSENGER CAR;NONE;NONE;;2017-04-07T13:41:15-04:00;2017;No;No;4;13
0 FEET FROM SR 3977 (SE CARY PKWY);TWO-WAY,NOT DIVIDED;DAYLIGHT;CLEAR;0;0;;STOP SIGN;SPORT UTILITY;PASSENGER CAR;NONE;NONE;;2017-04-07T15:40:48-04:00;2017;No;No;4;15
.5 MILES FROM SR 1617 (2500 CARPENTER UPCHUR;TWO-WAY,NOT DIVIDED;DAYLIGHT;CLEAR;0;0;;NO CONTROL PRESENT;PASSENGER CAR;SPORT UTILITY;NONE;NONE;;2017-04-07T14:35:00-04:00;2017;No;No;4;14
.10 MILES FROM P.V.A. WALMART (2010 SR 1300);TWO-WAY,NOT DIVIDED;DAYLIGHT;CLEAR;0;0;;NO CONTROL PRESENT;PASSENGER CAR;PASSENGER CAR;NONE;NONE;;2017-04-07T16:58:52-04:00;2017;No;No;4;16
300 FEET FROM PVA (11825 WESTON PKWY);TWO-WAY,NOT DIVIDED;DAYLIGHT;CLEAR;0;0;FAILURE TO YIELD RIGHT OF WAY;NO CONTROL PRESENT;PICKUP;PICKUP;NONE;NONE;;2017-04-06T09:19:18-04:00;2017;No;No;4;09
200 FEET FROM US 64;TWO-WAY,DIVIDED,UNPROTECTED MEDIAN;DAYLIGHT;CLEAR;0;1;;NO CONTROL PRESENT;PICKUP;PASSENGER CAR;PASSENGER CAR;NONE;;2017-04-09T19:57:34-04:00;2017;No;Yes;4;19
129 FEET FROM 4010 CONVENIENCE LN;TWO-WAY,NOT DIVIDED;DAYLIGHT;CLEAR;0;0;;NO CONTROL PRESENT;PASSENGER CAR;PASSENGER CAR;NONE;NONE;;2017-04-07T16:16:50-04:00;2017;No;No;4;16
75 FEET FROM MAPLE AV;TWO-WAY,NOT DIVIDED;DAYLIGHT;CLEAR;0;0;;NO CONTROL PRESENT;PICKUP;VAN;NONE;NONE;;2017-04-08T12:28:00-04:00;2017;No;No;4;12
.2 MILES FROM US HWY 1;TWO-WAY,DIVIDED,POSITIVE MEDIAN BARRIER;DAYLIGHT;CLEAR;0;0;;NO CONTROL PRESENT;PASSENGER CAR;SPORT UTILITY;SPORT UTILITY;NONE;;2017-04-09T10:33:00-04:00;2017;No;No;4;10
CARY;TWO-WAY,DIVIDED,UNPROTECTED MEDIAN;DAYLIGHT;CLEAR;0;0;;STOP AND GO SIGNAL;PASSENGER CAR;SPORT UTILITY;NONE;NONE;;2017-04-04T07:30:23-04:00;2017;No;No;4;07
CARY;TWO-WAY,DIVIDED,UNPROTECTED MEDIAN;DAYLIGHT;CLEAR;0;1;;STOP AND GO SIGNAL;SPORT UTILITY;SPORT UTILITY;SPORT UTILITY;NONE;;2017-04-10T15:20:54-04:00;2017;No;Yes;4;15
.13 MILES FROM SHERWOOD FOREST PL;TWO-WAY,NOT DIVIDED;DARK - LIGHTED ROADWAY;CLEAR;0;0;;NO CONTROL PRESENT;PASSENGER CAR;PASSENGER CAR;NONE;NONE;;2017-04-08T20:41:07-04:00;2017;No;No;4;20
CARY;TWO-WAY,NOT DIVIDED;DAYLIGHT;CLEAR;0;0;;NO CONTROL PRESENT;PASSENGER CAR;SPORT UTILITY;NONE;NONE;;2017-04-10T16:39:51-04:00;2017;No;No;4;16
.35 MILES FROM HWY US 64;TWO-WAY,DIVIDED,UNPROTECTED MEDIAN;DAYLIGHT;CLEAR;0;0;;STOP AND GO SIGNAL;PICKUP;SPORT UTILITY;NONE;NONE;;2017-04-10T14:58:42-04:00;2017;No;No;4;14
140 FEET FROM PVA HARRIS TEETER 270 GRANDE H;TWO-WAY,NOT DIVIDED;DAYLIGHT;CLEAR;0;0;;NO CONTROL PRESENT;SPORT UTILITY;SPORT UTILITY;NONE;NONE;;2017-04-11T11:51:00-04:00;2017;No;No;4;11
10 FEET FROM SR-1313 WALNUT ST;TWO-WAY,NOT DIVIDED;DARK - LIGHTED ROADWAY;CLEAR;0;0;;STOP AND GO SIGNAL;NONE;NONE;NONE;NONE;;2017-04-11T20:19:53-04:00;2017;No;No;4;20
250 FEET FROM WESTON PKWY;TWO-WAY,DIVIDED,UNPROTECTED MEDIAN;DAYLIGHT;CLEAR;0;0;;NO CONTROL PRESENT;PASSENGER CAR;NONE;NONE;NONE;;2017-04-11T17:23:10-04:00;2017;No;No;4;17
CARY;TWO-WAY,DIVIDED,UNPROTECTED MEDIAN;DAYLIGHT;CLEAR;0;3;;STOP AND GO SIGNAL;PASSENGER CAR;PASSENGER CAR;PICKUP;NONE;;2017-04-11T22:20:00-04:00;2017;No;Yes;4;22
300 FEET FROM PVA OF 6430 TRYON RD;TWO-WAY,NOT DIVIDED;DAYLIGHT;CLEAR;0;0;;NO CONTROL PRESENT;SPORT UTILITY;PASSENGER CAR;NONE;NONE;;2017-04-12T17:35:57-04:00;2017;No;No;4;17
436 FEET FROM US 64 HWY;TWO-WAY,DIVIDED,UNPROTECTED MEDIAN;DAYLIGHT;CLEAR;0;0;;STOP AND GO SIGNAL;SPORT UTILITY;PASSENGER CAR;NONE;NONE;;2017-04-13T10:03:00-04:00;2017;No;No;4;10
200 FEET FROM PVA 6560 TRYON RD;ONE-WAY,NOT DIVIDED;DAYLIGHT;CLEAR;0;0;;NO CONTROL PRESENT;SPORT UTILITY;SPORT UTILITY;NONE;NONE;;2017-04-13T10:24:00-04:00;2017;No;No;4;10
.5256 MILES FROM US 1 HWY;TWO-WAY,DIVIDED,POSITIVE MEDIAN BARRIER;DAYLIGHT;CLEAR;0;0;;NO CONTROL PRESENT;PASSENGER CAR;PICKUP;NONE;NONE;;2017-04-13T11:13:00-04:00;2017;No;No;4;11
57 FEET FROM 1931 HIGH HOUSE RD;TWO-WAY,NOT DIVIDED;DAYLIGHT;CLEAR;0;0;;NO CONTROL PRESENT;PASSENGER CAR;SPORT UTILITY;NONE;NONE;;2017-04-12T13:01:22-04:00;2017;No;No;4;13
200 FEET FROM P.V.A (TRADERS JOES);TWO-WAY,NOT DIVIDED;DAYLIGHT;CLEAR;0;0;;NO CONTROL PRESENT;VAN;PASSENGER CAR;NONE;NONE;;2017-04-15T17:59:14-04:00;2017;No;No;4;17
200 FEET FROM PVA (1111 WALNUT ST);TWO-WAY,NOT DIVIDED;DAYLIGHT;CLEAR;0;0;;NO CONTROL PRESENT;SPORT UTILITY;SPORT UTILITY;NONE;NONE;;2017-04-15T16:54:49-04:00;2017;No;No;4;16
CARY;ONE-WAY,NOT DIVIDED;DAYLIGHT;CLEAR;0;0;;STOP AND GO SIGNAL;SPORT UTILITY;PASSENGER CAR;NONE;NONE;;2017-04-16T15:32:58-04:00;2017;No;No;4;15
83 FEET FROM SR 1615 (HIGH HOUSE RD);TWO-WAY,NOT DIVIDED;DARK - LIGHTED ROADWAY;CLEAR;0;0;;NO CONTROL PRESENT;SPORT UTILITY;PASSENGER CAR;NONE;NONE;;2017-04-12T14:23:43-04:00;2017;No;No;4;14
.1 MILES FROM SR 1300 (KILDAIRE FARM RD);TWO-WAY,DIVIDED,UNPROTECTED MEDIAN;DAYLIGHT;CLEAR;0;0;;NO CONTROL PRESENT;PASSENGER CAR;PASSENGER CAR;NONE;NONE;;2017-04-14T09:05:57-04:00;2017;No;No;4;09
CARY;ONE-WAY,NOT DIVIDED;NONE;CLEAR;0;0;;NO CONTROL PRESENT;SPORT UTILITY;NONE;NONE;NONE;;2017-04-15T02:42:09-04:00;2017;No;No;4;02
CARY;TWO-WAY,NOT DIVIDED;DAYLIGHT;CLEAR;0;0;;NO CONTROL PRESENT;PASSENGER CAR;PASSENGER CAR;NONE;NONE;;2017-04-15T13:18:11-04:00;2017;No;No;4;13
10 FEET FROM PVA 6903 CARPENTER FIRE STATIO;TWO-WAY,NOT DIVIDED;DAYLIGHT;CLEAR;0;0;;NO CONTROL PRESENT;PASSENGER CAR;PASSENGER CAR;NONE;NONE;;2017-04-16T14:56:41-04:00;2017;No;No;4;14
.36 MILES FROM SR 3127 (MCCRIMMON PKWY);TWO-WAY,DIVIDED,UNPROTECTED MEDIAN;DAYLIGHT;CLEAR;0;0;;NO CONTROL PRESENT;PASSENGER CAR;SPORT UTILITY;NONE;NONE;;2017-04-07T12:58:00-04:00;2017;No;No;4;12
5 FEET FROM SR 1415 (SW MAYNARD RD);TWO-WAY,NOT DIVIDED;DAYLIGHT;CLEAR;0;0;;STOP AND GO SIGNAL;PASSENGER CAR;VAN;NONE;NONE;;2017-04-17T11:52:00-04:00;2017;No;No;4;11
160 FEET FROM SR-1010(TEN TEN RD);TWO-WAY,NOT DIVIDED;DAYLIGHT;CLOUDY;0;0;;STOP AND GO SIGNAL;SPORT UTILITY;SPORT UTILITY;NONE;NONE;;2017-04-18T11:02:00-04:00;2017;No;No;4;11
15 FEET FROM 54 HWY;TWO-WAY,DIVIDED,UNPROTECTED MEDIAN;DAYLIGHT;CLEAR;0;2;;NO CONTROL PRESENT;PASSENGER CAR;PASSENGER CAR;PASSENGER CAR;NONE;;2017-04-15T01:22:24-04:00;2017;No;Yes;4;01
15 FEET FROM NC 55 HWY;TWO-WAY,DIVIDED,UNPROTECTED MEDIAN;DAYLIGHT;CLEAR;0;0;;NO CONTROL PRESENT;SPORT UTILITY;VAN;NONE;NONE;;2017-04-20T08:07:10-04:00;2017;No;No;4;08
.5 MILES FROM PVA(1000 OLDE WEATHERSTONE WAY;TWO-WAY,NOT DIVIDED;DAYLIGHT;CLEAR;0;0;;NO CONTROL PRESENT;PASSENGER CAR;SPORT UTILITY;NONE;NONE;;2017-04-20T16:12:35-04:00;2017;No;No;4;16
1 MILES FROM US 1;NONE;NONE;NONE;0;1;;;NONE;NONE;NONE;NONE;;2017-04-17T13:20:52-04:00;2017;No;Yes;4;13
400 FEET FROM US 1 SOUTH;ONE-WAY,NOT DIVIDED;DAYLIGHT;RAIN;0;0;;NO CONTROL PRESENT;PASSENGER CAR;PICKUP;NONE;NONE;;2017-04-23T15:04:10-04:00;2017;No;No;4;15
200 FEET FROM 1105 WALNUT ST;TWO-WAY,NOT DIVIDED;DARK - LIGHTED ROADWAY;RAIN;0;0;;STOP SIGN;PASSENGER CAR;NONE;NONE;NONE;;2017-04-22T21:12:06-04:00;2017;No;No;4;21
.1 MILES FROM NOTTINGHAM DR;TWO-WAY,NOT DIVIDED;DARK - LIGHTED ROADWAY;RAIN;0;0;;NO CONTROL PRESENT;PASSENGER CAR;NONE;NONE;NONE;;2017-04-24T04:08:34-04:00;2017;No;No;4;04
150 FEET FROM SR 1012 (CARY TOWNE BLVD);TWO-WAY,DIVIDED,UNPROTECTED MEDIAN;DAYLIGHT;RAIN;0;0;;NO CONTROL PRESENT;PASSENGER CAR;NONE;NONE;NONE;;2017-04-23T15:27:13-04:00;2017;No;No;4;15
30 FEET FROM CROSSROADS BLVD;TWO-WAY,DIVIDED,UNPROTECTED MEDIAN;DAYLIGHT;RAIN;0;1;;STOP AND GO SIGNAL;PASSENGER CAR;SPORT UTILITY;NONE;NONE;;2017-04-23T14:43:39-04:00;2017;No;Yes;4;14
CARY;TWO-WAY,NOT DIVIDED;DAYLIGHT;RAIN;0;0;;STOP AND GO SIGNAL;PASSENGER CAR;SPORT UTILITY;NONE;NONE;;2017-04-23T13:33:04-04:00;2017;No;No;4;13
CARY;TWO-WAY,NOT DIVIDED;DAYLIGHT;RAIN;0;0;;NO CONTROL PRESENT;SPORT UTILITY;PASSENGER CAR;PASSENGER CAR;NONE;;2017-04-24T14:58:46-04:00;2017;No;No;4;14
20 FEET FROM WALNUT ST;TWO-WAY,DIVIDED,POSITIVE MEDIAN BARRIER;DAYLIGHT;RAIN;0;0;;STOP AND GO SIGNAL;PASSENGER CAR;SPORT UTILITY;NONE;NONE;;2017-04-24T16:54:17-04:00;2017;No;No;4;16
100 FEET FROM SR 1652 (HARRISON AVE);TWO-WAY,DIVIDED,UNPROTECTED MEDIAN;DAYLIGHT;RAIN;0;0;;NO CONTROL PRESENT;PASSENGER CAR;PASSENGER CAR;NONE;NONE;;2017-04-24T07:16:29-04:00;2017;No;No;4;07
CARY;TWO-WAY,DIVIDED,POSITIVE MEDIAN BARRIER;DAYLIGHT;CLEAR;0;0;;NO CONTROL PRESENT;PASSENGER CAR;PASSENGER CAR;NONE;NONE;;2017-04-25T17:22:09-04:00;2017;No;No;4;17
CARY;TWO-WAY,NOT DIVIDED;DARK - LIGHTED ROADWAY;CLOUDY;0;0;;STOP SIGN;PASSENGER CAR;PASSENGER CAR;NONE;NONE;;2017-04-25T20:52:01-04:00;2017;No;No;4;20
25 FEET FROM US 64 HWY;TWO-WAY,DIVIDED,UNPROTECTED MEDIAN;DAYLIGHT;RAIN;0;0;;STOP AND GO SIGNAL;PASSENGER CAR;PASSENGER CAR;NONE;NONE;;2017-04-24T08:00:01-04:00;2017;No;No;4;08
100 FEET FROM SR 1011 (E CHATHAM ST);TWO-WAY,DIVIDED,UNPROTECTED MEDIAN;DAYLIGHT;CLEAR;0;1;;NO CONTROL PRESENT;SPORT UTILITY;SPORT UTILITY;NONE;NONE;;2017-04-26T14:53:46-04:00;2017;No;Yes;4;14
20 FEET FROM SR-1010 (TEN TEN RD);TWO-WAY,NOT DIVIDED;DAYLIGHT;CLEAR;0;0;;STOP AND GO SIGNAL;PASSENGER CAR;NONE;NONE;NONE;;2017-04-27T12:08:00-04:00;2017;No;No;4;12
0.5 MILES FROM 102 EDINBURGH SOUTH DR;TWO-WAY,NOT DIVIDED;DUSK;CLEAR;0;0;;NO CONTROL PRESENT;LIGHT TRUCK (MINI-VAN- PANEL);SPORT UTILITY;NONE;NONE;;2017-04-27T21:56:42-04:00;2017;No;No;4;21
369 FEET FROM SWORDGATE DR;TWO-WAY,NOT DIVIDED;DAYLIGHT;CLEAR;0;0;;NO CONTROL PRESENT;PASSENGER CAR;SPORT UTILITY;NONE;NONE;;2017-04-27T07:37:48-04:00;2017;No;No;4;07
156 FEET FROM SR 39677 (SW CARY PKWY);TWO-WAY,NOT DIVIDED;DAYLIGHT;CLEAR;0;0;;STOP AND GO SIGNAL;SPORT UTILITY;VAN;NONE;NONE;;2017-04-28T08:19:35-04:00;2017;No;No;4;08
200 FEET FROM SR 1610 (DAVIS DR);TWO-WAY,NOT DIVIDED;DAYLIGHT;CLEAR;0;0;;NO CONTROL PRESENT;SPORT UTILITY;PASSENGER CAR;NONE;NONE;;2017-04-27T07:34:15-04:00;2017;No;No;4;07
0 FEET FROM TANGLEWOOD DR;TWO-WAY,NOT DIVIDED;DAYLIGHT;CLEAR;0;0;;STOP SIGN;LIGHT TRUCK (MINI-VAN- PANEL);PASSENGER CAR;NONE;NONE;;2017-04-28T07:16:28-04:00;2017;No;No;4;07
.01 MILES FROM PVA 2458 SW CARY PKWY;TWO-WAY,NOT DIVIDED;DAYLIGHT;CLEAR;0;0;;NO CONTROL PRESENT;PASSENGER CAR;PASSENGER CAR;NONE;NONE;;2017-04-27T17:08:28-04:00;2017;No;No;4;17
.2 MILES FROM US1;TWO-WAY,DIVIDED,POSITIVE MEDIAN BARRIER;DAYLIGHT;CLEAR;0;0;;NO CONTROL PRESENT;PASSENGER CAR;NONE;NONE;NONE;;2017-04-26T00:00:00-04:00;2017;No;No;4;00
400 FEET FROM SR 1625 (MCCRIMMON PKWY);TWO-WAY,NOT DIVIDED;DAYLIGHT;CLEAR;0;0;;STOP AND GO SIGNAL;SPORT UTILITY;PASSENGER CAR;NONE;NONE;;2017-04-28T19:27:39-04:00;2017;No;No;4;19
.1 MILES FROM 126 YORK ST;TWO-WAY,NOT DIVIDED;DARK - LIGHTED ROADWAY;CLEAR;0;0;;NO CONTROL PRESENT;PASSENGER CAR;SPORT UTILITY;NONE;NONE;;2017-05-01T01:09:41-04:00;2017;No;No;5;01