Location_Description;Road_Configuration;Light_Condition;Weather;Fatality;Injury;Contributing_Factor;Traffic_Control;Vehicle1;Vehicle2;Vehicle3;Vehicle4;Vehicle5;Crash_Date;year;Fatalities;Injuries;Month;Hour
200 FEET FROM P.V.A. (LOWES FOODS);TWO-WAY,NOT DIVIDED;DAYLIGHT;CLEAR;0;1;;NO CONTROL PRESENT;PICKUP;NONE;NONE;NONE;;2017-04-29T15:24:41-04:00;2017;No;Yes;4;15
5 FEET FROM CAITBOO AVE;TWO-WAY,NOT DIVIDED;DAYLIGHT;CLEAR;0;0;;NO CONTROL PRESENT;SPORT UTILITY;PASSENGER CAR;NONE;NONE;;2017-04-30T19:31:46-04:00;2017;No;No;4;19
200 FEET FROM MICHIGAN AVE;TWO-WAY,NOT DIVIDED;DAYLIGHT;CLEAR;0;0;;NO CONTROL PRESENT;SPORT UTILITY;PASSENGER CAR;NONE;NONE;;2017-04-28T16:25:11-04:00;2017;No;No;4;16
20 FEET FROM SR 1415 SE MAYNARD RD;TWO-WAY,DIVIDED,POSITIVE MEDIAN BARRIER;DARK - LIGHTED ROADWAY;CLEAR;0;1;;NO CONTROL PRESENT;SPORT UTILITY;NONE;NONE;NONE;;2017-04-28T06:37:24-04:00;2017;No;Yes;4;06
180 FEET FROM PVA 1273 NW MAYNARD RD;TWO-WAY,NOT DIVIDED;DAYLIGHT;CLEAR;0;0;;NO CONTROL PRESENT;PASSENGER CAR;SPORT UTILITY;NONE;NONE;;2017-04-29T14:25:07-04:00;2017;No;No;4;14
CARY;TWO-WAY,DIVIDED,UNPROTECTED MEDIAN;DAYLIGHT;CLEAR;0;1;;NO CONTROL PRESENT;PASSENGER CAR;PASSENGER CAR;PASSENGER CAR;NONE;;2017-04-29T19:48:51-04:00;2017;No;Yes;4;19
5 FEET FROM POND ST;TWO-WAY,NOT DIVIDED;DAYLIGHT;CLOUDY;0;0;;STOP SIGN;VAN;SPORT UTILITY;NONE;NONE;;2017-05-01T15:24:03-04:00;2017;No;No;5;15
60 FEET FROM 638 WALNUT ST;TWO-WAY,NOT DIVIDED;DAYLIGHT;CLEAR;0;0;;NO CONTROL PRESENT;SPORT UTILITY;PICKUP;NONE;NONE;;2017-05-02T11:40:00-04:00;2017;No;No;5;11
15 FEET FROM US 1 NORTH ON RAMP;ONE-WAY,NOT DIVIDED;DAYLIGHT;CLEAR;0;0;;YIELD SIGN;PASSENGER CAR;PASSENGER CAR;NONE;NONE;;2017-05-02T13:03:44-04:00;2017;No;No;5;13
CARY;ONE-WAY,NOT DIVIDED;DAYLIGHT;CLEAR;0;1;;STOP AND GO SIGNAL;PASSENGER CAR;PICKUP;NONE;NONE;;2017-05-03T08:38:56-04:00;2017;No;Yes;5;08
300 FEET FROM PVA OF 6405 TRYON RD;TWO-WAY,NOT DIVIDED;DAYLIGHT;CLEAR;0;0;;NO CONTROL PRESENT;SPORT UTILITY;NONE;NONE;NONE;;2017-05-03T12:49:00-04:00;2017;No;No;5;12
200 FEET FROM ST CHARLES PL;TWO-WAY,NOT DIVIDED;DAYLIGHT;CLEAR;0;0;;NO CONTROL PRESENT;SPORT UTILITY;NONE;NONE;NONE;;2017-05-04T07:56:47-04:00;2017;No;No;5;07
55 FEET FROM US 64 EAST;TWO-WAY,DIVIDED,UNPROTECTED MEDIAN;DAYLIGHT;CLEAR;0;0;;NO CONTROL PRESENT;SPORT UTILITY;NONE;NONE;NONE;;2017-05-04T15:17:34-04:00;2017;No;No;5;15
15 FEET FROM SR 1313 (WALNUT ST);TWO-WAY,DIVIDED,UNPROTECTED MEDIAN;DUSK;CLEAR;0;0;;STOP AND GO SIGNAL;PICKUP;SPORT UTILITY;NONE;NONE;;2017-05-04T19:22:29-04:00;2017;No;No;5;19
50 FEET FROM GREGSON DR;TWO-WAY,NOT DIVIDED;DAYLIGHT;CLEAR;0;0;;NO CONTROL PRESENT;PASSENGER CAR;PASSENGER CAR;NONE;NONE;;2017-05-04T07:49:49-04:00;2017;No;No;5;07
300 FEET FROM PVA OF 790 SE CARY PKWY;TWO-WAY,NOT DIVIDED;DAYLIGHT;CLEAR;0;0;;NO CONTROL PRESENT;PASSENGER CAR;SPORT UTILITY;NONE;NONE;;2017-05-05T13:44:56-04:00;2017;No;No;5;13
60 FEET FROM PVA OF 525-203 NEW WAVERLY PL;ONE-WAY,NOT DIVIDED;DARK - LIGHTED ROADWAY;CLEAR;0;0;;NO CONTROL PRESENT;NONE;SPORT UTILITY;NONE;NONE;;2017-05-04T22:21:00-04:00;2017;No;No;5;22
CARY;NONE;NONE;NONE;0;0;;;NONE;NONE;NONE;NONE;;2017-05-07T18:25:05-04:00;2017;No;No;5;18
200 FEET FROM TRYON VILLAGE;TWO-WAY,NOT DIVIDED;DAYLIGHT;CLEAR;0;0;;NO CONTROL PRESENT;NONE;PASSENGER CAR;NONE;NONE;;2017-05-05T18:35:27-04:00;2017;No;No;5;18
50 FEET FROM SR 1313 (WALNUT ST);TWO-WAY,DIVIDED,UNPROTECTED MEDIAN;DAYLIGHT;CLEAR;0;0;;NO CONTROL PRESENT;PASSENGER CAR;PASSENGER CAR;NONE;NONE;;2017-05-05T19:09:08-04:00;2017;No;No;5;19
.50 MILES FROM PVA(1920 NW MAYNARD RD);TWO-WAY,NOT DIVIDED;DAYLIGHT;CLEAR;0;0;;NO CONTROL PRESENT;PICKUP;VAN;NONE;NONE;;2017-04-29T08:14:18-04:00;2017;No;No;4;08
200 FEET FROM 1151 TRYON VILLAGE DR;TWO-WAY,NOT DIVIDED;DUSK;CLOUDY;0;0;;NO CONTROL PRESENT;PASSENGER CAR;PASSENGER CAR;NONE;NONE;;2017-05-06T18:59:28-04:00;2017;No;No;5;18
20 FEET FROM NC 55 HWY;TWO-WAY,DIVIDED,UNPROTECTED MEDIAN;DAYLIGHT;CLEAR;0;0;;STOP AND GO SIGNAL;SPORT UTILITY;PASSENGER CAR;NONE;NONE;;2017-05-07T16:37:15-04:00;2017;No;No;5;16
CARY;NONE;NONE;NONE;0;0;;;NONE;NONE;NONE;NONE;;2017-04-23T00:00:00-04:00;2017;No;No;4;00
300 FEET FROM P.V.A(1397 KILDAIRE FARM RD);ONE-WAY,NOT DIVIDED;DAYLIGHT;CLEAR;0;0;;NO CONTROL PRESENT;LIGHT TRUCK (MINI-VAN- PANEL);PASSENGER CAR;NONE;NONE;;2017-05-08T15:45:18-04:00;2017;No;No;5;15
CARY;TWO-WAY,DIVIDED,UNPROTECTED MEDIAN;DAYLIGHT;CLEAR;0;0;;STOP SIGN;PASSENGER CAR;VAN;NONE;NONE;;2017-05-08T17:25:29-04:00;2017;No;No;5;17
75 FEET FROM 638 WALNUT ST;TWO-WAY,NOT DIVIDED;DAYLIGHT;CLOUDY;0;0;;NO CONTROL PRESENT;SPORT UTILITY;SPORT UTILITY;NONE;NONE;;2017-05-09T08:00:29-04:00;2017;No;No;5;08
360 FEET FROM PVA OF 2101 DAVIS DR;TWO-WAY,NOT DIVIDED;DARK - LIGHTED ROADWAY;CLOUDY;0;0;;NO CONTROL PRESENT;PASSENGER CAR;PICKUP;NONE;NONE;;2017-05-09T20:52:45-04:00;2017;No;No;5;20
200 FEET FROM PVA OF 2000 WALNUT ST;TWO-WAY,NOT DIVIDED;DAYLIGHT;CLEAR;0;0;;NO CONTROL PRESENT;PASSENGER CAR;PICKUP;NONE;NONE;;2017-05-10T12:19:00-04:00;2017;No;No;5;12
NEAR .1 MILES N OF N US1;TWO-WAY,DIVIDED,POSITIVE MEDIAN BARRIER;DAYLIGHT;CLOUDY;0;0;;NO CONTROL PRESENT;PASSENGER CAR;PASSENGER CAR;NONE;NONE;;2017-05-09T14:38:47-04:00;2017;No;No;5;14
CARY;TWO-WAY,DIVIDED,UNPROTECTED MEDIAN;DAYLIGHT;CLEAR;0;1;;STOP SIGN;SPORT UTILITY;PICKUP;NONE;NONE;;2017-05-10T10:31:00-04:00;2017;No;Yes;5;10
CARY;TWO-WAY,NOT DIVIDED;DAYLIGHT;CLEAR;0;0;;STOP SIGN;PASSENGER CAR;SPORT UTILITY;NONE;NONE;;2017-05-10T14:22:37-04:00;2017;No;No;5;14
475 FEET FROM SR 1300 (KILDAIRE FARM RD);TWO-WAY,NOT DIVIDED;DAYLIGHT;CLEAR;0;0;;STOP AND GO SIGNAL;PASSENGER CAR;PICKUP;NONE;NONE;;2017-05-05T00:30:00-04:00;2017;No;No;5;00
200 FEET FROM SR1652 (N HARRISON AVE);TWO-WAY,NOT DIVIDED;DAYLIGHT;CLEAR;0;0;;NO CONTROL PRESENT;PASSENGER CAR;PASSENGER CAR;NONE;NONE;;2017-05-10T13:11:08-04:00;2017;No;No;5;13
181 FEET FROM P.V.A. (1401 BUCK JONES RD);TWO-WAY,NOT DIVIDED;DARK - LIGHTED ROADWAY;CLEAR;0;0;;NO CONTROL PRESENT;PASSENGER CAR;PASSENGER CAR;NONE;NONE;;2017-05-10T23:51:00-04:00;2017;No;No;5;23
50 FEET FROM SR 1010;TWO-WAY,DIVIDED,UNPROTECTED MEDIAN;DAYLIGHT;CLEAR;0;0;;STOP AND GO SIGNAL;PASSENGER CAR;PASSENGER CAR;NONE;NONE;;2017-05-11T16:02:39-04:00;2017;No;No;5;16
40 FEET FROM SR 3073 (MAYNARD RD);TWO-WAY,NOT DIVIDED;DAYLIGHT;CLEAR;0;0;;NO CONTROL PRESENT;PASSENGER CAR;PICKUP;NONE;NONE;;2017-05-14T10:15:00-04:00;2017;No;No;5;10
280 FEET FROM SR 1011 (E CHATHAM ST);TWO-WAY,DIVIDED,UNPROTECTED MEDIAN;DAYLIGHT;CLOUDY;0;0;;STOP AND GO SIGNAL;SPORT UTILITY;SPORT UTILITY;NONE;NONE;;2017-05-12T17:52:18-04:00;2017;No;No;5;17
100 FEET FROM BURNABY COURT;TWO-WAY,NOT DIVIDED;DAYLIGHT;CLEAR;0;0;;NO CONTROL PRESENT;VAN;PASSENGER CAR;NONE;NONE;;2017-05-14T14:34:54-04:00;2017;No;No;5;14
400 FEET FROM PVA (1105 WALNUT ST);TWO-WAY,NOT DIVIDED;DARK - LIGHTED ROADWAY;CLEAR;0;0;;NO CONTROL PRESENT;PASSENGER CAR;PASSENGER CAR;NONE;NONE;;2017-05-13T20:37:37-04:00;2017;No;No;5;20
.12 MILES FROM SR 3977 (SW CARY PKWY);TWO-WAY,NOT DIVIDED;DAYLIGHT;CLOUDY;0;0;;STOP AND GO SIGNAL;PASSENGER CAR;PASSENGER CAR;NONE;NONE;;2017-05-13T09:34:30-04:00;2017;No;No;5;09
CARY;TWO-WAY,NOT DIVIDED;DAYLIGHT;CLOUDY;0;0;;NO CONTROL PRESENT;PASSENGER CAR;PASSENGER CAR;NONE;NONE;;2017-05-13T17:21:48-04:00;2017;No;No;5;17
100 FEET FROM PVA OF 801 SE MAYNARD RD;ONE-WAY,NOT DIVIDED;DAYLIGHT;CLEAR;0;0;;NO CONTROL PRESENT;SINGLE UNIT TRUCK (2-AXLE- 6-TIRE);NONE;NONE;NONE;;2017-05-15T16:18:33-04:00;2017;No;No;5;16
30 FEET FROM BYRUM ST;TWO-WAY,NOT DIVIDED;DAYLIGHT;CLEAR;0;1;;NO CONTROL PRESENT;PASSENGER CAR;PICKUP;NONE;NONE;;2017-05-15T12:01:00-04:00;2017;No;Yes;5;12
CARY;TWO-WAY,NOT DIVIDED;DAYLIGHT;CLEAR;0;3;;STOP SIGN;PICKUP;SPORT UTILITY;PASSENGER CAR;NONE;;2017-05-15T15:07:24-04:00;2017;No;Yes;5;15
350 FEET FROM SR #1652 (N HARRISON AV);TWO-WAY,DIVIDED,POSITIVE MEDIAN BARRIER;DAYLIGHT;CLEAR;0;1;;STOP AND GO SIGNAL;PASSENGER CAR;PASSENGER CAR;NONE;NONE;;2017-05-16T12:06:00-04:00;2017;No;Yes;5;12
0 FEET FROM SR1615 (HIGH HOUSE RD);TWO-WAY,DIVIDED,UNPROTECTED MEDIAN;DAYLIGHT;CLEAR;0;0;;STOP AND GO SIGNAL;PASSENGER CAR;PASSENGER CAR;NONE;NONE;;2017-05-16T15:51:30-04:00;2017;No;No;5;15
0.1 MILES FROM PVA SAS 500 SAS CAMPUS DR;TWO-WAY,NOT DIVIDED;DAYLIGHT;CLEAR;0;0;;STOP SIGN;PASSENGER CAR;PASSENGER CAR;NONE;NONE;;2017-05-16T13:44:57-04:00;2017;No;No;5;13
40 FEET FROM WALDO ROOD BLVD;TWO-WAY,NOT DIVIDED;DAYLIGHT;CLEAR;0;0;;STOP AND GO SIGNAL;PASSENGER CAR;PASSENGER CAR;NONE;NONE;;2017-05-17T09:02:07-04:00;2017;No;No;5;09
0.25 MILES FROM 2030 SR 1300 (KILDARE FARM RD);TWO-WAY,NOT DIVIDED;DAYLIGHT;CLEAR;0;0;;NO CONTROL PRESENT;PASSENGER CAR;PASSENGER CAR;NONE;NONE;;2017-05-17T14:03:11-04:00;2017;No;No;5;14
81 FEET FROM P.V.A. MACS TAVERN (1014 RYAN;TWO-WAY,NOT DIVIDED;DARK - LIGHTED ROADWAY;CLEAR;0;0;;NO CONTROL PRESENT;PICKUP;PICKUP;NONE;NONE;;2017-05-17T00:25:00-04:00;2017;No;No;5;00
25 FEET FROM NC 55 HWY;TWO-WAY,NOT DIVIDED;DAYLIGHT;CLEAR;0;1;;NO CONTROL PRESENT;PASSENGER CAR;SPORT UTILITY;NONE;NONE;;2017-05-17T16:36:50-04:00;2017;No;Yes;5;16
35 FEET FROM SR 1300 (KILDAIRE FARM RD);TWO-WAY,DIVIDED,UNPROTECTED MEDIAN;DAYLIGHT;CLEAR;0;0;;STOP AND GO SIGNAL;PASSENGER CAR;SPORT UTILITY;NONE;NONE;;2017-05-16T18:38:08-04:00;2017;No;No;5;18
100 FEET FROM PVA 1115 TRYON VILLAGE DR;ONE-WAY,NOT DIVIDED;DAYLIGHT;CLEAR;0;0;;NO CONTROL PRESENT;PASSENGER CAR;SPORT UTILITY;NONE;NONE;;2017-05-17T20:49:21-04:00;2017;No;No;5;20
.2 MILES FROM REGENCY PKWY;TWO-WAY,DIVIDED,POSITIVE MEDIAN BARRIER;DAYLIGHT;CLEAR;0;0;;NO CONTROL PRESENT;PASSENGER CAR;PASSENGER CAR;NONE;NONE;;2017-05-17T15:50:33-04:00;2017;No;No;5;15
0 FEET FROM SR 1300 (KILDAIRE FARM RD);TWO-WAY,DIVIDED,UNPROTECTED MEDIAN;DAYLIGHT;CLEAR;0;0;;STOP AND GO SIGNAL;PASSENGER CAR;SPORT UTILITY;NONE;NONE;;2017-05-16T16:01:01-04:00;2017;No;No;5;16
.13 MILES FROM SR #1652 (N HARRISON AV);TWO-WAY,NOT DIVIDED;DAYLIGHT;CLEAR;0;0;;NO CONTROL PRESENT;PASSENGER CAR;PASSENGER CAR;NONE;NONE;;2017-05-19T07:41:20-04:00;2017;No;No;5;07
100 FEET FROM PVA 240 CROSSROADS BLVD;ONE-WAY,NOT DIVIDED;DAYLIGHT;CLEAR;0;0;;NO CONTROL PRESENT;PASSENGER CAR;PASSENGER CAR;NONE;NONE;;2017-05-19T21:11:01-04:00;2017;No;No;5;21
.15 MILES FROM SR1423 (PINEY PLAINS RD);TWO-WAY,NOT DIVIDED;DARK - LIGHTED ROADWAY;CLEAR;0;0;;NO CONTROL PRESENT;SPORT UTILITY;NONE;NONE;NONE;;2017-05-19T03:50:53-04:00;2017;No;No;5;03
.041 MILES FROM 300 AIRGATE DR PVA;TWO-WAY,NOT DIVIDED;DAYLIGHT;CLEAR;0;0;;NO CONTROL PRESENT;NONE;PASSENGER CAR;NONE;NONE;;2017-05-20T11:32:00-04:00;2017;No;No;5;11
CARY;TWO-WAY,NOT DIVIDED;DAYLIGHT;CLEAR;0;0;;NO CONTROL PRESENT;PASSENGER CAR;PASSENGER CAR;NONE;NONE;;2017-05-20T16:01:06-04:00;2017;No;No;5;16
280 FEET FROM PVA OF 575 NEW WAVERLY PL;TWO-WAY,NOT DIVIDED;DAYLIGHT;CLEAR;0;0;;NO CONTROL PRESENT;SPORT UTILITY;SPORT UTILITY;NONE;NONE;;2017-05-21T16:08:30-04:00;2017;No;No;5;16
450 FEET FROM PVA 760 SE MAYNARD RD;TWO-WAY,NOT DIVIDED;DAYLIGHT;CLEAR;0;0;;NO CONTROL PRESENT;PASSENGER CAR;PICKUP;NONE;NONE;;2017-05-18T15:19:28-04:00;2017;No;No;5;15
470 FEET FROM PRITCHETT FARM LN;TWO-WAY,NOT DIVIDED;DAYLIGHT;CLEAR;0;0;;NO CONTROL PRESENT;LIGHT TRUCK (MINI-VAN- PANEL);NONE;NONE;NONE;;2017-05-19T16:01:42-04:00;2017;No;No;5;16
.094 MILES FROM US64;TWO-WAY,DIVIDED,UNPROTECTED MEDIAN;DAYLIGHT;CLEAR;0;0;;NO CONTROL PRESENT;PICKUP;PASSENGER CAR;PICKUP;PASSENGER CAR;VAN;2017-05-20T08:41:16-04:00;2017;No;No;5;08
.25 MILES FROM SR#1300 (KILDAIRE FARM RD);TWO-WAY,NOT DIVIDED;DAYLIGHT;CLEAR;0;0;;NO CONTROL PRESENT;SPORT UTILITY;PASSENGER CAR;SPORT UTILITY;NONE;;2017-05-21T15:46:59-04:00;2017;No;No;5;15
300 FEET FROM PVA (1105 WALNUT ST);TWO-WAY,DIVIDED,UNPROTECTED MEDIAN;DARK - LIGHTED ROADWAY;CLEAR;0;0;;NO CONTROL PRESENT;SPORT UTILITY;NONE;NONE;NONE;;2017-05-21T18:10:54-04:00;2017;No;No;5;18
.2 MILES FROM SW CARY PKWY;TWO-WAY,DIVIDED,UNPROTECTED MEDIAN;DAYLIGHT;CLEAR;0;0;;STOP AND GO SIGNAL;SPORT UTILITY;PASSENGER CAR;NONE;NONE;;2017-05-22T16:57:49-04:00;2017;No;No;5;16
CARY;TWO-WAY,NOT DIVIDED;DAYLIGHT;CLEAR;0;0;;NO CONTROL PRESENT;PASSENGER CAR;PASSENGER CAR;NONE;NONE;;2017-05-21T18:52:08-04:00;2017;No;No;5;18
.25 MILES FROM SR 1615 (HIGH HOUSE RD);TWO-WAY,DIVIDED,POSITIVE MEDIAN BARRIER;DAYLIGHT;CLOUDY;0;0;;STOP AND GO SIGNAL;PASSENGER CAR;SPORT UTILITY;NONE;NONE;;2017-05-22T08:50:32-04:00;2017;No;No;5;08
10 FEET FROM PVA 4402 1010 RD;TWO-WAY,DIVIDED,UNPROTECTED MEDIAN;DAYLIGHT;CLEAR;0;0;;STOP SIGN;SPORT UTILITY;PASSENGER CAR;NONE;NONE;;2017-05-22T15:27:31-04:00;2017;No;No;5;15
20 FEET FROM US 64 HWY;TWO-WAY,DIVIDED,UNPROTECTED MEDIAN;DAYLIGHT;RAIN;0;0;;STOP AND GO SIGNAL;SPORT UTILITY;PASSENGER CAR;NONE;NONE;;2017-05-23T10:08:00-04:00;2017;No;No;5;10
30 FEET FROM SR 3977(SE CARY PKWY;TWO-WAY,DIVIDED,UNPROTECTED MEDIAN;DAYLIGHT;RAIN;0;0;;STOP AND GO SIGNAL;PASSENGER CAR;PASSENGER CAR;NONE;NONE;;2017-05-23T15:01:25-04:00;2017;No;No;5;15
30 FEET FROM I 40 EXIT 287 RAMP EB;ONE-WAY,NOT DIVIDED;DAYLIGHT;RAIN;0;0;;STOP AND GO SIGNAL;SPORT UTILITY;PICKUP;NONE;NONE;;2017-05-23T14:35:59-04:00;2017;No;No;5;14
CARY;TWO-WAY,NOT DIVIDED;DAYLIGHT;CLEAR;0;0;;NO CONTROL PRESENT;PASSENGER CAR;NONE;NONE;NONE;;2017-05-20T17:39:30-04:00;2017;No;No;5;17
10 FEET FROM REEVE HALL DR;TWO-WAY,NOT DIVIDED;DAYLIGHT;CLOUDY;0;0;;STOP SIGN;PASSENGER CAR;NONE;NONE;NONE;;2017-05-23T11:55:00-04:00;2017;No;No;5;11
400 FEET FROM WALDO ROOD BLVD;TWO-WAY,NOT DIVIDED;DAYLIGHT;CLOUDY;0;0;;NO CONTROL PRESENT;PASSENGER CAR;SPORT UTILITY;NONE;NONE;;2017-05-24T07:46:16-04:00;2017;No;No;5;07
.35 MILES FROM PVA 2468 WALNUT ST;TWO-WAY,NOT DIVIDED;DAYLIGHT;CLOUDY;0;0;;NO CONTROL PRESENT;PASSENGER CAR;PASSENGER CAR;NONE;NONE;;2017-05-24T10:21:00-04:00;2017;No;No;5;10
5 FEET FROM US 1 S  OFF RAMP TO US;ONE-WAY,NOT DIVIDED;DAYLIGHT;CLEAR;0;0;;STOP AND GO SIGNAL;PASSENGER CAR;PASSENGER CAR;NONE;NONE;;2017-05-18T17:24:17-04:00;2017;No;No;5;17
25 FEET FROM 1844 BOULDERSTONE WAY;TWO-WAY,NOT DIVIDED;DAYLIGHT;CLEAR;0;0;;NO CONTROL PRESENT;NONE;LIGHT TRUCK (MINI-VAN- PANEL);NONE;NONE;;2017-05-17T15:50:59-04:00;2017;No;No;5;15
.15 MILES FROM P.V.A. (RENAISSANCE PARK PL);TWO-WAY,NOT DIVIDED;DAYLIGHT;CLEAR;0;0;;STOP SIGN;PASSENGER CAR;PICKUP;NONE;NONE;;2017-05-26T08:53:02-04:00;2017;No;No;5;08
.1 MILES FROM P.V.A. (2010 KILDAIRE FARM RD);TWO-WAY,NOT DIVIDED;DAYLIGHT;RAIN;0;0;;NO CONTROL PRESENT;PASSENGER CAR;PASSENGER CAR;NONE;NONE;;2017-05-23T16:41:11-04:00;2017;No;No;5;16
300 FEET FROM PVA (114 HIDDEN OAKS DR);TWO-WAY,NOT DIVIDED;DAYLIGHT;CLEAR;0;0;;NO CONTROL PRESENT;SPORT UTILITY;PASSENGER CAR;NONE;NONE;;2017-05-26T13:52:26-04:00;2017;No;No;5;13
CARY;ONE-WAY,NOT DIVIDED;DAYLIGHT;CLEAR;0;0;;YIELD SIGN;SPORT UTILITY;PASSENGER CAR;NONE;NONE;;2017-05-28T12:57:00-04:00;2017;No;No;5;12
80 FEET FROM US 1 N ON RAMP;ONE-WAY,NOT DIVIDED;DAYLIGHT;CLEAR;0;0;;YIELD SIGN;PASSENGER CAR;SPORT UTILITY;NONE;NONE;;2017-05-26T13:23:11-04:00;2017;No;No;5;13
393 FEET FROM SR 3090 (WESTON PKWY);TWO-WAY,DIVIDED,UNPROTECTED MEDIAN;DARK - LIGHTED ROADWAY;CLEAR;0;0;;NO CONTROL PRESENT;SPORT UTILITY;NONE;NONE;NONE;;2017-05-27T03:13:37-04:00;2017;No;No;5;03
250 FEET FROM SR1600 (GREEN LVL CH RD);TWO-WAY,DIVIDED,UNPROTECTED MEDIAN;DAYLIGHT;CLOUDY;0;0;;STOP AND GO SIGNAL;SPORT UTILITY;PASSENGER CAR;NONE;NONE;;2017-05-28T19:09:36-04:00;2017;No;No;5;19
CARY;TWO-WAY,DIVIDED,UNPROTECTED MEDIAN;DARK - LIGHTED ROADWAY;RAIN;0;0;;STOP AND GO SIGNAL;PASSENGER CAR;PASSENGER CAR;NONE;NONE;;2017-05-29T21:12:18-04:00;2017;No;No;5;21
250 FEET FROM PVA OF 575 NEW WAVERLY PL;TWO-WAY,NOT DIVIDED;DAYLIGHT;CLEAR;0;0;;NO CONTROL PRESENT;PASSENGER CAR;SPORT UTILITY;NONE;NONE;;2017-05-27T17:43:14-04:00;2017;No;No;5;17
20 FEET FROM LOUIS STEPHENS DR;TWO-WAY,NOT DIVIDED;DAYLIGHT;CLOUDY;0;1;;STOP SIGN;PASSENGER CAR;NONE;NONE;NONE;;2017-05-30T06:57:03-04:00;2017;No;Yes;5;06
.170 MILES FROM LAKESIDE VIEW CT PVA;TWO-WAY,NOT DIVIDED;NONE;CLEAR;0;0;;NO CONTROL PRESENT;PASSENGER CAR;PASSENGER CAR;NONE;NONE;;2017-05-30T07:33:30-04:00;2017;No;No;5;07
.1 MILES FROM 6770 MCCRIMMON PKWY;TWO-WAY,NOT DIVIDED;DAYLIGHT;CLEAR;0;0;;NO CONTROL PRESENT;PASSENGER CAR;PASSENGER CAR;NONE;NONE;;2017-05-26T11:10:00-04:00;2017;No;No;5;11
350 FEET FROM PVA OF 2010 KILDAIRE FARM RD;TWO-WAY,NOT DIVIDED;DAYLIGHT;CLOUDY;0;0;;NO CONTROL PRESENT;PASSENGER CAR;SPORT UTILITY;NONE;NONE;;2017-05-30T13:13:29-04:00;2017;No;No;5;13
0 FEET FROM SR 3977 (NW CARY PKWY);TWO-WAY,NOT DIVIDED;DAYLIGHT;CLEAR;0;1;;STOP SIGN;PASSENGER CAR;SPORT UTILITY;NONE;NONE;;2017-05-30T14:25:55-04:00;2017;No;Yes;5;14
0 FEET FROM NC 55 HWY;TWO-WAY,NOT DIVIDED;DAYLIGHT;CLEAR;0;2;;NO CONTROL PRESENT;NONE;NONE;NONE;NONE;;2017-05-31T07:28:33-04:00;2017;No;Yes;5;07
75 FEET FROM SR 1300 (KILDAIRE FARM RD);TWO-WAY,NOT DIVIDED;DAYLIGHT;CLEAR;0;0;;STOP SIGN;PASSENGER CAR;PASSENGER CAR;NONE;NONE;;2017-05-31T12:22:00-04:00;2017;No;No;5;12
400 FEET FROM US 1;TWO-WAY,DIVIDED,POSITIVE MEDIAN BARRIER;DAYLIGHT;CLOUDY;0;0;;NO CONTROL PRESENT;PASSENGER CAR;PASSENGER CAR;NONE;NONE;;2017-05-30T22:45:00-04:00;2017;No;No;5;22
CARY;TWO-WAY,DIVIDED,UNPROTECTED MEDIAN;DAYLIGHT;CLEAR;0;0;;STOP AND GO SIGNAL;SPORT UTILITY;PASSENGER CAR;NONE;NONE;;2017-05-31T09:34:16-04:00;2017;No;No;5;09
200 FEET FROM PVA 2010 KILDAIRE FARM RD;ONE-WAY,NOT DIVIDED;DAYLIGHT;CLEAR;0;0;;NO CONTROL PRESENT;PASSENGER CAR;PASSENGER CAR;NONE;NONE;;2017-06-01T18:15:21-04:00;2017;No;No;6;18
.2 MILES FROM SR 1300 KILDAIRE FARM RD;TWO-WAY,DIVIDED,UNPROTECTED MEDIAN;DAYLIGHT;CLEAR;0;0;;STOP SIGN;PASSENGER CAR;SPORT UTILITY;NONE;NONE;;2017-05-31T23:25:00-04:00;2017;No;No;5;23
149 FEET FROM P.V.A. (214 NOTTINGHAM DR);TWO-WAY,NOT DIVIDED;DAYLIGHT;CLEAR;0;0;;NO CONTROL PRESENT;PASSENGER CAR;PASSENGER CAR;NONE;NONE;;2017-05-31T15:55:11-04:00;2017;No;No;5;15
25 FEET FROM P.V.A. (1220 POND ST);TWO-WAY,NOT DIVIDED;DAYLIGHT;CLEAR;0;0;;NO CONTROL PRESENT;PASSENGER CAR;NONE;NONE;NONE;;2017-06-01T17:37:31-04:00;2017;No;No;6;17
CARY;TWO-WAY,NOT DIVIDED;DAYLIGHT;CLEAR;0;0;;NO CONTROL PRESENT;PASSENGER CAR;PICKUP;NONE;NONE;;2017-06-01T13:41:42-04:00;2017;No;No;6;13
0.4 MILES FROM US 64 HWY;TWO-WAY,NOT DIVIDED;DAYLIGHT;CLEAR;0;0;;STOP AND GO SIGNAL;PICKUP;SPORT UTILITY;NONE;NONE;;2017-06-02T09:37:29-04:00;2017;No;No;6;09
250 FEET FROM ROUNDTOP ROAD;TWO-WAY,NOT DIVIDED;DAYLIGHT;CLEAR;0;0;;NO CONTROL PRESENT;PASSENGER CAR;NONE;NONE;NONE;;2017-06-02T11:28:00-04:00;2017;No;No;6;11
.2594 MILES FROM SR 54 (CHAPEL HILL RD);TWO-WAY,NOT DIVIDED;DAYLIGHT;CLEAR;0;0;;NO CONTROL PRESENT;PASSENGER CAR;NONE;NONE;NONE;;2017-06-04T16:27:27-04:00;2017;No;No;6;16