Location_Description;Road_Configuration;Light_Condition;Weather;Fatality;Injury;Contributing_Factor;Traffic_Control;Vehicle1;Vehicle2;Vehicle3;Vehicle4;Vehicle5;Crash_Date;year;Fatalities;Injuries;Month;Hour
50 FEET FROM SR1313 (WALNUT ST);TWO-WAY,DIVIDED,UNPROTECTED MEDIAN;DAYLIGHT;CLEAR;0;0;;NO CONTROL PRESENT;VAN;PASSENGER CAR;NONE;NONE;;2017-07-13T15:12:10-04:00;2017;No;No;7;15
CARY;TWO-WAY,NOT DIVIDED;DAYLIGHT;CLEAR;0;1;;NO CONTROL PRESENT;SPORT UTILITY;PASSENGER CAR;NONE;NONE;;2017-07-15T20:35:57-04:00;2017;No;Yes;7;20
30 FEET FROM FLYING HILLS CIR;TWO-WAY,NOT DIVIDED;DAWN;CLEAR;0;0;;NO CONTROL PRESENT;PASSENGER CAR;SPORT UTILITY;NONE;NONE;;2017-07-15T08:41:39-04:00;2017;No;No;7;08
CARY;TWO-WAY,DIVIDED,UNPROTECTED MEDIAN;DAYLIGHT;CLEAR;0;3;;STOP AND GO SIGNAL;SPORT UTILITY;PICKUP;NONE;NONE;;2017-07-13T10:20:00-04:00;2017;No;Yes;7;10
CARY;TWO-WAY,NOT DIVIDED;DAYLIGHT;CLOUDY;0;0;;STOP SIGN;PASSENGER CAR;PASSENGER CAR;NONE;NONE;;2017-07-17T01:30:56-04:00;2017;No;No;7;01
.1 MILES FROM PVA 3630 OLD RALEIGH RD;ONE-WAY,NOT DIVIDED;DAYLIGHT;CLEAR;0;0;;NO CONTROL PRESENT;SPORT UTILITY;PASSENGER CAR;NONE;NONE;;2017-07-17T17:29:24-04:00;2017;No;No;7;17
.37 MILES FROM WESTON PKWY;TWO-WAY,DIVIDED,POSITIVE MEDIAN BARRIER;DAYLIGHT;RAIN;0;2;;STOP AND GO SIGNAL;PASSENGER CAR;PASSENGER CAR;NONE;NONE;;2017-07-18T17:17:56-04:00;2017;No;Yes;7;17
.1 MILES FROM SR 1313 (WALNUT ST.);TWO-WAY,DIVIDED,UNPROTECTED MEDIAN;DARK - LIGHTED ROADWAY;CLEAR;0;0;;STOP AND GO SIGNAL;PASSENGER CAR;VAN;NONE;NONE;;2017-07-14T22:01:00-04:00;2017;No;No;7;22
.1 MILES FROM SR 1625 (GREEN LEVEL CHURCH RD;TWO-WAY,NOT DIVIDED;DAYLIGHT;CLEAR;0;0;;NO CONTROL PRESENT;SPORT UTILITY;PASSENGER CAR;NONE;NONE;;2017-07-18T08:49:58-04:00;2017;No;No;7;08
20 FEET FROM GREEN LEVEL CHURCH RD;TWO-WAY,NOT DIVIDED;DAYLIGHT;CLEAR;0;0;;NO CONTROL PRESENT;SPORT UTILITY;NONE;NONE;NONE;;2017-07-18T12:24:00-04:00;2017;No;No;7;12
.02 MILES FROM PVA OF 1700 REGENCY PKWY;TWO-WAY,NOT DIVIDED;DAYLIGHT;CLEAR;0;0;;NO CONTROL PRESENT;SPORT UTILITY;PASSENGER CAR;NONE;NONE;;2017-07-19T11:53:00-04:00;2017;No;No;7;11
.2 MILES FROM REGENCY PKWY;TWO-WAY,DIVIDED,POSITIVE MEDIAN BARRIER;DAYLIGHT;CLEAR;0;0;;NO CONTROL PRESENT;PASSENGER CAR;PASSENGER CAR;NONE;NONE;;2017-07-19T18:11:31-04:00;2017;No;No;7;18
CARY;TWO-WAY,NOT DIVIDED;DAYLIGHT;CLEAR;0;0;;STOP SIGN;PASSENGER CAR;PASSENGER CAR;NONE;NONE;;2017-07-18T06:58:56-04:00;2017;No;No;7;06
.13 MILES FROM P.V.A. CHRISTOPHER & BANKS (11;TWO-WAY,NOT DIVIDED;DAYLIGHT;CLEAR;0;0;;NO CONTROL PRESENT;PASSENGER CAR;NONE;NONE;NONE;;2017-07-19T12:49:00-04:00;2017;No;No;7;12
CARY;TWO-WAY,DIVIDED,POSITIVE MEDIAN BARRIER;DAYLIGHT;CLEAR;0;0;;STOP AND GO SIGNAL;SPORT UTILITY;NONE;NONE;NONE;;2017-07-20T13:22:18-04:00;2017;No;No;7;13
.3 MILES FROM HIGH MEADOW DR;TWO-WAY,NOT DIVIDED;DAYLIGHT;CLEAR;0;0;;STOP AND GO SIGNAL;SPORT UTILITY;SPORT UTILITY;VAN;NONE;;2017-07-20T14:39:14-04:00;2017;No;No;7;14
100 FEET FROM PVA (100 CRESCENT COMMONS DR);ONE-WAY,NOT DIVIDED;DAYLIGHT;CLEAR;0;0;;NO CONTROL PRESENT;PASSENGER CAR;NONE;NONE;NONE;;2017-07-20T16:46:32-04:00;2017;No;No;7;16
20 FEET FROM PVA 316 COLONADES WAY;TWO-WAY,NOT DIVIDED;DAYLIGHT;CLEAR;0;0;;NO CONTROL PRESENT;NONE;PASSENGER CAR;NONE;NONE;;2017-07-21T16:31:45-04:00;2017;No;No;7;16
20 FEET FROM SUMMERHOUSE RD;TWO-WAY,NOT DIVIDED;DAYLIGHT;CLEAR;0;0;;NO CONTROL PRESENT;VAN;VAN;NONE;NONE;;2017-07-23T13:16:02-04:00;2017;No;No;7;13
CARY;ONE-WAY,NOT DIVIDED;DAYLIGHT;CLEAR;0;1;;YIELD SIGN;PICKUP;NONE;NONE;NONE;;2017-07-22T10:32:00-04:00;2017;No;Yes;7;10
.2 MILES FROM SR 1600 (GREEN LEVEL CHURCH RD;TWO-WAY,NOT DIVIDED;DAYLIGHT;CLEAR;0;0;;NO CONTROL PRESENT;VAN;VAN;NONE;NONE;;2017-07-24T14:24:45-04:00;2017;No;No;7;14
CARY;TWO-WAY,NOT DIVIDED;DAYLIGHT;CLEAR;0;0;;STOP SIGN;PASSENGER CAR;PASSENGER CAR;NONE;NONE;;2017-07-24T15:51:53-04:00;2017;No;No;7;15
.15 MILES FROM SR #3081 (CHAPE HILL RD);TWO-WAY,DIVIDED,POSITIVE MEDIAN BARRIER;DAYLIGHT;CLEAR;0;0;;STOP AND GO SIGNAL;PASSENGER CAR;PASSENGER CAR;NONE;NONE;;2017-07-25T18:01:47-04:00;2017;No;No;7;18
0.2 MILES FROM 1301 SR 1300 (KILDARE FARM RD);TWO-WAY,NOT DIVIDED;DAYLIGHT;CLEAR;0;0;;NO CONTROL PRESENT;SPORT UTILITY;PASSENGER CAR;NONE;NONE;;2017-07-26T18:12:03-04:00;2017;No;No;7;18
50 FEET FROM SR 3090 (WESTON PKWY);TWO-WAY,DIVIDED,POSITIVE MEDIAN BARRIER;DAYLIGHT;CLEAR;0;0;;NO CONTROL PRESENT;PASSENGER CAR;PASSENGER CAR;NONE;NONE;;2017-07-26T17:21:44-04:00;2017;No;No;7;17
375 FEET FROM PVA 2791 NC 55 HWY;TWO-WAY,NOT DIVIDED;DAYLIGHT;CLEAR;0;0;;NO CONTROL PRESENT;PASSENGER CAR;SPORT UTILITY;NONE;NONE;;2017-07-26T12:34:00-04:00;2017;No;No;7;12
50 FEET FROM SR 1615 (HIGH HOUSE RD);TWO-WAY,DIVIDED,UNPROTECTED MEDIAN;DAYLIGHT;CLEAR;0;0;;STOP AND GO SIGNAL;PASSENGER CAR;PICKUP;NONE;NONE;;2017-07-27T16:19:40-04:00;2017;No;No;7;16
.1 MILES FROM PVA 5707 DILLARD DR;TWO-WAY,NOT DIVIDED;DAYLIGHT;CLEAR;0;0;;NO CONTROL PRESENT;PICKUP;NONE;NONE;NONE;;2017-07-29T15:17:26-04:00;2017;No;No;7;15
CARY;TWO-WAY,DIVIDED,UNPROTECTED MEDIAN;DAYLIGHT;CLEAR;0;0;;FLASHING STOP AND GO SIGNAL;VAN;PASSENGER CAR;NONE;NONE;;2017-07-30T04:04:23-04:00;2017;No;No;7;04
10 FEET FROM SHELDON DR;TWO-WAY,NOT DIVIDED;DAYLIGHT;CLEAR;0;0;;STOP SIGN;PASSENGER CAR;PASSENGER CAR;NONE;NONE;;2017-08-01T08:19:07-04:00;2017;No;No;8;08
80 FEET FROM 100 WRENN DR (DUCK DONUTS);TWO-WAY,NOT DIVIDED;DAYLIGHT;CLEAR;0;0;;NO CONTROL PRESENT;SPORT UTILITY;PASSENGER CAR;NONE;NONE;;2017-08-01T16:11:12-04:00;2017;No;No;8;16
.50 MILES FROM SR #1002 (AVIATION PKWY);TWO-WAY,NOT DIVIDED;DAYLIGHT;CLEAR;0;0;;STOP AND GO SIGNAL;PASSENGER CAR;PASSENGER CAR;NONE;NONE;;2017-08-01T17:07:41-04:00;2017;No;No;8;17
.17 MILES FROM I-40 OFF-RAMP;ONE-WAY,NOT DIVIDED;DAYLIGHT;CLEAR;0;0;;STOP AND GO SIGNAL;PASSENGER CAR;SPORT UTILITY;NONE;NONE;;2017-08-01T09:29:11-04:00;2017;No;No;8;09
150 FEET FROM SR1415 (NW MAYNARD RD);TWO-WAY,DIVIDED,UNPROTECTED MEDIAN;DAYLIGHT;CLEAR;0;0;;NO CONTROL PRESENT;SPORT UTILITY;PASSENGER CAR;NONE;NONE;;2017-08-02T17:33:06-04:00;2017;No;No;8;17
375 FEET FROM SR #3081 (CHAPEL HILL RD);TWO-WAY,NOT DIVIDED;DAYLIGHT;CLEAR;0;0;;NO CONTROL PRESENT;PICKUP;PASSENGER CAR;NONE;NONE;;2017-08-02T14:09:03-04:00;2017;No;No;8;14
10 FEET FROM METLIFE WAY;TWO-WAY,NOT DIVIDED;DAYLIGHT;CLEAR;0;0;;STOP AND GO SIGNAL;PASSENGER CAR;PASSENGER CAR;NONE;NONE;;2017-08-02T12:59:00-04:00;2017;No;No;8;12
0.25 MILES FROM 1177 SR 1315 (BUCK JONES RD);TWO-WAY,NOT DIVIDED;DAYLIGHT;CLEAR;0;0;;NO CONTROL PRESENT;PASSENGER CAR;PICKUP;NONE;NONE;;2017-08-03T20:17:23-04:00;2017;No;No;8;20
300 FEET FROM PVA (1273 NW MAYNARD);TWO-WAY,NOT DIVIDED;DAYLIGHT;CLEAR;0;0;;NO CONTROL PRESENT;PASSENGER CAR;PASSENGER CAR;NONE;NONE;;2017-08-03T18:08:16-04:00;2017;No;No;8;18
1 MILES FROM SR 3977 (NW CARY PKWY);TWO-WAY,DIVIDED,UNPROTECTED MEDIAN;DAYLIGHT;CLEAR;0;0;;NO CONTROL PRESENT;PASSENGER CAR;PASSENGER CAR;NONE;NONE;;2017-08-02T16:47:53-04:00;2017;No;No;8;16
CARY;TWO-WAY,NOT DIVIDED;DAYLIGHT;CLEAR;0;1;;NO CONTROL PRESENT;PASSENGER CAR;PICKUP;NONE;NONE;;2017-07-26T07:32:03-04:00;2017;No;Yes;7;07
400 FEET FROM PVA OF 2080 KILDAIRE FARM RD;TWO-WAY,NOT DIVIDED;DAYLIGHT;CLEAR;0;0;;NO CONTROL PRESENT;SPORT UTILITY;PASSENGER CAR;NONE;NONE;;2017-08-04T10:26:00-04:00;2017;No;No;8;10
0.2 MILES FROM US 64 HWY;TWO-WAY,DIVIDED,UNPROTECTED MEDIAN;DAYLIGHT;CLEAR;0;0;;NO CONTROL PRESENT;VAN;PASSENGER CAR;NONE;NONE;;2017-08-04T13:04:26-04:00;2017;No;No;8;13
60 FEET FROM SR 3014 (MORRISVILLE CARPENTER;TWO-WAY,NOT DIVIDED;DARK - ROADWAY NOT LIGHTED;CLEAR;0;4;;STOP SIGN;PASSENGER CAR;PASSENGER CAR;PASSENGER CAR;NONE;;2017-08-03T22:06:00-04:00;2017;No;Yes;8;22
450 FEET FROM SR 1497 (1105 WALNUT ST);TWO-WAY,NOT DIVIDED;DAYLIGHT;CLEAR;0;0;;NO CONTROL PRESENT;SPORT UTILITY;PASSENGER CAR;NONE;NONE;;2017-08-04T15:58:26-04:00;2017;No;No;8;15
CARY;TWO-WAY,NOT DIVIDED;DARK - LIGHTED ROADWAY;CLEAR;0;0;;STOP AND GO SIGNAL;PASSENGER CAR;PASSENGER CAR;NONE;NONE;;2017-08-05T22:28:00-04:00;2017;No;No;8;22
RALEIGH;TWO-WAY,DIVIDED,UNPROTECTED MEDIAN;DAYLIGHT;CLEAR;0;2;;STOP SIGN;SPORT UTILITY;PASSENGER CAR;NONE;NONE;;2017-08-06T15:21:51-04:00;2017;No;Yes;8;15
20 FEET FROM      PVA 200 CORNERSTONE DR;TWO-WAY,NOT DIVIDED;DAYLIGHT;CLEAR;0;0;;NO CONTROL PRESENT;VAN;UNKNOWN HEAVY TRUCK;NONE;NONE;;2017-07-07T09:35:48-04:00;2017;No;No;7;09
150 FEET FROM SKYE LN;TWO-WAY,NOT DIVIDED;DAYLIGHT;CLOUDY;0;0;;NO CONTROL PRESENT;PASSENGER CAR;SPORT UTILITY;NONE;NONE;;2017-08-08T12:13:00-04:00;2017;No;No;8;12
0 FEET FROM BUCK JONES RD;TWO-WAY,NOT DIVIDED;DAYLIGHT;CLEAR;0;0;;STOP AND GO SIGNAL;PASSENGER CAR;PASSENGER CAR;NONE;NONE;;2017-08-09T14:11:24-04:00;2017;No;No;8;14
10 FEET FROM SR 1370 (TRYON RD);TWO-WAY,DIVIDED,POSITIVE MEDIAN BARRIER;DAYLIGHT;CLEAR;0;0;;YIELD SIGN;PASSENGER CAR;PASSENGER CAR;NONE;NONE;;2017-08-09T17:35:08-04:00;2017;No;No;8;17
NEAR .02 MILES SW OF SW I 40 RAMP WB TO AVIATION PKWY;ONE-WAY,NOT DIVIDED;DAYLIGHT;CLEAR;0;0;;YIELD SIGN;PASSENGER CAR;PASSENGER CAR;NONE;NONE;;2017-08-09T11:54:00-04:00;2017;No;No;8;11
300 FEET FROM PVA (600 PARKTHROUGH ST);TWO-WAY,NOT DIVIDED;DAYLIGHT;CLEAR;0;0;;NO CONTROL PRESENT;PASSENGER CAR;NONE;NONE;NONE;;2017-08-10T11:58:00-04:00;2017;No;No;8;11
CARY;TWO-WAY,NOT DIVIDED;DAYLIGHT;CLEAR;0;0;;NO CONTROL PRESENT;PASSENGER CAR;PASSENGER CAR;NONE;NONE;;2017-08-09T15:45:25-04:00;2017;No;No;8;15
200 FEET FROM PVA 730 SE MAYNARD RD;ONE-WAY,NOT DIVIDED;DAYLIGHT;CLEAR;0;0;;NO CONTROL PRESENT;PASSENGER CAR;PASSENGER CAR;NONE;NONE;;2017-08-10T18:10:48-04:00;2017;No;No;8;18
75 FEET FROM 1200 BARBOSA LN;TWO-WAY,NOT DIVIDED;DARK - LIGHTED ROADWAY;CLEAR;0;0;;NO CONTROL PRESENT;PICKUP;PASSENGER CAR;NONE;NONE;;2017-08-10T00:35:00-04:00;2017;No;No;8;00
40 FEET FROM SR 3977 (CARY PARKWAY);TWO-WAY,DIVIDED,UNPROTECTED MEDIAN;DAYLIGHT;CLEAR;0;0;;STOP AND GO SIGNAL;PASSENGER CAR;SPORT UTILITY;NONE;NONE;;2017-08-10T12:37:00-04:00;2017;No;No;8;12
200 FEET FROM PVA OF 20 10 KILDAIRE FARM RD;ONE-WAY,NOT DIVIDED;DAYLIGHT;CLOUDY;0;1;;NO CONTROL PRESENT;SPORT UTILITY;NONE;NONE;NONE;;2017-08-11T18:07:56-04:00;2017;No;Yes;8;18
300 FEET FROM PVA 2000 WALNUT ST;TWO-WAY,NOT DIVIDED;DAYLIGHT;CLEAR;0;0;;NO CONTROL PRESENT;PASSENGER CAR;VAN;NONE;NONE;;2017-08-13T16:16:22-04:00;2017;No;No;8;16
90 FEET FROM PVA (869 SE MAYNARD RD);TWO-WAY,NOT DIVIDED;DAYLIGHT;CLOUDY;0;0;;NO CONTROL PRESENT;PASSENGER CAR;PICKUP;NONE;NONE;;2017-08-12T11:38:00-04:00;2017;No;No;8;11
100 FEET FROM 202 FOLIAGE CIR;TWO-WAY,NOT DIVIDED;DARK - LIGHTED ROADWAY;CLEAR;0;0;;NO CONTROL PRESENT;PASSENGER CAR;PASSENGER CAR;PASSENGER CAR;PASSENGER CAR;;2017-08-13T01:03:14-04:00;2017;No;No;8;01
15 FEET FROM SR 1652 N HARRISON AVE;TWO-WAY,NOT DIVIDED;DAYLIGHT;CLEAR;0;0;;STOP AND GO SIGNAL;SPORT UTILITY;SPORT UTILITY;SPORT UTILITY;NONE;;2017-08-10T17:22:00-04:00;2017;No;No;8;17
CARY;TWO-WAY,NOT DIVIDED;DAYLIGHT;CLOUDY;0;1;;STOP AND GO SIGNAL;PASSENGER CAR;PASSENGER CAR;PASSENGER CAR;NONE;;2017-08-14T12:07:00-04:00;2017;No;Yes;8;12
.50 MILES FROM 801 BASS PRO LN;TWO-WAY,NOT DIVIDED;DAYLIGHT;CLEAR;0;0;;STOP SIGN;SPORT UTILITY;PASSENGER CAR;NONE;NONE;;2017-08-13T15:12:18-04:00;2017;No;No;8;15
425 FEET FROM PVA OF 2010 KILDAIRE FARM RD;ONE-WAY,NOT DIVIDED;DAYLIGHT;CLEAR;0;0;;NO CONTROL PRESENT;NONE;PASSENGER CAR;NONE;NONE;;2017-08-14T18:21:36-04:00;2017;No;No;8;18
CARY;TWO-WAY,DIVIDED,POSITIVE MEDIAN BARRIER;DAYLIGHT;CLEAR;0;0;;STOP AND GO SIGNAL;SPORT UTILITY;PASSENGER CAR;NONE;NONE;;2017-08-15T14:59:15-04:00;2017;No;No;8;14
2 MILES FROM SR 3977 SW CARY PKWY;TWO-WAY,DIVIDED,UNPROTECTED MEDIAN;DAYLIGHT;CLEAR;0;0;;STOP AND GO SIGNAL;SPORT UTILITY;PASSENGER CAR;NONE;NONE;;2017-08-16T13:30:44-04:00;2017;No;No;8;13
150 FEET FROM US 64 HWY;TWO-WAY,DIVIDED,UNPROTECTED MEDIAN;DAYLIGHT;CLEAR;0;1;;NO CONTROL PRESENT;PASSENGER CAR;PASSENGER CAR;NONE;NONE;;2017-08-16T17:14:39-04:00;2017;No;Yes;8;17
.2 MILES FROM US 1 HWY;TWO-WAY,DIVIDED,POSITIVE MEDIAN BARRIER;DAYLIGHT;CLEAR;0;0;;NO CONTROL PRESENT;PICKUP;PASSENGER CAR;NONE;NONE;;2017-08-17T08:39:08-04:00;2017;No;No;8;08
.2 MILES FROM US 1;TWO-WAY,DIVIDED,POSITIVE MEDIAN BARRIER;DAYLIGHT;CLEAR;0;0;;NO CONTROL PRESENT;PASSENGER CAR;PASSENGER CAR;NONE;NONE;;2017-08-16T18:11:01-04:00;2017;No;No;8;18
CARY;TWO-WAY,DIVIDED,UNPROTECTED MEDIAN;DAYLIGHT;CLEAR;0;0;;STOP AND GO SIGNAL;PICKUP;LIGHT TRUCK (MINI-VAN- PANEL);NONE;NONE;;2017-08-18T12:36:00-04:00;2017;No;No;8;12
200 FEET FROM SR 1652 (1322 N HARRISON AV);TWO-WAY,DIVIDED,UNPROTECTED MEDIAN;DAYLIGHT;CLEAR;0;0;;NO CONTROL PRESENT;PASSENGER CAR;PASSENGER CAR;NONE;NONE;;2017-08-18T09:18:41-04:00;2017;No;No;8;09
85 FEET FROM HOWLAND AV;TWO-WAY,NOT DIVIDED;DARK - LIGHTED ROADWAY;CLEAR;0;0;;NO CONTROL PRESENT;SPORT UTILITY;NONE;NONE;NONE;;2017-08-19T11:26:00-04:00;2017;No;No;8;11
15 FEET FROM SR 1010 (TEN TEN RD);TWO-WAY,NOT DIVIDED;DAYLIGHT;CLEAR;0;0;;STOP AND GO SIGNAL;PASSENGER CAR;SPORT UTILITY;NONE;NONE;;2017-08-19T09:17:13-04:00;2017;No;No;8;09
300 FEET FROM S.R. 1010 (TEN TEN RD);TWO-WAY,NOT DIVIDED;DAYLIGHT;CLEAR;0;0;;NO CONTROL PRESENT;PICKUP;SPORT UTILITY;PASSENGER CAR;NONE;;2017-08-19T11:07:00-04:00;2017;No;No;8;11
100 FEET FROM PVA (1101 WALNUT ST);TWO-WAY,NOT DIVIDED;DAYLIGHT;CLEAR;0;0;;NO CONTROL PRESENT;PASSENGER CAR;PASSENGER CAR;NONE;NONE;;2017-08-18T18:41:42-04:00;2017;No;No;8;18
CARY;TWO-WAY,NOT DIVIDED;DAYLIGHT;CLEAR;0;0;;STOP SIGN;PASSENGER CAR;PICKUP;NONE;NONE;;2017-08-18T16:50:30-04:00;2017;No;No;8;16
5 FEET FROM S.R. 1521 (LAKE PINE DR);TWO-WAY,NOT DIVIDED;DARK - ROADWAY NOT LIGHTED;CLEAR;0;0;;NO CONTROL PRESENT;PASSENGER CAR;NONE;NONE;NONE;;2017-08-18T04:26:36-04:00;2017;No;No;8;04
.2 MILES FROM US 1;TWO-WAY,DIVIDED,POSITIVE MEDIAN BARRIER;DARK - LIGHTED ROADWAY;RAIN;0;0;;NO CONTROL PRESENT;PASSENGER CAR;NONE;NONE;NONE;;2017-08-19T01:57:18-04:00;2017;No;No;8;01
378 FEET FROM PVA OF 3430 TEN TEN RD;TWO-WAY,NOT DIVIDED;DAYLIGHT;CLEAR;0;0;;NO CONTROL PRESENT;PASSENGER CAR;PASSENGER CAR;NONE;NONE;;2017-08-21T18:48:42-04:00;2017;No;No;8;18
513 FEET FROM PVA (10030 GREEN LEVEL CHURCH;TWO-WAY,NOT DIVIDED;DAYLIGHT;CLEAR;0;0;;NO CONTROL PRESENT;PASSENGER CAR;PASSENGER CAR;NONE;NONE;;2017-08-14T18:37:20-04:00;2017;No;No;8;18
CARY;TWO-WAY,NOT DIVIDED;DARK - LIGHTED ROADWAY;CLEAR;0;0;;STOP AND GO SIGNAL;PICKUP;PASSENGER CAR;NONE;NONE;;2017-08-21T21:00:34-04:00;2017;No;No;8;21
25 FEET FROM SR 1652 N HARRISON AVE;TWO-WAY,NOT DIVIDED;DAYLIGHT;CLEAR;0;0;;STOP AND GO SIGNAL;SPORT UTILITY;PASSENGER CAR;NONE;NONE;;2017-08-22T16:47:58-04:00;2017;No;No;8;16
10 FEET FROM SR 1615 (HIGH HOUSE RD);TWO-WAY,DIVIDED,UNPROTECTED MEDIAN;DAYLIGHT;CLEAR;0;0;;STOP AND GO SIGNAL;PASSENGER CAR;SPORT UTILITY;NONE;NONE;;2017-08-22T07:34:09-04:00;2017;No;No;8;07
100 FEET FROM PVA (7600 ROBERTS RD);TWO-WAY,NOT DIVIDED;DAYLIGHT;CLEAR;0;0;;NO CONTROL PRESENT;SPORT UTILITY;NONE;NONE;NONE;;2017-08-22T11:44:00-04:00;2017;No;No;8;11
150 FEET FROM PVA (1000 AERIAL CENTER PKWY);TWO-WAY,NOT DIVIDED;DAYLIGHT;CLEAR;0;0;;NO CONTROL PRESENT;SPORT UTILITY;PASSENGER CAR;NONE;NONE;;2017-07-07T12:12:00-04:00;2017;No;No;7;12
50 FEET FROM SR 1652 (HARRISON AVE);TWO-WAY,NOT DIVIDED;DAYLIGHT;CLOUDY;0;0;;NO CONTROL PRESENT;PASSENGER CAR;LIGHT TRUCK (MINI-VAN- PANEL);NONE;NONE;;2017-08-23T17:38:13-04:00;2017;No;No;8;17
75 FEET FROM PVA 5707 DILLARD DR;TWO-WAY,NOT DIVIDED;DAYLIGHT;CLEAR;0;0;;NO CONTROL PRESENT;PASSENGER CAR;PICKUP;NONE;NONE;;2017-08-24T11:34:00-04:00;2017;No;No;8;11
0 FEET FROM P.V.A. 4000 LOUIS STEPHENS DR;ONE-WAY,NOT DIVIDED;DAYLIGHT;CLEAR;0;0;;NO CONTROL PRESENT;SPORT UTILITY;PASSENGER CAR;NONE;NONE;;2017-08-22T15:13:12-04:00;2017;No;No;8;15
10 FEET FROM WRENN DR;TWO-WAY,NOT DIVIDED;DAYLIGHT;CLEAR;0;0;;STOP AND GO SIGNAL;SPORT UTILITY;SPORT UTILITY;NONE;NONE;;2017-08-25T12:01:00-04:00;2017;No;No;8;12
300 FEET FROM UMSTEAD HOLLOW PL;TWO-WAY,NOT DIVIDED;DAYLIGHT;CLEAR;0;0;;NO CONTROL PRESENT;NONE;PASSENGER CAR;NONE;NONE;;2017-08-25T11:21:00-04:00;2017;No;No;8;11
0 FEET FROM P.V.A. 2028 KILDAIRE FARM RD;TWO-WAY,NOT DIVIDED;DAYLIGHT;CLEAR;0;0;;NO CONTROL PRESENT;SPORT UTILITY;SPORT UTILITY;NONE;NONE;;2017-08-25T14:58:43-04:00;2017;No;No;8;14
90 FEET FROM P.V.A. HARRIS TEETER (885 WALN;TWO-WAY,NOT DIVIDED;DAYLIGHT;CLEAR;0;0;;NO CONTROL PRESENT;SPORT UTILITY;PASSENGER CAR;NONE;NONE;;2017-08-25T17:12:05-04:00;2017;No;No;8;17
5 FEET FROM PVA 1300 BUCK JONES RD;TWO-WAY,NOT DIVIDED;DAYLIGHT;CLOUDY;0;0;;STOP SIGN;PASSENGER CAR;NONE;NONE;NONE;;2017-08-25T17:12:16-04:00;2017;No;No;8;17
200 FEET FROM PVA 237 CROSSROADS BLVD;ONE-WAY,NOT DIVIDED;DAYLIGHT;CLEAR;0;0;;NO CONTROL PRESENT;SPORT UTILITY;PASSENGER CAR;NONE;NONE;;2017-08-25T17:30:02-04:00;2017;No;No;8;17
0 FEET FROM NC-54 (CHAPEL HILL RD);TWO-WAY,DIVIDED,POSITIVE MEDIAN BARRIER;DUSK;CLEAR;0;0;;STOP AND GO SIGNAL;SPORT UTILITY;PASSENGER CAR;NONE;NONE;;2017-08-26T18:58:08-04:00;2017;No;No;8;18
.25 MILES FROM PVA 2001 HOSPITALITY CT;TWO-WAY,NOT DIVIDED;DAYLIGHT;CLOUDY;0;0;;NO CONTROL PRESENT;PASSENGER CAR;NONE;NONE;NONE;;2017-08-26T14:30:56-04:00;2017;No;No;8;14
.1 MILES FROM SR1652 (N HARRISON AV);TWO-WAY,DIVIDED,UNPROTECTED MEDIAN;DARK - LIGHTED ROADWAY;CLEAR;0;0;;NO CONTROL PRESENT;PASSENGER CAR;NONE;NONE;NONE;;2017-08-27T21:54:04-04:00;2017;No;No;8;21
285 FEET FROM SR 1650 (REEDY CREEK RD);TWO-WAY,NOT DIVIDED;DARK - ROADWAY NOT LIGHTED;CLEAR;0;0;;NO CONTROL PRESENT;PASSENGER CAR;NONE;NONE;NONE;;2017-08-26T01:55:30-04:00;2017;No;No;8;01
0.08 MILES FROM HWY 54;TWO-WAY,NOT DIVIDED;DAYLIGHT;CLEAR;0;0;;NO CONTROL PRESENT;PASSENGER CAR;PASSENGER CAR;PASSENGER CAR;NONE;;2017-08-26T13:01:28-04:00;2017;No;No;8;13
65 FEET FROM PVA (3791 NW CARY PKWY);TWO-WAY,NOT DIVIDED;DAYLIGHT;CLEAR;0;0;;NO CONTROL PRESENT;PASSENGER CAR;PASSENGER CAR;NONE;NONE;;2017-08-26T11:47:00-04:00;2017;No;No;8;11
0 FEET FROM SR 1613 DAVIS DR;NONE;NONE;NONE;0;0;;;PASSENGER CAR;NONE;NONE;NONE;;2017-08-16T16:38:10-04:00;2017;No;No;8;16
CARY;TWO-WAY,NOT DIVIDED;DAYLIGHT;CLEAR;0;1;;STOP AND GO SIGNAL;PASSENGER CAR;SPORT UTILITY;NONE;NONE;;2017-08-28T10:55:00-04:00;2017;No;Yes;8;10
.2 MILES FROM PVA OF 7317 TRYON RD.;ONE-WAY,NOT DIVIDED;DAYLIGHT;CLOUDY;0;0;;NO CONTROL PRESENT;SINGLE UNIT TRUCK (2-AXLE- 6-TIRE);NONE;NONE;NONE;;2017-08-28T15:17:59-04:00;2017;No;No;8;15
CARY;TWO-WAY,DIVIDED,UNPROTECTED MEDIAN;DAYLIGHT;CLEAR;0;0;;NO CONTROL PRESENT;PASSENGER CAR;PASSENGER CAR;NONE;NONE;;2017-08-28T15:41:25-04:00;2017;No;No;8;15
1.0 MILES FROM US 1 HWY;TWO-WAY,DIVIDED,POSITIVE MEDIAN BARRIER;DAYLIGHT;RAIN;0;0;;NO CONTROL PRESENT;VAN;PASSENGER CAR;NONE;NONE;;2017-08-29T08:32:21-04:00;2017;No;No;8;08
CARY;TWO-WAY,NOT DIVIDED;DAYLIGHT;CLEAR;0;2;;STOP SIGN;VAN;PICKUP;NONE;NONE;;2017-08-30T18:12:30-04:00;2017;No;Yes;8;18