Location_Description;Road_Configuration;Light_Condition;Weather;Fatality;Injury;Contributing_Factor;Traffic_Control;Vehicle1;Vehicle2;Vehicle3;Vehicle4;Vehicle5;Crash_Date;year;Fatalities;Injuries;Month;Hour
100 FEET FROM S.R. 1652 (N HARRISON AV);TWO-WAY,DIVIDED,UNPROTECTED MEDIAN;DAYLIGHT;CLEAR;0;0;;NO CONTROL PRESENT;PASSENGER CAR;NONE;NONE;NONE;;2020-05-10T08:28:52-04:00;2020;No;No;5;08
0 MILES FROM SR 1415 (SE MAYNARD RD);TWO-WAY,DIVIDED,POSITIVE MEDIAN BARRIER;DAYLIGHT;CLEAR;0;1;;STOP AND GO SIGNAL;SPORT UTILITY;SPORT UTILITY;NONE;NONE;;2020-05-10T15:25:23-04:00;2020;No;Yes;5;15
0.5 MILES FROM US 1 HWY;TWO-WAY,DIVIDED,POSITIVE MEDIAN BARRIER;DAYLIGHT;CLOUDY;0;0;;NO CONTROL PRESENT;PICKUP;PASSENGER CAR;PASSENGER CAR;SPORT UTILITY;;2020-05-08T17:21:40-04:00;2020;No;No;5;17
200 FEET FROM P.V.A. (440 CROSSROADS BLVD);ONE-WAY,NOT DIVIDED;DAYLIGHT;CLEAR;0;0;;NO CONTROL PRESENT;SPORT UTILITY;PICKUP;NONE;NONE;;2020-05-11T16:50:37-04:00;2020;No;No;5;16
499 FEET FROM SR 1319 (JONES FRANKLIN RD);TWO-WAY,NOT DIVIDED;DAYLIGHT;CLEAR;0;0;;STOP AND GO SIGNAL;PASSENGER CAR;PICKUP;NONE;NONE;;2020-05-11T19:08:26-04:00;2020;No;No;5;19
0 FEET FROM SR 1652 (N HARRISON AV);TWO-WAY,DIVIDED,UNPROTECTED MEDIAN;DAYLIGHT;CLEAR;0;0;;STOP AND GO SIGNAL;PASSENGER CAR;SPORT UTILITY;PICKUP;NONE;;2020-05-12T15:58:02-04:00;2020;No;No;5;15
300 FEET FROM SLOAN DR;TWO-WAY,NOT DIVIDED;NONE;CLEAR;0;0;;YIELD SIGN;NONE;PICKUP;NONE;NONE;;2020-05-14T07:04:49-04:00;2020;No;No;5;07
50 FEET FROM CAITBOO AV;TWO-WAY,NOT DIVIDED;DAYLIGHT;CLEAR;0;0;;STOP AND GO SIGNAL;PASSENGER CAR;SPORT UTILITY;NONE;NONE;;2020-05-16T19:14:30-04:00;2020;No;No;5;19
0 MILES FROM GLENDALE DR;TWO-WAY,NOT DIVIDED;DAYLIGHT;CLEAR;0;0;;STOP SIGN;PASSENGER CAR;PASSENGER CAR;NONE;NONE;;2020-05-17T15:22:10-04:00;2020;No;No;5;15
.1 MILES FROM US 1;TWO-WAY,DIVIDED,POSITIVE MEDIAN BARRIER;DAYLIGHT;CLEAR;0;1;;NO CONTROL PRESENT;NONE;NONE;NONE;NONE;;2020-05-18T11:51:00-04:00;2020;No;Yes;5;11
200 FEET FROM SR1370(TRYON RD);NONE;NONE;NONE;0;0;;;NONE;NONE;NONE;NONE;;2020-05-13T14:32:07-04:00;2020;No;No;5;14
50 FEET FROM P.V.A. (3494 KILDAIRE FARM RD);TWO-WAY,NOT DIVIDED;DAYLIGHT;RAIN;0;0;;NO CONTROL PRESENT;PICKUP;PICKUP;NONE;NONE;;2020-05-20T16:25:16-04:00;2020;No;No;5;16
.23 MILES FROM CROSSROADS BLVD;TWO-WAY,DIVIDED,UNPROTECTED MEDIAN;DAYLIGHT;RAIN;0;0;;STOP SIGN;PASSENGER CAR;LIGHT TRUCK (MINI-VAN- PANEL);NONE;NONE;;2020-05-20T12:35:00-04:00;2020;No;No;5;12
100 FEET FROM BROADGAIT BRAE RD;TWO-WAY,NOT DIVIDED;DAYLIGHT;RAIN;0;0;;NO CONTROL PRESENT;LIGHT TRUCK (MINI-VAN- PANEL);PASSENGER CAR;NONE;NONE;;2020-05-21T13:04:34-04:00;2020;No;No;5;13
0.10 MILES FROM S.R.1300 (KILDAIRE FARM RD);TWO-WAY,DIVIDED,UNPROTECTED MEDIAN;DAYLIGHT;CLEAR;0;1;;NO CONTROL PRESENT;PASSENGER CAR;PASSENGER CAR;NONE;NONE;;2020-05-23T18:07:41-04:00;2020;No;Yes;5;18
150 FEET FROM P.V.A. 2021 WALNUT ST;TWO-WAY,NOT DIVIDED;DAYLIGHT;CLOUDY;0;0;;NO CONTROL PRESENT;PASSENGER CAR;SPORT UTILITY;NONE;NONE;;2020-05-27T11:54:00-04:00;2020;No;No;5;11
.1 MILES FROM SR 1300 (KILDAIRE FARM RD);TWO-WAY,DIVIDED,UNPROTECTED MEDIAN;DAYLIGHT;CLOUDY;0;0;;STOP AND GO SIGNAL;SPORT UTILITY;PICKUP;NONE;NONE;;2020-05-27T10:25:00-04:00;2020;No;No;5;10
347 FEET FROM PVA 980 KILDAIRE FARM RD;TWO-WAY,NOT DIVIDED;DAYLIGHT;RAIN;0;0;;NO CONTROL PRESENT;SPORT UTILITY;PASSENGER CAR;NONE;NONE;;2020-05-27T15:43:16-04:00;2020;No;No;5;15
00 FEET FROM KING GEORGE LOOP;TWO-WAY,NOT DIVIDED;DAYLIGHT;CLOUDY;0;0;;NO CONTROL PRESENT;PASSENGER CAR;NONE;NONE;NONE;;2020-05-23T14:01:11-04:00;2020;No;No;5;14
40 FEET FROM NC 55 HWY;TWO-WAY,DIVIDED,UNPROTECTED MEDIAN;DAYLIGHT;RAIN;0;0;;STOP AND GO SIGNAL;PICKUP;PASSENGER CAR;NONE;NONE;;2020-05-27T15:18:59-04:00;2020;No;No;5;15
100 FEET FROM SR 1152 (HOLLY SPRINGS RD);TWO-WAY,NOT DIVIDED;DAYLIGHT;RAIN;0;2;;NO CONTROL PRESENT;PASSENGER CAR;PASSENGER CAR;NONE;NONE;;2020-05-28T06:30:02-04:00;2020;No;Yes;5;06
206 FEET FROM 4010 CONVENIENCE LN;TWO-WAY,NOT DIVIDED;DARK - LIGHTED ROADWAY;CLOUDY;0;0;;NO CONTROL PRESENT;PASSENGER CAR;PASSENGER CAR;NONE;NONE;;2020-05-28T22:08:00-04:00;2020;No;No;5;22
100 FEET FROM P.V.A. (540 NEW WAVERLY PL);TWO-WAY,NOT DIVIDED;DAYLIGHT;RAIN;0;0;;NO CONTROL PRESENT;SPORT UTILITY;PICKUP;NONE;NONE;;2020-05-27T16:04:28-04:00;2020;No;No;5;16
1 MILES FROM US 1 HWY;TWO-WAY,DIVIDED,POSITIVE MEDIAN BARRIER;DAWN;RAIN;0;0;;NO CONTROL PRESENT;PASSENGER CAR;NONE;NONE;NONE;;2020-05-28T06:02:42-04:00;2020;No;No;5;06
200 FEET FROM BECKINGHAM LOOP;TWO-WAY,NOT DIVIDED;DAYLIGHT;RAIN;0;0;;NO CONTROL PRESENT;VAN;NONE;NONE;NONE;;2020-05-27T16:31:45-04:00;2020;No;No;5;16
0 FEET FROM SR 1652 (N HARRISON AV);TWO-WAY,NOT DIVIDED;DAYLIGHT;CLOUDY;0;0;;STOP AND GO SIGNAL;SPORT UTILITY;PASSENGER CAR;NONE;NONE;;2020-05-28T17:12:13-04:00;2020;No;No;5;17
51 FEET FROM SR3977(SE CARY PKWY);TWO-WAY,DIVIDED,UNPROTECTED MEDIAN;DAYLIGHT;CLEAR;0;0;;STOP AND GO SIGNAL;PASSENGER CAR;PASSENGER CAR;NONE;NONE;;2020-05-28T17:33:27-04:00;2020;No;No;5;17
100 FEET FROM PVA 1297 BUCK JONES RD;ONE-WAY,NOT DIVIDED;DAYLIGHT;RAIN;0;0;;NO CONTROL PRESENT;PASSENGER CAR;PICKUP;NONE;NONE;;2020-05-29T17:36:57-04:00;2020;No;No;5;17
495 FEET FROM WAKEHURST DR;TWO-WAY,NOT DIVIDED;DAYLIGHT;CLEAR;0;0;;NO CONTROL PRESENT;SPORT UTILITY;PASSENGER CAR;NONE;NONE;;2020-05-31T15:40:39-04:00;2020;No;No;5;15
.58 MILES FROM US1;TWO-WAY,DIVIDED,POSITIVE MEDIAN BARRIER;DARK - LIGHTED ROADWAY;CLEAR;0;3;;NO CONTROL PRESENT;PASSENGER CAR;PASSENGER CAR;NONE;NONE;;2020-05-31T00:20:00-04:00;2020;No;Yes;5;00
20 FEET FROM SR-1313 WALNUT ST;TWO-WAY,DIVIDED,UNPROTECTED MEDIAN;DARK - LIGHTED ROADWAY;CLEAR;0;0;;STOP AND GO SIGNAL;SPORT UTILITY;PASSENGER CAR;NONE;NONE;;2020-05-30T21:13:08-04:00;2020;No;No;5;21
20 FEET FROM SR 1300 (KILDAIRE FARM RD);TWO-WAY,DIVIDED,UNPROTECTED MEDIAN;DAYLIGHT;CLEAR;0;0;;NO CONTROL PRESENT;PASSENGER CAR;PASSENGER CAR;NONE;NONE;;2020-05-30T17:49:08-04:00;2020;No;No;5;17
440 FEET FROM SR1387 (WEST LAKE RD);TWO-WAY,NOT DIVIDED;DAYLIGHT;CLEAR;0;0;;NO CONTROL PRESENT;SPORT UTILITY;NONE;NONE;NONE;;2020-06-01T13:34:48-04:00;2020;No;No;6;13
.01 MILES FROM PVA 5055 ARCO ST;TWO-WAY,NOT DIVIDED;DAYLIGHT;CLEAR;0;0;;NO CONTROL PRESENT;VAN;PASSENGER CAR;NONE;NONE;;2020-06-02T17:29:47-04:00;2020;No;No;6;17
163 FEET FROM SR 3977 (SE CARY PKWY);TWO-WAY,DIVIDED,POSITIVE MEDIAN BARRIER;DARK - LIGHTED ROADWAY;CLEAR;0;0;;NO CONTROL PRESENT;PASSENGER CAR;SPORT UTILITY;NONE;NONE;;2020-06-02T20:52:14-04:00;2020;No;No;6;20
100 FEET FROM PVA 2861 JONES FRANKLIN RD;ONE-WAY,NOT DIVIDED;DAYLIGHT;CLEAR;0;0;;NO CONTROL PRESENT;PICKUP;SPORT UTILITY;NONE;NONE;;2020-06-03T15:00:26-04:00;2020;No;No;6;15
5 FEET FROM REED ST;TWO-WAY,NOT DIVIDED;DARK - LIGHTED ROADWAY;CLEAR;0;0;;NO CONTROL PRESENT;SPORT UTILITY;NONE;NONE;NONE;;2020-06-03T01:21:46-04:00;2020;No;No;6;01
322 FEET FROM SR1009 (TRYON RD);TWO-WAY,DIVIDED,POSITIVE MEDIAN BARRIER;DAYLIGHT;CLEAR;0;0;;STOP AND GO SIGNAL;PASSENGER CAR;PASSENGER CAR;NONE;NONE;;2020-06-04T14:21:28-04:00;2020;No;No;6;14
CARY;ONE-WAY,NOT DIVIDED;DAYLIGHT;CLOUDY;0;0;;STOP AND GO SIGNAL;PASSENGER CAR;PASSENGER CAR;NONE;NONE;;2020-06-05T08:15:37-04:00;2020;No;No;6;08
172 FEET FROM SR1349 (DILLARD DR);NONE;NONE;NONE;0;0;;;NONE;NONE;NONE;NONE;;2020-05-29T15:02:57-04:00;2020;No;No;5;15
370 FEET FROM P.V.A. 201 CROSSROADS BLVD;TWO-WAY,NOT DIVIDED;DAYLIGHT;CLEAR;0;0;;NO CONTROL PRESENT;PICKUP;NONE;NONE;NONE;;2020-06-04T19:50:11-04:00;2020;No;No;6;19
160 FEET FROM P.V.A (GALVESTON CT);TWO-WAY,NOT DIVIDED;DAYLIGHT;CLEAR;0;0;;NO CONTROL PRESENT;PASSENGER CAR;PICKUP;PASSENGER CAR;PASSENGER CAR;;2020-06-08T11:17:00-04:00;2020;No;No;6;11
.43 MILES FROM US 1 SB;TWO-WAY,DIVIDED,POSITIVE MEDIAN BARRIER;DAYLIGHT;CLEAR;0;0;;NO CONTROL PRESENT;PASSENGER CAR;SINGLE UNIT TRUCK (2-AXLE- 6-TIRE);NONE;NONE;;2020-06-08T13:12:24-04:00;2020;No;No;6;13
400 FEET FROM NC 54 HWY - CHAPEL HILL RD;TWO-WAY,NOT DIVIDED;DAYLIGHT;CLEAR;0;0;;STOP AND GO SIGNAL;SPORT UTILITY;PASSENGER CAR;NONE;NONE;;2020-06-09T14:18:29-04:00;2020;No;No;6;14
20 FEET FROM SR 1415 (SW MAYNARD RD);TWO-WAY,DIVIDED,UNPROTECTED MEDIAN;DARK - LIGHTED ROADWAY;CLEAR;0;0;;STOP AND GO SIGNAL;PICKUP;PASSENGER CAR;NONE;NONE;;2020-06-04T22:38:00-04:00;2020;No;No;6;22
35 FEET FROM S HARRISON AV;TWO-WAY,NOT DIVIDED;DAYLIGHT;CLEAR;0;0;;STOP AND GO SIGNAL;PASSENGER CAR;SPORT UTILITY;NONE;NONE;;2020-06-10T11:50:00-04:00;2020;No;No;6;11
CARY;ONE-WAY,NOT DIVIDED;DAYLIGHT;CLEAR;0;0;;STOP AND GO SIGNAL;PICKUP;SPORT UTILITY;NONE;NONE;;2020-06-10T15:23:13-04:00;2020;No;No;6;15
426 FEET FROM MADISON AV;TWO-WAY,NOT DIVIDED;DAYLIGHT;CLEAR;0;0;;NO CONTROL PRESENT;PASSENGER CAR;PASSENGER CAR;NONE;NONE;;2020-06-10T17:52:27-04:00;2020;No;No;6;17
15 FEET FROM SR 1009 (TRYON RD);TWO-WAY,DIVIDED,UNPROTECTED MEDIAN;DAYLIGHT;CLEAR;0;0;;STOP AND GO SIGNAL;SPORT UTILITY;PASSENGER CAR;NONE;NONE;;2020-06-11T15:06:20-04:00;2020;No;No;6;15
100 FEET FROM P.V.A. 540 NEW WAVERLY PL;TWO-WAY,NOT DIVIDED;DAYLIGHT;CLEAR;0;0;;NO CONTROL PRESENT;SPORT UTILITY;PASSENGER CAR;NONE;NONE;;2020-06-11T16:28:15-04:00;2020;No;No;6;16
10 FEET FROM SR 3977 (SE CARY PARKWAY);TWO-WAY,DIVIDED,UNPROTECTED MEDIAN;DARK - LIGHTED ROADWAY;RAIN;0;0;;STOP AND GO SIGNAL;SPORT UTILITY;PASSENGER CAR;NONE;NONE;;2020-06-11T22:01:00-04:00;2020;No;No;6;22
30 FEET FROM US 64;TWO-WAY,DIVIDED,POSITIVE MEDIAN BARRIER;DAYLIGHT;CLOUDY;0;0;;NO CONTROL PRESENT;PICKUP;PICKUP;NONE;NONE;;2020-06-11T10:27:00-04:00;2020;No;No;6;10
.1 MILES FROM US 64;TWO-WAY,DIVIDED,POSITIVE MEDIAN BARRIER;DAYLIGHT;CLEAR;0;0;;NO CONTROL PRESENT;SPORT UTILITY;PASSENGER CAR;NONE;NONE;;2020-06-12T12:54:00-04:00;2020;No;No;6;12
0 FEET FROM SR 1415 (SE MAYNARD RD);TWO-WAY,NOT DIVIDED;DAYLIGHT;CLEAR;0;0;;STOP SIGN;PASSENGER CAR;PASSENGER CAR;NONE;NONE;;2020-06-12T14:03:13-04:00;2020;No;No;6;14
1.55 MILES FROM US1 SB CARY;TWO-WAY,DIVIDED,POSITIVE MEDIAN BARRIER;DAYLIGHT;CLOUDY;0;0;;NO CONTROL PRESENT;PASSENGER CAR;NONE;NONE;NONE;;2020-06-15T09:08:21-04:00;2020;No;No;6;09
5 FEET FROM SR 1349 (DILLARD DR);TWO-WAY,DIVIDED,UNPROTECTED MEDIAN;DAYLIGHT;RAIN;0;1;;STOP AND GO SIGNAL;SPORT UTILITY;PASSENGER CAR;NONE;NONE;;2020-06-15T13:09:37-04:00;2020;No;Yes;6;13
5 FEET FROM SR 1010 (TEN TEN RD);TWO-WAY,NOT DIVIDED;DAYLIGHT;RAIN;0;2;;STOP AND GO SIGNAL;SPORT UTILITY;SPORT UTILITY;TRUCK/TRAILER;NONE;;2020-06-16T09:01:42-04:00;2020;No;Yes;6;09
154 FEET FROM P.V.A. (WEE LOCH DR);TWO-WAY,NOT DIVIDED;DAYLIGHT;CLOUDY;0;0;;NO CONTROL PRESENT;PASSENGER CAR;NONE;NONE;NONE;;2020-06-16T19:23:59-04:00;2020;No;No;6;19
.1 MILES FROM US1 HWY;TWO-WAY,DIVIDED,POSITIVE MEDIAN BARRIER;DAYLIGHT;CLEAR;0;0;;NO CONTROL PRESENT;PICKUP;PASSENGER CAR;NONE;NONE;;2020-06-10T10:49:00-04:00;2020;No;No;6;10
0 FEET FROM SR1313 (WALNUT ST);TWO-WAY,DIVIDED,UNPROTECTED MEDIAN;DAYLIGHT;RAIN;0;0;;STOP AND GO SIGNAL;PICKUP;PASSENGER CAR;NONE;NONE;;2020-06-15T13:51:56-04:00;2020;No;No;6;13
100 FEET FROM ASHVILLE AVE;TWO-WAY,NOT DIVIDED;DAYLIGHT;CLOUDY;0;0;;NO CONTROL PRESENT;PICKUP;LIGHT TRUCK (MINI-VAN- PANEL);NONE;NONE;;2020-06-17T11:46:00-04:00;2020;No;No;6;11
CARY;TWO-WAY,DIVIDED,UNPROTECTED MEDIAN;DAYLIGHT;CLEAR;0;0;;STOP SIGN;PICKUP;PASSENGER CAR;NONE;NONE;;2020-06-19T12:59:00-04:00;2020;No;No;6;12
499 FEET FROM P.V.A. 237 CROSSROADS BLVD;TWO-WAY,NOT DIVIDED;DAYLIGHT;CLEAR;0;0;;NO CONTROL PRESENT;PASSENGER CAR;SPORT UTILITY;NONE;NONE;;2020-06-18T12:01:00-04:00;2020;No;No;6;12
.22 MILES FROM SR1370(TRYON RD);TWO-WAY,DIVIDED,UNPROTECTED MEDIAN;DAYLIGHT;CLEAR;0;0;;STOP AND GO SIGNAL;PASSENGER CAR;SPORT UTILITY;SPORT UTILITY;NONE;;2020-06-18T13:51:07-04:00;2020;No;No;6;13
0.1 MILES FROM HOLLY SPRINGS RD (1152);TWO-WAY,NOT DIVIDED;DAYLIGHT;CLOUDY;0;1;;NO CONTROL PRESENT;PASSENGER CAR;PASSENGER CAR;NONE;NONE;;2020-06-19T18:23:55-04:00;2020;No;Yes;6;18
300 FEET FROM 837 DAVIDSON POINT RD;TWO-WAY,NOT DIVIDED;DAYLIGHT;CLEAR;0;0;;NO CONTROL PRESENT;SPORT UTILITY;SPORT UTILITY;NONE;NONE;;2020-06-21T13:12:30-04:00;2020;No;No;6;13
175 FEET FROM P.V.A. 1701 N HARRISON AV;TWO-WAY,NOT DIVIDED;DAYLIGHT;CLEAR;0;0;;NO CONTROL PRESENT;SPORT UTILITY;PASSENGER CAR;NONE;NONE;;2020-06-23T14:18:55-04:00;2020;No;No;6;14
.1 MILES FROM P.V.A. 151 MIDDLE CREEK PARK A;TWO-WAY,NOT DIVIDED;DAYLIGHT;CLEAR;0;0;;NO CONTROL PRESENT;PASSENGER CAR;PASSENGER CAR;NONE;NONE;;2020-06-23T19:38:59-04:00;2020;No;No;6;19
.23 MILES FROM US 1 HWY N;TWO-WAY,DIVIDED,POSITIVE MEDIAN BARRIER;DARK - LIGHTED ROADWAY;CLEAR;0;0;;NO CONTROL PRESENT;PASSENGER CAR;NONE;NONE;NONE;;2020-06-23T09:16:14-04:00;2020;No;No;6;09
195 FEET FROM AVERY CIR;TWO-WAY,NOT DIVIDED;DAYLIGHT;CLEAR;0;0;;NO CONTROL PRESENT;PASSENGER CAR;PICKUP;NONE;NONE;;2020-06-24T10:37:00-04:00;2020;No;No;6;10
10 FEET FROM S.R.1628(OKELLY CHAPEL RD);TWO-WAY,NOT DIVIDED;DAYLIGHT;CLEAR;0;0;;STOP AND GO SIGNAL;PASSENGER CAR;SPORT UTILITY;NONE;NONE;;2020-06-25T17:42:29-04:00;2020;No;No;6;17
10 FEET FROM SR 1011 (W CHATHAM ST);TWO-WAY,NOT DIVIDED;DAYLIGHT;CLEAR;0;0;;STOP AND GO SIGNAL;PICKUP;SPORT UTILITY;NONE;NONE;;2020-06-26T16:23:28-04:00;2020;No;No;6;16
50 FEET FROM NC 55 HWY;TWO-WAY,DIVIDED,UNPROTECTED MEDIAN;DAYLIGHT;CLEAR;0;1;;STOP AND GO SIGNAL;PASSENGER CAR;PASSENGER CAR;SPORT UTILITY;PASSENGER CAR;PASSENGER CAR;2020-06-27T16:46:30-04:00;2020;No;Yes;6;16
0 FEET FROM S.R. 1313 (WALNUT ST);TWO-WAY,DIVIDED,POSITIVE MEDIAN BARRIER;DAYLIGHT;CLEAR;0;0;;STOP AND GO SIGNAL;PASSENGER CAR;PASSENGER CAR;NONE;NONE;;2020-06-29T07:55:49-04:00;2020;No;No;6;07
.138 MILES FROM SR 1313 (WALNUT ST);TWO-WAY,NOT DIVIDED;DAYLIGHT;CLEAR;0;0;;FLASHING STOP AND GO SIGNAL;PASSENGER CAR;PASSENGER CAR;NONE;NONE;;2020-06-29T15:41:50-04:00;2020;No;No;6;15
10 FEET FROM SR 1415 (SW MAYNARD RD);TWO-WAY,DIVIDED,POSITIVE MEDIAN BARRIER;DAYLIGHT;CLEAR;0;0;;STOP AND GO SIGNAL;PASSENGER CAR;SPORT UTILITY;NONE;NONE;;2020-07-01T10:22:00-04:00;2020;No;No;7;10
.5 MILES FROM US 1;TWO-WAY,DIVIDED,POSITIVE MEDIAN BARRIER;DAYLIGHT;CLEAR;0;0;;NO CONTROL PRESENT;PASSENGER CAR;PASSENGER CAR;NONE;NONE;;2020-07-01T15:58:22-04:00;2020;No;No;7;15
1.29 MILES FROM US 1 HWY;ONE-WAY,NOT DIVIDED;DAYLIGHT;CLOUDY;0;0;;NO CONTROL PRESENT;SPORT UTILITY;PASSENGER CAR;NONE;NONE;;2020-07-01T14:03:10-04:00;2020;No;No;7;14
0 FEET FROM P.V.A. (COLONADES WAY);TWO-WAY,DIVIDED,POSITIVE MEDIAN BARRIER;DAYLIGHT;CLEAR;0;0;;STOP SIGN;PASSENGER CAR;PASSENGER CAR;NONE;NONE;;2020-07-01T12:26:00-04:00;2020;No;No;7;12
CARY;TWO-WAY,DIVIDED,UNPROTECTED MEDIAN;DAYLIGHT;CLEAR;0;2;;STOP AND GO SIGNAL;SPORT UTILITY;SPORT UTILITY;NONE;NONE;;2020-07-02T17:11:29-04:00;2020;No;Yes;7;17
20 FEET FROM SR1621 GREEN HOPE SCHOOL RD;TWO-WAY,NOT DIVIDED;DAYLIGHT;CLEAR;0;0;;NO CONTROL PRESENT;SPORT UTILITY;NONE;NONE;NONE;;2020-07-01T05:56:57-04:00;2020;No;No;7;05
70 FEET FROM P.V.A. (1751 WALNUT ST);TWO-WAY,NOT DIVIDED;DAYLIGHT;CLOUDY;0;0;;STOP SIGN;PICKUP;SPORT UTILITY;NONE;NONE;;2020-07-05T16:49:50-04:00;2020;No;No;7;16
.16 MILES FROM SR 3081 (CHAPEL HILL RD);NONE;NONE;NONE;0;0;;;NONE;NONE;NONE;NONE;;2020-06-26T21:05:49-04:00;2020;No;No;6;21
.25 MILES FROM 275 CONVENTION DR;TWO-WAY,NOT DIVIDED;DAYLIGHT;CLEAR;0;0;;STOP SIGN;PASSENGER CAR;PASSENGER CAR;NONE;NONE;;2020-07-06T06:59:26-04:00;2020;No;No;7;06
400 FEET FROM 1900 OLD REEDY CREEK RD;TWO-WAY,NOT DIVIDED;DAYLIGHT;CLEAR;0;0;;NO CONTROL PRESENT;PICKUP;NONE;NONE;NONE;;2020-07-02T10:36:00-04:00;2020;No;No;7;10
150 FEET FROM MEETING ST;TWO-WAY,NOT DIVIDED;DARK - LIGHTED ROADWAY;CLEAR;0;0;;STOP AND GO SIGNAL;PASSENGER CAR;PASSENGER CAR;NONE;NONE;;2020-07-05T23:34:00-04:00;2020;No;No;7;23
700 FEET FROM SR 1011 (W CHATHAM ST);TWO-WAY,NOT DIVIDED;DAYLIGHT;CLOUDY;0;0;;STOP AND GO SIGNAL;PASSENGER CAR;SPORT UTILITY;NONE;NONE;;2020-07-08T18:00:26-04:00;2020;No;No;7;18
317 FEET FROM SR 1415 (SE MAYNARD RD);TWO-WAY,NOT DIVIDED;DAYLIGHT;RAIN;0;0;;STOP AND GO SIGNAL;PASSENGER CAR;NONE;NONE;NONE;;2020-07-08T17:13:06-04:00;2020;No;No;7;17
0 FEET FROM SR 1011 (E CHATHAM ST);TWO-WAY,DIVIDED,UNPROTECTED MEDIAN;DAYLIGHT;CLEAR;0;0;;NO CONTROL PRESENT;PASSENGER CAR;PASSENGER CAR;NONE;NONE;;2020-07-08T11:10:00-04:00;2020;No;No;7;11
0 MILES FROM SR 1300 (KILDAIRE FARM RD);TWO-WAY,DIVIDED,UNPROTECTED MEDIAN;DAYLIGHT;CLEAR;0;0;;NO CONTROL PRESENT;PASSENGER CAR;PASSENGER CAR;NONE;NONE;;2020-07-09T16:58:47-04:00;2020;No;No;7;16
CARY;TWO-WAY,NOT DIVIDED;DARK - LIGHTED ROADWAY;CLEAR;0;0;;STOP SIGN;PASSENGER CAR;NONE;NONE;NONE;;2020-07-10T02:15:50-04:00;2020;No;No;7;02
CARY;TWO-WAY,NOT DIVIDED;DAYLIGHT;CLEAR;0;0;;STOP SIGN;PASSENGER CAR;PASSENGER CAR;NONE;NONE;;2020-07-09T16:17:20-04:00;2020;No;No;7;16
0 FEET FROM US 1 OFF RAMP;TWO-WAY,DIVIDED,UNPROTECTED MEDIAN;DAYLIGHT;CLEAR;0;0;;STOP AND GO SIGNAL;PASSENGER CAR;PASSENGER CAR;NONE;NONE;;2020-07-09T13:16:42-04:00;2020;No;No;7;13
170 FEET FROM P.V.A. (A1 SALON);TWO-WAY,NOT DIVIDED;DAYLIGHT;CLEAR;0;0;;NO CONTROL PRESENT;PASSENGER CAR;SPORT UTILITY;NONE;NONE;;2020-07-09T14:28:51-04:00;2020;No;No;7;14
60 FEET FROM WAKEHURST DR;TWO-WAY,NOT DIVIDED;DAYLIGHT;CLEAR;0;0;;NO CONTROL PRESENT;PICKUP;NONE;NONE;NONE;;2020-07-10T20:17:43-04:00;2020;No;No;7;20
41 FEET FROM PVA (1299 KILDAIRE FARM RD);NONE;DAYLIGHT;CLEAR;0;0;;NO CONTROL PRESENT;PASSENGER CAR;SPORT UTILITY;NONE;NONE;;2020-07-09T14:47:26-04:00;2020;No;No;7;14
35 FEET FROM P.V.A. (1307 BUCK JONES RD);TWO-WAY,NOT DIVIDED;DAYLIGHT;CLEAR;0;0;;NO CONTROL PRESENT;PICKUP;PASSENGER CAR;NONE;NONE;;2020-07-11T11:07:00-04:00;2020;No;No;7;11
CARY;TWO-WAY,NOT DIVIDED;DAYLIGHT;CLEAR;0;1;;STOP AND GO SIGNAL;SPORT UTILITY;SPORT UTILITY;NONE;NONE;;2020-07-04T12:01:00-04:00;2020;No;Yes;7;12
200 FEET FROM SR 3977 (SE CARY PKWY);TWO-WAY,DIVIDED,UNPROTECTED MEDIAN;DAYLIGHT;CLEAR;0;0;;STOP AND GO SIGNAL;PASSENGER CAR;PASSENGER CAR;NONE;NONE;;2020-07-12T03:13:26-04:00;2020;No;No;7;03
250 FEET FROM SR-1009 TRYON RD;TWO-WAY,DIVIDED,UNPROTECTED MEDIAN;DAYLIGHT;CLEAR;0;0;;NO CONTROL PRESENT;PASSENGER CAR;SPORT UTILITY;NONE;NONE;;2020-07-12T20:54:39-04:00;2020;No;No;7;20
50 FEET FROM HENDERSON RD;TWO-WAY,NOT DIVIDED;DARK - LIGHTED ROADWAY;CLEAR;0;0;;NO CONTROL PRESENT;PASSENGER CAR;NONE;NONE;NONE;;2020-07-08T06:35:21-04:00;2020;No;No;7;06
100 FEET FROM CHAPEL HILL RD;TWO-WAY,DIVIDED,UNPROTECTED MEDIAN;DARK - ROADWAY NOT LIGHTED;CLEAR;0;0;;NO CONTROL PRESENT;PASSENGER CAR;NONE;NONE;NONE;;2020-07-15T02:26:10-04:00;2020;No;No;7;02
200 FEET FROM 200 WELLESLEY TRADE LN;ONE-WAY,NOT DIVIDED;DAYLIGHT;CLEAR;0;0;;NO CONTROL PRESENT;NONE;PASSENGER CAR;NONE;NONE;;2020-07-15T11:22:00-04:00;2020;No;No;7;11
CARY;TWO-WAY,DIVIDED,UNPROTECTED MEDIAN;DAYLIGHT;CLEAR;0;0;;STOP SIGN;PASSENGER CAR;SPORT UTILITY;NONE;NONE;;2020-07-15T13:44:22-04:00;2020;No;No;7;13
200 FEET FROM US 1 HWY;TWO-WAY,DIVIDED,POSITIVE MEDIAN BARRIER;DAYLIGHT;CLOUDY;0;0;;NO CONTROL PRESENT;PICKUP;PICKUP;NONE;NONE;;2020-07-13T12:07:00-04:00;2020;No;No;7;12