Location_Description;Road_Configuration;Light_Condition;Weather;Fatality;Injury;Contributing_Factor;Traffic_Control;Vehicle1;Vehicle2;Vehicle3;Vehicle4;Vehicle5;Crash_Date;year;Fatalities;Injuries;Month;Hour
1.43 MILES FROM US 1;TWO-WAY,DIVIDED,POSITIVE MEDIAN BARRIER;DARK - ROADWAY NOT LIGHTED;RAIN;0;0;;NO CONTROL PRESENT;EMS VEHICLE- AMBULANCE- RESCUE SQUAD;PASSENGER CAR;NONE;NONE;;2020-09-11T20:50:44-04:00;2020;No;No;9;20
100 FEET FROM P.V.A. 885 WALNUT ST;TWO-WAY,NOT DIVIDED;DARK - LIGHTED ROADWAY;RAIN;0;1;NOT VISIBLE (DARK CLOTHING,ETC.);NO CONTROL PRESENT;SPORT UTILITY;NONE;NONE;NONE;;2020-09-11T19:08:38-04:00;2020;No;Yes;9;19
480 FEET FROM US 1 HWY;TWO-WAY,DIVIDED,POSITIVE MEDIAN BARRIER;DARK - LIGHTED ROADWAY;RAIN;0;0;COMING FROM BEHIND PARKED VEHICLE;NO CONTROL PRESENT;PICKUP;SPORT UTILITY;NONE;NONE;;2020-09-11T21:57:47-04:00;2020;No;No;9;21
50 FEET FROM S.R.3977 (SE CARY PKWY);TWO-WAY,DIVIDED,UNPROTECTED MEDIAN;DAYLIGHT;CLOUDY;0;0;;STOP AND GO SIGNAL;PICKUP;PASSENGER CAR;NONE;NONE;;2020-09-11T15:49:00-04:00;2020;No;No;9;15
CARY;TWO-WAY,NOT DIVIDED;DARK - LIGHTED ROADWAY;RAIN;0;0;;STOP AND GO SIGNAL;PASSENGER CAR;PASSENGER CAR;NONE;NONE;;2020-09-11T20:15:26-04:00;2020;No;No;9;20
CARY;TWO-WAY,DIVIDED,UNPROTECTED MEDIAN;DAYLIGHT;CLEAR;0;0;;STOP AND GO SIGNAL;VAN;PICKUP;NONE;NONE;;2020-09-10T15:20:41-04:00;2020;No;No;9;15
1 FEET FROM US 1 SOUTH-OFF RAMP;ONE-WAY,NOT DIVIDED;DAYLIGHT;CLEAR;0;0;;STOP AND GO SIGNAL;PASSENGER CAR;SPORT UTILITY;NONE;NONE;;2020-09-12T13:56:54-04:00;2020;No;No;9;13
0 FEET FROM SR 1615 (HIGH HOUSE RD);TWO-WAY,DIVIDED,UNPROTECTED MEDIAN;DAYLIGHT;CLEAR;0;0;;STOP AND GO SIGNAL;PASSENGER CAR;PASSENGER CAR;NONE;NONE;;2020-09-14T16:18:57-04:00;2020;No;No;9;16
1.4 MILES FROM US 1 SB;TWO-WAY,DIVIDED,POSITIVE MEDIAN BARRIER;DAYLIGHT;CLEAR;0;0;;NO CONTROL PRESENT;PASSENGER CAR;PASSENGER CAR;NONE;NONE;;2020-09-14T19:11:10-04:00;2020;No;No;9;19
20 FEET FROM P.P 203 WYATTS POND RD;NONE;DAYLIGHT;CLEAR;0;0;;NO CONTROL PRESENT;SPORT UTILITY;NONE;NONE;NONE;;2020-09-15T02:25:05-04:00;2020;No;No;9;02
CARY;NONE;NONE;NONE;0;0;;;NONE;NONE;NONE;NONE;;2019-05-10T07:44:42-04:00;2019;No;No;5;07
300 FEET FROM S.R. 3977 (CARY PKWY SE);TWO-WAY,NOT DIVIDED;DAYLIGHT;CLOUDY;0;0;;NO CONTROL PRESENT;PASSENGER CAR;VAN;NONE;NONE;;2020-09-16T15:55:30-04:00;2020;No;No;9;15
.10 MILES FROM NC 55 HWY;TWO-WAY,NOT DIVIDED;DARK - LIGHTED ROADWAY;RAIN;0;0;;NO CONTROL PRESENT;PASSENGER CAR;SPORT UTILITY;NONE;NONE;;2020-09-17T19:05:33-04:00;2020;No;No;9;19
CARY;TWO-WAY,NOT DIVIDED;DAYLIGHT;RAIN;0;0;;NO CONTROL PRESENT;PASSENGER CAR;PASSENGER CAR;NONE;NONE;;2020-09-17T15:36:53-04:00;2020;No;No;9;15
CARY;TWO-WAY,DIVIDED,UNPROTECTED MEDIAN;DARK - LIGHTED ROADWAY;CLEAR;0;0;;STOP AND GO SIGNAL;PASSENGER CAR;NONE;NONE;NONE;;2020-09-20T20:33:17-04:00;2020;No;No;9;20
CARY;NONE;NONE;NONE;0;0;;;NONE;NONE;NONE;NONE;;2020-09-16T20:48:11-04:00;2020;No;No;9;20
50 FEET FROM SR-1300 KILDAIRE FARM RD;TWO-WAY,NOT DIVIDED;DAYLIGHT;RAIN;0;0;;STOP AND GO SIGNAL;PASSENGER CAR;PICKUP;NONE;NONE;;2020-09-25T14:35:14-04:00;2020;No;No;9;14
CARY;TWO-WAY,DIVIDED,UNPROTECTED MEDIAN;DARK - LIGHTED ROADWAY;CLOUDY;0;0;;NO CONTROL PRESENT;NONE;NONE;NONE;NONE;;2020-09-25T04:47:11-04:00;2020;No;No;9;04
0 FEET FROM SR 1415 (SE MAYNARD RD);TWO-WAY,DIVIDED,UNPROTECTED MEDIAN;DAYLIGHT;CLOUDY;0;1;;STOP SIGN;PASSENGER CAR;PASSENGER CAR;NONE;NONE;;2020-09-25T16:47:31-04:00;2020;No;Yes;9;16
0.25 MILES FROM US 1 HWY;TWO-WAY,DIVIDED,POSITIVE MEDIAN BARRIER;DAYLIGHT;CLOUDY;0;0;COMING FROM BEHIND PARKED VEHICLE;NO CONTROL PRESENT;VAN;PASSENGER CAR;NONE;NONE;;2020-09-25T15:14:34-04:00;2020;No;No;9;15
175 FEET FROM SR 1415 (SW MAYNARD RD);TWO-WAY,DIVIDED,UNPROTECTED MEDIAN;DAYLIGHT;CLEAR;0;0;;STOP AND GO SIGNAL;SPORT UTILITY;PASSENGER CAR;NONE;NONE;;2020-09-30T16:14:53-04:00;2020;No;No;9;16
CARY;TWO-WAY,DIVIDED,UNPROTECTED MEDIAN;DAYLIGHT;CLEAR;0;0;;STOP AND GO SIGNAL;SPORT UTILITY;SPORT UTILITY;NONE;NONE;;2020-09-30T12:03:00-04:00;2020;No;No;9;12
.16 MILES FROM SR 1152 (HOLLY SPRINGS RD);TWO-WAY,NOT DIVIDED;DAYLIGHT;CLEAR;0;0;;NO CONTROL PRESENT;VAN;PASSENGER CAR;NONE;NONE;;2020-10-01T10:30:00-04:00;2020;No;No;10;10
146 FEET FROM SW CARY PKWY;TWO-WAY,DIVIDED,UNPROTECTED MEDIAN;DAYLIGHT;CLEAR;0;0;;STOP AND GO SIGNAL;PASSENGER CAR;SPORT UTILITY;NONE;NONE;;2020-10-01T13:22:25-04:00;2020;No;No;10;13
.01 MILES FROM PVA (836 E CHATAM ST);TWO-WAY,NOT DIVIDED;DAYLIGHT;CLEAR;0;0;;NO CONTROL PRESENT;PASSENGER CAR;NONE;NONE;NONE;;2020-10-02T17:23:12-04:00;2020;No;No;10;17
254 FEET FROM PVA (1040-601 TRYON RD);NONE;DAYLIGHT;CLEAR;0;0;;NO CONTROL PRESENT;PASSENGER CAR;SPORT UTILITY;NONE;NONE;;2020-10-02T19:58:19-04:00;2020;No;No;10;19
85 FEET FROM P.V.A. (740-C E CHATTHAM ST);TWO-WAY,NOT DIVIDED;DAYLIGHT;CLEAR;0;3;;NO CONTROL PRESENT;PASSENGER CAR;NONE;NONE;NONE;;2020-10-03T16:35:40-04:00;2020;No;Yes;10;16
400 FEET FROM PVA 1105 WALNUT ST;ONE-WAY,NOT DIVIDED;DAYLIGHT;CLEAR;0;0;;NO CONTROL PRESENT;PASSENGER CAR;SPORT UTILITY;NONE;NONE;;2020-10-04T22:42:00-04:00;2020;No;No;10;22
200 FEET FROM P.V.A. (425 EMISSARY DR);ONE-WAY,NOT DIVIDED;DAYLIGHT;CLEAR;0;0;;NO CONTROL PRESENT;PASSENGER CAR;PASSENGER CAR;NONE;NONE;;2020-10-04T12:09:00-04:00;2020;No;No;10;12
228 FEET FROM P.V.A (SPRINGFORK DR);TWO-WAY,NOT DIVIDED;DAYLIGHT;CLEAR;0;0;;NO CONTROL PRESENT;PASSENGER CAR;PASSENGER CAR;NONE;NONE;;2020-10-03T06:03:50-04:00;2020;No;No;10;06
200 FEET FROM P.V.A. 575-102 NEW WAVERLY PL;TWO-WAY,NOT DIVIDED;DAYLIGHT;CLEAR;0;1;;NO CONTROL PRESENT;PASSENGER CAR;PASSENGER CAR;NONE;NONE;;2020-10-05T17:59:47-04:00;2020;No;Yes;10;17
CARY;TWO-WAY,DIVIDED,UNPROTECTED MEDIAN;DAYLIGHT;CLEAR;0;0;;YIELD SIGN;SPORT UTILITY;LIGHT TRUCK (MINI-VAN- PANEL);NONE;NONE;;2020-10-06T12:55:00-04:00;2020;No;No;10;12
50 FEET FROM SR 1615 (HIGH HOUSE RD);TWO-WAY,NOT DIVIDED;DAYLIGHT;CLEAR;0;0;;STOP AND GO SIGNAL;PASSENGER CAR;PASSENGER CAR;NONE;NONE;;2020-10-07T13:11:40-04:00;2020;No;No;10;13
0 FEET FROM NC 55 HWY;TWO-WAY,DIVIDED,UNPROTECTED MEDIAN;DUSK;CLEAR;0;0;;STOP AND GO SIGNAL;VAN;PASSENGER CAR;NONE;NONE;;2020-10-01T18:55:50-04:00;2020;No;No;10;18
1 MILES FROM US HWY 1;TWO-WAY,DIVIDED,POSITIVE MEDIAN BARRIER;DAYLIGHT;CLEAR;0;0;;NO CONTROL PRESENT;PICKUP;PICKUP;VAN;SPORT UTILITY;;2020-10-06T17:31:22-04:00;2020;No;No;10;17
100 FEET FROM P.V.A. 101 INNOVATION AV;ONE-WAY,NOT DIVIDED;DAYLIGHT;CLEAR;0;0;;NO CONTROL PRESENT;VAN;NONE;NONE;NONE;;2020-10-08T08:45:20-04:00;2020;No;No;10;08
50 FEET FROM US 64 HWY;TWO-WAY,DIVIDED,UNPROTECTED MEDIAN;DAYLIGHT;CLEAR;0;0;;NO CONTROL PRESENT;SPORT UTILITY;PASSENGER CAR;NONE;NONE;;2020-10-08T16:27:34-04:00;2020;No;No;10;16
158 FEET FROM LOUIS STEPHENS DR;TWO-WAY,DIVIDED,UNPROTECTED MEDIAN;DARK - LIGHTED ROADWAY;CLOUDY;0;0;;NO CONTROL PRESENT;SPORT UTILITY;NONE;NONE;NONE;;2020-10-10T01:28:40-04:00;2020;No;No;10;01
30 FEET FROM US HWY 64;TWO-WAY,DIVIDED,UNPROTECTED MEDIAN;DAYLIGHT;CLEAR;0;0;;NO CONTROL PRESENT;VAN;PASSENGER CAR;PASSENGER CAR;NONE;;2020-10-09T16:35:43-04:00;2020;No;No;10;16
.15 MILES FROM P.V.A. (177 HIGH HOUSE RD);TWO-WAY,NOT DIVIDED;DARK - LIGHTED ROADWAY;CLEAR;0;0;;NO CONTROL PRESENT;PASSENGER CAR;PASSENGER CAR;NONE;NONE;;2020-10-09T19:20:08-04:00;2020;No;No;10;19
0 FEET FROM SR 1415 (SE MAYNARD RD);TWO-WAY,NOT DIVIDED;DARK - LIGHTED ROADWAY;RAIN;0;0;;NO CONTROL PRESENT;PASSENGER CAR;PASSENGER CAR;NONE;NONE;;2020-10-10T20:01:13-04:00;2020;No;No;10;20
1.2 MILES FROM US 1 NB;TWO-WAY,DIVIDED,POSITIVE MEDIAN BARRIER;DARK - LIGHTED ROADWAY;CLOUDY;0;0;DARTING;NO CONTROL PRESENT;PASSENGER CAR;NONE;NONE;NONE;;2020-10-11T07:13:41-04:00;2020;No;No;10;07
140 FEET FROM SR 1497 (CARY TOWNE BLVD);TWO-WAY,DIVIDED,UNPROTECTED MEDIAN;DAYLIGHT;RAIN;0;0;;NO CONTROL PRESENT;PASSENGER CAR;PASSENGER CAR;NONE;NONE;;2020-10-10T10:36:00-04:00;2020;No;No;10;10
0 FEET FROM SR 3112 (NW CARY PKWY);TWO-WAY,NOT DIVIDED;DARK - LIGHTED ROADWAY;RAIN;0;0;COMING FROM BEHIND PARKED VEHICLE;NO CONTROL PRESENT;PASSENGER CAR;PASSENGER CAR;NONE;NONE;;2020-10-12T21:36:32-04:00;2020;No;No;10;21
20 FEET FROM SR 1605 (GREEN LEVEL WEST RD);TWO-WAY,NOT DIVIDED;DAYLIGHT;CLOUDY;0;0;FAILURE TO YIELD RIGHT OF WAY;NO CONTROL PRESENT;PASSENGER CAR;SPORT UTILITY;NONE;NONE;;2020-10-12T08:14:04-04:00;2020;No;No;10;08
.2 MILES FROM 306 DUNHAGAN PL;TWO-WAY,NOT DIVIDED;DAYLIGHT;CLEAR;0;0;;NO CONTROL PRESENT;PASSENGER CAR;PASSENGER CAR;NONE;NONE;;2020-10-13T13:40:07-04:00;2020;No;No;10;13
50 FEET FROM SR 1387 (WEST LAKE RD);TWO-WAY,DIVIDED,UNPROTECTED MEDIAN;DARK - ROADWAY NOT LIGHTED;CLEAR;0;0;;NO CONTROL PRESENT;PASSENGER CAR;NONE;NONE;NONE;;2020-10-13T20:37:13-04:00;2020;No;No;10;20
48 FEET FROM SR1010 (TEN TEN RD);TWO-WAY,NOT DIVIDED;DARK - ROADWAY NOT LIGHTED;CLEAR;0;0;;NO CONTROL PRESENT;SPORT UTILITY;NONE;NONE;NONE;;2020-09-18T14:44:46-04:00;2020;No;No;9;14
CARY;TWO-WAY,DIVIDED,UNPROTECTED MEDIAN;DARK - LIGHTED ROADWAY;CLEAR;0;0;;NO CONTROL PRESENT;PASSENGER CAR;PASSENGER CAR;NONE;NONE;;2020-10-14T20:04:19-04:00;2020;No;No;10;20
100 FEET FROM P.V.A.(2300 GRANDE VALLEY CIR);TWO-WAY,NOT DIVIDED;DARK - LIGHTED ROADWAY;CLEAR;0;0;;NO CONTROL PRESENT;PASSENGER CAR;PASSENGER CAR;PASSENGER CAR;NONE;;2020-10-15T20:10:31-04:00;2020;No;No;10;20
150 FEET FROM PVA (2303 NW MAYNARD RD);TWO-WAY,NOT DIVIDED;DARK - LIGHTED ROADWAY;CLEAR;0;0;;NO CONTROL PRESENT;SPORT UTILITY;PASSENGER CAR;NONE;NONE;;2020-10-16T18:53:54-04:00;2020;No;No;10;18
10 FEET FROM MORRISVILLE CARPENTER RD;TWO-WAY,NOT DIVIDED;DAYLIGHT;CLEAR;0;2;;STOP AND GO SIGNAL;SPORT UTILITY;PASSENGER CAR;NONE;NONE;;2020-10-18T12:58:00-04:00;2020;No;Yes;10;12
400 FEET FROM PVA-1253 BUCK JONES RD;TWO-WAY,NOT DIVIDED;DAYLIGHT;CLEAR;0;0;;NO CONTROL PRESENT;VAN;PASSENGER CAR;NONE;NONE;;2020-10-06T13:18:21-04:00;2020;No;No;10;13
.41 MILES FROM SR 1315 (BUCK JONES RD);TWO-WAY,NOT DIVIDED;DAYLIGHT;CLEAR;0;0;;NO CONTROL PRESENT;PASSENGER CAR;PASSENGER CAR;PICKUP;NONE;;2020-10-19T15:33:08-04:00;2020;No;No;10;15
CARY;TWO-WAY,NOT DIVIDED;DUSK;CLEAR;0;0;;NO CONTROL PRESENT;SPORT UTILITY;PASSENGER CAR;NONE;NONE;;2020-10-19T17:59:32-04:00;2020;No;No;10;17
45 FEET FROM THORPE DR;TWO-WAY,NOT DIVIDED;DARK - LIGHTED ROADWAY;CLEAR;0;1;;STOP SIGN;PASSENGER CAR;PASSENGER CAR;NONE;NONE;;2020-10-18T00:18:00-04:00;2020;No;Yes;10;00
450 FEET FROM 1020 BRADFORD PLAZA WAY;TWO-WAY,NOT DIVIDED;DAYLIGHT;CLEAR;0;0;;NO CONTROL PRESENT;SPORT UTILITY;SPORT UTILITY;NONE;NONE;;2020-10-20T10:24:00-04:00;2020;No;No;10;10
CARY;TWO-WAY,NOT DIVIDED;DAYLIGHT;FOG, SMOG, SMOKE;0;1;;STOP AND GO SIGNAL;PICKUP;NONE;NONE;NONE;;2020-10-21T13:26:37-04:00;2020;No;Yes;10;13
0 FEET FROM SR 1630 (GREEN LEVEL CHURCH RD;TWO-WAY,NOT DIVIDED;DAYLIGHT;CLEAR;0;0;;STOP SIGN;SPORT UTILITY;PASSENGER CAR;NONE;NONE;;2020-10-22T17:20:42-04:00;2020;No;No;10;17
0 FEET FROM SR 1652 (N HARRISON AV);TWO-WAY,NOT DIVIDED;DAYLIGHT;CLEAR;0;0;;NO CONTROL PRESENT;PASSENGER CAR;PASSENGER CAR;NONE;NONE;;2020-10-23T10:00:00-04:00;2020;No;No;10;10
0.16 MILES FROM NOTTINGHAM DRIVE;TWO-WAY,NOT DIVIDED;DAYLIGHT;CLEAR;0;0;;NO CONTROL PRESENT;PASSENGER CAR;PASSENGER CAR;NONE;NONE;;2020-10-21T17:37:44-04:00;2020;No;No;10;17
10 FEET FROM SR 1300 (KILDAIRE FARM RD);TWO-WAY,DIVIDED,UNPROTECTED MEDIAN;DAYLIGHT;CLEAR;0;0;COMING FROM BEHIND PARKED VEHICLE;NO CONTROL PRESENT;SPORT UTILITY;NONE;NONE;NONE;;2020-10-23T15:29:17-04:00;2020;No;No;10;15
CARY;TWO-WAY,DIVIDED,UNPROTECTED MEDIAN;DAYLIGHT;CLEAR;0;0;;NO CONTROL PRESENT;SINGLE UNIT TRUCK (2-AXLE- 6-TIRE);SPORT UTILITY;NONE;NONE;;2020-10-15T17:18:35-04:00;2020;No;No;10;17
20 FEET FROM YMCA DR;TWO-WAY,NOT DIVIDED;DAYLIGHT;CLEAR;0;0;;STOP SIGN;VAN;NONE;NONE;NONE;;2020-10-23T13:18:47-04:00;2020;No;No;10;13
300 FEET FROM P.V.A. 624 KEY WEST MEWS;TWO-WAY,NOT DIVIDED;DAYLIGHT;CLEAR;0;0;;NO CONTROL PRESENT;SPORT UTILITY;SPORT UTILITY;PICKUP;NONE;;2020-10-23T16:58:50-04:00;2020;No;No;10;16
20 FEET FROM P.V.A (THRIFT 2 GIFT);TWO-WAY,NOT DIVIDED;DAYLIGHT;CLEAR;0;0;;NO CONTROL PRESENT;PICKUP;PASSENGER CAR;NONE;NONE;;2020-10-26T21:44:09-04:00;2020;No;No;10;21
125 FEET FROM NC-54 (CHAPEL HILL RD);TWO-WAY,NOT DIVIDED;DAYLIGHT;CLEAR;0;0;;NO CONTROL PRESENT;PASSENGER CAR;PASSENGER CAR;NONE;NONE;;2020-10-26T17:30:42-04:00;2020;No;No;10;17
100 FEET FROM PVA OF 1611 WALNUT ST;TWO-WAY,NOT DIVIDED;DARK - LIGHTED ROADWAY;CLEAR;0;0;;NO CONTROL PRESENT;PASSENGER CAR;PASSENGER CAR;NONE;NONE;;2020-10-27T22:19:00-04:00;2020;No;No;10;22
.41 MILES FROM US 1 ON RAMP;TWO-WAY,DIVIDED,POSITIVE MEDIAN BARRIER;DAYLIGHT;CLEAR;0;0;LYING AND/OR ILLEGALLY IN ROADWAY;NO CONTROL PRESENT;PASSENGER CAR;NONE;NONE;NONE;;2020-10-24T13:22:20-04:00;2020;No;No;10;13
CARY;TWO-WAY,NOT DIVIDED;DARK - LIGHTED ROADWAY;CLEAR;0;1;;STOP SIGN;PICKUP;PICKUP;NONE;NONE;;2020-10-30T01:44:12-04:00;2020;No;Yes;10;01
.05 MILES FROM PVA (2734 NC-55);TWO-WAY,NOT DIVIDED;DARK - LIGHTED ROADWAY;CLEAR;0;0;;NO CONTROL PRESENT;PASSENGER CAR;PASSENGER CAR;NONE;NONE;;2020-10-31T19:58:23-04:00;2020;No;No;10;19
448 FEET FROM P.V.A. (1500 REGENCY PKWY);TWO-WAY,NOT DIVIDED;DAYLIGHT;CLEAR;0;0;;NO CONTROL PRESENT;PICKUP;PICKUP;NONE;NONE;;2020-10-31T12:43:00-04:00;2020;No;No;10;12
.25 MILES FROM SR 1613 (DAVIS DR);TWO-WAY,DIVIDED,UNPROTECTED MEDIAN;DARK - LIGHTED ROADWAY;CLEAR;0;0;;NO CONTROL PRESENT;PASSENGER CAR;NONE;NONE;NONE;;2020-10-31T05:47:58-04:00;2020;No;No;10;05
175 FEET FROM FARM BROOK DR;TWO-WAY,NOT DIVIDED;DARK - LIGHTED ROADWAY;CLEAR;0;0;;NO CONTROL PRESENT;PICKUP;SPORT UTILITY;NONE;NONE;;2020-10-30T22:08:00-04:00;2020;No;No;10;22
100 FEET FROM LAUGHRIDGE DR;TWO-WAY,NOT DIVIDED;DARK - LIGHTED ROADWAY;CLEAR;0;0;;NO CONTROL PRESENT;PASSENGER CAR;PASSENGER CAR;NONE;NONE;;2020-11-01T22:46:00-05:00;2020;No;No;11;22
220 FEET FROM SR 3120 (MORRISVILLE PKWY);TWO-WAY,DIVIDED,UNPROTECTED MEDIAN;DAYLIGHT;CLEAR;0;0;;NO CONTROL PRESENT;SPORT UTILITY;SPORT UTILITY;NONE;NONE;;2020-11-02T16:41:07-05:00;2020;No;No;11;16
0 MILES FROM SR 1613;TWO-WAY,DIVIDED,POSITIVE MEDIAN BARRIER;DAYLIGHT;CLEAR;0;0;;STOP AND GO SIGNAL;PASSENGER CAR;PASSENGER CAR;NONE;NONE;;2020-11-02T19:56:46-05:00;2020;No;No;11;19
150 FEET FROM US 1 HWY RAMP;TWO-WAY,DIVIDED,POSITIVE MEDIAN BARRIER;DAYLIGHT;CLEAR;0;0;;YIELD SIGN;SPORT UTILITY;SPORT UTILITY;NONE;NONE;;2020-11-02T08:52:09-05:00;2020;No;No;11;08
400 FEET FROM US 64 HWY;TWO-WAY,DIVIDED,UNPROTECTED MEDIAN;DAYLIGHT;CLEAR;0;0;;STOP AND GO SIGNAL;PASSENGER CAR;SPORT UTILITY;NONE;NONE;;2020-11-03T09:01:59-05:00;2020;No;No;11;09
1 MILES FROM SR 1616 (OLD APEX RD);TWO-WAY,NOT DIVIDED;DUSK;CLEAR;0;0;;NO CONTROL PRESENT;PASSENGER CAR;NONE;NONE;NONE;;2020-11-03T17:52:32-05:00;2020;No;No;11;17
.1 MILES FROM SR 4067 (REGENCY PKWY);TWO-WAY,DIVIDED,UNPROTECTED MEDIAN;DAYLIGHT;CLEAR;0;0;;NO CONTROL PRESENT;SPORT UTILITY;PASSENGER CAR;NONE;NONE;;2020-11-04T09:11:10-05:00;2020;No;No;11;09
.10 MILES FROM US 1 HWY;TWO-WAY,DIVIDED,POSITIVE MEDIAN BARRIER;DAYLIGHT;CLEAR;0;0;;NO CONTROL PRESENT;PASSENGER CAR;NONE;NONE;NONE;;2020-11-03T17:06:56-05:00;2020;No;No;11;17
.01 MILES FROM PVA (801 BASS PRO LN);TWO-WAY,NOT DIVIDED;DAYLIGHT;CLEAR;0;0;;NO CONTROL PRESENT;PASSENGER CAR;PICKUP;NONE;NONE;;2020-11-03T09:35:31-05:00;2020;No;No;11;09
CARY;TWO-WAY,NOT DIVIDED;DARK - LIGHTED ROADWAY;CLEAR;0;0;;STOP SIGN;SPORT UTILITY;PASSENGER CAR;NONE;NONE;;2020-11-05T18:26:20-05:00;2020;No;No;11;18
CARY;TWO-WAY,NOT DIVIDED;DAYLIGHT;CLEAR;0;0;;STOP AND GO SIGNAL;SPORT UTILITY;SPORT UTILITY;NONE;NONE;;2020-11-05T14:11:20-05:00;2020;No;No;11;14
311 FEET FROM SR 1009 (TRYON RD);TWO-WAY,DIVIDED,UNPROTECTED MEDIAN;DAYLIGHT;CLEAR;0;0;;FLASHING STOP AND GO SIGNAL;PICKUP;SPORT UTILITY;NONE;NONE;;2020-11-05T13:53:24-05:00;2020;No;No;11;13
0 MILES FROM SR 1300 (KILDAIRE FARM RD);TWO-WAY,DIVIDED,UNPROTECTED MEDIAN;DAYLIGHT;CLEAR;0;0;;STOP AND GO SIGNAL;PICKUP;PICKUP;NONE;NONE;;2020-11-05T08:41:34-05:00;2020;No;No;11;08
.02 MILES FROM KETTERING LN;TWO-WAY,NOT DIVIDED;DAYLIGHT;CLEAR;0;0;;NO CONTROL PRESENT;LIGHT TRUCK (MINI-VAN- PANEL);LIGHT TRUCK (MINI-VAN- PANEL);NONE;NONE;;2020-11-06T08:49:02-05:00;2020;No;No;11;08
33 FEET FROM SR 3112 (NW CARY PKWY);TWO-WAY,DIVIDED,UNPROTECTED MEDIAN;DAYLIGHT;CLEAR;0;0;;STOP AND GO SIGNAL;PICKUP;PASSENGER CAR;NONE;NONE;;2020-11-06T12:51:00-05:00;2020;No;No;11;12
.03 MILES FROM S.R. 1152 (HOLLY SPRINGS RD);TWO-WAY,DIVIDED,POSITIVE MEDIAN BARRIER;DAYLIGHT;CLEAR;0;0;;STOP AND GO SIGNAL;SPORT UTILITY;NONE;NONE;NONE;;2020-11-07T14:44:01-05:00;2020;No;No;11;14
CARY;TWO-WAY,NOT DIVIDED;DAYLIGHT;CLEAR;0;0;;STOP AND GO SIGNAL;PASSENGER CAR;PASSENGER CAR;NONE;NONE;;2020-11-08T17:58:22-05:00;2020;No;No;11;17
300 FEET FROM PVA 109 COLLIER PL;TWO-WAY,NOT DIVIDED;DAYLIGHT;CLEAR;0;0;;NO CONTROL PRESENT;PASSENGER CAR;SPORT UTILITY;NONE;NONE;;2020-11-10T10:09:00-05:00;2020;No;No;11;10
100 FEET FROM PVA 1150 NW MAYNARD RD;TWO-WAY,NOT DIVIDED;DAYLIGHT;CLEAR;0;0;;NO CONTROL PRESENT;NONE;PASSENGER CAR;NONE;NONE;;2020-11-10T13:14:06-05:00;2020;No;No;11;13
39 FEET FROM SR 1300 (KILDAIRE FARM RD);TWO-WAY,NOT DIVIDED;DAYLIGHT;RAIN;0;1;;NO CONTROL PRESENT;PASSENGER CAR;PICKUP;NONE;NONE;;2020-11-11T14:42:00-05:00;2020;No;Yes;11;14
200 FEET FROM SR 1009 (TRYON RD.);TWO-WAY,DIVIDED,UNPROTECTED MEDIAN;DARK - LIGHTED ROADWAY;CLOUDY;0;0;;NO CONTROL PRESENT;PASSENGER CAR;NONE;NONE;NONE;;2020-11-12T00:44:00-05:00;2020;No;No;11;00
75 FEET FROM S HARRISON AVE;TWO-WAY,NOT DIVIDED;DARK - LIGHTED ROADWAY;RAIN;0;2;;NO CONTROL PRESENT;SPORT UTILITY;PASSENGER CAR;NONE;NONE;;2020-11-11T17:41:31-05:00;2020;No;Yes;11;17
150 FEET FROM SR-1009 TRYON RD;TWO-WAY,DIVIDED,UNPROTECTED MEDIAN;DAYLIGHT;RAIN;0;0;;NO CONTROL PRESENT;SPORT UTILITY;NONE;NONE;NONE;;2020-11-12T12:03:00-05:00;2020;No;No;11;12
.2 MILES FROM NC.S.R. 3081 (CHAPEL HILL RD);TWO-WAY,DIVIDED,POSITIVE MEDIAN BARRIER;DAYLIGHT;CLEAR;0;0;;STOP AND GO SIGNAL;VAN;SPORT UTILITY;NONE;NONE;;2020-11-13T10:25:00-05:00;2020;No;No;11;10
.1 MILES FROM P.V.A. (251 CROSSROADS BLVD);TWO-WAY,NOT DIVIDED;DAYLIGHT;RAIN;0;0;;NO CONTROL PRESENT;SPORT UTILITY;NONE;NONE;NONE;;2020-11-12T14:35:40-05:00;2020;No;No;11;14
0 FEET FROM SR 1010 (TEN TEN RD);ONE-WAY,NOT DIVIDED;DAYLIGHT;RAIN;0;0;;STOP AND GO SIGNAL;PASSENGER CAR;SINGLE UNIT TRUCK (2-AXLE- 6-TIRE);NONE;NONE;;2020-11-11T16:25:08-05:00;2020;No;No;11;16
332 FEET FROM 214 HILLSBORO ST;TWO-WAY,NOT DIVIDED;DAYLIGHT;CLEAR;0;0;;NO CONTROL PRESENT;VAN;PASSENGER CAR;NONE;NONE;;2020-11-14T09:40:15-05:00;2020;No;No;11;09
10 FEET FROM US 1;TWO-WAY,DIVIDED,POSITIVE MEDIAN BARRIER;DAYLIGHT;CLOUDY;0;1;;STOP AND GO SIGNAL;PASSENGER CAR;PASSENGER CAR;NONE;NONE;;2020-11-15T15:04:39-05:00;2020;No;Yes;11;15
400 FEET FROM US HWY 1 ON RAMP SB;ONE-WAY,NOT DIVIDED;DARK - ROADWAY NOT LIGHTED;CLEAR;0;0;;NO CONTROL PRESENT;PASSENGER CAR;PASSENGER CAR;NONE;NONE;;2020-11-14T03:05:10-05:00;2020;No;No;11;03