Location_Description;Road_Configuration;Light_Condition;Weather;Fatality;Injury;Contributing_Factor;Traffic_Control;Vehicle1;Vehicle2;Vehicle3;Vehicle4;Vehicle5;Crash_Date;year;Fatalities;Injuries;Month;Hour
50 FEET FROM P.V.A. (1105 N HARRISON AV);TWO-WAY,NOT DIVIDED;DAYLIGHT;CLEAR;0;0;;NO CONTROL PRESENT;PASSENGER CAR;PASSENGER CAR;NONE;NONE;;2021-01-09T06:29:07-05:00;2021;No;No;1;06
20 FEET FROM SR 1319 (JONES FRANKLIN RD);TWO-WAY,DIVIDED,UNPROTECTED MEDIAN;DAWN;CLEAR;0;0;;STOP AND GO SIGNAL;PASSENGER CAR;PASSENGER CAR;NONE;NONE;;2021-01-13T06:43:45-05:00;2021;No;No;1;06
0 MILES FROM SR 1009 (TRYON RD);TWO-WAY,DIVIDED,UNPROTECTED MEDIAN;DARK - LIGHTED ROADWAY;CLEAR;0;0;;YIELD SIGN;PASSENGER CAR;PASSENGER CAR;NONE;NONE;;2021-01-12T17:47:56-05:00;2021;No;No;1;17
CARY;TWO-WAY,DIVIDED,UNPROTECTED MEDIAN;DAYLIGHT;CLEAR;0;0;;STOP AND GO SIGNAL;SPORT UTILITY;SPORT UTILITY;NONE;NONE;;2021-01-13T14:48:24-05:00;2021;No;No;1;14
.1 MILES FROM PVA OF 2058 SR 1300 (KILDAIRE;TWO-WAY,NOT DIVIDED;DAYLIGHT;CLEAR;0;0;;NO CONTROL PRESENT;PASSENGER CAR;PASSENGER CAR;NONE;NONE;;2021-01-13T15:40:49-05:00;2021;No;No;1;15
0 FEET FROM SR 1415 (SE MAYNARD RD);TWO-WAY,NOT DIVIDED;DUSK;RAIN;0;0;;STOP SIGN;PASSENGER CAR;PASSENGER CAR;SPORT UTILITY;NONE;;2021-01-08T17:02:39-05:00;2021;No;No;1;17
.02 MILES FROM CASTALIA DR;TWO-WAY,NOT DIVIDED;DAYLIGHT;CLEAR;0;0;;NO CONTROL PRESENT;PICKUP;PASSENGER CAR;NONE;NONE;;2021-01-15T08:41:28-05:00;2021;No;No;1;08
.1 MILES FROM PVA (7145 OKELLY CHAPEL RD);TWO-WAY,NOT DIVIDED;DAYLIGHT;CLOUDY;0;0;;NO CONTROL PRESENT;SPORT UTILITY;SPORT UTILITY;NONE;NONE;;2021-01-15T17:32:40-05:00;2021;No;No;1;17
0 FEET FROM SR 1300 (KILDAIRE FARM RD);TWO-WAY,DIVIDED,UNPROTECTED MEDIAN;DAYLIGHT;CLEAR;0;1;;STOP SIGN;PASSENGER CAR;PASSENGER CAR;NONE;NONE;;2021-01-17T14:58:15-05:00;2021;No;Yes;1;14
CARY;TWO-WAY,NOT DIVIDED;DAYLIGHT;CLOUDY;0;1;;STOP SIGN;PASSENGER CAR;PASSENGER CAR;NONE;NONE;;2021-01-16T11:09:00-05:00;2021;No;Yes;1;11
CARY;TWO-WAY,DIVIDED,POSITIVE MEDIAN BARRIER;DAYLIGHT;CLEAR;0;1;;NO CONTROL PRESENT;PASSENGER CAR;NONE;NONE;NONE;;2021-01-17T16:43:34-05:00;2021;No;Yes;1;16
40 FEET FROM P.V.A. 1393 KILDAIRE FARM RD;TWO-WAY,NOT DIVIDED;DAYLIGHT;CLEAR;0;0;;STOP SIGN;PASSENGER CAR;PASSENGER CAR;NONE;NONE;;2021-01-18T10:31:00-05:00;2021;No;No;1;10
50 FEET FROM SR 1415 (NE MAYNARD RD);NONE;NONE;NONE;0;0;;;PASSENGER CAR;NONE;NONE;NONE;;2017-12-11T00:00:00-05:00;2017;No;No;12;00
200 FEET FROM S.R. 1652 (HARRISON AV);TWO-WAY,NOT DIVIDED;DARK - ROADWAY NOT LIGHTED;CLEAR;0;0;;RR GATE AND FLASHER;PASSENGER CAR;NONE;NONE;NONE;;2021-01-17T22:55:00-05:00;2021;No;No;1;22
0 FEET FROM SR 1415 (NE MAYNARD RD);TWO-WAY,NOT DIVIDED;DARK - LIGHTED ROADWAY;CLEAR;0;2;;STOP AND GO SIGNAL;PASSENGER CAR;PASSENGER CAR;PASSENGER CAR;NONE;;2021-01-17T21:51:51-05:00;2021;No;Yes;1;21
400 FEET FROM P.V.A. 2041 WALNUT ST;TWO-WAY,NOT DIVIDED;DAYLIGHT;RAIN;0;1;;STOP SIGN;SPORT UTILITY;VAN;NONE;NONE;;2021-01-15T16:24:29-05:00;2021;No;Yes;1;16
113 FEET FROM P.V.A. (LANGSTON POND DR);TWO-WAY,NOT DIVIDED;DARK - LIGHTED ROADWAY;CLEAR;0;0;;NO CONTROL PRESENT;SPORT UTILITY;PICKUP;NONE;NONE;;2021-01-19T18:26:42-05:00;2021;No;No;1;18
0 FEET FROM SR 1300 (KILDAIRE FARM RD);TWO-WAY,DIVIDED,UNPROTECTED MEDIAN;DARK - LIGHTED ROADWAY;CLEAR;0;0;;STOP SIGN;PASSENGER CAR;SPORT UTILITY;NONE;NONE;;2021-01-19T18:43:00-05:00;2021;No;No;1;18
CARY;TWO-WAY,DIVIDED,UNPROTECTED MEDIAN;DARK - LIGHTED ROADWAY;CLEAR;0;0;;STOP AND GO SIGNAL;SPORT UTILITY;VAN;NONE;NONE;;2021-01-20T19:07:27-05:00;2021;No;No;1;19
50 FEET FROM MIDDLETON AVE;TWO-WAY,NOT DIVIDED;DAYLIGHT;CLOUDY;0;0;;NO CONTROL PRESENT;SPORT UTILITY;SPORT UTILITY;NONE;NONE;;2021-01-21T13:37:53-05:00;2021;No;No;1;13
200 FEET FROM 280 MEETING ST;TWO-WAY,NOT DIVIDED;DAYLIGHT;CLEAR;0;0;;NO CONTROL PRESENT;VAN;SPORT UTILITY;NONE;NONE;;2021-01-22T10:58:00-05:00;2021;No;No;1;10
.1 MILES FROM P.V.A. (1961 HIGH HOUSE RD);TWO-WAY,NOT DIVIDED;DAYLIGHT;CLEAR;0;0;;NO CONTROL PRESENT;SPORT UTILITY;PASSENGER CAR;NONE;NONE;;2021-01-24T11:13:00-05:00;2021;No;No;1;11
300 FEET FROM US 1 EXIT 98 RAMP SB;ONE-WAY,NOT DIVIDED;DAYLIGHT;RAIN;0;0;;STOP AND GO SIGNAL;PASSENGER CAR;PASSENGER CAR;NONE;NONE;;2021-01-25T10:35:00-05:00;2021;No;No;1;10
.1 MILES FROM WALNUT ST;TWO-WAY,DIVIDED,UNPROTECTED MEDIAN;DAYLIGHT;RAIN;0;0;COMING FROM BEHIND PARKED VEHICLE;NO CONTROL PRESENT;SPORT UTILITY;VAN;NONE;NONE;;2021-01-25T16:29:49-05:00;2021;No;No;1;16
CARY;TWO-WAY,NOT DIVIDED;DARK - UNKNOWN LIGHTING;CLEAR;0;1;;NO CONTROL PRESENT;PASSENGER CAR;PASSENGER CAR;NONE;NONE;;2021-01-23T21:31:00-05:00;2021;No;Yes;1;21
.11 MILES FROM NC54 (CHAPEL HILL RD);TWO-WAY,NOT DIVIDED;DARK - LIGHTED ROADWAY;CLEAR;0;0;;NO CONTROL PRESENT;PASSENGER CAR;NONE;NONE;NONE;;2021-01-24T23:30:00-05:00;2021;No;No;1;23
100 FEET FROM SR 1415 (SE MAYNARD RD);TWO-WAY,DIVIDED,UNPROTECTED MEDIAN;DARK - LIGHTED ROADWAY;CLEAR;0;0;;NO CONTROL PRESENT;PASSENGER CAR;PASSENGER CAR;NONE;NONE;;2021-01-26T22:07:00-05:00;2021;No;No;1;22
.09 MILES FROM P.V.A., (1961 HIGH HOUSE RD);TWO-WAY,NOT DIVIDED;DUSK;CLEAR;0;0;;STOP SIGN;SPORT UTILITY;SPORT UTILITY;NONE;NONE;;2021-01-27T18:00:46-05:00;2021;No;No;1;18
.25 MILES FROM PVA (1013 VILLAGE GREENWAY);TWO-WAY,NOT DIVIDED;DARK - LIGHTED ROADWAY;CLEAR;0;0;;NO CONTROL PRESENT;VAN;NONE;NONE;NONE;;2021-01-22T19:19:58-05:00;2021;No;No;1;19
CARY;TWO-WAY,NOT DIVIDED;DAYLIGHT;CLEAR;0;0;;STOP AND GO SIGNAL;PASSENGER CAR;PASSENGER CAR;NONE;NONE;;2021-01-27T19:25:32-05:00;2021;No;No;1;19
10 FEET FROM US 1;ONE-WAY,NOT DIVIDED;DAYLIGHT;CLEAR;0;0;;STOP AND GO SIGNAL;PASSENGER CAR;SPORT UTILITY;NONE;NONE;;2021-01-27T14:03:54-05:00;2021;No;No;1;14
40 FEET FROM PVA OF 101 KUMAR CT;TWO-WAY,NOT DIVIDED;DAYLIGHT;CLEAR;0;0;;NO CONTROL PRESENT;PICKUP;SINGLE UNIT TRUCK (2-AXLE- 6-TIRE);NONE;NONE;;2021-01-29T11:56:00-05:00;2021;No;No;1;11
100 FEET FROM PVA (151 SE CARY PKWY);TWO-WAY,NOT DIVIDED;DAYLIGHT;CLEAR;0;0;;NO CONTROL PRESENT;PASSENGER CAR;PASSENGER CAR;NONE;NONE;;2021-01-29T16:21:40-05:00;2021;No;No;1;16
CARY;TWO-WAY,NOT DIVIDED;DAYLIGHT;CLEAR;0;4;;STOP AND GO SIGNAL;PASSENGER CAR;PASSENGER CAR;NONE;NONE;;2021-01-30T10:32:00-05:00;2021;No;Yes;1;10
CARY;NONE;NONE;NONE;0;1;;;NONE;NONE;NONE;NONE;;2021-01-23T22:51:00-05:00;2021;No;Yes;1;22
0 FEET FROM SR 3977 (SW CARY PKWY);TWO-WAY,DIVIDED,UNPROTECTED MEDIAN;DAYLIGHT;CLOUDY;0;0;;STOP AND GO SIGNAL;PASSENGER CAR;PICKUP;NONE;NONE;;2021-01-30T06:57:59-05:00;2021;No;No;1;06
141 FEET FROM P.V.A. (1151 TRYON VILLAGE DR);TWO-WAY,NOT DIVIDED;DAYLIGHT;CLEAR;0;0;;NO CONTROL PRESENT;PASSENGER CAR;PASSENGER CAR;NONE;NONE;;2021-02-01T13:38:38-05:00;2021;No;No;2;13
CARY;NONE;NONE;NONE;0;0;;;NONE;NONE;NONE;NONE;;2021-02-01T23:17:00-05:00;2021;No;No;2;23
32 FEET FROM NC 55 HWY;TWO-WAY,NOT DIVIDED;DAYLIGHT;CLEAR;0;0;;NO CONTROL PRESENT;SPORT UTILITY;PICKUP;NONE;NONE;;2021-02-03T13:54:35-05:00;2021;No;No;2;13
CARY;TWO-WAY,DIVIDED,UNPROTECTED MEDIAN;DAYLIGHT;CLEAR;0;0;;STOP AND GO SIGNAL;SPORT UTILITY;NONE;NONE;NONE;;2021-02-03T17:31:26-05:00;2021;No;No;2;17
CARY;TWO-WAY,DIVIDED,UNPROTECTED MEDIAN;DAYLIGHT;CLEAR;0;0;;STOP SIGN;PASSENGER CAR;PASSENGER CAR;NONE;NONE;;2021-02-04T14:03:09-05:00;2021;No;No;2;14
400 FEET FROM SR1313 (WALNUT ST);TWO-WAY,DIVIDED,UNPROTECTED MEDIAN;DAYLIGHT;CLOUDY;0;0;;NO CONTROL PRESENT;SPORT UTILITY;PASSENGER CAR;NONE;NONE;;2021-02-05T17:10:25-05:00;2021;No;No;2;17
100 FEET FROM SR 1313 (WALNUT ST);TWO-WAY,DIVIDED,UNPROTECTED MEDIAN;DAYLIGHT;CLOUDY;0;0;;NO CONTROL PRESENT;PASSENGER CAR;SINGLE UNIT TRUCK (2-AXLE- 6-TIRE);NONE;NONE;;2021-02-05T19:41:55-05:00;2021;No;No;2;19
300 FEET FROM P.V.A. (1393 KILDAIRE FARM RD);TWO-WAY,NOT DIVIDED;DARK - LIGHTED ROADWAY;CLEAR;0;0;;NO CONTROL PRESENT;SPORT UTILITY;NONE;NONE;NONE;;2021-02-07T19:39:36-05:00;2021;No;No;2;19
20 FEET FROM US 1 EXIT RAMP SB;ONE-WAY,NOT DIVIDED;DAYLIGHT;CLEAR;0;1;;STOP AND GO SIGNAL;PASSENGER CAR;PASSENGER CAR;NONE;NONE;;2021-02-08T15:04:42-05:00;2021;No;Yes;2;15
.13 MILES FROM WESTON PARKWAY;TWO-WAY,DIVIDED,POSITIVE MEDIAN BARRIER;DARK - LIGHTED ROADWAY;CLEAR;0;0;;NO CONTROL PRESENT;SPORT UTILITY;NONE;NONE;NONE;;2021-02-08T00:27:00-05:00;2021;No;No;2;00
100 FEET FROM SR 1415 (NW MAYNARD RD);TWO-WAY,NOT DIVIDED;DARK - LIGHTED ROADWAY;CLEAR;0;0;;NO CONTROL PRESENT;SPORT UTILITY;VAN;NONE;NONE;;2021-02-07T18:15:06-05:00;2021;No;No;2;18
100 FEET FROM SR 3073 (NW MAYNARD RD);TWO-WAY,DIVIDED,UNPROTECTED MEDIAN;DAYLIGHT;CLOUDY;0;0;;STOP AND GO SIGNAL;PICKUP;PASSENGER CAR;NONE;NONE;;2021-02-09T11:38:00-05:00;2021;No;No;2;11
.1 MILES FROM SR 3977 (SW CARY PKWY);TWO-WAY,DIVIDED,POSITIVE MEDIAN BARRIER;DAYLIGHT;CLOUDY;0;0;DARTING;NO CONTROL PRESENT;PASSENGER CAR;NONE;NONE;NONE;;2021-02-11T09:02:04-05:00;2021;No;No;2;09
CARY;TWO-WAY,NOT DIVIDED;DAYLIGHT;CLEAR;0;0;;STOP SIGN;PASSENGER CAR;PASSENGER CAR;NONE;NONE;;2021-02-10T16:09:42-05:00;2021;No;No;2;16
260 FEET FROM 3430 KILDAIRE FARM RD (PVA);TWO-WAY,NOT DIVIDED;DAYLIGHT;CLEAR;0;0;;NO CONTROL PRESENT;SPORT UTILITY;NONE;NONE;NONE;;2021-02-03T10:52:00-05:00;2021;No;No;2;10
.02 MILES FROM HARRISON OAKS BLVD;TWO-WAY,DIVIDED,UNPROTECTED MEDIAN;DAYLIGHT;CLOUDY;0;0;;NO CONTROL PRESENT;PASSENGER CAR;PASSENGER CAR;NONE;NONE;;2021-02-10T07:17:38-05:00;2021;No;No;2;07
.23 MILES FROM US 1;TWO-WAY,DIVIDED,POSITIVE MEDIAN BARRIER;DARK - LIGHTED ROADWAY;RAIN;0;0;;NO CONTROL PRESENT;PASSENGER CAR;PICKUP;NONE;NONE;;2021-02-12T19:28:20-05:00;2021;No;No;2;19
CARY;TWO-WAY,NOT DIVIDED;DARK - LIGHTED ROADWAY;RAIN;0;0;;STOP SIGN;PASSENGER CAR;PASSENGER CAR;NONE;NONE;;2021-02-13T02:01:29-05:00;2021;No;No;2;02
13 FEET FROM SR 1300 (KILDAIRE FARM RD);TWO-WAY,NOT DIVIDED;DAYLIGHT;RAIN;0;0;;STOP AND GO SIGNAL;PASSENGER CAR;PASSENGER CAR;NONE;NONE;;2021-02-13T13:49:03-05:00;2021;No;No;2;13
.13 MILES FROM NC 54 (CHAPEL HILL RD);TWO-WAY,NOT DIVIDED;DARK - ROADWAY NOT LIGHTED;RAIN;0;1;;NO CONTROL PRESENT;PICKUP;NONE;NONE;NONE;;2021-02-12T19:14:39-05:00;2021;No;Yes;2;19
.25 MILES FROM SR 1370 (TRYON RD);TWO-WAY,DIVIDED,UNPROTECTED MEDIAN;DAYLIGHT;RAIN;0;0;;STOP AND GO SIGNAL;SPORT UTILITY;PASSENGER CAR;NONE;NONE;;2021-02-13T15:26:38-05:00;2021;No;No;2;15
0.24 MILES FROM CROSSROADS BLVD;TWO-WAY,DIVIDED,UNPROTECTED MEDIAN;DARK - LIGHTED ROADWAY;RAIN;0;0;;STOP SIGN;SPORT UTILITY;SPORT UTILITY;NONE;NONE;;2021-02-14T19:05:58-05:00;2021;No;No;2;19
10 FEET FROM S.R. 1009 (TRYON RD);TWO-WAY,DIVIDED,UNPROTECTED MEDIAN;DAYLIGHT;CLOUDY;0;0;;STOP AND GO SIGNAL;SPORT UTILITY;SPORT UTILITY;NONE;NONE;;2021-02-15T09:34:44-05:00;2021;No;No;2;09
CARY;TWO-WAY,DIVIDED,UNPROTECTED MEDIAN;DAYLIGHT;CLOUDY;0;0;;;PICKUP;SPORT UTILITY;NONE;NONE;;2021-02-15T14:03:55-05:00;2021;No;No;2;14
80 FEET FROM P.V.A (3025 WINSTON HILL DR);ONE-WAY,NOT DIVIDED;DAYLIGHT;RAIN;0;0;;NO CONTROL PRESENT;PASSENGER CAR;PASSENGER CAR;NONE;NONE;;2021-02-15T13:24:38-05:00;2021;No;No;2;13
CARY;TWO-WAY,NOT DIVIDED;DARK - LIGHTED ROADWAY;CLEAR;0;0;;STOP AND GO SIGNAL;PICKUP;PASSENGER CAR;NONE;NONE;;2021-02-16T19:34:50-05:00;2021;No;No;2;19
458 FEET FROM SR #1747 (NE MAYNARD RD;TWO-WAY,NOT DIVIDED;DAYLIGHT;RAIN;0;0;;STOP AND GO SIGNAL;PASSENGER CAR;PASSENGER CAR;NONE;NONE;;2021-02-12T12:22:00-05:00;2021;No;No;2;12
270 FEET FROM PVA (8010 TRYON WOODS DR);ONE-WAY,NOT DIVIDED;DAYLIGHT;CLEAR;0;0;;NO CONTROL PRESENT;PASSENGER CAR;NONE;NONE;NONE;;2021-02-17T19:17:20-05:00;2021;No;No;2;19
50 FEET FROM SR 3073 (NW MAYNARD RD);TWO-WAY,DIVIDED,POSITIVE MEDIAN BARRIER;DAYLIGHT;CLEAR;0;0;;NO CONTROL PRESENT;SPORT UTILITY;PASSENGER CAR;NONE;NONE;;2021-02-17T12:42:00-05:00;2021;No;No;2;12
499 FEET FROM PVA 3710 DAVIS DRIVE;TWO-WAY,NOT DIVIDED;DAYLIGHT;CLEAR;0;0;;NO CONTROL PRESENT;PASSENGER CAR;PASSENGER CAR;NONE;NONE;;2021-02-21T10:20:00-05:00;2021;No;No;2;10
380 FEET FROM SR3977 (SE CARY PKWY);TWO-WAY,DIVIDED,UNPROTECTED MEDIAN;DAYLIGHT;CLEAR;0;1;;NO CONTROL PRESENT;PASSENGER CAR;NONE;NONE;NONE;;2021-02-21T16:11:41-05:00;2021;No;Yes;2;16
26 FEET FROM PVA 1201 WALNUT ST;TWO-WAY,NOT DIVIDED;DAYLIGHT;CLEAR;0;0;;NO CONTROL PRESENT;PASSENGER CAR;SPORT UTILITY;NONE;NONE;;2021-02-21T17:30:48-05:00;2021;No;No;2;17
20 FEET FROM SR# 1300 (KILDAIRE FARM RD);TWO-WAY,NOT DIVIDED;DAYLIGHT;CLOUDY;0;0;;STOP AND GO SIGNAL;SPORT UTILITY;SPORT UTILITY;NONE;NONE;;2021-02-22T16:33:23-05:00;2021;No;No;2;16
100 FEET FROM NC 54 (CHAPEL HILL RD);TWO-WAY,DIVIDED,UNPROTECTED MEDIAN;DAYLIGHT;CLEAR;0;0;;NO CONTROL PRESENT;SPORT UTILITY;PASSENGER CAR;NONE;NONE;;2021-02-23T10:54:00-05:00;2021;No;No;2;10
50 FEET FROM US 1;ONE-WAY,NOT DIVIDED;DAYLIGHT;CLEAR;0;1;;STOP AND GO SIGNAL;SPORT UTILITY;SPORT UTILITY;NONE;NONE;;2021-02-23T12:59:00-05:00;2021;No;Yes;2;12
0 FEET FROM NC 55;TWO-WAY,DIVIDED,UNPROTECTED MEDIAN;DAYLIGHT;CLOUDY;0;1;;STOP AND GO SIGNAL;SPORT UTILITY;PASSENGER CAR;NONE;NONE;;2021-02-22T15:37:51-05:00;2021;No;Yes;2;15
195 FEET FROM PVA (1401 BUCK JONES RD);TWO-WAY,NOT DIVIDED;DAYLIGHT;CLEAR;0;0;;NO CONTROL PRESENT;PASSENGER CAR;PASSENGER CAR;NONE;NONE;;2021-02-23T12:10:00-05:00;2021;No;No;2;12
181 FEET FROM P.V.A. (102 KEMPWOOD DR);TWO-WAY,NOT DIVIDED;DARK - UNKNOWN LIGHTING;CLEAR;0;0;;NO CONTROL PRESENT;SINGLE UNIT TRUCK (2-AXLE- 6-TIRE);PASSENGER CAR;NONE;NONE;;2021-02-23T14:24:10-05:00;2021;No;No;2;14
231 FEET FROM SR 3112 (NW CARY PKWY);TWO-WAY,DIVIDED,UNPROTECTED MEDIAN;DAYLIGHT;CLEAR;0;2;;NO CONTROL PRESENT;PASSENGER CAR;SPORT UTILITY;NONE;NONE;;2021-02-23T09:44:30-05:00;2021;No;Yes;2;09
CARY;TWO-WAY,NOT DIVIDED;DAYLIGHT;CLEAR;0;0;;STOP AND GO SIGNAL;PICKUP;SINGLE UNIT TRUCK (2-AXLE- 6-TIRE);NONE;NONE;;2021-02-25T14:27:43-05:00;2021;No;No;2;14
100 FEET FROM US1;TWO-WAY,DIVIDED,POSITIVE MEDIAN BARRIER;DARK - ROADWAY NOT LIGHTED;RAIN;0;0;;NO CONTROL PRESENT;SPORT UTILITY;NONE;NONE;NONE;;2021-02-26T22:01:00-05:00;2021;No;No;2;22
.01 MILES FROM SR1613 (DAVIS DR);TWO-WAY,NOT DIVIDED;DARK - LIGHTED ROADWAY;RAIN;0;0;;NO CONTROL PRESENT;PASSENGER CAR;SPORT UTILITY;NONE;NONE;;2021-02-26T18:38:19-05:00;2021;No;No;2;18
CARY;TWO-WAY,NOT DIVIDED;DAYLIGHT;RAIN;0;0;;STOP SIGN;SPORT UTILITY;PICKUP;NONE;NONE;;2021-02-26T17:56:05-05:00;2021;No;No;2;17
46 FEET FROM SR 1617 (E DURHAM RD);ONE-WAY,NOT DIVIDED;DARK - ROADWAY NOT LIGHTED;CLOUDY;0;0;;STOP SIGN;PASSENGER CAR;NONE;NONE;NONE;;2021-02-28T06:54:43-05:00;2021;No;No;2;06
3 FEET FROM MADISON AV;TWO-WAY,NOT DIVIDED;DAYLIGHT;CLEAR;0;0;;NO CONTROL PRESENT;PASSENGER CAR;NONE;NONE;NONE;;2021-02-28T11:29:00-05:00;2021;No;No;2;11
456 FEET FROM SR 3014 MORRISVILLE CARPENTER;TWO-WAY,NOT DIVIDED;DAYLIGHT;FOG, SMOG, SMOKE;0;0;;STOP AND GO SIGNAL;PASSENGER CAR;PASSENGER CAR;NONE;NONE;;2021-02-28T10:10:00-05:00;2021;No;No;2;10
CARY;TWO-WAY,DIVIDED,UNPROTECTED MEDIAN;DAYLIGHT;CLEAR;0;1;;STOP AND GO SIGNAL;PASSENGER CAR;SPORT UTILITY;SPORT UTILITY;NONE;;2021-02-28T11:41:00-05:00;2021;No;Yes;2;11
350 FEET FROM P.V.A. 6442 TRYON RD;TWO-WAY,NOT DIVIDED;DAYLIGHT;CLEAR;0;0;;NO CONTROL PRESENT;PASSENGER CAR;PASSENGER CAR;NONE;NONE;;2021-02-27T08:57:54-05:00;2021;No;No;2;08
CARY;NONE;NONE;NONE;0;0;;;PASSENGER CAR;NONE;NONE;NONE;;2021-03-01T10:58:00-05:00;2021;No;No;3;10
0.1 MILES FROM P.V.A. 1920 NW MAYNARD RD;TWO-WAY,NOT DIVIDED;DAYLIGHT;CLOUDY;0;0;;NO CONTROL PRESENT;PICKUP;PASSENGER CAR;NONE;NONE;;2021-03-02T13:47:19-05:00;2021;No;No;3;13
450 FEET FROM SR 1009 (TRYON RD);TWO-WAY,DIVIDED,UNPROTECTED MEDIAN;DAYLIGHT;CLEAR;0;1;FAILURE TO YIELD RIGHT OF WAY;NO CONTROL PRESENT;PASSENGER CAR;PASSENGER CAR;NONE;NONE;;2021-03-02T16:05:26-05:00;2021;No;Yes;3;16
.14 MILES FROM PVA 1607 S.R. 1313 (WALNUT ST);ONE-WAY,NOT DIVIDED;DAYLIGHT;CLEAR;0;0;;NO CONTROL PRESENT;PASSENGER CAR;PASSENGER CAR;NONE;NONE;;2021-03-02T14:43:04-05:00;2021;No;No;3;14
100 FEET FROM SR1600 (GREEN LEVEL CHURCH RD);TWO-WAY,NOT DIVIDED;DAYLIGHT;CLEAR;0;0;DARTING;NO CONTROL PRESENT;PASSENGER CAR;NONE;NONE;NONE;;2021-03-03T06:16:04-05:00;2021;No;No;3;06
100 FEET FROM SR-5808 E CHATHAM ST;TWO-WAY,NOT DIVIDED;DAYLIGHT;CLEAR;0;0;;NO CONTROL PRESENT;PASSENGER CAR;PASSENGER CAR;NONE;NONE;;2021-03-03T18:10:24-05:00;2021;No;No;3;18
CARY;TWO-WAY,DIVIDED,UNPROTECTED MEDIAN;DAYLIGHT;CLEAR;0;0;;STOP AND GO SIGNAL;PASSENGER CAR;SPORT UTILITY;NONE;NONE;;2021-03-05T06:53:45-05:00;2021;No;No;3;06
400 FEET FROM SR 3081 (CHAPEL HILL RD);TWO-WAY,NOT DIVIDED;DAYLIGHT;CLEAR;0;0;;NO CONTROL PRESENT;PASSENGER CAR;PASSENGER CAR;NONE;NONE;;2021-03-04T11:29:00-05:00;2021;No;No;3;11
0 FEET FROM SR 1652 (N HARRISON AV);TWO-WAY,DIVIDED,UNPROTECTED MEDIAN;DAYLIGHT;CLEAR;0;1;;STOP AND GO SIGNAL;PASSENGER CAR;SPORT UTILITY;NONE;NONE;;2021-03-04T14:49:53-05:00;2021;No;Yes;3;14
400 FEET FROM NC 55 HWY;TWO-WAY,DIVIDED,UNPROTECTED MEDIAN;DUSK;CLEAR;0;0;;NO CONTROL PRESENT;SPORT UTILITY;PASSENGER CAR;NONE;NONE;;2021-03-03T09:43:59-05:00;2021;No;No;3;09
20 FEET FROM SR1652 (N HARRISON AV);TWO-WAY,DIVIDED,UNPROTECTED MEDIAN;DAYLIGHT;CLEAR;0;0;;STOP AND GO SIGNAL;PASSENGER CAR;LIGHT TRUCK (MINI-VAN- PANEL);NONE;NONE;;2021-03-08T16:05:00-05:00;2021;No;No;3;16
75 FEET FROM PVA 518 E CHATHAM ST;ONE-WAY,NOT DIVIDED;DAYLIGHT;CLEAR;0;0;;NO CONTROL PRESENT;VAN;VAN;NONE;NONE;;2021-03-09T10:36:00-05:00;2021;No;No;3;10
10 FEET FROM US 1;ONE-WAY,NOT DIVIDED;DAYLIGHT;CLEAR;0;0;;STOP AND GO SIGNAL;PASSENGER CAR;PASSENGER CAR;NONE;NONE;;2021-03-09T06:58:16-05:00;2021;No;No;3;06
CARY;TWO-WAY,DIVIDED,UNPROTECTED MEDIAN;DAYLIGHT;CLEAR;0;1;;STOP SIGN;PASSENGER CAR;SPORT UTILITY;NONE;NONE;;2021-03-11T14:12:41-05:00;2021;No;Yes;3;14
.1 MILES FROM US 1;NONE;NONE;NONE;0;0;;;NONE;NONE;NONE;NONE;;2021-03-10T20:10:24-05:00;2021;No;No;3;20
CARY;TWO-WAY,DIVIDED,UNPROTECTED MEDIAN;DAYLIGHT;CLEAR;0;0;;STOP AND GO SIGNAL;PASSENGER CAR;PASSENGER CAR;NONE;NONE;;2021-03-11T14:00:51-05:00;2021;No;No;3;14
100 FEET FROM 2300 RIDGEMONT HILL RD;TWO-WAY,NOT DIVIDED;DARK - ROADWAY NOT LIGHTED;CLEAR;0;0;;NO CONTROL PRESENT;PICKUP;PASSENGER CAR;NONE;NONE;;2021-03-10T08:00:10-05:00;2021;No;No;3;08
CARY;TWO-WAY,DIVIDED,UNPROTECTED MEDIAN;DAYLIGHT;RAIN;0;0;;YIELD SIGN;PASSENGER CAR;SPORT UTILITY;NONE;NONE;;2021-03-16T13:10:30-04:00;2021;No;No;3;13
CARY;TWO-WAY,NOT DIVIDED;DAYLIGHT;RAIN;0;0;;STOP AND GO SIGNAL;SPORT UTILITY;VAN;NONE;NONE;;2021-03-16T09:15:23-04:00;2021;No;No;3;09
CARY;ONE-WAY,NOT DIVIDED;DAYLIGHT;CLEAR;0;0;;STOP AND GO SIGNAL;PICKUP;SPORT UTILITY;NONE;NONE;;2021-03-17T09:59:13-04:00;2021;No;No;3;09
300 FEET FROM P.V.A. 1390 NW MAYNARD RD;TWO-WAY,NOT DIVIDED;DAYLIGHT;CLOUDY;0;0;;NO CONTROL PRESENT;PASSENGER CAR;NONE;NONE;NONE;;2021-03-17T12:16:00-04:00;2021;No;No;3;12
75 FEET FROM P.V.A. (1421 OLD APEX RD);TWO-WAY,NOT DIVIDED;DAYLIGHT;CLEAR;0;0;;NO CONTROL PRESENT;PASSENGER CAR;VAN;NONE;NONE;;2021-03-17T14:00:56-04:00;2021;No;No;3;14