Location_Description;Road_Configuration;Light_Condition;Weather;Fatality;Injury;Contributing_Factor;Traffic_Control;Vehicle1;Vehicle2;Vehicle3;Vehicle4;Vehicle5;Crash_Date;year;Fatalities;Injuries;Month;Hour
70 FEET FROM CAMERON POND DR;NONE;NONE;NONE;0;0;;;NONE;NONE;NONE;NONE;;2021-03-12T22:27:00-05:00;2021;No;No;3;22
04 FEET FROM STURDIVANT DR;NONE;NONE;NONE;0;0;;;NONE;NONE;NONE;NONE;;2021-03-10T10:03:00-05:00;2021;No;No;3;10
CARY;TWO-WAY,DIVIDED,POSITIVE MEDIAN BARRIER;DAYLIGHT;CLEAR;0;1;;STOP AND GO SIGNAL;SPORT UTILITY;VAN;NONE;NONE;;2021-03-19T17:13:38-04:00;2021;No;Yes;3;17
50 FEET FROM NC.S.R. 3081 (CHAPEL HILL RD);TWO-WAY,DIVIDED,POSITIVE MEDIAN BARRIER;DAYLIGHT;CLOUDY;0;0;;NO CONTROL PRESENT;PASSENGER CAR;PASSENGER CAR;NONE;NONE;;2021-03-19T13:32:51-04:00;2021;No;No;3;13
.28 MILES FROM SR 1415 (NW MAYNARD RD);TWO-WAY,NOT DIVIDED;DARK - LIGHTED ROADWAY;CLEAR;0;0;;STOP AND GO SIGNAL;PASSENGER CAR;PASSENGER CAR;NONE;NONE;;2021-03-20T06:10:49-04:00;2021;No;No;3;06
1 FEET FROM S.R. 3081 (CHAPEL HILL RD);TWO-WAY,NOT DIVIDED;DAYLIGHT;CLOUDY;0;0;FAILURE TO YIELD RIGHT OF WAY;STOP AND GO SIGNAL;PASSENGER CAR;SPORT UTILITY;NONE;NONE;;2021-03-20T11:16:00-04:00;2021;No;No;3;11
CARY;TWO-WAY,NOT DIVIDED;DARK - LIGHTED ROADWAY;RAIN;0;1;;STOP AND GO SIGNAL;PASSENGER CAR;PASSENGER CAR;NONE;NONE;;2021-03-20T21:54:28-04:00;2021;No;Yes;3;21
145 FEET FROM P.V.A. (1393 KILDAIRE FARM RD);TWO-WAY,NOT DIVIDED;DAYLIGHT;CLEAR;0;0;;NO CONTROL PRESENT;PASSENGER CAR;PASSENGER CAR;NONE;NONE;;2021-03-21T15:42:34-04:00;2021;No;No;3;15
0.18 MILES FROM S.R. 1313 (WALNUT ST);TWO-WAY,DIVIDED,UNPROTECTED MEDIAN;DAYLIGHT;CLEAR;0;0;;STOP AND GO SIGNAL;PASSENGER CAR;PASSENGER CAR;NONE;NONE;;2021-03-22T13:52:54-04:00;2021;No;No;3;13
288 FEET FROM P.V.A. 2000 SR 1313 (WALNUT ST;TWO-WAY,NOT DIVIDED;DAYLIGHT;CLEAR;0;0;;NO CONTROL PRESENT;PASSENGER CAR;PICKUP;NONE;NONE;;2021-03-21T13:56:47-04:00;2021;No;No;3;13
200 FEET FROM P.V.A. 202 DAVIS GROVE CIR;TWO-WAY,NOT DIVIDED;DAYLIGHT;CLEAR;0;0;;NO CONTROL PRESENT;PASSENGER CAR;PASSENGER CAR;NONE;NONE;;2021-03-22T10:59:00-04:00;2021;No;No;3;10
CARY;TWO-WAY,NOT DIVIDED;DAYLIGHT;CLEAR;0;0;;STOP AND GO SIGNAL;SPORT UTILITY;SPORT UTILITY;NONE;NONE;;2021-03-22T15:22:11-04:00;2021;No;No;3;15
100 FEET FROM S.R. 1313 (WALNUT ST);TWO-WAY,DIVIDED,UNPROTECTED MEDIAN;DAYLIGHT;CLEAR;0;0;;NO CONTROL PRESENT;PASSENGER CAR;PASSENGER CAR;NONE;NONE;;2021-03-22T15:00:35-04:00;2021;No;No;3;15
460 FEET FROM PVA (2010 KILDAIRE FARM RD);TWO-WAY,NOT DIVIDED;DAYLIGHT;CLEAR;0;0;;NO CONTROL PRESENT;NONE;SPORT UTILITY;NONE;NONE;;2021-03-22T17:34:14-04:00;2021;No;No;3;17
CARY;TWO-WAY,DIVIDED,UNPROTECTED MEDIAN;DARK - LIGHTED ROADWAY;CLEAR;0;0;;STOP AND GO SIGNAL;SPORT UTILITY;PASSENGER CAR;NONE;NONE;;2021-03-23T00:28:00-04:00;2021;No;No;3;00
200 FEET FROM KILDAIRE FARM RD SR 1300;TWO-WAY,NOT DIVIDED;DAYLIGHT;CLOUDY;0;0;;NO CONTROL PRESENT;PASSENGER CAR;PASSENGER CAR;NONE;NONE;;2021-03-24T12:03:00-04:00;2021;No;No;3;12
250 FEET FROM P.V.A. 420 JAMES JACKSON AV;TWO-WAY,NOT DIVIDED;DAYLIGHT;CLEAR;0;0;;NO CONTROL PRESENT;NONE;NONE;NONE;NONE;;2021-03-24T17:48:06-04:00;2021;No;No;3;17
CARY;TWO-WAY,DIVIDED,POSITIVE MEDIAN BARRIER;DAYLIGHT;CLEAR;0;0;;NO CONTROL PRESENT;SPORT UTILITY;PASSENGER CAR;NONE;NONE;;2021-03-24T21:25:50-04:00;2021;No;No;3;21
.58 MILES FROM US HWY 1;ONE-WAY,NOT DIVIDED;DAYLIGHT;CLOUDY;0;1;;STOP AND GO SIGNAL;PASSENGER CAR;PASSENGER CAR;NONE;NONE;;2021-03-26T13:34:02-04:00;2021;No;Yes;3;13
.58 MILES FROM US HWY 1;ONE-WAY,NOT DIVIDED;DAYLIGHT;CLOUDY;0;0;;STOP AND GO SIGNAL;PASSENGER CAR;PASSENGER CAR;NONE;NONE;;2021-03-26T15:52:08-04:00;2021;No;No;3;15
.05 MILES FROM ASHURST LN;TWO-WAY,NOT DIVIDED;DAYLIGHT;CLEAR;0;0;;NO CONTROL PRESENT;VAN;NONE;NONE;NONE;;2021-03-26T21:37:52-04:00;2021;No;No;3;21
20 FEET FROM PVA 270 GRANDE HEIGHTS DR;TWO-WAY,DIVIDED,POSITIVE MEDIAN BARRIER;DARK - LIGHTED ROADWAY;CLEAR;0;1;;NO CONTROL PRESENT;SPORT UTILITY;NONE;NONE;NONE;;2021-03-26T20:16:47-04:00;2021;No;Yes;3;20
490 FEET FROM P.V.A (270 GRANDE HEIGHTS DR);TWO-WAY,NOT DIVIDED;DAYLIGHT;CLOUDY;0;0;;NO CONTROL PRESENT;PASSENGER CAR;PASSENGER CAR;NONE;NONE;;2021-03-28T14:33:15-04:00;2021;No;No;3;14
200 FEET FROM US 1HWY SB;TWO-WAY,DIVIDED,POSITIVE MEDIAN BARRIER;DARK - ROADWAY NOT LIGHTED;RAIN;0;0;COMING FROM BEHIND PARKED VEHICLE;NO CONTROL PRESENT;PASSENGER CAR;NONE;NONE;NONE;;2021-03-27T21:59:35-04:00;2021;No;No;3;21
NEAR .1 MILES E OF E NC 540 NB;TWO-WAY,DIVIDED,POSITIVE MEDIAN BARRIER;DAYLIGHT;RAIN;0;0;;NO CONTROL PRESENT;PASSENGER CAR;NONE;NONE;NONE;;2021-03-31T16:42:39-04:00;2021;No;No;3;16
50 FEET FROM P.V.A. 2021 WALNUT ST;TWO-WAY,NOT DIVIDED;DARK - LIGHTED ROADWAY;CLEAR;0;1;;NO CONTROL PRESENT;PASSENGER CAR;PICKUP;SPORT UTILITY;NONE;;2021-03-30T20:00:56-04:00;2021;No;Yes;3;20
75 FEET FROM P.V.A. (98 CORNERSTONE DR);TWO-WAY,NOT DIVIDED;DAYLIGHT;CLEAR;0;0;;NO CONTROL PRESENT;PASSENGER CAR;PASSENGER CAR;NONE;NONE;;2021-04-01T13:39:02-04:00;2021;No;No;4;13
0 FEET FROM SR 1617 (CARPENTER UPCHURCH RD;TWO-WAY,DIVIDED,UNPROTECTED MEDIAN;DAYLIGHT;RAIN;0;0;;YIELD SIGN;SPORT UTILITY;NONE;NONE;NONE;;2021-03-31T16:14:20-04:00;2021;No;No;3;16
.1 MILES FROM PVA (2021 WALNUT ST);TWO-WAY,NOT DIVIDED;DAYLIGHT;CLEAR;0;0;;NO CONTROL PRESENT;PASSENGER CAR;PASSENGER CAR;NONE;NONE;;2021-04-01T11:51:00-04:00;2021;No;No;4;11
176 FEET FROM MERRIFIELD DR;TWO-WAY,NOT DIVIDED;DAYLIGHT;CLEAR;0;0;;NO CONTROL PRESENT;NONE;VAN;NONE;NONE;;2021-04-01T07:54:30-04:00;2021;No;No;4;07
CARY;TWO-WAY,DIVIDED,POSITIVE MEDIAN BARRIER;DUSK;CLOUDY;0;0;;STOP AND GO SIGNAL;PASSENGER CAR;PICKUP;NONE;NONE;;2021-03-26T19:53:36-04:00;2021;No;No;3;19
100 FEET FROM AMIABLE LOOP;TWO-WAY,NOT DIVIDED;DAYLIGHT;CLEAR;0;0;;NO CONTROL PRESENT;SPORT UTILITY;VAN;NONE;NONE;;2021-04-04T07:57:21-04:00;2021;No;No;4;07
.2 MILES FROM NCS.R. 1415 (SW MAY;TWO-WAY,DIVIDED,UNPROTECTED MEDIAN;DAYLIGHT;CLEAR;0;0;;STOP AND GO SIGNAL;VAN;SPORT UTILITY;NONE;NONE;;2021-03-26T18:37:22-04:00;2021;No;No;3;18
CARY;TWO-WAY,NOT DIVIDED;DAYLIGHT;CLEAR;0;0;;STOP SIGN;SINGLE UNIT TRUCK (2-AXLE- 6-TIRE);NONE;NONE;NONE;;2021-04-07T09:44:58-04:00;2021;No;No;4;09
100 FEET FROM US 1 HWY ON-RAMP;ONE-WAY,NOT DIVIDED;DARK - ROADWAY NOT LIGHTED;CLEAR;0;0;;NO CONTROL PRESENT;PASSENGER CAR;NONE;NONE;NONE;;2021-04-06T04:08:41-04:00;2021;No;No;4;04
192 FEET FROM WALNUT ST TO US 1 RAMP NB;ONE-WAY,NOT DIVIDED;DAYLIGHT;CLEAR;0;0;;YIELD SIGN;PICKUP;VAN;NONE;NONE;;2021-04-09T12:11:00-04:00;2021;No;No;4;12
360 FEET FROM CARY PINES DR;TWO-WAY,NOT DIVIDED;DAYLIGHT;CLEAR;0;0;;NO CONTROL PRESENT;SPORT UTILITY;VAN;NONE;NONE;;2021-04-09T12:34:00-04:00;2021;No;No;4;12
0 FEET FROM S WALKER ST;TWO-WAY,NOT DIVIDED;DAYLIGHT;CLEAR;0;2;FAILURE TO YIELD RIGHT OF WAY,INATTENTIVE (TALKING,EATING,ETC.);STOP SIGN;LIGHT TRUCK (MINI-VAN- PANEL);SPORT UTILITY;NONE;NONE;;2021-04-08T17:22:24-04:00;2021;No;Yes;4;17
CARY;TWO-WAY,NOT DIVIDED;DARK - LIGHTED ROADWAY;CLEAR;0;0;;STOP AND GO SIGNAL;SPORT UTILITY;PASSENGER CAR;NONE;NONE;;2021-04-09T22:02:00-04:00;2021;No;No;4;22
.52 MILES FROM US 1;TWO-WAY,DIVIDED,POSITIVE MEDIAN BARRIER;DAYLIGHT;CLEAR;0;2;;NO CONTROL PRESENT;PASSENGER CAR;PASSENGER CAR;NONE;NONE;;2021-04-10T01:15:57-04:00;2021;No;Yes;4;01
50 FEET FROM PVA OF 3600 NW CARY PKWY;TWO-WAY,NOT DIVIDED;DAYLIGHT;CLEAR;0;0;;NO CONTROL PRESENT;PASSENGER CAR;SPORT UTILITY;NONE;NONE;;2021-04-09T11:57:00-04:00;2021;No;No;4;11
CARY;TWO-WAY,NOT DIVIDED;DARK - LIGHTED ROADWAY;CLEAR;0;0;;STOP SIGN;PICKUP;PASSENGER CAR;NONE;NONE;;2021-04-09T23:20:00-04:00;2021;No;No;4;23
1 MILES FROM US 1 HWY;TWO-WAY,DIVIDED,POSITIVE MEDIAN BARRIER;DARK - ROADWAY NOT LIGHTED;CLEAR;0;2;;NO CONTROL PRESENT;PASSENGER CAR;VAN;NONE;NONE;;2021-04-06T20:41:36-04:00;2021;No;Yes;4;20
.5 MILES FROM US 1 HWY NB;TWO-WAY,DIVIDED,POSITIVE MEDIAN BARRIER;DAYLIGHT;CLEAR;0;0;;NO CONTROL PRESENT;PASSENGER CAR;PASSENGER CAR;NONE;NONE;;2021-04-12T07:43:28-04:00;2021;No;No;4;07
150 FEET FROM P.V.A. CRESCENTCOMMONS DR;TWO-WAY,NOT DIVIDED;DAYLIGHT;CLEAR;0;0;;NO CONTROL PRESENT;PASSENGER CAR;PASSENGER CAR;NONE;NONE;;2021-04-12T11:21:00-04:00;2021;No;No;4;11
490 FEET FROM SR 1625 (GREEN LEVEL CHURCH RD;TWO-WAY,DIVIDED,UNPROTECTED MEDIAN;DAYLIGHT;CLEAR;0;0;;STOP AND GO SIGNAL;PASSENGER CAR;PASSENGER CAR;NONE;NONE;;2021-04-14T17:40:10-04:00;2021;No;No;4;17
25 FEET FROM P.V.A. 3000 BANYON GROVE LOOP;TWO-WAY,NOT DIVIDED;DAYLIGHT;CLEAR;0;0;;;VAN;PASSENGER CAR;NONE;NONE;;2021-04-14T13:32:08-04:00;2021;No;No;4;13
32 FEET FROM S.R. 1618 (WALDO ROOD BLVD);TWO-WAY,NOT DIVIDED;DAYLIGHT;CLEAR;0;0;;STOP SIGN;SPORT UTILITY;PASSENGER CAR;NONE;NONE;;2021-04-15T17:54:34-04:00;2021;No;No;4;17
100 FEET FROM US 64;TWO-WAY,DIVIDED,UNPROTECTED MEDIAN;DAYLIGHT;CLEAR;0;0;;NO CONTROL PRESENT;SPORT UTILITY;SPORT UTILITY;NONE;NONE;;2021-04-15T18:18:27-04:00;2021;No;No;4;18
CARY;TWO-WAY,DIVIDED,POSITIVE MEDIAN BARRIER;DAYLIGHT;CLEAR;0;0;;STOP AND GO SIGNAL;PASSENGER CAR;PASSENGER CAR;NONE;NONE;;2021-04-14T09:17:34-04:00;2021;No;No;4;09
CARY;TWO-WAY,DIVIDED,UNPROTECTED MEDIAN;DAYLIGHT;CLEAR;0;0;;STOP AND GO SIGNAL;PICKUP;PICKUP;NONE;NONE;;2021-04-16T08:23:17-04:00;2021;No;No;4;08
200 FEET FROM MEETING ST;TWO-WAY,DIVIDED,UNPROTECTED MEDIAN;DAYLIGHT;CLEAR;0;0;;STOP AND GO SIGNAL;PASSENGER CAR;NONE;NONE;NONE;;2021-04-09T14:32:40-04:00;2021;No;No;4;14
20 FEET FROM PVA 260 W CHATHAM ST;TWO-WAY,NOT DIVIDED;DAYLIGHT;CLEAR;0;0;;NO CONTROL PRESENT;PASSENGER CAR;PASSENGER CAR;NONE;NONE;;2021-04-13T15:18:56-04:00;2021;No;No;4;15
124 FEET FROM CRICKET HILL LN;TWO-WAY,NOT DIVIDED;DAYLIGHT;CLEAR;0;0;;STOP SIGN;PASSENGER CAR;PASSENGER CAR;NONE;NONE;;2021-04-11T12:33:00-04:00;2021;No;No;4;12
400 FEET FROM SR 1300 (KILDAIRE FARM RD);TWO-WAY,NOT DIVIDED;DAYLIGHT;CLEAR;0;0;;NO CONTROL PRESENT;SPORT UTILITY;PASSENGER CAR;NONE;NONE;;2021-04-13T18:47:38-04:00;2021;No;No;4;18
30 FEET FROM (PVA) 300 ASHVILLE AV;TWO-WAY,NOT DIVIDED;DAYLIGHT;CLEAR;0;0;;NO CONTROL PRESENT;PASSENGER CAR;PASSENGER CAR;NONE;NONE;;2021-04-16T13:38:50-04:00;2021;No;No;4;13
100 FEET FROM ADOBE LN;TWO-WAY,NOT DIVIDED;DAYLIGHT;CLEAR;0;0;;NO CONTROL PRESENT;LIGHT TRUCK (MINI-VAN- PANEL);VAN;NONE;NONE;;2021-04-19T15:20:11-04:00;2021;No;No;4;15
0.114 MILES FROM S.R.1600(8375 GREEN LEVEL CH);TWO-WAY,DIVIDED,UNPROTECTED MEDIAN;DAYLIGHT;CLEAR;0;0;;NO CONTROL PRESENT;PASSENGER CAR;PASSENGER CAR;NONE;NONE;;2021-04-20T18:43:38-04:00;2021;No;No;4;18
0.128 MILES FROM P.V.A. (17001 SEARSTONE DR);TWO-WAY,DIVIDED,UNPROTECTED MEDIAN;DAYLIGHT;CLEAR;0;0;;NO CONTROL PRESENT;SPORT UTILITY;SPORT UTILITY;NONE;NONE;;2021-04-20T17:23:41-04:00;2021;No;No;4;17
10 FEET FROM US 1;ONE-WAY,NOT DIVIDED;DAYLIGHT;CLEAR;0;0;;STOP AND GO SIGNAL;PASSENGER CAR;SPORT UTILITY;NONE;NONE;;2021-04-20T18:53:50-04:00;2021;No;No;4;18
0 FEET FROM FARMINGTON WOODS DR;TWO-WAY,DIVIDED,UNPROTECTED MEDIAN;DAYLIGHT;CLEAR;0;0;;STOP SIGN;PASSENGER CAR;NONE;NONE;NONE;;2021-04-20T17:18:16-04:00;2021;No;No;4;17
100 FEET FROM PVA 150 WRENN DR;ONE-WAY,NOT DIVIDED;DAYLIGHT;CLEAR;0;0;;NO CONTROL PRESENT;SPORT UTILITY;PASSENGER CAR;NONE;NONE;;2021-04-20T19:33:51-04:00;2021;No;No;4;19
200 FEET FROM SR 1613 (DAVIS DR);TWO-WAY,NOT DIVIDED;DAYLIGHT;CLEAR;0;0;;STOP AND GO SIGNAL;PASSENGER CAR;PASSENGER CAR;NONE;NONE;;2021-04-22T08:09:56-04:00;2021;No;No;4;08
50 FEET FROM SR3977 (SW CARY PKWY);TWO-WAY,DIVIDED,UNPROTECTED MEDIAN;DAYLIGHT;CLEAR;0;0;;STOP AND GO SIGNAL;VAN;SPORT UTILITY;NONE;NONE;;2021-04-21T13:30:22-04:00;2021;No;No;4;13
50 FEET FROM SR 1152 (HOLLY SPRINGS RD);TWO-WAY,NOT DIVIDED;DAYLIGHT;CLEAR;0;0;;STOP AND GO SIGNAL;PASSENGER CAR;SPORT UTILITY;NONE;NONE;;2021-04-21T14:31:33-04:00;2021;No;No;4;14
131 FEET FROM MEETING ST;TWO-WAY,NOT DIVIDED;DAYLIGHT;CLEAR;0;0;;STOP SIGN;SPORT UTILITY;PASSENGER CAR;NONE;NONE;;2021-04-21T13:44:43-04:00;2021;No;No;4;13
CARY;TWO-WAY,DIVIDED,UNPROTECTED MEDIAN;DAYLIGHT;CLEAR;0;0;;STOP AND GO SIGNAL;PASSENGER CAR;POLICE;PASSENGER CAR;NONE;;2021-04-23T13:37:18-04:00;2021;No;No;4;13
250 FEET FROM SR1652 (N HARRISON AVE);TWO-WAY,DIVIDED,UNPROTECTED MEDIAN;DAYLIGHT;CLEAR;0;0;;NO CONTROL PRESENT;SPORT UTILITY;PICKUP;NONE;NONE;;2021-04-18T13:22:42-04:00;2021;No;No;4;13
.05 MILES FROM P.V.A. (1920 NW MAYNARD RD);TWO-WAY,NOT DIVIDED;DAYLIGHT;CLEAR;0;0;;NO CONTROL PRESENT;PASSENGER CAR;SPORT UTILITY;NONE;NONE;;2021-04-19T16:48:00-04:00;2021;No;No;4;16
.3 MILES FROM S.R. 1613 (DAVIS DR);TWO-WAY,DIVIDED,UNPROTECTED MEDIAN;DAYLIGHT;CLEAR;0;0;DARTING;NO CONTROL PRESENT;PASSENGER CAR;NONE;NONE;NONE;;2021-04-17T10:10:00-04:00;2021;No;No;4;10
100 FEET FROM SR 1315 (BUCK JONES RD);TWO-WAY,DIVIDED,POSITIVE MEDIAN BARRIER;DAYLIGHT;CLEAR;0;0;;NO CONTROL PRESENT;PASSENGER CAR;PASSENGER CAR;NONE;NONE;;2021-04-17T10:19:00-04:00;2021;No;No;4;10
53 FEET FROM US 1 NB;TWO-WAY,DIVIDED,POSITIVE MEDIAN BARRIER;DAYLIGHT;CLEAR;0;0;;NO CONTROL PRESENT;PASSENGER CAR;NONE;NONE;NONE;;2021-04-19T20:47:44-04:00;2021;No;No;4;20
300 FEET FROM P.V.A. 575 NEW WAVERLY PL;TWO-WAY,NOT DIVIDED;DAYLIGHT;RAIN;0;0;;NO CONTROL PRESENT;SPORT UTILITY;SPORT UTILITY;NONE;NONE;;2021-04-24T15:23:35-04:00;2021;No;No;4;15
.16 MILES FROM SR 1315 (BUCK JONES RD);TWO-WAY,DIVIDED,UNPROTECTED MEDIAN;DAYLIGHT;CLEAR;0;0;;STOP SIGN;PASSENGER CAR;PASSENGER CAR;NONE;NONE;;2021-04-25T14:02:56-04:00;2021;No;No;4;14
10 FEET FROM CARPENTER TOWN LN;TWO-WAY,NOT DIVIDED;DARK - LIGHTED ROADWAY;CLEAR;0;0;;STOP SIGN;PASSENGER CAR;SPORT UTILITY;NONE;NONE;;2021-04-18T03:17:50-04:00;2021;No;No;4;03
165 FEET FROM P.V.A. 1001 SE CARY PKWY (CIRC;TWO-WAY,NOT DIVIDED;DAYLIGHT;CLEAR;0;0;;NO CONTROL PRESENT;PASSENGER CAR;PASSENGER CAR;NONE;NONE;;2021-04-18T18:24:14-04:00;2021;No;No;4;18
CARY;TWO-WAY,DIVIDED,UNPROTECTED MEDIAN;DAYLIGHT;CLEAR;0;0;;STOP SIGN;PASSENGER CAR;PASSENGER CAR;NONE;NONE;;2021-04-26T17:29:54-04:00;2021;No;No;4;17
100 FEET FROM P.V.A. 204 CROSSROADS BLVD;TWO-WAY,NOT DIVIDED;DARK - LIGHTED ROADWAY;CLEAR;0;0;;NO CONTROL PRESENT;PASSENGER CAR;PASSENGER CAR;NONE;NONE;;2021-04-27T20:38:53-04:00;2021;No;No;4;20
85 FEET FROM 4402 TEN TEN RD;TWO-WAY,DIVIDED,UNPROTECTED MEDIAN;DARK - LIGHTED ROADWAY;CLEAR;0;0;;NO CONTROL PRESENT;PASSENGER CAR;NONE;NONE;NONE;;2016-01-02T02:17:10-05:00;2016;No;No;1;02
300 FEET FROM LAKE GROVE BLVD;TWO-WAY,NOT DIVIDED;DARK - LIGHTED ROADWAY;CLEAR;0;0;;NO CONTROL PRESENT;PASSENGER CAR;NONE;NONE;NONE;;2016-01-01T08:32:56-05:00;2016;No;No;1;08
CARY;TWO-WAY,NOT DIVIDED;DAYLIGHT;CLEAR;0;2;;STOP SIGN;PASSENGER CAR;SINGLE UNIT TRUCK (2-AXLE- 6-TIRE);NONE;NONE;;2016-01-02T14:50:19-05:00;2016;No;Yes;1;14
30 FEET FROM EDGEMORE AV;TWO-WAY,NOT DIVIDED;DAYLIGHT;CLEAR;0;0;;NO CONTROL PRESENT;SPORT UTILITY;PASSENGER CAR;NONE;NONE;;2016-01-03T15:02:54-05:00;2016;No;No;1;15
CARY;TWO-WAY,NOT DIVIDED;DARK - LIGHTED ROADWAY;CLEAR;0;0;;NO CONTROL PRESENT;SPORT UTILITY;PASSENGER CAR;NONE;NONE;;2016-01-06T03:53:09-05:00;2016;No;No;1;03
300 FEET FROM PVA OF 3494 KILDAIRE FARM RD;TWO-WAY,NOT DIVIDED;DAYLIGHT;CLEAR;0;0;;NO CONTROL PRESENT;PICKUP;VAN;NONE;NONE;;2016-01-06T08:23:39-05:00;2016;No;No;1;08
CARY;TWO-WAY,DIVIDED,UNPROTECTED MEDIAN;DARK - LIGHTED ROADWAY;CLEAR;0;0;;STOP AND GO SIGNAL;PASSENGER CAR;SPORT UTILITY;NONE;NONE;;2016-01-06T22:11:00-05:00;2016;No;No;1;22
5 FEET FROM RENNAISSANCE PARK PL (PVA);ONE-WAY,NOT DIVIDED;DAYLIGHT;CLEAR;0;0;;STOP SIGN;PICKUP;SPORT UTILITY;NONE;NONE;;2016-01-06T13:06:18-05:00;2016;No;No;1;13
.75 MILES FROM US 1;TWO-WAY,DIVIDED,POSITIVE MEDIAN BARRIER;DARK - ROADWAY NOT LIGHTED;CLEAR;0;0;;NO CONTROL PRESENT;LIGHT TRUCK (MINI-VAN- PANEL);NONE;NONE;NONE;;2016-01-07T20:20:54-05:00;2016;No;No;1;20
10 FEET FROM W CHATHAM ST;TWO-WAY,DIVIDED,UNPROTECTED MEDIAN;DAYLIGHT;CLOUDY;0;0;;STOP SIGN;SPORT UTILITY;PICKUP;NONE;NONE;;2016-01-08T09:20:55-05:00;2016;No;No;1;09
350 FEET FROM PVA OF 102 NEW WAVERLY PL;ONE-WAY,NOT DIVIDED;DAYLIGHT;CLEAR;0;0;;NO CONTROL PRESENT;SINGLE UNIT TRUCK (2-AXLE- 6-TIRE);PASSENGER CAR;NONE;NONE;;2016-01-06T12:06:00-05:00;2016;No;No;1;12
CARY;ONE-WAY,NOT DIVIDED;DARK - LIGHTED ROADWAY;RAIN;0;0;;NO CONTROL PRESENT;PASSENGER CAR;SPORT UTILITY;NONE;NONE;;2016-01-08T02:34:28-05:00;2016;No;No;1;02
CARY;TWO-WAY,NOT DIVIDED;DARK - ROADWAY NOT LIGHTED;RAIN;0;0;;STOP SIGN;SPORT UTILITY;SPORT UTILITY;NONE;NONE;;2016-01-08T04:43:02-05:00;2016;No;No;1;04
.25 MILES FROM US 1;TWO-WAY,DIVIDED,POSITIVE MEDIAN BARRIER;DAYLIGHT;CLOUDY;0;0;;NO CONTROL PRESENT;PICKUP;NONE;NONE;NONE;;2016-01-09T17:04:21-05:00;2016;No;No;1;17
40 FEET FROM SR 3081 (CHAPEL HILL RD);ONE-WAY,NOT DIVIDED;DARK - LIGHTED ROADWAY;RAIN;0;0;;NO CONTROL PRESENT;PASSENGER CAR;PASSENGER CAR;NONE;NONE;;2016-01-08T17:23:42-05:00;2016;No;No;1;17
200 FEET FROM PRESTON VILLAGE WAY;TWO-WAY,NOT DIVIDED;DAYLIGHT;CLOUDY;0;0;;NO CONTROL PRESENT;PASSENGER CAR;PASSENGER CAR;NONE;NONE;;2016-01-08T17:44:22-05:00;2016;No;No;1;17
CARY;TWO-WAY,NOT DIVIDED;DAYLIGHT;CLOUDY;0;0;;STOP AND GO SIGNAL;SPORT UTILITY;PASSENGER CAR;NONE;NONE;;2016-01-08T14:36:14-05:00;2016;No;No;1;14
0 FEET FROM SR 1313  (WALNUT ST);TWO-WAY,DIVIDED,UNPROTECTED MEDIAN;DARK - LIGHTED ROADWAY;FOG, SMOG, SMOKE;0;0;;STOP AND GO SIGNAL;PASSENGER CAR;PASSENGER CAR;NONE;NONE;;2016-01-08T00:32:00-05:00;2016;No;No;1;00
150 FEET FROM P.V.A. (1001 CENTERGREEN WAY);TWO-WAY,NOT DIVIDED;DAYLIGHT;RAIN;0;0;;NO CONTROL PRESENT;PICKUP;PASSENGER CAR;NONE;NONE;;2016-01-08T15:27:07-05:00;2016;No;No;1;15
70 FEET FROM P.V.A. (122 SW MAYNARD RD);TWO-WAY,NOT DIVIDED;DARK - LIGHTED ROADWAY;RAIN;0;0;;NO CONTROL PRESENT;SPORT UTILITY;NONE;NONE;NONE;;2016-01-08T19:00:32-05:00;2016;No;No;1;19
367 FEET FROM PVA OF 1110 SE CARY PARKWAY;TWO-WAY,NOT DIVIDED;DAYLIGHT;CLEAR;0;0;;NO CONTROL PRESENT;SINGLE UNIT TRUCK (2-AXLE- 6-TIRE);PICKUP;NONE;NONE;;2016-01-11T10:28:00-05:00;2016;No;No;1;10
CARY;TWO-WAY,DIVIDED,UNPROTECTED MEDIAN;DAYLIGHT;CLEAR;0;2;;STOP AND GO SIGNAL;PASSENGER CAR;LIGHT TRUCK (MINI-VAN- PANEL);NONE;NONE;;2016-01-11T15:05:07-05:00;2016;No;Yes;1;15
NEAR .2 MILES S OF S SR-3081 (CHAPEL HILL RD);TWO-WAY,NOT DIVIDED;DAYLIGHT;CLEAR;0;0;;NO CONTROL PRESENT;PASSENGER CAR;NONE;NONE;NONE;;2016-01-12T12:35:00-05:00;2016;No;No;1;12
.5 MILES FROM HWY NC 55;TWO-WAY,DIVIDED,UNPROTECTED MEDIAN;DAYLIGHT;CLEAR;0;0;;STOP AND GO SIGNAL;PASSENGER CAR;PASSENGER CAR;NONE;NONE;;2016-01-13T09:02:32-05:00;2016;No;No;1;09
15 FEET FROM SR 1313 WALNUT ST;TWO-WAY,NOT DIVIDED;DAYLIGHT;CLEAR;0;1;;STOP AND GO SIGNAL;PASSENGER CAR;PASSENGER CAR;NONE;NONE;;2016-01-13T14:32:53-05:00;2016;No;Yes;1;14
350 FEET FROM SR 1415 (SE MAYNARD RD);TWO-WAY,NOT DIVIDED;DAYLIGHT;CLEAR;0;0;;NO CONTROL PRESENT;PASSENGER CAR;SPORT UTILITY;NONE;NONE;;2016-01-14T14:28:02-05:00;2016;No;No;1;14