Location_Description;Road_Configuration;Light_Condition;Weather;Fatality;Injury;Contributing_Factor;Traffic_Control;Vehicle1;Vehicle2;Vehicle3;Vehicle4;Vehicle5;Crash_Date;year;Fatalities;Injuries;Month;Hour
400 FEET FROM US 1 HWY;TWO-WAY,DIVIDED,POSITIVE MEDIAN BARRIER;DAYLIGHT;RAIN;0;0;;NO CONTROL PRESENT;SPORT UTILITY;PICKUP;NONE;NONE;;2016-04-07T09:23:28-04:00;2016;No;No;4;09
100 FEET FROM US 1 HWY EXIT 101B SB BUCK JON;ONE-WAY,NOT DIVIDED;DARK - LIGHTED ROADWAY;CLEAR;0;0;;YIELD SIGN;PASSENGER CAR;NONE;NONE;NONE;;2016-04-09T04:10:36-04:00;2016;No;No;4;04
599 FEET FROM WALNUT ST;TWO-WAY,DIVIDED,UNPROTECTED MEDIAN;DAYLIGHT;CLEAR;0;0;;NO CONTROL PRESENT;SPORT UTILITY;SPORT UTILITY;SPORT UTILITY;NONE;;2016-04-09T14:57:32-04:00;2016;No;No;4;14
1 MILES FROM US 1;TWO-WAY,DIVIDED,POSITIVE MEDIAN BARRIER;DAYLIGHT;CLEAR;0;0;;NO CONTROL PRESENT;PASSENGER CAR;PASSENGER CAR;NONE;NONE;;2016-04-08T17:21:27-04:00;2016;No;No;4;17
.35 MILES FROM SR 3097 (AVIATION PKWY);TWO-WAY,NOT DIVIDED;DAYLIGHT;CLEAR;0;0;;NO CONTROL PRESENT;PASSENGER CAR;SPORT UTILITY;NONE;NONE;;2016-04-08T16:12:56-04:00;2016;No;No;4;16
10 FEET FROM SR 1300 KILDAIRE FARM RD;TWO-WAY,DIVIDED,UNPROTECTED MEDIAN;DARK - LIGHTED ROADWAY;CLEAR;0;0;;STOP AND GO SIGNAL;PASSENGER CAR;SPORT UTILITY;NONE;NONE;;2016-04-09T20:28:21-04:00;2016;No;No;4;20
20 FEET FROM SR 1313 (WALNUT ST);TWO-WAY,NOT DIVIDED;DAYLIGHT;CLEAR;0;0;;STOP SIGN;PASSENGER CAR;SPORT UTILITY;NONE;NONE;;2016-04-08T15:54:32-04:00;2016;No;No;4;15
75 FEET FROM PVA 3511 KILDAIRE FARM RD;TWO-WAY,NOT DIVIDED;DAYLIGHT;CLEAR;0;0;;STOP SIGN;PASSENGER CAR;PASSENGER CAR;NONE;NONE;;2016-04-10T09:15:56-04:00;2016;No;No;4;09
20 FEET FROM P.V.A. (1367 SE MAYNARD RD);TWO-WAY,NOT DIVIDED;DAYLIGHT;CLEAR;0;0;;NO CONTROL PRESENT;PASSENGER CAR;PASSENGER CAR;PASSENGER CAR;NONE;;2016-04-10T14:05:40-04:00;2016;No;No;4;14
CARY;TWO-WAY,DIVIDED,UNPROTECTED MEDIAN;DAYLIGHT;CLEAR;0;1;;STOP SIGN;PICKUP;PASSENGER CAR;NONE;NONE;;2016-04-04T08:58:56-04:00;2016;No;Yes;4;08
CARY;TWO-WAY,DIVIDED,UNPROTECTED MEDIAN;DAYLIGHT;CLEAR;0;1;;STOP AND GO SIGNAL;PASSENGER CAR;NONE;NONE;NONE;;2016-04-10T16:43:09-04:00;2016;No;Yes;4;16
25 FEET FROM SR 1009 (TRYON RD);TWO-WAY,DIVIDED,UNPROTECTED MEDIAN;DUSK;CLEAR;0;0;;YIELD SIGN;PASSENGER CAR;PASSENGER CAR;NONE;NONE;;2016-04-11T18:49:35-04:00;2016;No;No;4;18
125 FEET FROM NC 55 HWY;TWO-WAY,DIVIDED,UNPROTECTED MEDIAN;DAYLIGHT;RAIN;0;0;;STOP AND GO SIGNAL;PASSENGER CAR;PICKUP;NONE;NONE;;2016-04-12T07:52:42-04:00;2016;No;No;4;07
150 FEET FROM PVA (1105 WALNUT ST);TWO-WAY,NOT DIVIDED;DAYLIGHT;CLEAR;0;0;;NO CONTROL PRESENT;SPORT UTILITY;PASSENGER CAR;NONE;NONE;;2016-04-06T06:58:12-04:00;2016;No;No;4;06
CARY;NONE;NONE;NONE;0;0;;;PICKUP;NONE;NONE;NONE;;2016-04-06T06:50:39-04:00;2016;No;No;4;06
30 FEET FROM SR 3081 (CHAPEL HILL RD);TWO-WAY,NOT DIVIDED;DAYLIGHT;RAIN;0;0;;NO CONTROL PRESENT;VAN;PASSENGER CAR;NONE;NONE;;2016-04-12T14:56:08-04:00;2016;No;No;4;14
0 FEET FROM SR 1010  (TEN TEN RD);TWO-WAY,DIVIDED,UNPROTECTED MEDIAN;DAYLIGHT;CLEAR;0;0;;NO CONTROL PRESENT;PASSENGER CAR;NONE;NONE;NONE;;2016-03-31T16:30:04-04:00;2016;No;No;3;16
.15 MILES FROM US 1 HWY SOUTH;NONE;NONE;NONE;0;0;;;NONE;NONE;NONE;NONE;;2016-03-15T12:55:00-04:00;2016;No;No;3;12
30 FEET FROM PVA OF 300-100 ASHEVILLE AV;TWO-WAY,NOT DIVIDED;DAYLIGHT;RAIN;0;0;;NO CONTROL PRESENT;PASSENGER CAR;PASSENGER CAR;NONE;NONE;;2016-04-12T13:22:12-04:00;2016;No;No;4;13
CARY;TWO-WAY,NOT DIVIDED;DAYLIGHT;CLEAR;0;0;;STOP AND GO SIGNAL;PICKUP;VAN;NONE;NONE;;2016-04-06T09:10:20-04:00;2016;No;No;4;09
.25 MILES FROM NC 55 HWY;TWO-WAY,DIVIDED,UNPROTECTED MEDIAN;DAYLIGHT;RAIN;0;0;;STOP AND GO SIGNAL;PASSENGER CAR;SPORT UTILITY;NONE;NONE;;2016-04-12T14:58:20-04:00;2016;No;No;4;14
100 FEET FROM SR 3081 CHAPEL HILL RD;TWO-WAY,NOT DIVIDED;DAYLIGHT;CLEAR;0;0;;NO CONTROL PRESENT;PASSENGER CAR;PASSENGER CAR;NONE;NONE;;2016-04-13T15:07:17-04:00;2016;No;No;4;15
.10 MILES FROM SR 1300 (KILDAIRE FARM RD);TWO-WAY,DIVIDED,UNPROTECTED MEDIAN;DAYLIGHT;CLEAR;0;0;;NO CONTROL PRESENT;PASSENGER CAR;PASSENGER CAR;NONE;NONE;;2016-04-13T18:06:00-04:00;2016;No;No;4;18
9 FEET FROM SR 1300 (KILDAIRE FARM RD);TWO-WAY,NOT DIVIDED;DAYLIGHT;CLEAR;0;0;;STOP AND GO SIGNAL;PASSENGER CAR;PICKUP;NONE;NONE;;2016-04-14T07:43:01-04:00;2016;No;No;4;07
.18 MILES FROM WESTON PKWY;TWO-WAY,DIVIDED,UNPROTECTED MEDIAN;DAYLIGHT;CLEAR;0;0;;NO CONTROL PRESENT;PASSENGER CAR;NONE;NONE;NONE;;2016-04-14T10:02:00-04:00;2016;No;No;4;10
CARY;TWO-WAY,NOT DIVIDED;DAYLIGHT;CLEAR;0;0;;NO CONTROL PRESENT;PASSENGER CAR;PASSENGER CAR;NONE;NONE;;2016-04-13T10:50:00-04:00;2016;No;No;4;10
CARY;TWO-WAY,NOT DIVIDED;DARK - LIGHTED ROADWAY;CLEAR;0;1;;STOP AND GO SIGNAL;MOPED;NONE;NONE;NONE;;2016-04-09T06:08:18-04:00;2016;No;Yes;4;06
33 FEET FROM NC 55 HWY;TWO-WAY,DIVIDED,UNPROTECTED MEDIAN;DAYLIGHT;CLOUDY;0;2;;STOP AND GO SIGNAL;PASSENGER CAR;PASSENGER CAR;SPORT UTILITY;PICKUP;;2016-04-12T17:42:17-04:00;2016;No;Yes;4;17
75 FEET FROM SR#5039 (JONES FRANKLIN ROAD);TWO-WAY,DIVIDED,UNPROTECTED MEDIAN;DAYLIGHT;CLEAR;0;0;;NO CONTROL PRESENT;VAN;PICKUP;NONE;NONE;;2016-04-15T14:54:18-04:00;2016;No;No;4;14
20 FEET FROM SR 1009 (TRYON RD);TWO-WAY,DIVIDED,UNPROTECTED MEDIAN;DAYLIGHT;CLEAR;0;0;;YIELD SIGN;PASSENGER CAR;SPORT UTILITY;NONE;NONE;;2016-04-17T09:42:35-04:00;2016;No;No;4;09
CARY;TWO-WAY,DIVIDED,POSITIVE MEDIAN BARRIER;DAYLIGHT;CLEAR;0;1;;STOP AND GO SIGNAL;SPORT UTILITY;PICKUP;NONE;NONE;;2016-04-17T14:14:11-04:00;2016;No;Yes;4;14
75 FEET FROM PVA 2010 KILDAIRE FARM RD;TWO-WAY,NOT DIVIDED;DARK - LIGHTED ROADWAY;CLEAR;0;0;;NO CONTROL PRESENT;PASSENGER CAR;PASSENGER CAR;NONE;NONE;;2016-04-18T21:58:40-04:00;2016;No;No;4;21
0 FEET FROM SR 1613 (DAVIS DR);TWO-WAY,DIVIDED,UNPROTECTED MEDIAN;DAYLIGHT;CLOUDY;0;1;;STOP AND GO SIGNAL;NONE;NONE;NONE;NONE;;2016-04-11T14:09:19-04:00;2016;No;Yes;4;14
20 FEET FROM GRAVEL BROOK CT;TWO-WAY,NOT DIVIDED;DAYLIGHT;CLEAR;0;0;;NO CONTROL PRESENT;PICKUP;SPORT UTILITY;NONE;NONE;;2016-04-19T14:36:00-04:00;2016;No;No;4;14
150 FEET FROM PVA OF 2613 GREEN LEVEL WEST;TWO-WAY,NOT DIVIDED;DAYLIGHT;CLEAR;0;0;;NO CONTROL PRESENT;PASSENGER CAR;NONE;NONE;NONE;;2016-04-20T12:01:00-04:00;2016;No;No;4;12
CARY;TWO-WAY,DIVIDED,UNPROTECTED MEDIAN;DAYLIGHT;CLEAR;0;1;;NO CONTROL PRESENT;SPORT UTILITY;PICKUP;SPORT UTILITY;NONE;;2016-04-19T06:47:11-04:00;2016;No;Yes;4;06
CARY;TWO-WAY,DIVIDED,UNPROTECTED MEDIAN;DAYLIGHT;CLEAR;0;0;;NO CONTROL PRESENT;PICKUP;PASSENGER CAR;NONE;NONE;;2016-04-20T19:40:23-04:00;2016;No;No;4;19
CARY;TWO-WAY,NOT DIVIDED;DAYLIGHT;CLEAR;0;1;;NO CONTROL PRESENT;MOPED;NONE;NONE;NONE;;2016-04-13T14:15:38-04:00;2016;No;Yes;4;14
400 FEET FROM PVA KROGER (1273 NW MAYNARD RD;TWO-WAY,NOT DIVIDED;DAYLIGHT;CLEAR;0;0;;NO CONTROL PRESENT;PASSENGER CAR;PASSENGER CAR;NONE;NONE;;2016-04-21T09:04:05-04:00;2016;No;No;4;09
50 FEET FROM GREEN LEVEL CHURCH RD (SR1625);TWO-WAY,DIVIDED,POSITIVE MEDIAN BARRIER;DAYLIGHT;CLEAR;0;0;;NO CONTROL PRESENT;TRUCK/TRAILER;UNKNOWN HEAVY TRUCK;NONE;NONE;;2016-04-21T14:15:09-04:00;2016;No;No;4;14
300 FEET FROM SR 1415 (SE MAYNARD RD);TWO-WAY,NOT DIVIDED;DAYLIGHT;CLEAR;0;0;;NO CONTROL PRESENT;PASSENGER CAR;PASSENGER CAR;NONE;NONE;;2016-04-21T08:53:56-04:00;2016;No;No;4;08
10 FEET FROM BYRUM ST;TWO-WAY,NOT DIVIDED;DAYLIGHT;CLEAR;0;0;;STOP SIGN;PICKUP;PASSENGER CAR;NONE;NONE;;2016-04-21T18:26:24-04:00;2016;No;No;4;18
CARY;TWO-WAY,NOT DIVIDED;DAYLIGHT;CLEAR;0;0;;NO CONTROL PRESENT;PASSENGER CAR;VAN;NONE;NONE;;2016-04-24T00:32:00-04:00;2016;No;No;4;00
100 FEET FROM PVA ( 4101 NC 55 HIGHWAY);TWO-WAY,NOT DIVIDED;DAYLIGHT;RAIN;0;0;;NO CONTROL PRESENT;PICKUP;PASSENGER CAR;NONE;NONE;;2016-04-22T14:05:09-04:00;2016;No;No;4;14
CARY;TWO-WAY,DIVIDED,UNPROTECTED MEDIAN;DAYLIGHT;CLEAR;0;0;;STOP AND GO SIGNAL;PASSENGER CAR;PICKUP;NONE;NONE;;2016-04-23T13:01:33-04:00;2016;No;No;4;13
400 FEET FROM ABBEY VIEW WAY;TWO-WAY,NOT DIVIDED;DAYLIGHT;CLEAR;0;0;;NO CONTROL PRESENT;SPORT UTILITY;SPORT UTILITY;NONE;NONE;;2016-04-25T14:24:01-04:00;2016;No;No;4;14
82 FEET FROM SUMMER LAKES DRIVE;TWO-WAY,NOT DIVIDED;DAYLIGHT;CLEAR;0;0;;NO CONTROL PRESENT;NONE;PASSENGER CAR;NONE;NONE;;2016-04-26T08:37:12-04:00;2016;No;No;4;08
181 FEET FROM E CEDAR ST;TWO-WAY,NOT DIVIDED;DAYLIGHT;CLEAR;0;0;;NO CONTROL PRESENT;PASSENGER CAR;PICKUP;NONE;NONE;;2016-04-26T11:03:00-04:00;2016;No;No;4;11
20 FEET FROM MEETING ST;TWO-WAY,DIVIDED,UNPROTECTED MEDIAN;DAYLIGHT;CLEAR;0;0;;STOP AND GO SIGNAL;PASSENGER CAR;PASSENGER CAR;NONE;NONE;;2016-04-26T16:56:07-04:00;2016;No;No;4;16
CARY;TWO-WAY,NOT DIVIDED;DAYLIGHT;CLEAR;0;0;;STOP AND GO SIGNAL;VAN;SPORT UTILITY;NONE;NONE;;2016-04-27T10:37:00-04:00;2016;No;No;4;10
.1 MILES FROM SR 1370 (TRYON RD);TWO-WAY,DIVIDED,POSITIVE MEDIAN BARRIER;DAYLIGHT;CLEAR;0;2;;NO CONTROL PRESENT;PASSENGER CAR;PASSENGER CAR;NONE;NONE;;2016-04-27T12:55:00-04:00;2016;No;Yes;4;12
0 FEET FROM SR 1652 (N HARRISON AVE);TWO-WAY,NOT DIVIDED;DAYLIGHT;CLEAR;0;0;;STOP AND GO SIGNAL;PASSENGER CAR;PASSENGER CAR;NONE;NONE;;2016-04-27T10:05:00-04:00;2016;No;No;4;10
.1 MILES FROM E DYNASTY DR;TWO-WAY,NOT DIVIDED;DAYLIGHT;CLOUDY;0;0;;NO CONTROL PRESENT;PASSENGER CAR;PASSENGER CAR;PASSENGER CAR;NONE;;2016-04-28T18:15:38-04:00;2016;No;No;4;18
.12 MILES FROM PVA 6770 MCCRIMMON PKWY;TWO-WAY,NOT DIVIDED;DAYLIGHT;CLEAR;0;0;;NO CONTROL PRESENT;PASSENGER CAR;SPORT UTILITY;NONE;NONE;;2016-04-25T06:45:50-04:00;2016;No;No;4;06
100 FEET FROM SR-1423 PINEY PLAINS RD;TWO-WAY,NOT DIVIDED;DAYLIGHT;RAIN;0;0;;NO CONTROL PRESENT;PASSENGER CAR;NONE;NONE;NONE;;2016-04-28T19:54:08-04:00;2016;No;No;4;19
200 FEET FROM PVA 1253 BUCK JONES RD;ONE-WAY,NOT DIVIDED;DAYLIGHT;CLEAR;0;1;;NO CONTROL PRESENT;PASSENGER CAR;PASSENGER CAR;NONE;NONE;;2016-04-28T14:42:35-04:00;2016;No;Yes;4;14
.04 MILES FROM US 64 HWY;TWO-WAY,DIVIDED,UNPROTECTED MEDIAN;DAYLIGHT;CLOUDY;0;0;;NO CONTROL PRESENT;SPORT UTILITY;PASSENGER CAR;NONE;NONE;;2016-04-28T17:04:58-04:00;2016;No;No;4;17
.1 MILES FROM US HWY 1;TWO-WAY,DIVIDED,POSITIVE MEDIAN BARRIER;DAYLIGHT;RAIN;0;0;;NO CONTROL PRESENT;SPORT UTILITY;PASSENGER CAR;PASSENGER CAR;NONE;;2016-04-28T21:56:15-04:00;2016;No;No;4;21
300 FEET FROM SR1415 (NE MAYNARD RD);TWO-WAY,NOT DIVIDED;DAYLIGHT;RAIN;0;0;;NO CONTROL PRESENT;PASSENGER CAR;PICKUP;PASSENGER CAR;NONE;;2016-04-28T17:53:34-04:00;2016;No;No;4;17
.10 MILES FROM PVA OF 427 CROSSROADS  BLVD;TWO-WAY,NOT DIVIDED;DAYLIGHT;CLEAR;0;0;;NO CONTROL PRESENT;PASSENGER CAR;PASSENGER CAR;NONE;NONE;;2016-04-28T12:10:00-04:00;2016;No;No;4;12
150 FEET FROM SR 1615 (HIGH HOUSE RD);TWO-WAY,DIVIDED,UNPROTECTED MEDIAN;DAYLIGHT;CLEAR;0;0;;NO CONTROL PRESENT;PASSENGER CAR;VAN;NONE;NONE;;2016-04-28T15:09:51-04:00;2016;No;No;4;15
100 FEET FROM SR 1300 (KILDAIRE FARM RD);TWO-WAY,DIVIDED,UNPROTECTED MEDIAN;DAYLIGHT;RAIN;0;0;;NO CONTROL PRESENT;PASSENGER CAR;SPORT UTILITY;PICKUP;NONE;;2016-04-28T20:23:42-04:00;2016;No;No;4;20
CARY;TWO-WAY,DIVIDED,POSITIVE MEDIAN BARRIER;DAYLIGHT;CLEAR;0;1;;NO CONTROL PRESENT;PASSENGER CAR;PASSENGER CAR;NONE;NONE;;2016-04-29T13:36:45-04:00;2016;No;Yes;4;13
CARY;TWO-WAY,DIVIDED,UNPROTECTED MEDIAN;DAYLIGHT;CLEAR;0;0;;STOP AND GO SIGNAL;PASSENGER CAR;PASSENGER CAR;NONE;NONE;;2016-04-29T18:21:22-04:00;2016;No;No;4;18
CARY;TWO-WAY,DIVIDED,UNPROTECTED MEDIAN;DAYLIGHT;CLEAR;0;0;;STOP AND GO SIGNAL;PICKUP;VAN;NONE;NONE;;2016-04-29T13:30:37-04:00;2016;No;No;4;13
200 FEET FROM CHIME CT;TWO-WAY,NOT DIVIDED;DUSK;RAIN;0;0;;NO CONTROL PRESENT;PASSENGER CAR;NONE;NONE;NONE;;2016-04-29T21:43:26-04:00;2016;No;No;4;21
250 FEET FROM CARPENTER GLENN DR;TWO-WAY,NOT DIVIDED;DAYLIGHT;CLEAR;0;0;;NO CONTROL PRESENT;SINGLE UNIT TRUCK (2-AXLE- 6-TIRE);PASSENGER CAR;NONE;NONE;;2016-04-29T18:33:25-04:00;2016;No;No;4;18
330 FEET FROM DAVIS DR (1613);TWO-WAY,DIVIDED,POSITIVE MEDIAN BARRIER;DAYLIGHT;CLEAR;0;1;;FLASHING STOP AND GO SIGNAL;PASSENGER CAR;NONE;NONE;NONE;;2016-04-29T19:13:27-04:00;2016;No;Yes;4;19
.22 MILES FROM SR #1423 (PINEY PLAINS RD);TWO-WAY,DIVIDED,POSITIVE MEDIAN BARRIER;DUSK;CLOUDY;0;0;;STOP AND GO SIGNAL;PASSENGER CAR;PASSENGER CAR;NONE;NONE;;2016-04-30T19:24:12-04:00;2016;No;No;4;19
.24 MILES FROM CROSSROADS BLVD;TWO-WAY,DIVIDED,UNPROTECTED MEDIAN;DAYLIGHT;CLEAR;0;0;;STOP SIGN;SPORT UTILITY;PASSENGER CAR;NONE;NONE;;2016-05-01T13:35:04-04:00;2016;No;No;5;13
CARY;TWO-WAY,DIVIDED,POSITIVE MEDIAN BARRIER;DAYLIGHT;CLEAR;0;0;;STOP AND GO SIGNAL;SPORT UTILITY;SPORT UTILITY;NONE;NONE;;2016-05-01T16:02:34-04:00;2016;No;No;5;16
20 FEET FROM PVA OF 22000 HAVERS DR;TWO-WAY,NOT DIVIDED;NONE;CLEAR;0;0;;NO CONTROL PRESENT;NONE;PASSENGER CAR;NONE;NONE;;2016-05-02T13:01:26-04:00;2016;No;No;5;13
300 FEET FROM PVA OF 204 CROSSROADS BLVD;ONE-WAY,NOT DIVIDED;DUSK;RAIN;0;0;;NO CONTROL PRESENT;PASSENGER CAR;PICKUP;NONE;NONE;;2016-05-02T22:18:00-04:00;2016;No;No;5;22
405 FEET FROM PVA OF 419 CROSSROADS BLVD;TWO-WAY,NOT DIVIDED;DAYLIGHT;CLEAR;0;1;;NO CONTROL PRESENT;SPORT UTILITY;NONE;NONE;NONE;;2016-05-01T19:15:21-04:00;2016;No;Yes;5;19
20 FEET FROM SR#1625 GREEN LEVEL CHURCH RD;TWO-WAY,NOT DIVIDED;DAYLIGHT;RAIN;0;0;;NO CONTROL PRESENT;SPORT UTILITY;PASSENGER CAR;NONE;NONE;;2016-05-03T08:23:47-04:00;2016;No;No;5;08
.15 MILES FROM CONVENTION DR;TWO-WAY,NOT DIVIDED;DAYLIGHT;CLOUDY;0;0;;NO CONTROL PRESENT;PASSENGER CAR;PASSENGER CAR;NONE;NONE;;2016-05-04T09:48:50-04:00;2016;No;No;5;09
20 FEET FROM SR 1011 (W CHATHAM ST);TWO-WAY,NOT DIVIDED;DAYLIGHT;CLEAR;0;0;;STOP SIGN;PASSENGER CAR;PASSENGER CAR;NONE;NONE;;2016-05-04T08:21:26-04:00;2016;No;No;5;08
140 FEET FROM 2030 KILDAIRE FARM RD;TWO-WAY,NOT DIVIDED;DAYLIGHT;CLEAR;0;3;FAILURE TO OBEY TRAFFIC SIGNS,SIGNALS,FAILURE TO OBEY TRAFFIC SIGNS,SIGNALS;NO CONTROL PRESENT;SPORT UTILITY;PASSENGER CAR;NONE;NONE;;2016-04-21T14:11:18-04:00;2016;No;Yes;4;14
50 FEET FROM SR 3977 (SW CARY PKWY);TWO-WAY,DIVIDED,UNPROTECTED MEDIAN;DAYLIGHT;RAIN;0;0;;STOP AND GO SIGNAL;PASSENGER CAR;SPORT UTILITY;NONE;NONE;;2016-05-05T14:24:54-04:00;2016;No;No;5;14
0 FEET FROM SR 1319 (JONES FRANKLIN RD);TWO-WAY,NOT DIVIDED;DARK - LIGHTED ROADWAY;RAIN;0;0;;STOP AND GO SIGNAL;PICKUP;PASSENGER CAR;NONE;NONE;;2016-05-05T21:36:16-04:00;2016;No;No;5;21
60 FEET FROM SR-1300 KILDAIRE FARM RD;TWO-WAY,DIVIDED,UNPROTECTED MEDIAN;DAYLIGHT;CLEAR;0;0;;NO CONTROL PRESENT;PASSENGER CAR;SPORT UTILITY;NONE;NONE;;2016-05-05T18:29:08-04:00;2016;No;No;5;18
.25 MILES FROM U.S. 1 HWY;TWO-WAY,DIVIDED,POSITIVE MEDIAN BARRIER;DARK - LIGHTED ROADWAY;RAIN;0;0;;NO CONTROL PRESENT;PASSENGER CAR;SPORT UTILITY;NONE;NONE;;2016-05-05T21:00:30-04:00;2016;No;No;5;21
489 FEET FROM US1;TWO-WAY,DIVIDED,POSITIVE MEDIAN BARRIER;DAYLIGHT;CLEAR;0;0;;NO CONTROL PRESENT;PASSENGER CAR;NONE;NONE;NONE;;2016-05-07T19:10:32-04:00;2016;No;No;5;19
CARY;TWO-WAY,NOT DIVIDED;DAYLIGHT;RAIN;0;0;;NO CONTROL PRESENT;SPORT UTILITY;PASSENGER CAR;PASSENGER CAR;NONE;;2016-05-06T18:53:25-04:00;2016;No;No;5;18
CARY;TWO-WAY,NOT DIVIDED;DAYLIGHT;CLEAR;0;0;;STOP AND GO SIGNAL;PASSENGER CAR;SPORT UTILITY;PASSENGER CAR;NONE;;2016-05-06T08:24:43-04:00;2016;No;No;5;08
100 FEET FROM PVA (4248 NW CARY PKWY);ONE-WAY,NOT DIVIDED;DAYLIGHT;CLEAR;0;0;;NO CONTROL PRESENT;SPORT UTILITY;VAN;NONE;NONE;;2016-05-07T08:17:22-04:00;2016;No;No;5;08
0 FEET FROM NC 54 HWY (NW MAYNARD RD);TWO-WAY,DIVIDED,UNPROTECTED MEDIAN;DAYLIGHT;CLOUDY;0;0;;STOP AND GO SIGNAL;SPORT UTILITY;PASSENGER CAR;NONE;NONE;;2016-05-06T16:04:12-04:00;2016;No;No;5;16
127 FEET FROM PVA OF 200 CROSSROADS BLVD;TWO-WAY,NOT DIVIDED;DAYLIGHT;CLOUDY;0;0;;NO CONTROL PRESENT;PASSENGER CAR;PASSENGER CAR;NONE;NONE;;2016-05-09T12:20:00-04:00;2016;No;No;5;12
.09 MILES FROM SR 1313 (WALNUT ST);TWO-WAY,NOT DIVIDED;DAYLIGHT;CLEAR;0;0;;OTHER *;PASSENGER CAR;PASSENGER CAR;NONE;NONE;;2016-05-10T10:48:00-04:00;2016;No;No;5;10
25 FEET FROM 5801 TRYON RD;TWO-WAY,NOT DIVIDED;DAYLIGHT;CLEAR;0;0;;NO CONTROL PRESENT;PICKUP;PASSENGER CAR;NONE;NONE;;2016-05-10T22:26:00-04:00;2016;No;No;5;22
300 FEET FROM PVA OF 150 PARKWAY OFFICE CT;TWO-WAY,NOT DIVIDED;DAYLIGHT;CLEAR;0;0;;NO CONTROL PRESENT;VAN;SPORT UTILITY;NONE;NONE;;2016-05-10T12:53:00-04:00;2016;No;No;5;12
.17 MILES FROM TRINITY GROVE DR;TWO-WAY,NOT DIVIDED;DAYLIGHT;CLEAR;0;0;;NO CONTROL PRESENT;NONE;NONE;NONE;NONE;;2016-05-11T09:47:44-04:00;2016;No;No;5;09
50 FEET FROM OLD APE RD SR 1616;TWO-WAY,NOT DIVIDED;DAYLIGHT;CLEAR;0;0;;NO CONTROL PRESENT;PASSENGER CAR;PASSENGER CAR;NONE;NONE;;2016-05-10T07:55:53-04:00;2016;No;No;5;07
.18 MILES FROM US 1 (NORTHBOUND);TWO-WAY,DIVIDED,POSITIVE MEDIAN BARRIER;DAYLIGHT;CLEAR;0;0;;NO CONTROL PRESENT;PICKUP;PASSENGER CAR;NONE;NONE;;2016-05-11T12:53:00-04:00;2016;No;No;5;12
200 FEET FROM US 64 HWY;TWO-WAY,DIVIDED,UNPROTECTED MEDIAN;DAYLIGHT;CLOUDY;0;0;;STOP SIGN;PASSENGER CAR;SPORT UTILITY;PASSENGER CAR;NONE;;2016-05-10T09:07:00-04:00;2016;No;No;5;09
250 FEET FROM SR 1300 (KILDAIRE FARM RD);TWO-WAY,DIVIDED,UNPROTECTED MEDIAN;DAYLIGHT;CLEAR;0;0;;STOP AND GO SIGNAL;SPORT UTILITY;PASSENGER CAR;NONE;NONE;;2016-05-11T12:09:00-04:00;2016;No;No;5;12
25 FEET FROM COLONADES WAY;TWO-WAY,NOT DIVIDED;DAYLIGHT;CLEAR;0;0;;NO CONTROL PRESENT;PASSENGER CAR;SPORT UTILITY;NONE;NONE;;2016-05-10T16:23:39-04:00;2016;No;No;5;16
300 FEET FROM 1105 WALNUT ST (PVA);TWO-WAY,NOT DIVIDED;DAYLIGHT;CLEAR;0;0;;NO CONTROL PRESENT;PASSENGER CAR;SPORT UTILITY;NONE;NONE;;2016-05-11T17:56:34-04:00;2016;No;No;5;17
0 FEET FROM SR 1652 (N HARRISON AV);TWO-WAY,DIVIDED,UNPROTECTED MEDIAN;DAYLIGHT;CLEAR;0;0;;STOP AND GO SIGNAL;PASSENGER CAR;SPORT UTILITY;NONE;NONE;;2016-05-13T21:04:56-04:00;2016;No;No;5;21
10 FEET FROM SR 1613 (DAVIS DR);TWO-WAY,DIVIDED,UNPROTECTED MEDIAN;DAYLIGHT;CLEAR;0;0;;STOP AND GO SIGNAL;PASSENGER CAR;SPORT UTILITY;NONE;NONE;;2016-05-15T06:43:28-04:00;2016;No;No;5;06
CARY;TWO-WAY,DIVIDED,UNPROTECTED MEDIAN;DAYLIGHT;CLEAR;0;1;;STOP AND GO SIGNAL;PASSENGER CAR;PASSENGER CAR;NONE;NONE;;2016-05-13T15:16:35-04:00;2016;No;Yes;5;15
250 FEET FROM MAINSAIL DR;TWO-WAY,NOT DIVIDED;DAYLIGHT;CLOUDY;0;0;;NO CONTROL PRESENT;SPORT UTILITY;PASSENGER CAR;NONE;NONE;;2016-05-13T18:51:58-04:00;2016;No;No;5;18
476 FEET FROM P.V.A. 1261 BUCK JONES RD;ONE-WAY,NOT DIVIDED;DAYLIGHT;CLEAR;0;0;;NO CONTROL PRESENT;PASSENGER CAR;PICKUP;NONE;NONE;;2016-05-14T11:54:00-04:00;2016;No;No;5;11
NEAR .01 MILES SE OF SE SR #1349 (DILLARD DR);TWO-WAY,NOT DIVIDED;DAYLIGHT;CLEAR;0;0;;STOP AND GO SIGNAL;VAN;PASSENGER CAR;NONE;NONE;;2016-05-14T13:32:08-04:00;2016;No;No;5;13
400 FEET FROM PVA 6430 TRYON RD;TWO-WAY,NOT DIVIDED;DAYLIGHT;CLEAR;0;0;;NO CONTROL PRESENT;PASSENGER CAR;PASSENGER CAR;NONE;NONE;;2016-05-13T14:20:27-04:00;2016;No;No;5;14
.1 MILES FROM CROSSROADS BLVD.;TWO-WAY,DIVIDED,UNPROTECTED MEDIAN;DAYLIGHT;CLEAR;0;0;;STOP SIGN;PASSENGER CAR;PASSENGER CAR;NONE;NONE;;2016-05-14T13:08:23-04:00;2016;No;No;5;13