Location_Description;Road_Configuration;Light_Condition;Weather;Fatality;Injury;Contributing_Factor;Traffic_Control;Vehicle1;Vehicle2;Vehicle3;Vehicle4;Vehicle5;Crash_Date;year;Fatalities;Injuries;Month;Hour
.2 MILES FROM PVA OF 2700 LOUIS STEPHENS RD;TWO-WAY,NOT DIVIDED;DAYLIGHT;CLEAR;0;0;;NO CONTROL PRESENT;SPORT UTILITY;SPORT UTILITY;NONE;NONE;;2017-04-27T08:49:12-04:00;2017;No;No;4;08
.10 MILES FROM SR1497 (CARY TOWNE BLVD);TWO-WAY,NOT DIVIDED;DAYLIGHT;CLEAR;0;0;;NO CONTROL PRESENT;PASSENGER CAR;SPORT UTILITY;NONE;NONE;;2017-05-03T10:19:00-04:00;2017;No;No;5;10
15 FEET FROM PVA 2010 KILDAIRE FARM RD;TWO-WAY,DIVIDED,UNPROTECTED MEDIAN;DAYLIGHT;CLEAR;0;0;;STOP SIGN;PASSENGER CAR;PICKUP;NONE;NONE;;2017-05-03T18:07:05-04:00;2017;No;No;5;18
CARY;ONE-WAY,NOT DIVIDED;DAYLIGHT;CLEAR;0;0;;STOP AND GO SIGNAL;PICKUP;SPORT UTILITY;NONE;NONE;;2017-05-03T18:13:00-04:00;2017;No;No;5;18
.1 MILES FROM SR 1415 (SE MAYNARD RD);TWO-WAY,NOT DIVIDED;DAYLIGHT;CLEAR;0;0;;NO CONTROL PRESENT;MOPED;NONE;NONE;NONE;;2017-05-03T07:38:48-04:00;2017;No;No;5;07
.10 MILES FROM PVA ( 187 HIGH HOUSE RD );TWO-WAY,NOT DIVIDED;DAYLIGHT;CLEAR;0;0;;NO CONTROL PRESENT;PASSENGER CAR;SPORT UTILITY;NONE;NONE;;2017-05-03T14:16:20-04:00;2017;No;No;5;14
.5 MILES FROM PVA 2310 WALNUT ST;TWO-WAY,NOT DIVIDED;DAYLIGHT;CLOUDY;0;0;;STOP AND GO SIGNAL;PASSENGER CAR;PASSENGER CAR;NONE;NONE;;2017-05-04T15:15:10-04:00;2017;No;No;5;15
200 FEET FROM FRYAR CREEK DR;TWO-WAY,NOT DIVIDED;DAYLIGHT;CLOUDY;0;0;;NO CONTROL PRESENT;PASSENGER CAR;PICKUP;NONE;NONE;;2017-05-04T15:48:17-04:00;2017;No;No;5;15
20 FEET FROM CROSSROADS BLVD;TWO-WAY,DIVIDED,UNPROTECTED MEDIAN;DAYLIGHT;CLEAR;0;0;;STOP AND GO SIGNAL;SPORT UTILITY;PASSENGER CAR;NONE;NONE;;2017-05-07T12:13:00-04:00;2017;No;No;5;12
60 FEET FROM NW MAYNARD RD;TWO-WAY,DIVIDED,POSITIVE MEDIAN BARRIER;DAYLIGHT;CLOUDY;0;0;;STOP AND GO SIGNAL;PASSENGER CAR;VAN;NONE;NONE;;2017-05-06T14:19:46-04:00;2017;No;No;5;14
CARY;TWO-WAY,NOT DIVIDED;DAYLIGHT;CLEAR;0;0;;NO CONTROL PRESENT;SPORT UTILITY;NONE;NONE;NONE;;2017-05-06T14:20:13-04:00;2017;No;No;5;14
450 FEET FROM US 1 SOUTH EXIT RAMP (US 64 W);ONE-WAY,NOT DIVIDED;DAYLIGHT;CLEAR;0;0;;STOP AND GO SIGNAL;SPORT UTILITY;PASSENGER CAR;NONE;NONE;;2017-05-08T14:44:23-04:00;2017;No;No;5;14
.107 MILES FROM SR 3084 (EVANS RD);TWO-WAY,NOT DIVIDED;DARK - LIGHTED ROADWAY;CLEAR;0;0;;NO CONTROL PRESENT;PASSENGER CAR;NONE;NONE;NONE;;2017-05-07T00:52:00-04:00;2017;No;No;5;00
5 FEET FROM SR 1415 (SE MAYNARD AVE);TWO-WAY,NOT DIVIDED;DAYLIGHT;CLEAR;0;0;;NO CONTROL PRESENT;PASSENGER CAR;PASSENGER CAR;PASSENGER CAR;NONE;;2017-05-07T18:07:45-04:00;2017;No;No;5;18
1 MILES FROM US1;TWO-WAY,DIVIDED,POSITIVE MEDIAN BARRIER;DAYLIGHT;CLEAR;0;0;;NO CONTROL PRESENT;PASSENGER CAR;NONE;NONE;NONE;;2017-05-08T12:13:00-04:00;2017;No;No;5;12
CARY;TWO-WAY,DIVIDED,UNPROTECTED MEDIAN;DAYLIGHT;CLEAR;0;0;;NO CONTROL PRESENT;PASSENGER CAR;SPORT UTILITY;NONE;NONE;;2017-05-03T09:55:25-04:00;2017;No;No;5;09
271 FEET FROM P.V.A. (7001 WESTON PKWY);TWO-WAY,NOT DIVIDED;DAYLIGHT;CLOUDY;0;0;;NO CONTROL PRESENT;SPORT UTILITY;SPORT UTILITY;NONE;NONE;;2017-05-09T10:13:00-04:00;2017;No;No;5;10
.02 MILES FROM MONETA LN;TWO-WAY,NOT DIVIDED;DAWN;CLOUDY;0;0;;NO CONTROL PRESENT;SPORT UTILITY;NONE;NONE;NONE;;2017-05-09T07:22:01-04:00;2017;No;No;5;07
25 FEET FROM SR 1009 (TRYON RD);TWO-WAY,DIVIDED,UNPROTECTED MEDIAN;DAYLIGHT;CLOUDY;0;0;;NO CONTROL PRESENT;PASSENGER CAR;PASSENGER CAR;NONE;NONE;;2017-05-09T17:11:21-04:00;2017;No;No;5;17
100 FEET FROM US 1;TWO-WAY,DIVIDED,UNPROTECTED MEDIAN;DAYLIGHT;CLEAR;0;0;;NO CONTROL PRESENT;SPORT UTILITY;SPORT UTILITY;NONE;NONE;;2017-05-09T19:19:06-04:00;2017;No;No;5;19
78 FEET FROM SR 1011 ( W CHATHAM ST );TWO-WAY,DIVIDED,UNPROTECTED MEDIAN;DAYLIGHT;CLOUDY;0;0;;NO CONTROL PRESENT;PASSENGER CAR;SPORT UTILITY;NONE;NONE;;2017-05-09T16:04:28-04:00;2017;No;No;5;16
CARY;NONE;NONE;NONE;0;0;;;PASSENGER CAR;NONE;NONE;NONE;;2017-05-09T14:20:40-04:00;2017;No;No;5;14
50 FEET FROM 885 WALNUT ST;TWO-WAY,NOT DIVIDED;DAYLIGHT;CLEAR;0;0;;NO CONTROL PRESENT;PASSENGER CAR;PASSENGER CAR;NONE;NONE;;2017-05-10T17:40:06-04:00;2017;No;No;5;17
400 FEET FROM SR1625 (GREEN LEVEL CHURCH RD);TWO-WAY,DIVIDED,UNPROTECTED MEDIAN;DAYLIGHT;CLEAR;0;0;;STOP AND GO SIGNAL;PASSENGER CAR;SPORT UTILITY;NONE;NONE;;2017-05-05T20:50:04-04:00;2017;No;No;5;20
30 FEET FROM SR 1009 (TRYON RD);TWO-WAY,DIVIDED,UNPROTECTED MEDIAN;DAYLIGHT;CLEAR;0;0;;STOP AND GO SIGNAL;PICKUP;SPORT UTILITY;NONE;NONE;;2017-05-10T18:17:19-04:00;2017;No;No;5;18
100 FEET FROM APPLEDOWN DR;TWO-WAY,NOT DIVIDED;DAYLIGHT;CLEAR;0;0;;NO CONTROL PRESENT;PICKUP;PASSENGER CAR;NONE;NONE;;2017-05-10T08:45:02-04:00;2017;No;No;5;08
CARY;NONE;NONE;NONE;0;0;;;NONE;NONE;NONE;NONE;;2017-05-10T12:30:00-04:00;2017;No;No;5;12
.15 MILES FROM P.V.A. (600 SAS CAMPUS DR);TWO-WAY,NOT DIVIDED;DAYLIGHT;CLEAR;0;1;;NO CONTROL PRESENT;PASSENGER CAR;NONE;NONE;NONE;;2017-05-11T16:53:08-04:00;2017;No;Yes;5;16
75 FEET FROM NC 55 HWY;TWO-WAY,DIVIDED,UNPROTECTED MEDIAN;DAYLIGHT;CLEAR;0;1;;STOP AND GO SIGNAL;PICKUP;PASSENGER CAR;NONE;NONE;;2017-05-11T10:39:00-04:00;2017;No;Yes;5;10
15 FEET FROM BOND PARK DR;TWO-WAY,DIVIDED,UNPROTECTED MEDIAN;DAYLIGHT;CLEAR;0;0;;NO CONTROL PRESENT;PASSENGER CAR;PASSENGER CAR;NONE;NONE;;2017-05-14T14:49:29-04:00;2017;No;No;5;14
100 FEET FROM PVA (885 WALNUT ST);TWO-WAY,NOT DIVIDED;DAYLIGHT;CLEAR;0;0;;NO CONTROL PRESENT;PASSENGER CAR;SPORT UTILITY;NONE;NONE;;2017-05-11T17:11:42-04:00;2017;No;No;5;17
.50 MILES FROM SR # 1652 (N HARRISON AVE);TWO-WAY,NOT DIVIDED;DAYLIGHT;CLEAR;0;0;;NO CONTROL PRESENT;PASSENGER CAR;NONE;NONE;NONE;;2017-05-14T18:32:20-04:00;2017;No;No;5;18
78 FEET FROM SR# 1010 (TEN TEN RD);TWO-WAY,DIVIDED,UNPROTECTED MEDIAN;DAYLIGHT;CLEAR;0;0;;NO CONTROL PRESENT;PASSENGER CAR;SPORT UTILITY;NONE;NONE;;2017-05-16T19:44:46-04:00;2017;No;No;5;19
100 FEET FROM US 64;TWO-WAY,DIVIDED,UNPROTECTED MEDIAN;DAYLIGHT;CLEAR;0;0;;NO CONTROL PRESENT;PASSENGER CAR;PASSENGER CAR;NONE;NONE;;2017-05-17T08:19:01-04:00;2017;No;No;5;08
.05 MILES FROM W CHATHAM ST;TWO-WAY,DIVIDED,UNPROTECTED MEDIAN;DAYLIGHT;CLEAR;0;0;;STOP AND GO SIGNAL;PASSENGER CAR;PASSENGER CAR;NONE;NONE;;2017-05-16T15:41:59-04:00;2017;No;No;5;15
0 FEET FROM WALDO ROOD BLVD;TWO-WAY,NOT DIVIDED;DAYLIGHT;CLEAR;0;0;;STOP AND GO SIGNAL;PASSENGER CAR;SPORT UTILITY;NONE;NONE;;2017-05-16T15:33:56-04:00;2017;No;No;5;15
CARY;TWO-WAY,DIVIDED,POSITIVE MEDIAN BARRIER;DAYLIGHT;CLEAR;0;0;;STOP AND GO SIGNAL;SPORT UTILITY;SPORT UTILITY;PASSENGER CAR;NONE;;2017-05-17T21:47:36-04:00;2017;No;No;5;21
30 FEET FROM US 1 HWY TO BUCK JONES RAMP SB;ONE-WAY,NOT DIVIDED;DAYLIGHT;CLEAR;0;0;;STOP SIGN;PASSENGER CAR;LIGHT TRUCK (MINI-VAN- PANEL);NONE;NONE;;2017-05-16T18:10:42-04:00;2017;No;No;5;18
350 FEET FROM WALNUT ST TO US 1 RAMP NB;ONE-WAY,NOT DIVIDED;DAYLIGHT;CLEAR;0;0;;YIELD SIGN;PASSENGER CAR;PASSENGER CAR;NONE;NONE;;2017-05-16T19:03:50-04:00;2017;No;No;5;19
150 FEET FROM GREENFIELD KNOLL DR;TWO-WAY,NOT DIVIDED;DAYLIGHT;CLEAR;0;0;;NO CONTROL PRESENT;PASSENGER CAR;SPORT UTILITY;NONE;NONE;;2017-05-18T14:47:36-04:00;2017;No;No;5;14
275 FEET FROM DOVE COTTAGE LN;TWO-WAY,NOT DIVIDED;DARK - LIGHTED ROADWAY;CLEAR;0;0;;NO CONTROL PRESENT;SPORT UTILITY;PASSENGER CAR;NONE;NONE;;2017-05-17T23:42:00-04:00;2017;No;No;5;23
.284 MILES FROM NC 55 HWY;TWO-WAY,DIVIDED,UNPROTECTED MEDIAN;DAYLIGHT;CLEAR;0;0;;NO CONTROL PRESENT;PASSENGER CAR;SPORT UTILITY;NONE;NONE;;2017-05-18T07:53:29-04:00;2017;No;No;5;07
295 FEET FROM PVA OF 3655 SW CARY PARKWAY;TWO-WAY,NOT DIVIDED;DAYLIGHT;CLEAR;0;0;;NO CONTROL PRESENT;SPORT UTILITY;SPORT UTILITY;NONE;NONE;;2017-05-19T12:27:00-04:00;2017;No;No;5;12
30 FEET FROM SR1615 (HIGH HOUSE RD);TWO-WAY,DIVIDED,UNPROTECTED MEDIAN;DAYLIGHT;CLEAR;0;1;FAILURE TO YIELD RIGHT OF WAY;NO CONTROL PRESENT;PASSENGER CAR;SPORT UTILITY;NONE;NONE;;2017-05-19T13:47:18-04:00;2017;No;Yes;5;13
314 FEET FROM SR 1011 (E CHATHAM ST);TWO-WAY,NOT DIVIDED;DARK - LIGHTED ROADWAY;CLEAR;0;0;;NO CONTROL PRESENT;PASSENGER CAR;PICKUP;NONE;NONE;;2017-05-20T00:28:00-04:00;2017;No;No;5;00
CARY;NONE;NONE;NONE;0;0;;;NONE;NONE;NONE;NONE;;2017-05-21T19:07:51-04:00;2017;No;No;5;19
CARY;NONE;NONE;NONE;0;0;;;NONE;NONE;NONE;NONE;;2017-05-20T20:45:08-04:00;2017;No;No;5;20
80 FEET FROM PVA OF 1225 KILDAIRE FARM RD;TWO-WAY,NOT DIVIDED;DAYLIGHT;CLEAR;0;0;;NO CONTROL PRESENT;PASSENGER CAR;PASSENGER CAR;NONE;NONE;;2017-05-20T14:13:33-04:00;2017;No;No;5;14
250 FEET FROM SR 1010 (TEN-TEN RD);TWO-WAY,NOT DIVIDED;DAYLIGHT;CLEAR;0;0;;NO CONTROL PRESENT;PICKUP;PASSENGER CAR;NONE;NONE;;2017-05-19T17:29:34-04:00;2017;No;No;5;17
CARY;TWO-WAY,NOT DIVIDED;DAYLIGHT;CLEAR;0;0;;STOP SIGN;PASSENGER CAR;PASSENGER CAR;NONE;NONE;;2017-05-19T16:44:56-04:00;2017;No;No;5;16
100 FEET FROM WINDING OAK WAY;TWO-WAY,NOT DIVIDED;DAYLIGHT;CLEAR;0;1;;STOP SIGN;PASSENGER CAR;NONE;NONE;NONE;;2017-05-19T21:49:32-04:00;2017;No;Yes;5;21
.10 MILES FROM US 64 HWY;TWO-WAY,DIVIDED,UNPROTECTED MEDIAN;DAYLIGHT;CLEAR;0;0;;NO CONTROL PRESENT;PICKUP;PASSENGER CAR;NONE;NONE;;2017-05-19T22:27:00-04:00;2017;No;No;5;22
CARY;TWO-WAY,DIVIDED,UNPROTECTED MEDIAN;DAYLIGHT;CLEAR;0;0;;STOP AND GO SIGNAL;PASSENGER CAR;PASSENGER CAR;NONE;NONE;;2017-05-22T11:47:00-04:00;2017;No;No;5;11
100 FEET FROM SR-1010 (TEN TEN RD);TWO-WAY,NOT DIVIDED;DAYLIGHT;CLOUDY;0;1;;NO CONTROL PRESENT;SPORT UTILITY;VAN;NONE;NONE;;2017-05-22T17:54:56-04:00;2017;No;Yes;5;17
20 FEET FROM PVA AT 280 MEETING ST;TWO-WAY,NOT DIVIDED;DAYLIGHT;RAIN;0;0;;NO CONTROL PRESENT;SPORT UTILITY;PASSENGER CAR;NONE;NONE;;2017-05-23T09:54:53-04:00;2017;No;No;5;09
100 FEET FROM PVA 111 CORNING RD;ONE-WAY,NOT DIVIDED;DAYLIGHT;RAIN;0;0;;NO CONTROL PRESENT;PASSENGER CAR;PASSENGER CAR;NONE;NONE;;2017-05-23T18:14:10-04:00;2017;No;No;5;18
20 FEET FROM SR 3081(CHAPEL HILL RD);TWO-WAY,DIVIDED,UNPROTECTED MEDIAN;DAYLIGHT;CLOUDY;0;0;;NO CONTROL PRESENT;SPORT UTILITY;PASSENGER CAR;NONE;NONE;;2017-05-24T11:40:00-04:00;2017;No;No;5;11
100 FEET FROM SR 1011 (OLD APEX RD);TWO-WAY,DIVIDED,UNPROTECTED MEDIAN;DAYLIGHT;RAIN;0;0;;FLASHING STOP AND GO SIGNAL;SPORT UTILITY;PASSENGER CAR;PASSENGER CAR;NONE;;2017-05-23T15:30:24-04:00;2017;No;No;5;15
CARY;TWO-WAY,DIVIDED,UNPROTECTED MEDIAN;DAYLIGHT;CLOUDY;0;1;;STOP AND GO SIGNAL;PICKUP;PASSENGER CAR;NONE;NONE;;2017-05-24T13:02:23-04:00;2017;No;Yes;5;13
CARY;TWO-WAY,DIVIDED,UNPROTECTED MEDIAN;DAYLIGHT;CLEAR;0;0;;STOP AND GO SIGNAL;PASSENGER CAR;PASSENGER CAR;NONE;NONE;;2017-05-25T09:21:04-04:00;2017;No;No;5;09
0 FEET FROM SR 3977 (CARY PKWY);TWO-WAY,DIVIDED,UNPROTECTED MEDIAN;DAYLIGHT;CLEAR;0;1;;STOP AND GO SIGNAL;SPORT UTILITY;PASSENGER CAR;NONE;NONE;;2017-05-19T14:10:48-04:00;2017;No;Yes;5;14
300 FEET FROM NC 55 HWY;TWO-WAY,DIVIDED,UNPROTECTED MEDIAN;DAYLIGHT;RAIN;0;0;;NO CONTROL PRESENT;PASSENGER CAR;VAN;NONE;NONE;;2017-05-23T16:26:48-04:00;2017;No;No;5;16
35 FEET FROM [SR1617]CARPENTER UPCHURCH RD;TWO-WAY,NOT DIVIDED;DAYLIGHT;RAIN;0;0;;STOP AND GO SIGNAL;PASSENGER CAR;PASSENGER CAR;NONE;NONE;;2017-05-23T20:46:06-04:00;2017;No;No;5;20
50 FEET FROM SR 1313 (WALNUT ST);TWO-WAY,NOT DIVIDED;DAYLIGHT;RAIN;0;0;;NO CONTROL PRESENT;SPORT UTILITY;PASSENGER CAR;NONE;NONE;;2017-05-23T12:32:00-04:00;2017;No;No;5;12
.2 MILES FROM SR 1612 (HOLT RD);TWO-WAY,NOT DIVIDED;DARK - ROADWAY NOT LIGHTED;CLEAR;0;0;;NO CONTROL PRESENT;PASSENGER CAR;NONE;NONE;NONE;;2017-05-26T05:51:45-04:00;2017;No;No;5;05
400 FEET FROM NC 55 HWY;TWO-WAY,DIVIDED,UNPROTECTED MEDIAN;DAYLIGHT;CLEAR;0;2;;NO CONTROL PRESENT;PASSENGER CAR;PICKUP;PICKUP;SPORT UTILITY;;2017-05-26T09:00:32-04:00;2017;No;Yes;5;09
0.2 MILES FROM PVA (100 AUTO MALL DR);ONE-WAY,NOT DIVIDED;DAYLIGHT;CLEAR;0;0;;NO CONTROL PRESENT;SPORT UTILITY;NONE;NONE;NONE;;2017-05-26T11:35:00-04:00;2017;No;No;5;11
.01 MILES FROM (PVA) 123 MIDDLE CREEK PARK AV;TWO-WAY,NOT DIVIDED;DAYLIGHT;CLEAR;0;0;;NO CONTROL PRESENT;PICKUP;PASSENGER CAR;NONE;NONE;;2017-05-26T10:51:00-04:00;2017;No;No;5;10
200 FEET FROM SR 1415 (SE MAYNARD RD);TWO-WAY,DIVIDED,UNPROTECTED MEDIAN;DAYLIGHT;CLEAR;0;0;;FLASHING STOP AND GO SIGNAL;VAN;SPORT UTILITY;NONE;NONE;;2017-05-26T16:59:40-04:00;2017;No;No;5;16
415 FEET FROM SR3073 (SW MAYNARD RD);TWO-WAY,DIVIDED,UNPROTECTED MEDIAN;DAYLIGHT;CLEAR;0;0;;NO CONTROL PRESENT;PASSENGER CAR;PICKUP;NONE;NONE;;2017-05-28T10:41:00-04:00;2017;No;No;5;10
50 FEET FROM US 1;ONE-WAY,NOT DIVIDED;DAYLIGHT;CLEAR;0;0;;NO CONTROL PRESENT;PASSENGER CAR;SPORT UTILITY;NONE;NONE;;2017-05-28T13:19:30-04:00;2017;No;No;5;13
CARY;TWO-WAY,NOT DIVIDED;DAYLIGHT;CLEAR;0;1;;NO CONTROL PRESENT;PICKUP;PASSENGER CAR;NONE;NONE;;2017-05-28T03:12:44-04:00;2017;No;Yes;5;03
.1 MILES FROM PVA (930 HIGH HOUSE RD);TWO-WAY,NOT DIVIDED;DAYLIGHT;CLEAR;0;0;;NO CONTROL PRESENT;PICKUP;PASSENGER CAR;NONE;NONE;;2017-05-27T15:02:08-04:00;2017;No;No;5;15
.5 MILES FROM NC 55 HWY;TWO-WAY,DIVIDED,UNPROTECTED MEDIAN;DAYLIGHT;CLEAR;0;1;;NO CONTROL PRESENT;SPORT UTILITY;SPORT UTILITY;NONE;NONE;;2017-05-24T13:13:40-04:00;2017;No;Yes;5;13
CARY;TWO-WAY,DIVIDED,UNPROTECTED MEDIAN;DAYLIGHT;CLEAR;0;1;;STOP AND GO SIGNAL;PASSENGER CAR;PASSENGER CAR;NONE;NONE;;2017-05-29T17:04:40-04:00;2017;No;Yes;5;17
300 FEET FROM SR 1300 KILDAIRE FARM RD;TWO-WAY,DIVIDED,POSITIVE MEDIAN BARRIER;DAYLIGHT;CLEAR;0;0;;NO CONTROL PRESENT;PASSENGER CAR;SPORT UTILITY;NONE;NONE;;2017-05-30T22:41:00-04:00;2017;No;No;5;22
50 FEET FROM US 1 NB RAMP;TWO-WAY,DIVIDED,UNPROTECTED MEDIAN;DAYLIGHT;CLEAR;0;0;;NO CONTROL PRESENT;SPORT UTILITY;SPORT UTILITY;NONE;NONE;;2017-05-31T10:44:00-04:00;2017;No;No;5;10
300 FEET FROM SR 1313 (WALNUT ST);TWO-WAY,NOT DIVIDED;DAYLIGHT;CLEAR;0;0;;NO CONTROL PRESENT;PASSENGER CAR;PASSENGER CAR;NONE;NONE;;2017-05-31T16:17:27-04:00;2017;No;No;5;16
.11 MILES FROM PVA 6770 MCCRIMMON PKWY;TWO-WAY,NOT DIVIDED;DAYLIGHT;CLEAR;0;0;;NO CONTROL PRESENT;PASSENGER CAR;VAN;NONE;NONE;;2017-05-30T12:08:00-04:00;2017;No;No;5;12
.1 MILES FROM P.V.A. (300 ASHVILLE AVE);TWO-WAY,NOT DIVIDED;DAYLIGHT;CLEAR;0;0;;NO CONTROL PRESENT;PASSENGER CAR;PASSENGER CAR;NONE;NONE;;2017-06-02T15:35:26-04:00;2017;No;No;6;15
CARY;TWO-WAY,NOT DIVIDED;DAYLIGHT;CLEAR;0;0;;STOP AND GO SIGNAL;PASSENGER CAR;PASSENGER CAR;NONE;NONE;;2017-06-02T20:46:38-04:00;2017;No;No;6;20
CARY;TWO-WAY,NOT DIVIDED;DAYLIGHT;CLOUDY;0;0;;STOP SIGN;PASSENGER CAR;PASSENGER CAR;NONE;NONE;;2017-06-05T07:57:42-04:00;2017;No;No;6;07
499 FEET FROM SR 3112 (NW CARY PKWY);TWO-WAY,DIVIDED,UNPROTECTED MEDIAN;DAYLIGHT;CLEAR;0;0;;STOP AND GO SIGNAL;PASSENGER CAR;SPORT UTILITY;NONE;NONE;;2017-06-05T18:43:13-04:00;2017;No;No;6;18
.12 MILES FROM US 64 HWY;TWO-WAY,DIVIDED,UNPROTECTED MEDIAN;DAYLIGHT;CLEAR;0;0;;STOP AND GO SIGNAL;PASSENGER CAR;SPORT UTILITY;NONE;NONE;;2017-06-05T15:36:11-04:00;2017;No;No;6;15
CARY;TWO-WAY,NOT DIVIDED;DAYLIGHT;CLEAR;0;1;;STOP SIGN;PASSENGER CAR;PASSENGER CAR;NONE;NONE;;2017-06-05T17:51:23-04:00;2017;No;Yes;6;17
150 FEET FROM 2350 WALNUT ST;TWO-WAY,NOT DIVIDED;DAYLIGHT;CLEAR;0;0;;NO CONTROL PRESENT;SPORT UTILITY;PASSENGER CAR;NONE;NONE;;2017-06-06T13:40:59-04:00;2017;No;No;6;13
.2 MILES FROM US 1;TWO-WAY,DIVIDED,POSITIVE MEDIAN BARRIER;DAYLIGHT;CLOUDY;0;0;;NO CONTROL PRESENT;PASSENGER CAR;PASSENGER CAR;NONE;NONE;;2017-06-07T17:11:44-04:00;2017;No;No;6;17
15 FEET FROM GREGSON DR;TWO-WAY,DIVIDED,UNPROTECTED MEDIAN;DAYLIGHT;CLEAR;0;0;;NO CONTROL PRESENT;PASSENGER CAR;PASSENGER CAR;NONE;NONE;;2017-06-07T17:14:30-04:00;2017;No;No;6;17
100 FEET FROM 102 JODHUPUR DR;TWO-WAY,NOT DIVIDED;DAYLIGHT;CLEAR;0;0;;NO CONTROL PRESENT;NONE;NONE;NONE;NONE;;2017-05-17T15:30:33-04:00;2017;No;No;5;15
.1894 MILES FROM US 1 HWY;TWO-WAY,DIVIDED,POSITIVE MEDIAN BARRIER;DAYLIGHT;CLEAR;0;0;;NO CONTROL PRESENT;PASSENGER CAR;PASSENGER CAR;NONE;NONE;;2017-06-07T18:13:32-04:00;2017;No;No;6;18
0 FEET FROM 500 BROOK ARBOR DRIVE;TWO-WAY,NOT DIVIDED;DAYLIGHT;CLEAR;0;0;;NO CONTROL PRESENT;PASSENGER CAR;VAN;NONE;NONE;;2017-06-07T15:20:24-04:00;2017;No;No;6;15
0.1 MILES FROM SR 3977 (SW CARY PARKWAY);TWO-WAY,DIVIDED,POSITIVE MEDIAN BARRIER;DAYLIGHT;CLEAR;0;0;;STOP AND GO SIGNAL;PASSENGER CAR;VAN;NONE;NONE;;2017-06-08T13:28:37-04:00;2017;No;No;6;13
CARY;TWO-WAY,DIVIDED,UNPROTECTED MEDIAN;DAYLIGHT;CLEAR;0;0;;STOP AND GO SIGNAL;PASSENGER CAR;PASSENGER CAR;NONE;NONE;;2017-06-08T10:46:00-04:00;2017;No;No;6;10
225 FEET FROM SR 1315 (BUCK JONES RD);TWO-WAY,NOT DIVIDED;DAYLIGHT;CLEAR;0;0;;NO CONTROL PRESENT;SPORT UTILITY;SPORT UTILITY;NONE;NONE;;2017-06-02T16:48:12-04:00;2017;No;No;6;16
300 FEET FROM SR 1011 (E CHATHAM ST);TWO-WAY,NOT DIVIDED;DAYLIGHT;CLEAR;0;0;;NO CONTROL PRESENT;PASSENGER CAR;PASSENGER CAR;NONE;NONE;;2017-06-08T17:30:58-04:00;2017;No;No;6;17
0 FEET FROM NC 55 HWY;TWO-WAY,DIVIDED,UNPROTECTED MEDIAN;DAYLIGHT;CLEAR;0;1;;STOP AND GO SIGNAL;PASSENGER CAR;SPORT UTILITY;NONE;NONE;;2017-06-06T12:09:00-04:00;2017;No;Yes;6;12
CARY;TWO-WAY,DIVIDED,UNPROTECTED MEDIAN;DAYLIGHT;CLOUDY;0;0;;STOP AND GO SIGNAL;PASSENGER CAR;VAN;NONE;NONE;;2017-06-08T13:04:37-04:00;2017;No;No;6;13
CARY;TWO-WAY,DIVIDED,UNPROTECTED MEDIAN;DAYLIGHT;CLEAR;0;0;;STOP AND GO SIGNAL;PASSENGER CAR;PASSENGER CAR;NONE;NONE;;2017-06-09T17:54:36-04:00;2017;No;No;6;17
30 FEET FROM SR 1300 (KILDAIRE FARM RD);TWO-WAY,NOT DIVIDED;DAYLIGHT;CLEAR;0;0;;STOP AND GO SIGNAL;PASSENGER CAR;NONE;NONE;NONE;;2017-06-08T15:19:30-04:00;2017;No;No;6;15
200 FEET FROM NORTHLANDS DR;TWO-WAY,NOT DIVIDED;NONE;CLEAR;0;0;;NO CONTROL PRESENT;PASSENGER CAR;PASSENGER CAR;NONE;NONE;;2017-06-09T15:05:46-04:00;2017;No;No;6;15
197 FEET FROM WALNUT ST;TWO-WAY,DIVIDED,UNPROTECTED MEDIAN;DAYLIGHT;CLEAR;0;0;;NO CONTROL PRESENT;SPORT UTILITY;PASSENGER CAR;NONE;NONE;;2017-06-11T15:08:04-04:00;2017;No;No;6;15
.28 MILES FROM US 1 HWY;NONE;NONE;NONE;1;0;;;SPORT UTILITY;NONE;NONE;NONE;;2017-05-01T00:03:00-04:00;2017;Yes;No;5;00
200 FEET FROM SR# 1652 (N HARRISON AV);TWO-WAY,DIVIDED,UNPROTECTED MEDIAN;DAYLIGHT;CLOUDY;0;0;;NO CONTROL PRESENT;PICKUP;PASSENGER CAR;NONE;NONE;;2017-06-12T17:13:10-04:00;2017;No;No;6;17
400 FEET FROM SR 3081 CHAPEL HILL RD;TWO-WAY,NOT DIVIDED;DAYLIGHT;CLEAR;0;0;;NO CONTROL PRESENT;PASSENGER CAR;PASSENGER CAR;SPORT UTILITY;NONE;;2017-06-13T10:19:00-04:00;2017;No;No;6;10
CARY;TWO-WAY,NOT DIVIDED;DAYLIGHT;CLEAR;0;0;;STOP SIGN;SPORT UTILITY;SPORT UTILITY;NONE;NONE;;2017-06-14T09:51:12-04:00;2017;No;No;6;09
CARY;TWO-WAY,NOT DIVIDED;DAYLIGHT;CLEAR;0;0;;NO CONTROL PRESENT;SPORT UTILITY;SPORT UTILITY;NONE;NONE;;2017-06-14T17:51:22-04:00;2017;No;No;6;17
0 FEET FROM DRY AV;TWO-WAY,NOT DIVIDED;DAYLIGHT;CLOUDY;0;0;;STOP AND GO SIGNAL;SPORT UTILITY;PASSENGER CAR;NONE;NONE;;2017-06-14T15:04:21-04:00;2017;No;No;6;15