Location_Description;Road_Configuration;Light_Condition;Weather;Fatality;Injury;Contributing_Factor;Traffic_Control;Vehicle1;Vehicle2;Vehicle3;Vehicle4;Vehicle5;Crash_Date;year;Fatalities;Injuries;Month;Hour
400 FEET FROM EDINBURGH SOUTH DR;TWO-WAY,NOT DIVIDED;DARK - LIGHTED ROADWAY;RAIN;0;0;;STOP SIGN;PASSENGER CAR;PASSENGER CAR;NONE;NONE;;2017-06-14T21:49:39-04:00;2017;No;No;6;21
10 FEET FROM GOVAN LN;TWO-WAY,NOT DIVIDED;DARK - ROADWAY NOT LIGHTED;CLEAR;0;0;;STOP SIGN;SPORT UTILITY;VAN;NONE;NONE;;2017-06-09T10:49:00-04:00;2017;No;No;6;10
.5 MILES FROM EDINBURGH SOUTH DR;TWO-WAY,NOT DIVIDED;DAYLIGHT;CLEAR;0;0;;NO CONTROL PRESENT;LIGHT TRUCK (MINI-VAN- PANEL);NONE;NONE;NONE;;2017-06-14T11:51:00-04:00;2017;No;No;6;11
150 FEET FROM HIGH HOUSE RD SR 1615;TWO-WAY,NOT DIVIDED;DAYLIGHT;CLEAR;0;0;FAILURE TO YIELD RIGHT OF WAY;NO CONTROL PRESENT;SPORT UTILITY;SPORT UTILITY;NONE;NONE;;2017-06-15T09:59:31-04:00;2017;No;No;6;09
CARY;TWO-WAY,NOT DIVIDED;DARK - LIGHTED ROADWAY;CLEAR;0;0;;NO CONTROL PRESENT;PASSENGER CAR;PASSENGER CAR;NONE;NONE;;2017-06-15T23:44:00-04:00;2017;No;No;6;23
35 FEET FROM SR-1300 (KILDAIRE FARM RD);TWO-WAY,DIVIDED,UNPROTECTED MEDIAN;DARK - LIGHTED ROADWAY;CLOUDY;0;0;;STOP AND GO SIGNAL;PASSENGER CAR;PASSENGER CAR;NONE;NONE;;2017-06-15T20:53:18-04:00;2017;No;No;6;20
.25 MILES FROM MCCRIMMON PKWY;TWO-WAY,DIVIDED,UNPROTECTED MEDIAN;DAYLIGHT;CLEAR;0;0;;STOP AND GO SIGNAL;SPORT UTILITY;PASSENGER CAR;NONE;NONE;;2017-06-16T07:56:49-04:00;2017;No;No;6;07
150 FEET FROM SR 1613 (DAVIS DR);TWO-WAY,DIVIDED,UNPROTECTED MEDIAN;DAYLIGHT;CLEAR;0;0;;NO CONTROL PRESENT;PASSENGER CAR;PASSENGER CAR;PASSENGER CAR;NONE;;2017-06-15T15:58:34-04:00;2017;No;No;6;15
5 FEET FROM SR 1415 (NW MAYNARD RD);TWO-WAY,DIVIDED,UNPROTECTED MEDIAN;DAYLIGHT;CLEAR;0;0;;NO CONTROL PRESENT;PASSENGER CAR;SPORT UTILITY;NONE;NONE;;2017-06-18T11:00:00-04:00;2017;No;No;6;11
100 FEET FROM NC 55 HWY;TWO-WAY,DIVIDED,UNPROTECTED MEDIAN;DAYLIGHT;CLEAR;0;1;;STOP AND GO SIGNAL;PASSENGER CAR;SPORT UTILITY;NONE;NONE;;2017-06-16T15:54:41-04:00;2017;No;Yes;6;15
5 FEET FROM (SR1600) GREEN LEVEL CHURCH RD;TWO-WAY,NOT DIVIDED;DAYLIGHT;CLEAR;0;0;;STOP AND GO SIGNAL;PASSENGER CAR;PASSENGER CAR;NONE;NONE;;2017-06-18T10:01:00-04:00;2017;No;No;6;10
.75 MILES FROM 201 MET LIFE WAY;TWO-WAY,NOT DIVIDED;DAYLIGHT;CLOUDY;0;0;;NO CONTROL PRESENT;NONE;NONE;NONE;NONE;;2017-06-17T10:50:00-04:00;2017;No;No;6;10
100 FEET FROM U.S. 64 HWY;TWO-WAY,DIVIDED,UNPROTECTED MEDIAN;DAYLIGHT;CLEAR;0;0;;NO CONTROL PRESENT;SPORT UTILITY;PICKUP;NONE;NONE;;2017-06-19T17:42:56-04:00;2017;No;No;6;17
25 FEET FROM DAVIS DR SR 1613;TWO-WAY,DIVIDED,UNPROTECTED MEDIAN;DAYLIGHT;CLOUDY;0;0;;STOP AND GO SIGNAL;SPORT UTILITY;SPORT UTILITY;NONE;NONE;;2017-06-20T08:49:00-04:00;2017;No;No;6;08
100 FEET FROM SR 3977 SE CARY PKWY;TWO-WAY,DIVIDED,POSITIVE MEDIAN BARRIER;DAYLIGHT;CLOUDY;0;0;;NO CONTROL PRESENT;PASSENGER CAR;PASSENGER CAR;NONE;NONE;;2017-06-21T12:51:00-04:00;2017;No;No;6;12
CARY;TWO-WAY,NOT DIVIDED;DAYLIGHT;CLEAR;0;0;LYING AND/OR ILLEGALLY IN ROADWAY;NO CONTROL PRESENT;PASSENGER CAR;NONE;NONE;NONE;;2017-06-21T14:46:02-04:00;2017;No;No;6;14
300 FEET FROM 1 HWY;TWO-WAY,DIVIDED,POSITIVE MEDIAN BARRIER;DAYLIGHT;CLOUDY;0;0;;NO CONTROL PRESENT;SPORT UTILITY;PASSENGER CAR;NONE;NONE;;2017-06-21T07:36:56-04:00;2017;No;No;6;07
CARY;TWO-WAY,NOT DIVIDED;DAYLIGHT;CLEAR;0;0;;NO CONTROL PRESENT;VAN;PASSENGER CAR;NONE;NONE;;2017-06-22T06:45:03-04:00;2017;No;No;6;06
.1 MILES FROM OLDE WEATHERSTONE WAY;TWO-WAY,DIVIDED,UNPROTECTED MEDIAN;DAYLIGHT;RAIN;0;0;;NO CONTROL PRESENT;PASSENGER CAR;NONE;NONE;NONE;;2017-06-24T19:16:49-04:00;2017;No;No;6;19
100 FEET FROM SR 1497 (CARY TOWNE BLVD);TWO-WAY,DIVIDED,POSITIVE MEDIAN BARRIER;NONE;CLOUDY;0;0;;NO CONTROL PRESENT;NONE;NONE;NONE;NONE;;2017-06-25T02:40:29-04:00;2017;No;No;6;02
.08 MILES FROM SR-1147 (EVANS RD);TWO-WAY,NOT DIVIDED;DAYLIGHT;CLEAR;0;0;DARTING;NO CONTROL PRESENT;PASSENGER CAR;NONE;NONE;NONE;;2017-06-24T10:25:00-04:00;2017;No;No;6;10
150 FEET FROM DOMINION OAK CIR;TWO-WAY,NOT DIVIDED;DAYLIGHT;CLEAR;0;0;;NO CONTROL PRESENT;PASSENGER CAR;PASSENGER CAR;NONE;NONE;;2017-06-23T17:18:31-04:00;2017;No;No;6;17
.14 MILES FROM PVA (1011 VILLAGE GREENWAY);TWO-WAY,NOT DIVIDED;NONE;CLEAR;0;0;;NO CONTROL PRESENT;PASSENGER CAR;NONE;NONE;NONE;;2017-06-26T09:08:00-04:00;2017;No;No;6;09
CARY;TWO-WAY,DIVIDED,POSITIVE MEDIAN BARRIER;DAYLIGHT;CLEAR;0;0;;STOP AND GO SIGNAL;SPORT UTILITY;PASSENGER CAR;NONE;NONE;;2017-06-26T07:41:50-04:00;2017;No;No;6;07
.2 MILES FROM US 1 HWY;TWO-WAY,DIVIDED,POSITIVE MEDIAN BARRIER;DAYLIGHT;CLEAR;0;0;;NO CONTROL PRESENT;PASSENGER CAR;NONE;NONE;NONE;;2017-06-26T10:33:00-04:00;2017;No;No;6;10
CARY;TWO-WAY,NOT DIVIDED;DAYLIGHT;CLOUDY;0;0;;STOP AND GO SIGNAL;SPORT UTILITY;PASSENGER CAR;NONE;NONE;;2017-06-24T02:21:30-04:00;2017;No;No;6;02
87 FEET FROM 635 BERRY CHASE WAY;TWO-WAY,NOT DIVIDED;DAYLIGHT;CLEAR;0;0;;NO CONTROL PRESENT;PASSENGER CAR;NONE;NONE;NONE;;2017-06-26T17:00:34-04:00;2017;No;No;6;17
15 FEET FROM NC 54 HWY (CHAPEL HILL RD);TWO-WAY,DIVIDED,UNPROTECTED MEDIAN;DARK - LIGHTED ROADWAY;RAIN;0;0;;NO CONTROL PRESENT;SPORT UTILITY;NONE;NONE;NONE;;2017-06-20T02:19:04-04:00;2017;No;No;6;02
87 FEET FROM SR 1619 (WALDO ROOD BLVD);TWO-WAY,NOT DIVIDED;DAYLIGHT;CLEAR;0;0;;STOP AND GO SIGNAL;LIGHT TRUCK (MINI-VAN- PANEL);PASSENGER CAR;NONE;NONE;;2017-06-27T17:26:37-04:00;2017;No;No;6;17
CARY;TWO-WAY,NOT DIVIDED;DAYLIGHT;CLEAR;0;0;;STOP SIGN;PASSENGER CAR;PASSENGER CAR;NONE;NONE;;2017-06-27T16:38:31-04:00;2017;No;No;6;16
15 FEET FROM SR 3977 (SW CARY PKWY);TWO-WAY,DIVIDED,POSITIVE MEDIAN BARRIER;DAYLIGHT;CLEAR;0;0;;NO CONTROL PRESENT;PASSENGER CAR;PASSENGER CAR;PASSENGER CAR;NONE;;2017-06-23T13:15:01-04:00;2017;No;No;6;13
10 FEET FROM SR 1616 (OLD APEX RD);TWO-WAY,DIVIDED,UNPROTECTED MEDIAN;DAYLIGHT;CLEAR;0;0;;YIELD SIGN;SPORT UTILITY;PASSENGER CAR;NONE;NONE;;2017-06-28T11:40:00-04:00;2017;No;No;6;11
300 FEET FROM PVA OF 1393 KILDAIRE FARM RD;TWO-WAY,NOT DIVIDED;DAYLIGHT;CLEAR;0;0;;NO CONTROL PRESENT;LIGHT TRUCK (MINI-VAN- PANEL);PASSENGER CAR;NONE;NONE;;2017-06-28T14:41:19-04:00;2017;No;No;6;14
50 FEET FROM P.V.A. 1000 DARRINGTON DR;TWO-WAY,NOT DIVIDED;DAYLIGHT;CLEAR;0;0;;NO CONTROL PRESENT;PICKUP;PASSENGER CAR;NONE;NONE;;2017-06-28T15:54:26-04:00;2017;No;No;6;15
CARY;TWO-WAY,NOT DIVIDED;DAYLIGHT;CLEAR;0;0;;NO CONTROL PRESENT;PASSENGER CAR;PASSENGER CAR;NONE;NONE;;2017-06-28T17:13:38-04:00;2017;No;No;6;17
.10 MILES FROM SR1011 (E. CHATHAM ST;TWO-WAY,NOT DIVIDED;DAYLIGHT;CLEAR;0;0;;NO CONTROL PRESENT;PASSENGER CAR;PASSENGER CAR;NONE;NONE;;2017-06-28T16:51:14-04:00;2017;No;No;6;16
30 FEET FROM US 1;ONE-WAY,NOT DIVIDED;DAYLIGHT;CLEAR;0;1;;STOP AND GO SIGNAL;PASSENGER CAR;VAN;NONE;NONE;;2017-06-28T00:00:00-04:00;2017;No;Yes;6;00
60 FEET FROM NC 54 NE MAYNARD RD;TWO-WAY,NOT DIVIDED;DAYLIGHT;CLOUDY;0;0;;STOP AND GO SIGNAL;PASSENGER CAR;VAN;PASSENGER CAR;NONE;;2017-06-30T11:33:00-04:00;2017;No;No;6;11
100 FEET FROM MACON DR;TWO-WAY,NOT DIVIDED;DAYLIGHT;CLOUDY;0;0;;NO CONTROL PRESENT;PICKUP;PASSENGER CAR;NONE;NONE;;2017-07-01T10:20:00-04:00;2017;No;No;7;10
NEAR .01 MILES E OF E NC 55 HWY;TWO-WAY,DIVIDED,UNPROTECTED MEDIAN;DAYLIGHT;RAIN;0;0;;NO CONTROL PRESENT;PICKUP;NONE;NONE;NONE;;2017-06-30T19:54:34-04:00;2017;No;No;6;19
CARY;TWO-WAY,NOT DIVIDED;DAYLIGHT;CLEAR;0;0;;STOP AND GO SIGNAL;PASSENGER CAR;PASSENGER CAR;NONE;NONE;;2017-06-30T12:35:00-04:00;2017;No;No;6;12
300 FEET FROM S.R. 1009 (TRYON RD);TWO-WAY,DIVIDED,UNPROTECTED MEDIAN;DAYLIGHT;CLEAR;0;0;;NO CONTROL PRESENT;SPORT UTILITY;PASSENGER CAR;NONE;NONE;;2017-07-02T13:55:38-04:00;2017;No;No;7;13
100 FEET FROM LOST TREE LN;TWO-WAY,NOT DIVIDED;DAYLIGHT;CLEAR;0;0;;NO CONTROL PRESENT;PICKUP;PICKUP;NONE;NONE;;2017-07-02T01:48:57-04:00;2017;No;No;7;01
0 FEET FROM SR 1010 (TEN TEN RD);TWO-WAY,DIVIDED,UNPROTECTED MEDIAN;DAYLIGHT;CLOUDY;0;0;;STOP AND GO SIGNAL;PASSENGER CAR;PASSENGER CAR;NONE;NONE;;2017-06-30T17:01:51-04:00;2017;No;No;6;17
0 FEET FROM OLD APEX RD (SR1616);TWO-WAY,NOT DIVIDED;DAYLIGHT;CLEAR;0;0;;STOP AND GO SIGNAL;NONE;PASSENGER CAR;NONE;NONE;;2017-07-04T19:31:06-04:00;2017;No;No;7;19
.10 MILES FROM P.V.A. BASS PRO SHOPS (801 BAS;TWO-WAY,NOT DIVIDED;DAYLIGHT;CLEAR;0;0;;NO CONTROL PRESENT;PASSENGER CAR;PASSENGER CAR;NONE;NONE;;2017-07-05T14:43:02-04:00;2017;No;No;7;14
50 FEET FROM EAGLE CT;TWO-WAY,NOT DIVIDED;DAYLIGHT;CLOUDY;0;1;;NO CONTROL PRESENT;PASSENGER CAR;NONE;NONE;NONE;;2017-07-05T12:36:00-04:00;2017;No;Yes;7;12
02 MILES FROM HIGH HOUSE RD SR 1615;TWO-WAY,DIVIDED,UNPROTECTED MEDIAN;DAYLIGHT;CLEAR;0;0;FAILURE TO YIELD RIGHT OF WAY;STOP AND GO SIGNAL;PASSENGER CAR;PASSENGER CAR;PASSENGER CAR;NONE;;2017-07-06T09:54:47-04:00;2017;No;No;7;09
.1007 MILES FROM KEMPWOOD DR;TWO-WAY,NOT DIVIDED;DARK - UNKNOWN LIGHTING;CLEAR;0;0;;NO CONTROL PRESENT;PICKUP;NONE;NONE;NONE;;2017-07-10T13:22:39-04:00;2017;No;No;7;13
30 FEET FROM LAKE PINE DR;TWO-WAY,NOT DIVIDED;DAYLIGHT;CLEAR;0;0;;STOP AND GO SIGNAL;SPORT UTILITY;PASSENGER CAR;NONE;NONE;;2017-07-10T01:32:16-04:00;2017;No;No;7;01
.5 MILES FROM US1;TWO-WAY,DIVIDED,POSITIVE MEDIAN BARRIER;DAYLIGHT;CLEAR;0;0;;NO CONTROL PRESENT;PASSENGER CAR;PASSENGER CAR;NONE;NONE;;2017-07-11T08:46:50-04:00;2017;No;No;7;08
200 FEET FROM P.V.A. (800 WESTON PKWY);ONE-WAY,NOT DIVIDED;DAYLIGHT;CLEAR;0;0;;NO CONTROL PRESENT;PASSENGER CAR;SPORT UTILITY;NONE;NONE;;2017-07-12T08:36:17-04:00;2017;No;No;7;08
300 FEET FROM PVA OF 2000 REGENCY PKWY;TWO-WAY,NOT DIVIDED;DAYLIGHT;CLEAR;0;0;;NO CONTROL PRESENT;PASSENGER CAR;PASSENGER CAR;NONE;NONE;;2017-07-12T13:54:50-04:00;2017;No;No;7;13
326 FEET FROM SR 1313 (WALNUT ST);TWO-WAY,DIVIDED,UNPROTECTED MEDIAN;DAYLIGHT;CLEAR;0;0;;NO CONTROL PRESENT;SPORT UTILITY;PASSENGER CAR;PASSENGER CAR;NONE;;2017-07-07T18:14:49-04:00;2017;No;No;7;18
.1 MILES FROM WESTON PKWY;TWO-WAY,DIVIDED,UNPROTECTED MEDIAN;DAYLIGHT;CLEAR;0;0;;NO CONTROL PRESENT;PICKUP;SPORT UTILITY;NONE;NONE;;2017-07-14T13:07:58-04:00;2017;No;No;7;13
.1 MILES FROM TRYON MANOR CT;TWO-WAY,NOT DIVIDED;DARK - LIGHTED ROADWAY;RAIN;0;0;;NO CONTROL PRESENT;PASSENGER CAR;NONE;NONE;NONE;;2017-07-16T04:42:53-04:00;2017;No;No;7;04
75 FEET FROM SR 1009 (TRYON RD);TWO-WAY,DIVIDED,UNPROTECTED MEDIAN;DAYLIGHT;CLEAR;0;0;;STOP AND GO SIGNAL;PASSENGER CAR;PASSENGER CAR;NONE;NONE;;2017-07-13T17:16:44-04:00;2017;No;No;7;17
.89 MILES FROM HWY US 1;TWO-WAY,DIVIDED,POSITIVE MEDIAN BARRIER;DAYLIGHT;CLEAR;0;1;;NO CONTROL PRESENT;PASSENGER CAR;NONE;NONE;NONE;;2017-07-09T15:02:39-04:00;2017;No;Yes;7;15
.1 MILES FROM PVA (215 E CEDAR ST);TWO-WAY,NOT DIVIDED;DAYLIGHT;CLEAR;0;0;;NO CONTROL PRESENT;PASSENGER CAR;SPORT UTILITY;NONE;NONE;;2017-07-15T14:24:58-04:00;2017;No;No;7;14
30 FEET FROM PVA (2810 NC-55);TWO-WAY,NOT DIVIDED;DAYLIGHT;CLEAR;0;0;;NO CONTROL PRESENT;PASSENGER CAR;PASSENGER CAR;NONE;NONE;;2017-07-09T16:20:25-04:00;2017;No;No;7;16
465 FEET FROM W CHATHAM ST;TWO-WAY,DIVIDED,UNPROTECTED MEDIAN;DARK - LIGHTED ROADWAY;CLEAR;0;0;;NO CONTROL PRESENT;PASSENGER CAR;NONE;NONE;NONE;;2017-07-16T04:30:53-04:00;2017;No;No;7;04
50 FEET FROM 21305 BRADFORD GREEN SQUARE;ONE-WAY,NOT DIVIDED;DAYLIGHT;CLEAR;0;0;;NO CONTROL PRESENT;PASSENGER CAR;PASSENGER CAR;NONE;NONE;;2017-07-14T17:37:07-04:00;2017;No;No;7;17
CARY;TWO-WAY,NOT DIVIDED;DARK - LIGHTED ROADWAY;CLEAR;0;0;;NO CONTROL PRESENT;PASSENGER CAR;SPORT UTILITY;NONE;NONE;;2017-07-08T18:36:54-04:00;2017;No;No;7;18
400 FEET FROM SR #3073 (NW MAYNARD RD);TWO-WAY,DIVIDED,POSITIVE MEDIAN BARRIER;DAYLIGHT;RAIN;0;0;;STOP AND GO SIGNAL;PASSENGER CAR;PASSENGER CAR;PASSENGER CAR;NONE;;2017-07-18T18:37:43-04:00;2017;No;No;7;18
.2 MILES FROM US1;TWO-WAY,DIVIDED,POSITIVE MEDIAN BARRIER;DAYLIGHT;CLEAR;0;0;;NO CONTROL PRESENT;PASSENGER CAR;NONE;NONE;NONE;;2017-07-18T10:26:00-04:00;2017;No;No;7;10
132 FEET FROM PVA OF 2031 WALNUT ST;ONE-WAY,NOT DIVIDED;DAYLIGHT;CLEAR;0;0;;NO CONTROL PRESENT;SPORT UTILITY;PASSENGER CAR;NONE;NONE;;2017-07-18T12:53:00-04:00;2017;No;No;7;12
50 FEET FROM SR 1615 (HIGH HOUSE RD);TWO-WAY,DIVIDED,UNPROTECTED MEDIAN;DAYLIGHT;CLEAR;0;0;;STOP AND GO SIGNAL;PICKUP;PASSENGER CAR;PICKUP;NONE;;2017-07-18T14:30:15-04:00;2017;No;No;7;14
0.25 MILES FROM S.R. 1633(GOOD HOPE CHURCH RD);TWO-WAY,NOT DIVIDED;DAYLIGHT;CLEAR;0;0;;NO CONTROL PRESENT;PASSENGER CAR;NONE;NONE;NONE;;2017-07-19T07:17:00-04:00;2017;No;No;7;07
25 FEET FROM MAYNARD CROSSING CT;TWO-WAY,DIVIDED,POSITIVE MEDIAN BARRIER;DAYLIGHT;CLEAR;0;0;;NO CONTROL PRESENT;PASSENGER CAR;PASSENGER CAR;NONE;NONE;;2017-07-19T17:24:19-04:00;2017;No;No;7;17
1.5 MILES FROM US 1;TWO-WAY,DIVIDED,POSITIVE MEDIAN BARRIER;DAYLIGHT;CLEAR;0;3;;NO CONTROL PRESENT;PASSENGER CAR;SINGLE UNIT TRUCK (2-AXLE- 6-TIRE);VAN;NONE;;2017-07-20T07:33:30-04:00;2017;No;Yes;7;07
0 FEET FROM S DIXON AV;TWO-WAY,NOT DIVIDED;DAYLIGHT;CLEAR;0;0;;STOP SIGN;LIGHT TRUCK (MINI-VAN- PANEL);PASSENGER CAR;NONE;NONE;;2017-07-20T12:16:00-04:00;2017;No;No;7;12
.1 MILES FROM SW CARY PKWY;TWO-WAY,DIVIDED,UNPROTECTED MEDIAN;DAYLIGHT;CLEAR;0;0;;STOP AND GO SIGNAL;PICKUP;NONE;NONE;NONE;;2017-07-20T15:35:29-04:00;2017;No;No;7;15
.19 MILES FROM SR #1652 (N HARRISON AV);TWO-WAY,DIVIDED,UNPROTECTED MEDIAN;DAYLIGHT;CLEAR;0;0;;STOP AND GO SIGNAL;PASSENGER CAR;PASSENGER CAR;NONE;NONE;;2017-07-21T17:23:11-04:00;2017;No;No;7;17
.1 MILES FROM SR-1415 (SE MAYNARD RD);TWO-WAY,DIVIDED,UNPROTECTED MEDIAN;DAYLIGHT;CLEAR;0;0;;STOP AND GO SIGNAL;SPORT UTILITY;PICKUP;NONE;NONE;;2017-07-22T14:51:54-04:00;2017;No;No;7;14
.1 MILES FROM BUCK JONES RD;TWO-WAY,NOT DIVIDED;DAYLIGHT;CLEAR;0;0;;NO CONTROL PRESENT;PASSENGER CAR;PICKUP;NONE;NONE;;2017-07-23T12:30:00-04:00;2017;No;No;7;12
100 FEET FROM YATES STORE ROAD;TWO-WAY,NOT DIVIDED;DAYLIGHT;CLEAR;0;0;;NO CONTROL PRESENT;PASSENGER CAR;NONE;NONE;NONE;;2017-07-23T12:25:00-04:00;2017;No;No;7;12
CARY;TWO-WAY,DIVIDED,UNPROTECTED MEDIAN;DAYLIGHT;CLOUDY;0;2;;STOP SIGN;PASSENGER CAR;VAN;NONE;NONE;;2017-07-24T11:21:00-04:00;2017;No;Yes;7;11
.25 MILES FROM US 1 HWY;TWO-WAY,DIVIDED,POSITIVE MEDIAN BARRIER;DAYLIGHT;CLEAR;0;1;;NO CONTROL PRESENT;PASSENGER CAR;PASSENGER CAR;NONE;NONE;;2017-07-25T17:09:54-04:00;2017;No;Yes;7;17
175 FEET FROM NC 54 (NW MAYNARD RD);TWO-WAY,NOT DIVIDED;DARK - LIGHTED ROADWAY;CLEAR;0;0;;STOP SIGN;PASSENGER CAR;PASSENGER CAR;PASSENGER CAR;NONE;;2017-07-21T23:24:00-04:00;2017;No;No;7;23
CARY;TWO-WAY,NOT DIVIDED;DAYLIGHT;CLEAR;0;1;;STOP SIGN;PICKUP;PASSENGER CAR;NONE;NONE;;2017-07-25T17:01:46-04:00;2017;No;Yes;7;17
20 FEET FROM WALNUT ST TO US 1 RAMP NB;ONE-WAY,NOT DIVIDED;DAYLIGHT;CLEAR;0;0;;YIELD SIGN;PASSENGER CAR;PASSENGER CAR;NONE;NONE;;2017-07-25T19:02:00-04:00;2017;No;No;7;19
CARY;TWO-WAY,NOT DIVIDED;DAYLIGHT;CLEAR;0;0;;NO CONTROL PRESENT;SPORT UTILITY;NONE;NONE;NONE;;2017-07-26T16:22:32-04:00;2017;No;No;7;16
CARY;TWO-WAY,DIVIDED,POSITIVE MEDIAN BARRIER;DAYLIGHT;CLEAR;0;0;;STOP AND GO SIGNAL;PASSENGER CAR;VAN;NONE;NONE;;2017-07-27T10:13:00-04:00;2017;No;No;7;10
.15 MILES FROM PVA OF 2010 KILDAIRE FARM RD;TWO-WAY,NOT DIVIDED;DAYLIGHT;CLEAR;0;0;;NO CONTROL PRESENT;PASSENGER CAR;SPORT UTILITY;NONE;NONE;;2017-07-28T11:10:00-04:00;2017;No;No;7;11
CARY;TWO-WAY,DIVIDED,UNPROTECTED MEDIAN;DAYLIGHT;CLEAR;0;1;;STOP AND GO SIGNAL;PASSENGER CAR;PASSENGER CAR;NONE;NONE;;2017-07-28T12:23:00-04:00;2017;No;Yes;7;12
CARY;TWO-WAY,DIVIDED,UNPROTECTED MEDIAN;DAYLIGHT;CLOUDY;0;0;;STOP AND GO SIGNAL;PASSENGER CAR;SPORT UTILITY;NONE;NONE;;2017-07-28T16:44:06-04:00;2017;No;No;7;16
40 FEET FROM SR 1650 REEDY CREEK RD;ONE-WAY,NOT DIVIDED;DARK - ROADWAY NOT LIGHTED;CLEAR;0;0;;NO CONTROL PRESENT;PICKUP;PASSENGER CAR;NONE;NONE;;2017-07-29T01:17:08-04:00;2017;No;No;7;01
330 FEET FROM SR#1313 (WALNUT ST);TWO-WAY,DIVIDED,UNPROTECTED MEDIAN;DAYLIGHT;CLEAR;0;0;;NO CONTROL PRESENT;SPORT UTILITY;PASSENGER CAR;NONE;NONE;;2017-07-08T12:32:00-04:00;2017;No;No;7;12
CARY;TWO-WAY,NOT DIVIDED;DAYLIGHT;CLEAR;0;1;;STOP AND GO SIGNAL;SPORT UTILITY;PASSENGER CAR;NONE;NONE;;2017-07-30T18:23:43-04:00;2017;No;Yes;7;18
.23 MILES FROM I 40 EXIT 287 RAMP EB;ONE-WAY,NOT DIVIDED;DAYLIGHT;RAIN;0;0;;STOP AND GO SIGNAL;PASSENGER CAR;PICKUP;NONE;NONE;;2017-07-28T17:43:42-04:00;2017;No;No;7;17
25 FEET FROM P.V.A. (2002 ST CHARLES PL);TWO-WAY,NOT DIVIDED;DAYLIGHT;RAIN;0;0;;NO CONTROL PRESENT;VAN;PASSENGER CAR;NONE;NONE;;2017-07-28T17:46:35-04:00;2017;No;No;7;17
.1 MILES FROM SR3073 (NW MAYNARD RD);TWO-WAY,DIVIDED,UNPROTECTED MEDIAN;DAYLIGHT;CLOUDY;0;0;;NO CONTROL PRESENT;PASSENGER CAR;VAN;NONE;NONE;;2017-07-29T09:59:16-04:00;2017;No;No;7;09
.378 MILES FROM US 1;TWO-WAY,DIVIDED,POSITIVE MEDIAN BARRIER;DAYLIGHT;CLEAR;0;0;;NO CONTROL PRESENT;PASSENGER CAR;MOTOR HOME/RECREATIONAL VEHICLE;PASSENGER CAR;SPORT UTILITY;;2017-07-31T08:02:44-04:00;2017;No;No;7;08
.1 MILES FROM PVA OF 1393 KILDAIRE FARM RD;TWO-WAY,NOT DIVIDED;DAYLIGHT;CLEAR;0;0;;NO CONTROL PRESENT;PASSENGER CAR;PASSENGER CAR;NONE;NONE;;2017-07-31T12:19:00-04:00;2017;No;No;7;12
.50 MILES FROM SR #1002 (AVIATION PKWY);TWO-WAY,NOT DIVIDED;DAYLIGHT;CLEAR;0;2;;STOP AND GO SIGNAL;PASSENGER CAR;PASSENGER CAR;PASSENGER CAR;PASSENGER CAR;;2017-08-01T17:07:41-04:00;2017;No;Yes;8;17
40 FEET FROM P.V.A. (101 INNOVATION AVE);TWO-WAY,NOT DIVIDED;DAYLIGHT;CLEAR;0;0;;NO CONTROL PRESENT;PASSENGER CAR;PASSENGER CAR;NONE;NONE;;2017-08-02T09:01:43-04:00;2017;No;No;8;09
400 FEET FROM SR1625( GREEN LEVEL CHURCH RD);TWO-WAY,DIVIDED,UNPROTECTED MEDIAN;DAYLIGHT;CLEAR;0;1;;STOP AND GO SIGNAL;PASSENGER CAR;SPORT UTILITY;NONE;NONE;;2017-08-01T21:38:29-04:00;2017;No;Yes;8;21
20 FEET FROM US 1 HWY;ONE-WAY,NOT DIVIDED;DAYLIGHT;CLEAR;0;0;;STOP AND GO SIGNAL;PASSENGER CAR;LIGHT TRUCK (MINI-VAN- PANEL);NONE;NONE;;2017-08-02T16:31:07-04:00;2017;No;No;8;16
200 FEET FROM SR3977 SE CARY PKWY;TWO-WAY,DIVIDED,UNPROTECTED MEDIAN;DAYLIGHT;CLEAR;0;0;;NO CONTROL PRESENT;VAN;PASSENGER CAR;NONE;NONE;;2017-08-03T08:19:58-04:00;2017;No;No;8;08
60 FEET FROM ALEXAN DR;TWO-WAY,NOT DIVIDED;DAYLIGHT;CLOUDY;0;0;;STOP SIGN;PASSENGER CAR;PASSENGER CAR;NONE;NONE;;2017-08-03T18:42:24-04:00;2017;No;No;8;18
.5 MILES FROM SR 3081 (CHAPEL HILL RD);TWO-WAY,DIVIDED,UNPROTECTED MEDIAN;DAYLIGHT;CLEAR;0;0;;STOP AND GO SIGNAL;PASSENGER CAR;PASSENGER CAR;NONE;NONE;;2017-08-01T22:19:00-04:00;2017;No;No;8;22
CARY;TWO-WAY,NOT DIVIDED;DAYLIGHT;CLEAR;0;0;;STOP AND GO SIGNAL;SPORT UTILITY;PASSENGER CAR;NONE;NONE;;2017-08-02T20:46:14-04:00;2017;No;No;8;20
490 FEET FROM P.V.A. (973 N HARRISON AVE);TWO-WAY,NOT DIVIDED;DAYLIGHT;CLEAR;0;0;;NO CONTROL PRESENT;PASSENGER CAR;NONE;NONE;NONE;;2017-08-03T17:00:00-04:00;2017;No;No;8;17
.1 MILES FROM B53 BRIDLE BOAST RD;TWO-WAY,NOT DIVIDED;DAYLIGHT;CLEAR;0;0;;NO CONTROL PRESENT;PICKUP;VAN;NONE;NONE;;2017-08-04T08:58:25-04:00;2017;No;No;8;08