Location_Description;Road_Configuration;Light_Condition;Weather;Fatality;Injury;Contributing_Factor;Traffic_Control;Vehicle1;Vehicle2;Vehicle3;Vehicle4;Vehicle5;Crash_Date;year;Fatalities;Injuries;Month;Hour
20 FEET FROM US 1 OFF RAMP;ONE-WAY,NOT DIVIDED;DAYLIGHT;CLEAR;0;0;;STOP AND GO SIGNAL;PICKUP;PASSENGER CAR;NONE;NONE;;2017-09-15T17:32:48-04:00;2017;No;No;9;17
499 FEET FROM SR 1716 (YATES STORE RD);TWO-WAY,NOT DIVIDED;DARK - LIGHTED ROADWAY;CLEAR;0;0;;NO CONTROL PRESENT;PASSENGER CAR;NONE;NONE;NONE;;2017-09-16T21:24:24-04:00;2017;No;No;9;21
100 FEET FROM SR 1009 (TRYON RD);TWO-WAY,DIVIDED,UNPROTECTED MEDIAN;DAYLIGHT;CLEAR;0;0;;STOP SIGN;PASSENGER CAR;PASSENGER CAR;NONE;NONE;;2017-09-19T15:35:44-04:00;2017;No;No;9;15
80 FEET FROM P.V.A. HIDDEN SPRINGS RD;TWO-WAY,NOT DIVIDED;DAYLIGHT;CLEAR;0;0;;NO CONTROL PRESENT;PASSENGER CAR;PASSENGER CAR;NONE;NONE;;2017-09-19T20:08:05-04:00;2017;No;No;9;20
CARY;TWO-WAY,NOT DIVIDED;DUSK;CLEAR;0;0;;STOP SIGN;SPORT UTILITY;NONE;NONE;NONE;;2017-09-21T18:28:36-04:00;2017;No;No;9;18
50 FEET FROM P.V.A. 3430 TEN TEN RD;TWO-WAY,NOT DIVIDED;DAYLIGHT;CLEAR;0;0;;NO CONTROL PRESENT;PASSENGER CAR;PASSENGER CAR;NONE;NONE;;2017-09-21T13:36:23-04:00;2017;No;No;9;13
150 FEET FROM PVA 760 SE MAYNARD RD;ONE-WAY,NOT DIVIDED;DAYLIGHT;CLEAR;0;0;;NO CONTROL PRESENT;PASSENGER CAR;PASSENGER CAR;NONE;NONE;;2017-09-22T20:30:11-04:00;2017;No;No;9;20
.12 MILES FROM SR 4067 (REGENCY PKWY);TWO-WAY,DIVIDED,UNPROTECTED MEDIAN;DAYLIGHT;CLEAR;0;0;;STOP SIGN;SPORT UTILITY;SPORT UTILITY;NONE;NONE;;2017-09-23T11:56:00-04:00;2017;No;No;9;11
.19 MILES FROM P.V.A. (8003 REGENCY PKWY);TWO-WAY,NOT DIVIDED;DARK - ROADWAY NOT LIGHTED;CLEAR;0;0;;NO CONTROL PRESENT;NONE;PICKUP;NONE;NONE;;2017-09-19T12:48:00-04:00;2017;No;No;9;12
100 FEET FROM NC 55 HWY;TWO-WAY,DIVIDED,UNPROTECTED MEDIAN;DAYLIGHT;CLEAR;0;0;;NO CONTROL PRESENT;PASSENGER CAR;PASSENGER CAR;NONE;NONE;;2017-09-22T08:09:15-04:00;2017;No;No;9;08
.5 MILES FROM US1;TWO-WAY,DIVIDED,POSITIVE MEDIAN BARRIER;DAYLIGHT;CLEAR;0;0;;NO CONTROL PRESENT;PICKUP;PASSENGER CAR;NONE;NONE;;2017-09-22T17:22:38-04:00;2017;No;No;9;17
257 FEET FROM SR 1010 (TEN TEN RD);TWO-WAY,DIVIDED,POSITIVE MEDIAN BARRIER;DARK - ROADWAY NOT LIGHTED;CLEAR;0;2;;NO CONTROL PRESENT;SPORT UTILITY;PICKUP;NONE;NONE;;2017-09-22T23:32:00-04:00;2017;No;Yes;9;23
200 FEET FROM 106 MARQUETTE DRIVE;TWO-WAY,NOT DIVIDED;DARK - LIGHTED ROADWAY;CLEAR;0;0;;NO CONTROL PRESENT;PASSENGER CAR;PASSENGER CAR;NONE;NONE;;2017-09-24T22:50:00-04:00;2017;No;No;9;22
243 FEET FROM PVA (BRADFORD PLAZA WAY);TWO-WAY,NOT DIVIDED;DAYLIGHT;CLEAR;0;0;;NO CONTROL PRESENT;PASSENGER CAR;SPORT UTILITY;NONE;NONE;;2017-09-24T17:21:44-04:00;2017;No;No;9;17
CARY;NONE;NONE;NONE;0;0;;;NONE;NONE;NONE;NONE;;2017-09-09T02:39:54-04:00;2017;No;No;9;02
20 FEET FROM SR1300 (KILDAIRE FARM RD);TWO-WAY,DIVIDED,UNPROTECTED MEDIAN;DAYLIGHT;CLOUDY;0;0;;NO CONTROL PRESENT;PASSENGER CAR;SPORT UTILITY;NONE;NONE;;2017-09-25T15:18:35-04:00;2017;No;No;9;15
50 FEET FROM PVA (709 MADISON AVE);ONE-WAY,NOT DIVIDED;DAYLIGHT;CLEAR;0;0;;NO CONTROL PRESENT;PASSENGER CAR;SPORT UTILITY;SPORT UTILITY;NONE;;2017-09-15T11:15:00-04:00;2017;No;No;9;11
CARY;TWO-WAY,NOT DIVIDED;DAYLIGHT;CLEAR;0;0;;NO CONTROL PRESENT;PASSENGER CAR;PICKUP;NONE;NONE;;2017-09-27T16:46:25-04:00;2017;No;No;9;16
20 FEET FROM HWY 55 NC;TWO-WAY,DIVIDED,POSITIVE MEDIAN BARRIER;DAYLIGHT;CLEAR;0;0;;STOP AND GO SIGNAL;SPORT UTILITY;PASSENGER CAR;NONE;NONE;;2017-09-26T18:18:18-04:00;2017;No;No;9;18
CARY;TWO-WAY,DIVIDED,UNPROTECTED MEDIAN;DAYLIGHT;CLEAR;0;0;;STOP AND GO SIGNAL;SPORT UTILITY;SPORT UTILITY;NONE;NONE;;2017-09-26T00:00:00-04:00;2017;No;No;9;00
.3788 MILES FROM US 1 HWY;TWO-WAY,DIVIDED,POSITIVE MEDIAN BARRIER;DAYLIGHT;CLEAR;0;0;;NO CONTROL PRESENT;PASSENGER CAR;PASSENGER CAR;NONE;NONE;;2017-09-27T07:32:53-04:00;2017;No;No;9;07
200 FEET FROM PVA 3434 KILDAIRE FARM RD;ONE-WAY,NOT DIVIDED;DAYLIGHT;CLEAR;0;0;;NO CONTROL PRESENT;PASSENGER CAR;PASSENGER CAR;NONE;NONE;;2017-09-28T19:29:09-04:00;2017;No;No;9;19
20 FEET FROM US 64 HWY;TWO-WAY,DIVIDED,UNPROTECTED MEDIAN;DAYLIGHT;CLEAR;0;0;;STOP AND GO SIGNAL;VAN;NONE;NONE;NONE;;2017-09-28T14:02:40-04:00;2017;No;No;9;14
20 FEET FROM WEST CHATHAM ST;TWO-WAY,DIVIDED,POSITIVE MEDIAN BARRIER;DAYLIGHT;CLEAR;0;0;;FLASHING STOP AND GO SIGNAL;PICKUP;PASSENGER CAR;NONE;NONE;;2017-09-29T08:40:31-04:00;2017;No;No;9;08
200 FEET FROM QUEENSFERRY RD;TWO-WAY,NOT DIVIDED;DAYLIGHT;CLEAR;0;0;;NO CONTROL PRESENT;PASSENGER CAR;PASSENGER CAR;NONE;NONE;;2017-09-29T19:24:25-04:00;2017;No;No;9;19
50 FEET FROM SR 1011 (E CHATHAM ST);TWO-WAY,NOT DIVIDED;DAYLIGHT;CLEAR;0;0;;NO CONTROL PRESENT;PICKUP;PASSENGER CAR;NONE;NONE;;2017-09-29T16:50:45-04:00;2017;No;No;9;16
400 FEET FROM PLANTATION DR;TWO-WAY,NOT DIVIDED;DAYLIGHT;CLEAR;0;0;;NO CONTROL PRESENT;VAN;NONE;NONE;NONE;;2017-09-30T13:41:45-04:00;2017;No;No;9;13
.10 MILES FROM SR 1652 (N HARRISON AV);TWO-WAY,NOT DIVIDED;DAYLIGHT;CLEAR;0;0;;STOP AND GO SIGNAL;PASSENGER CAR;PASSENGER CAR;NONE;NONE;;2017-10-01T18:19:04-04:00;2017;No;No;10;18
0 FEET FROM SR 1652 (N HARRISON AV);TWO-WAY,NOT DIVIDED;DUSK;CLEAR;0;0;;STOP AND GO SIGNAL;SPORT UTILITY;PICKUP;NONE;NONE;;2017-10-01T18:25:44-04:00;2017;No;No;10;18
CARY;TWO-WAY,DIVIDED,POSITIVE MEDIAN BARRIER;DAYLIGHT;CLEAR;0;1;;STOP AND GO SIGNAL;PASSENGER CAR;PASSENGER CAR;NONE;NONE;;2017-10-01T18:57:53-04:00;2017;No;Yes;10;18
CARY;TWO-WAY,DIVIDED,UNPROTECTED MEDIAN;DAYLIGHT;CLEAR;0;0;;STOP AND GO SIGNAL;PICKUP;PASSENGER CAR;NONE;NONE;;2017-10-01T17:05:09-04:00;2017;No;No;10;17
150 FEET FROM SR 1009 (TRYON RD);TWO-WAY,DIVIDED,POSITIVE MEDIAN BARRIER;DARK - ROADWAY NOT LIGHTED;CLEAR;0;0;;STOP AND GO SIGNAL;PASSENGER CAR;SPORT UTILITY;NONE;NONE;;2017-10-02T22:41:00-04:00;2017;No;No;10;22
400 FEET FROM SR 1009 (TRYON RD);TWO-WAY,DIVIDED,UNPROTECTED MEDIAN;DAYLIGHT;CLEAR;0;0;;NO CONTROL PRESENT;SPORT UTILITY;SPORT UTILITY;NONE;NONE;;2017-10-02T07:29:06-04:00;2017;No;No;10;07
CARY;TWO-WAY,DIVIDED,UNPROTECTED MEDIAN;DAYLIGHT;CLEAR;0;0;;STOP AND GO SIGNAL;PASSENGER CAR;NONE;NONE;NONE;;2017-10-02T16:10:20-04:00;2017;No;No;10;16
100 FEET FROM N HARRISON AV;TWO-WAY,NOT DIVIDED;DAYLIGHT;CLEAR;0;0;;NO CONTROL PRESENT;TRACTOR/SEMI-TRAILER;NONE;NONE;NONE;;2017-10-02T14:12:29-04:00;2017;No;No;10;14
CARY;TWO-WAY,DIVIDED,UNPROTECTED MEDIAN;DARK - LIGHTED ROADWAY;CLEAR;0;0;;STOP AND GO SIGNAL;PASSENGER CAR;PASSENGER CAR;NONE;NONE;;2017-10-03T20:35:13-04:00;2017;No;No;10;20
CARY;TWO-WAY,DIVIDED,UNPROTECTED MEDIAN;DAYLIGHT;CLEAR;0;0;;STOP AND GO SIGNAL;SPORT UTILITY;PASSENGER CAR;NONE;NONE;;2017-10-03T18:53:26-04:00;2017;No;No;10;18
0 FEET FROM SW MAYNARD RD (SR1415);TWO-WAY,NOT DIVIDED;DAYLIGHT;CLOUDY;0;0;;NO CONTROL PRESENT;SPORT UTILITY;PASSENGER CAR;SPORT UTILITY;NONE;;2017-10-04T08:15:59-04:00;2017;No;No;10;08
400 FEET FROM NC 55 HWY WEST;TWO-WAY,DIVIDED,UNPROTECTED MEDIAN;DAYLIGHT;CLEAR;0;0;;NO CONTROL PRESENT;PASSENGER CAR;NONE;NONE;NONE;;2017-10-04T10:29:00-04:00;2017;No;No;10;10
NEAR .1 MILES E OF E SR-1379 PENNY RD;TWO-WAY,NOT DIVIDED;DAYLIGHT;CLEAR;0;0;;NO CONTROL PRESENT;PASSENGER CAR;PASSENGER CAR;NONE;NONE;;2017-10-04T11:47:00-04:00;2017;No;No;10;11
0.25 MILES FROM US 1 HWY;TWO-WAY,DIVIDED,POSITIVE MEDIAN BARRIER;DAYLIGHT;CLEAR;0;1;;NO CONTROL PRESENT;PASSENGER CAR;PASSENGER CAR;NONE;NONE;;2017-10-04T16:56:09-04:00;2017;No;Yes;10;16
300 FEET FROM PVA-7145 OKELLY CHAPEL RD;TWO-WAY,NOT DIVIDED;DAYLIGHT;CLEAR;0;0;;NO CONTROL PRESENT;NONE;PASSENGER CAR;NONE;NONE;;2017-10-04T15:00:13-04:00;2017;No;No;10;15
CARY;TWO-WAY,NOT DIVIDED;DAYLIGHT;CLEAR;0;1;;NO CONTROL PRESENT;LIGHT TRUCK (MINI-VAN- PANEL);NONE;NONE;NONE;;2017-10-04T17:26:14-04:00;2017;No;Yes;10;17
.12 MILES FROM PVA AT 2964 KILDAIRE FARM RD;TWO-WAY,NOT DIVIDED;DAYLIGHT;CLEAR;0;0;;NO CONTROL PRESENT;PASSENGER CAR;PASSENGER CAR;NONE;NONE;;2017-10-04T18:03:21-04:00;2017;No;No;10;18
CARY;TWO-WAY,NOT DIVIDED;DAYLIGHT;CLEAR;0;0;;NO CONTROL PRESENT;SPORT UTILITY;PASSENGER CAR;NONE;NONE;;2017-10-03T21:13:10-04:00;2017;No;No;10;21
450 FEET FROM WESTON PKWY;TWO-WAY,DIVIDED,POSITIVE MEDIAN BARRIER;DARK - LIGHTED ROADWAY;CLEAR;0;0;;NO CONTROL PRESENT;PASSENGER CAR;NONE;NONE;NONE;;2017-10-04T19:12:30-04:00;2017;No;No;10;19
200 FEET FROM SR-1300 (KILDAIRE FARM RD);TWO-WAY,NOT DIVIDED;DAYLIGHT;CLEAR;0;0;;STOP AND GO SIGNAL;PASSENGER CAR;PASSENGER CAR;NONE;NONE;;2017-10-05T12:59:00-04:00;2017;No;No;10;12
.1 MILES FROM SR 1313 (WALNUT ST);TWO-WAY,DIVIDED,UNPROTECTED MEDIAN;DARK - LIGHTED ROADWAY;CLEAR;0;0;;NO CONTROL PRESENT;PASSENGER CAR;PASSENGER CAR;NONE;NONE;;2017-10-04T20:56:30-04:00;2017;No;No;10;20
70 FEET FROM SR 1009 (TRYON RD);TWO-WAY,DIVIDED,UNPROTECTED MEDIAN;DARK - LIGHTED ROADWAY;CLEAR;0;0;;YIELD SIGN;PICKUP;PASSENGER CAR;NONE;NONE;;2017-10-05T18:49:18-04:00;2017;No;No;10;18
200 FEET FROM P.V.A. (11800 WESTON PKWY);TWO-WAY,NOT DIVIDED;DAYLIGHT;CLEAR;0;0;;NO CONTROL PRESENT;PASSENGER CAR;PASSENGER CAR;NONE;NONE;;2017-10-05T17:15:48-04:00;2017;No;No;10;17
CARY;TWO-WAY,DIVIDED,POSITIVE MEDIAN BARRIER;DAYLIGHT;CLEAR;0;0;;NO CONTROL PRESENT;PASSENGER CAR;NONE;NONE;NONE;;2017-10-06T12:35:00-04:00;2017;No;No;10;12
.2 MILES FROM SR 1315 (BUCK JONES RD);TWO-WAY,NOT DIVIDED;DAYLIGHT;CLEAR;0;0;;NO CONTROL PRESENT;PASSENGER CAR;PASSENGER CAR;NONE;NONE;;2017-10-04T09:19:31-04:00;2017;No;No;10;09
150 FEET FROM 204 CROSSROADS BLVD;TWO-WAY,DIVIDED,POSITIVE MEDIAN BARRIER;DARK - LIGHTED ROADWAY;CLEAR;0;0;;STOP SIGN;LIGHT TRUCK (MINI-VAN- PANEL);PASSENGER CAR;NONE;NONE;;2017-10-06T19:30:30-04:00;2017;No;No;10;19
.5 MILES FROM US 1;TWO-WAY,DIVIDED,POSITIVE MEDIAN BARRIER;DAYLIGHT;CLEAR;0;0;;NO CONTROL PRESENT;PASSENGER CAR;PASSENGER CAR;NONE;NONE;;2017-10-06T18:35:11-04:00;2017;No;No;10;18
0 FEET FROM SR 3977 (SW CARY PKWY);TWO-WAY,DIVIDED,UNPROTECTED MEDIAN;DAYLIGHT;CLEAR;0;0;;STOP AND GO SIGNAL;SPORT UTILITY;PICKUP;NONE;NONE;;2017-10-06T08:26:16-04:00;2017;No;No;10;08
100 FEET FROM S.R. 1300 (KILDAIRE FARM RD);TWO-WAY,NOT DIVIDED;DAYLIGHT;CLEAR;0;0;;NO CONTROL PRESENT;PASSENGER CAR;PASSENGER CAR;NONE;NONE;;2017-10-07T12:39:00-04:00;2017;No;No;10;12
300 FEET FROM SR 3081 (CHAPEL HILL RD);TWO-WAY,NOT DIVIDED;DAYLIGHT;CLEAR;0;0;;NO CONTROL PRESENT;PASSENGER CAR;PASSENGER CAR;NONE;NONE;;2017-10-05T15:05:18-04:00;2017;No;No;10;15
CARY;TWO-WAY,NOT DIVIDED;DAYLIGHT;CLEAR;0;0;;STOP AND GO SIGNAL;PASSENGER CAR;PASSENGER CAR;NONE;NONE;;2017-10-05T16:06:10-04:00;2017;No;No;10;16
10 FEET FROM CRESCENT GREEN;TWO-WAY,DIVIDED,POSITIVE MEDIAN BARRIER;DAYLIGHT;CLEAR;0;0;;STOP AND GO SIGNAL;PASSENGER CAR;PASSENGER CAR;NONE;NONE;;2017-10-06T17:10:56-04:00;2017;No;No;10;17
3 FEET FROM PVA OF 4900 NW CARY PKWY;TWO-WAY,NOT DIVIDED;DAYLIGHT;CLEAR;0;0;;STOP SIGN;SPORT UTILITY;NONE;NONE;NONE;;2017-10-06T09:43:16-04:00;2017;No;No;10;09
150 FEET FROM LALEX LN;TWO-WAY,NOT DIVIDED;DAYLIGHT;CLEAR;0;0;;NO CONTROL PRESENT;NONE;SPORT UTILITY;NONE;NONE;;2017-10-09T03:05:27-04:00;2017;No;No;10;03
.3 MILES FROM S.R. 1009 (TRYON ROAD);TWO-WAY,DIVIDED,POSITIVE MEDIAN BARRIER;DAWN;RAIN;0;0;;STOP AND GO SIGNAL;PASSENGER CAR;PASSENGER CAR;NONE;NONE;;2017-10-09T08:51:14-04:00;2017;No;No;10;08
CARY;TWO-WAY,DIVIDED,UNPROTECTED MEDIAN;DAYLIGHT;CLEAR;0;0;;STOP AND GO SIGNAL;PASSENGER CAR;PASSENGER CAR;NONE;NONE;;2017-10-07T02:57:30-04:00;2017;No;No;10;02
50 FEET FROM 638 WALNUT ST;ONE-WAY,NOT DIVIDED;DAYLIGHT;CLEAR;0;0;;NO CONTROL PRESENT;PASSENGER CAR;PASSENGER CAR;NONE;NONE;;2017-10-09T06:34:49-04:00;2017;No;No;10;06
CARY;TWO-WAY,NOT DIVIDED;DUSK;CLEAR;0;0;;NO CONTROL PRESENT;PICKUP;PASSENGER CAR;NONE;NONE;;2017-10-10T21:19:16-04:00;2017;No;No;10;21
.13 MILES FROM NC 55 HWY;TWO-WAY,DIVIDED,UNPROTECTED MEDIAN;DAYLIGHT;CLOUDY;0;0;;NO CONTROL PRESENT;LIGHT TRUCK (MINI-VAN- PANEL);PASSENGER CAR;NONE;NONE;;2017-10-11T08:03:44-04:00;2017;No;No;10;08
100 FEET FROM SR 3081 (CHAPEL HILL RD);TWO-WAY,DIVIDED,UNPROTECTED MEDIAN;DAYLIGHT;CLEAR;0;0;;NO CONTROL PRESENT;SPORT UTILITY;VAN;NONE;NONE;;2017-10-11T15:14:20-04:00;2017;No;No;10;15
1.5 MILES FROM US 1;TWO-WAY,DIVIDED,POSITIVE MEDIAN BARRIER;DAYLIGHT;CLEAR;0;0;;STOP AND GO SIGNAL;PASSENGER CAR;LIGHT TRUCK (MINI-VAN- PANEL);NONE;NONE;;2017-10-11T16:48:06-04:00;2017;No;No;10;16
CARY;TWO-WAY,DIVIDED,UNPROTECTED MEDIAN;DAYLIGHT;CLOUDY;0;0;;STOP AND GO SIGNAL;PASSENGER CAR;PASSENGER CAR;NONE;NONE;;2017-10-12T08:51:35-04:00;2017;No;No;10;08
300 FEET FROM GRIFFIS ST;TWO-WAY,NOT DIVIDED;DAYLIGHT;CLEAR;0;0;;NO CONTROL PRESENT;PICKUP;NONE;NONE;NONE;;2017-10-11T17:51:51-04:00;2017;No;No;10;17
CARY;TWO-WAY,NOT DIVIDED;DAYLIGHT;CLOUDY;0;0;;STOP AND GO SIGNAL;PASSENGER CAR;SPORT UTILITY;NONE;NONE;;2017-10-12T14:52:10-04:00;2017;No;No;10;14
100 FEET FROM US 64;TWO-WAY,DIVIDED,POSITIVE MEDIAN BARRIER;DARK - LIGHTED ROADWAY;RAIN;0;0;;NO CONTROL PRESENT;PASSENGER CAR;PASSENGER CAR;NONE;NONE;;2017-10-12T22:32:00-04:00;2017;No;No;10;22
200 FEET FROM US 64;TWO-WAY,DIVIDED,UNPROTECTED MEDIAN;DUSK;CLOUDY;0;0;;STOP AND GO SIGNAL;SPORT UTILITY;PASSENGER CAR;NONE;NONE;;2017-10-12T17:27:52-04:00;2017;No;No;10;17
CARY;TWO-WAY,DIVIDED,UNPROTECTED MEDIAN;DAYLIGHT;CLOUDY;0;0;;STOP SIGN;PASSENGER CAR;SPORT UTILITY;NONE;NONE;;2017-10-12T17:05:14-04:00;2017;No;No;10;17
250 FEET FROM US 1 HWY;TWO-WAY,DIVIDED,POSITIVE MEDIAN BARRIER;DAYLIGHT;CLOUDY;0;0;;NO CONTROL PRESENT;PASSENGER CAR;NONE;NONE;NONE;;2017-10-12T17:18:57-04:00;2017;No;No;10;17
88 FEET FROM NC 54 (NE MAYNARD RD);TWO-WAY,DIVIDED,UNPROTECTED MEDIAN;DAYLIGHT;CLEAR;0;2;;STOP AND GO SIGNAL;VAN;NONE;NONE;NONE;;2017-10-13T10:35:00-04:00;2017;No;Yes;10;10
.113 MILES FROM SR1387 (WEST LAKE RD);TWO-WAY,NOT DIVIDED;DARK - LIGHTED ROADWAY;CLEAR;0;0;;NO CONTROL PRESENT;SPORT UTILITY;NONE;NONE;NONE;;2017-10-15T21:11:28-04:00;2017;No;No;10;21
300 FEET FROM SR 1315 (BUCK JONES RD);TWO-WAY,NOT DIVIDED;DAYLIGHT;CLEAR;0;0;;NO CONTROL PRESENT;PASSENGER CAR;PASSENGER CAR;PASSENGER CAR;NONE;;2017-10-14T16:58:31-04:00;2017;No;No;10;16
80 FEET FROM SR 3977(SW CARY PKWY);TWO-WAY,NOT DIVIDED;DAYLIGHT;CLOUDY;0;0;;STOP AND GO SIGNAL;PASSENGER CAR;PASSENGER CAR;NONE;NONE;;2017-10-13T13:57:10-04:00;2017;No;No;10;13
.4 MILES FROM CROSSROADS BLVD;TWO-WAY,DIVIDED,UNPROTECTED MEDIAN;DAYLIGHT;CLEAR;0;0;;NO CONTROL PRESENT;PASSENGER CAR;PASSENGER CAR;NONE;NONE;;2017-10-13T19:31:57-04:00;2017;No;No;10;19
.5682 MILES FROM US 1 HWY;TWO-WAY,DIVIDED,POSITIVE MEDIAN BARRIER;DARK - LIGHTED ROADWAY;CLEAR;0;0;;NO CONTROL PRESENT;PASSENGER CAR;NONE;NONE;NONE;;2017-10-13T22:05:00-04:00;2017;No;No;10;22
200 FEET FROM US 1 HWY;TWO-WAY,DIVIDED,POSITIVE MEDIAN BARRIER;DAYLIGHT;CLEAR;0;0;;NO CONTROL PRESENT;PASSENGER CAR;PASSENGER CAR;NONE;NONE;;2017-10-13T16:54:33-04:00;2017;No;No;10;16
5 FEET FROM SR3977 (SW CARY PKWY);TWO-WAY,DIVIDED,UNPROTECTED MEDIAN;DARK - LIGHTED ROADWAY;CLEAR;0;1;;NO CONTROL PRESENT;SPORT UTILITY;NONE;NONE;NONE;;2017-10-14T01:12:54-04:00;2017;No;Yes;10;01
.25 MILES FROM PVA SR 3073 (NW MAYNARD RD);TWO-WAY,NOT DIVIDED;DAYLIGHT;CLEAR;0;0;;NO CONTROL PRESENT;PASSENGER CAR;SPORT UTILITY;NONE;NONE;;2017-10-15T14:11:32-04:00;2017;No;No;10;14
.12 MILES FROM 6770 MCCRIMMON PKWY;TWO-WAY,NOT DIVIDED;DAYLIGHT;CLEAR;0;0;;NO CONTROL PRESENT;PASSENGER CAR;PASSENGER CAR;NONE;NONE;;2017-10-10T07:55:29-04:00;2017;No;No;10;07
.15 MILES FROM 6770 MCCRIMMON PKWY;ONE-WAY,NOT DIVIDED;DAYLIGHT;CLEAR;0;0;DARTING;NO CONTROL PRESENT;NONE;PASSENGER CAR;NONE;NONE;;2017-10-10T09:23:40-04:00;2017;No;No;10;09
200 FEET FROM PVA OF 214 CROSSROADS BLVD;TWO-WAY,NOT DIVIDED;DAYLIGHT;RAIN;0;0;;NO CONTROL PRESENT;SPORT UTILITY;PASSENGER CAR;NONE;NONE;;2017-10-16T12:28:00-04:00;2017;No;No;10;12
.1 MILES FROM S.R. 3977 (SW CARY PARKWAY);TWO-WAY,DIVIDED,UNPROTECTED MEDIAN;DAYLIGHT;CLEAR;0;0;;NO CONTROL PRESENT;SPORT UTILITY;PICKUP;NONE;NONE;;2017-10-16T16:37:38-04:00;2017;No;No;10;16
CARY;NONE;NONE;NONE;0;0;;;PASSENGER CAR;NONE;NONE;NONE;;2017-10-17T05:47:28-04:00;2017;No;No;10;05
100 FEET FROM SR 1415 (NE MAYNARD RD);TWO-WAY,DIVIDED,POSITIVE MEDIAN BARRIER;DAYLIGHT;CLEAR;0;0;;FLASHING STOP AND GO SIGNAL;PASSENGER CAR;PASSENGER CAR;PASSENGER CAR;PASSENGER CAR;;2017-10-16T23:15:00-04:00;2017;No;No;10;23
180 FEET FROM SR 1652 (N HARRISON AVE);TWO-WAY,NOT DIVIDED;DAYLIGHT;CLEAR;0;0;;STOP SIGN;PASSENGER CAR;SPORT UTILITY;NONE;NONE;;2017-10-17T12:22:00-04:00;2017;No;No;10;12
0 FEET FROM PVA 1231 NE MAYNARD RD;NONE;DAYLIGHT;CLEAR;0;0;;NO CONTROL PRESENT;SINGLE UNIT TRUCK (2-AXLE- 6-TIRE);SINGLE UNIT TRUCK (2-AXLE- 6-TIRE);NONE;NONE;;2017-10-17T11:04:00-04:00;2017;No;No;10;11
300 FEET FROM NC 55 HWY;TWO-WAY,DIVIDED,UNPROTECTED MEDIAN;DAYLIGHT;CLEAR;0;0;;STOP AND GO SIGNAL;PASSENGER CAR;PASSENGER CAR;NONE;NONE;;2017-10-17T18:14:19-04:00;2017;No;No;10;18
300 FEET FROM MORRISVILLE PKWY;TWO-WAY,DIVIDED,UNPROTECTED MEDIAN;DUSK;CLOUDY;0;0;;NO CONTROL PRESENT;PASSENGER CAR;PICKUP;NONE;NONE;;2017-10-09T12:34:00-04:00;2017;No;No;10;12
150 FEET FROM P.V.A. (1807 N HARRISON AV);TWO-WAY,NOT DIVIDED;DAYLIGHT;CLEAR;0;0;;NO CONTROL PRESENT;PASSENGER CAR;PICKUP;NONE;NONE;;2017-10-18T17:30:26-04:00;2017;No;No;10;17
.19 MILES FROM SR #1313 (WALNUT ST);TWO-WAY,DIVIDED,POSITIVE MEDIAN BARRIER;DAYLIGHT;CLEAR;0;0;;OTHER *;PASSENGER CAR;PASSENGER CAR;PASSENGER CAR;NONE;;2017-10-18T14:31:58-04:00;2017;No;No;10;14
.2 MILES FROM 107 EDINBURGH SOUTH DR;TWO-WAY,NOT DIVIDED;DAYLIGHT;CLEAR;0;0;;STOP SIGN;PASSENGER CAR;PASSENGER CAR;NONE;NONE;;2017-10-18T18:23:43-04:00;2017;No;No;10;18
148 FEET FROM PVA 16000 HINDSIGHT DR;TWO-WAY,NOT DIVIDED;DAYLIGHT;CLEAR;0;0;;NO CONTROL PRESENT;PASSENGER CAR;PASSENGER CAR;NONE;NONE;;2017-10-18T08:07:53-04:00;2017;No;No;10;08
CARY;TWO-WAY,DIVIDED,UNPROTECTED MEDIAN;DAYLIGHT;CLEAR;0;0;;STOP SIGN;PASSENGER CAR;PASSENGER CAR;NONE;NONE;;2017-10-13T17:26:15-04:00;2017;No;No;10;17
CARY;TWO-WAY,DIVIDED,UNPROTECTED MEDIAN;DAYLIGHT;CLEAR;0;0;;STOP AND GO SIGNAL;PASSENGER CAR;SPORT UTILITY;NONE;NONE;;2017-10-18T12:19:00-04:00;2017;No;No;10;12
10 FEET FROM SR-1010 (TEN TEN RD);TWO-WAY,NOT DIVIDED;DAYLIGHT;CLEAR;0;0;;NO CONTROL PRESENT;SPORT UTILITY;PASSENGER CAR;NONE;NONE;;2017-10-19T12:09:00-04:00;2017;No;No;10;12
300 FEET FROM PVA HOME DEPOT;TWO-WAY,NOT DIVIDED;DAYLIGHT;CLEAR;0;0;;NO CONTROL PRESENT;VAN;PASSENGER CAR;NONE;NONE;;2017-10-22T12:20:00-04:00;2017;No;No;10;12
440 FEET FROM SR 1010 (TEN TEN RD);TWO-WAY,DIVIDED,UNPROTECTED MEDIAN;DAYLIGHT;CLEAR;0;0;;NO CONTROL PRESENT;SPORT UTILITY;PICKUP;SPORT UTILITY;NONE;;2017-10-19T11:36:00-04:00;2017;No;No;10;11
CARY;TWO-WAY,DIVIDED,UNPROTECTED MEDIAN;DAYLIGHT;CLEAR;0;2;;STOP AND GO SIGNAL;PASSENGER CAR;VAN;NONE;NONE;;2017-10-19T18:22:28-04:00;2017;No;Yes;10;18